SnapshotTimestamp,MacroTimestamp,MicroTimestamp,Instrument,MacroRegime,MacroPlaybook,HMM_Micro,Phase,CandidateRegime,FinalRegime,FinalDirection,RegimeConfidence,ConflictScore,ReasonCode,PersistenceStatus,PendingCount,Velocity3CP,HMMFlipCount,PhaseBucket,DevelopingInitiativeScore,InitiativeDirection,RollingEfficiency10m,RollingEfficiency20m,LocalNetMove10mAtr,SameSideVwapMinutes,VwapHoldCount,LateExtensionPenalty,HMMStateProb,HMMStateMargin,HMMStateEntropy,HMMStateAge,IBExtensionPct,CloseVsVwapAtr,NetMoveAtr,DirectionalEfficiency,ReturnedToOpenFlag,TwoSidedTradeFlag,ValueBreakAcceptFlag,LastPrice,Atr5m,Adx5m,Chop5m,Rvol5m,StaleDataFlag,StaleReason,HMMStateAgeBars,AsymHysteresisReason,AsymHysteresisGateOpen,AsymHysteresisEnabled,AllowMomo,AllowAdxx,AllowPine,AllowEsScalper,AllowBracketSniper,AllowExpansionBot,AllowCompressionBot,AllowFadeBot,AllowLong,AllowShort,AllowMomoLong,AllowMomoShort
2026-04-24 16:34:18,2026-04-24 16:00:00,2026-04-24 16:00:00,ES,BRACKET_MACRO,TREND_EXPANSION,Transition,CASH_CLOSE,TRANSITION,TRANSITION,NONE,50,100,MACRO_STALE_34.3MIN,UNCHANGED,0,0.0,0,,,,,,,,,,,,,,1.2873563218390804,3.960117369213871,7.721518987341772,0.0152328630290922,0,1,1,7194.75,3.95,,,,True,MACRO_STALE_34.3MIN,,,,,False,False,False,False,False,False,False,False,False,False,False,False
2026-04-27 11:26:21,2026-04-24 16:00:00,2026-04-24 16:00:00,ES,BRACKET_MACRO,TREND_EXPANSION,Transition,CASH_CLOSE,TRANSITION,TRANSITION,NONE,50,100,MACRO_STALE_4046.3MIN,UNCHANGED,0,0.0,0,CLOSE,76.42,LONG,0.5,0.7473684210526316,0.5128205128205128,75.0,9.0,100.0,0.9999964300141132,0.999993279618508,3.580816670138286e-05,1,3.883720930232558,3.900959581162716,7.289377289377289,0.04489059327769,0,1,0,7193.5,6.825,,,,True,MACRO_STALE_4046.3MIN,,,,,False,False,False,False,False,False,False,False,False,False,False,False
2026-04-27 11:34:41,2026-04-27 11:25:00,2026-04-24 20:30:00,ES,BRACKET_MACRO,ROTATION_ILLIQUID,Transition,MID_MORNING_DISCOVERY,TRANSITION,TRANSITION,NONE,50,100,MICRO_STALE_3784.7MIN,UNCHANGED,0,0.0,0,POST_IB_AM,74.14,SHORT,1.0,1.0,-0.5870020964360587,20.0,3.0,0.0,0.9999999519786807,0.999999903932607,6.186644393072204e-07,6,0.0136986301369863,-1.7110892472568062,-1.090146750524109,0.005,0,1,0,7180.0,5.9625,,,,True,MICRO_STALE_3784.7MIN,,,,,False,False,False,False,False,False,False,False,False,False,False,False
2026-04-27 11:51:22,2026-04-27 11:35:00,2026-04-27 11:00:00,ES,BRACKET_MACRO,ROTATION_ILLIQUID,TrendUp,MID_MORNING_DISCOVERY,TRANSITION,TRANSITION,NONE,50,100,MICRO_STALE_51.3MIN,UNCHANGED,0,0.0,1,POST_IB_AM,52.42,NONE,0.1612903225806451,0.3793103448275862,0.2242152466367712,30.0,4.0,0.0,0.965042650352442,0.930085300721832,0.1093368006621276,12,0.0,-0.9669845613324768,-0.358744394618834,0.0014585232452142,0,1,0,7184.5,5.575,,,,True,MICRO_STALE_51.3MIN,,,,,False,False,False,False,False,False,False,False,False,False,False,False
2026-04-27 12:34:10,2026-04-27 11:35:00,2026-04-27 11:20:00,ES,BRACKET_MACRO,ROTATION_ILLIQUID,TrendUp,MID_MORNING_DISCOVERY,TRANSITION,TRANSITION,NONE,50,100,MACRO_STALE_59.1MIN,UNCHANGED,0,0.0,0,POST_IB_AM,52.42,NONE,0.1612903225806451,0.3793103448275862,0.2242152466367712,30.0,4.0,0.0,0.9989971490439232,0.9979942980934096,0.0057180798624172,16,0.0,-0.9669845613324768,-0.358744394618834,0.0014585232452142,0,1,0,7184.5,5.575,,,,True,MACRO_STALE_59.1MIN,,,,,False,False,False,False,False,False,False,False,False,False,False,False
2026-04-27 12:35:16,2026-04-27 11:35:00,2026-04-27 11:20:00,ES,BRACKET_MACRO,ROTATION_ILLIQUID,TrendUp,MID_MORNING_DISCOVERY,TRANSITION,TRANSITION,NONE,50,100,MACRO_STALE_60.2MIN,UNCHANGED,0,0.0,0,POST_IB_AM,52.42,NONE,0.1612903225806451,0.3793103448275862,0.2242152466367712,30.0,4.0,0.0,0.9989971490439232,0.9979942980934096,0.0057180798624172,16,0.0,-0.9669845613324768,-0.358744394618834,0.0014585232452142,0,1,0,7184.5,5.575,,,,True,MACRO_STALE_60.2MIN,,,,,False,False,False,False,False,False,False,False,False,False,False,False
2026-04-27 12:48:23,2026-04-27 12:45:00,2026-04-27 11:20:00,ES,BRACKET_MACRO,ROTATION_ILLIQUID,TrendUp,LUNCH_AUCTION,TRANSITION,TRANSITION,NONE,50,100,MICRO_STALE_85.0MIN_BEHIND_MACRO,UNCHANGED,0,0.0,0,LUNCH,56.5,LONG,0.75,0.65,0.8163265306122449,30.0,4.0,0.0,0.9989971490439232,0.9979942980934096,0.0057180798624172,16,0.0,1.6311593737178915,2.517006802721089,0.0195353748680042,0,1,0,7195.75,3.675,,,,True,MICRO_STALE_85.0MIN_BEHIND_MACRO,,,,,False,False,False,False,False,False,False,False,False,False,False,False
2026-04-27 12:48:26,2026-04-27 12:45:00,2026-04-27 12:45:00,ES,BRACKET_MACRO,ROTATION_ILLIQUID,TrendUp,LUNCH_AUCTION,TREND_COMPRESSION,TREND_COMPRESSION,LONG,66,15,MICRO_TREND_INSIDE_MACRO_STRUCTURE,LOCKED_IMMEDIATE,0,0.0,0,LUNCH,56.5,LONG,0.75,0.65,0.8163265306122449,30.0,4.0,0.0,0.9996803225599598,0.9993606451226626,0.0020864642861125,33,0.0,1.6311593737178915,2.517006802721089,0.0195353748680042,0,1,0,7195.75,3.675,,,,False,FRESH,,,,,False,False,True,False,False,False,True,False,True,False,False,False
2026-04-27 12:55:22,2026-04-27 12:55:00,2026-04-27 12:50:00,ES,BRACKET_MACRO,ROTATION_ILLIQUID,TrendUp,LUNCH_AUCTION,TREND_COMPRESSION,TREND_COMPRESSION,LONG,66,25,MICRO_TREND_INSIDE_MACRO_STRUCTURE,UNCHANGED,0,2.542,0,LUNCH,52.55,NONE,1.0,0.217391304347826,-0.2909090909090909,40.0,5.0,0.0,0.999729255783416,0.9994585115643267,0.0017995395668638,34,0.0,1.5632247697286816,2.5454545454545454,0.0180226570545829,0,1,0,7195.25,3.4375,,,,False,FRESH,,,,,False,False,True,False,False,False,True,False,True,False,False,False
2026-04-27 12:55:27,2026-04-27 12:55:00,2026-04-27 12:55:00,ES,BRACKET_MACRO,ROTATION_ILLIQUID,TrendUp,LUNCH_AUCTION,TREND_COMPRESSION,TREND_COMPRESSION,LONG,66,25,MICRO_TREND_INSIDE_MACRO_STRUCTURE,UNCHANGED,0,2.542,0,LUNCH,52.55,NONE,1.0,0.217391304347826,-0.2909090909090909,40.0,5.0,0.0,0.9998293758386756,0.9996587516784722,0.0011909107743058,35,0.0,1.5632247697286816,2.5454545454545454,0.0180226570545829,0,1,0,7195.25,3.4375,,,,False,FRESH,,,,,False,False,True,False,False,False,True,False,True,False,False,False
2026-04-27 13:04:19,2026-03-09 11:05:00,2026-03-09 11:05:00,ES,MEAN_REVERSION_MACRO,ROTATION_ILLIQUID,TrendUp,MID_MORNING_DISCOVERY,TRANSITION,TRANSITION,NONE,50,100,MACRO_STALE_70679.3MIN,UNCHANGED,0,0.0,0,POST_IB_AM,24.84,NONE,0.3333333333333333,0.5348837209302325,0.2378121284185493,75.0,13.0,0.0,0.9783718214125066,0.956743642826038,0.0752436105062584,11,0.0,-0.4244496122187883,-0.380499405469679,0.008893829905503,1,1,0,6674.75,10.5125,,,,True,MACRO_STALE_70679.3MIN,,,,,False,False,False,False,False,False,False,False,False,False,False,False
2026-04-27 13:04:20,2026-04-27 12:55:00,2026-04-27 12:55:00,ES,BRACKET_MACRO,ROTATION_ILLIQUID,TrendUp,LUNCH_AUCTION,TREND_COMPRESSION,TREND_COMPRESSION,LONG,66,15,MICRO_TREND_INSIDE_MACRO_STRUCTURE,LOCKED_IMMEDIATE,0,0.0,0,LUNCH,52.41,NONE,1.0,0.217391304347826,-0.2846975088967971,40.0,5.0,0.0,0.9999017174547512,0.999803434912228,0.0007250956483894,35,0.0,1.5298463048946171,2.491103202846975,0.0180226570545829,0,1,0,7195.25,3.5125,,,,False,FRESH,,,,,False,False,True,False,False,False,True,False,True,False,False,False
2026-04-27 13:05:21,2026-04-27 13:05:00,2026-04-27 13:00:00,ES,BRACKET_MACRO,ROTATION_ILLIQUID,TrendUp,POST_LUNCH_ROTATION,TREND_COMPRESSION,TREND_COMPRESSION,LONG,66,15,MICRO_TREND_INSIDE_MACRO_STRUCTURE,UNCHANGED,0,0.0,0,LUNCH,54.4,LONG,0.5555555555555556,0.68,0.4016064257028112,50.0,6.0,0.0,0.9995859763282552,0.9991719526593252,0.0026249919316933,36,0.0,2.2378887959257923,3.3734939759036147,0.0210631895687061,0,1,0,7197.0,3.1125,,,,False,FRESH,,,,,False,False,True,False,False,False,True,False,True,False,False,False
2026-04-27 13:05:25,2026-04-27 13:05:00,2026-04-27 13:05:00,ES,BRACKET_MACRO,ROTATION_ILLIQUID,TrendUp,POST_LUNCH_ROTATION,TREND_COMPRESSION,TREND_COMPRESSION,LONG,66,15,MICRO_TREND_INSIDE_MACRO_STRUCTURE,UNCHANGED,0,0.0,0,LUNCH,54.4,LONG,0.5555555555555556,0.68,0.4016064257028112,50.0,6.0,0.0,0.999889707752964,0.9997794155038436,0.0008045266139681,37,0.0,2.2378887959257923,3.3734939759036147,0.0210631895687061,0,1,0,7197.0,3.1125,,,,False,FRESH,,,,,False,False,True,False,False,False,True,False,True,False,False,False
2026-04-27 13:15:19,2026-04-27 13:15:00,2026-04-27 13:10:00,ES,BRACKET_MACRO,ROTATION_ILLIQUID,TrendUp,POST_LUNCH_ROTATION,TREND_COMPRESSION,TREND_COMPRESSION,LONG,66,25,MICRO_TREND_INSIDE_MACRO_STRUCTURE,UNCHANGED,0,0.862,0,LUNCH,62.78,LONG,1.0,0.4666666666666667,0.9322033898305084,60.0,7.0,0.0,0.9998420674399628,0.9996841348816046,0.0011111333209076,38,0.0,2.660907622334504,3.8983050847457625,0.0224828934506353,0,1,0,7198.0,2.95,,,,False,FRESH,,,,,False,False,True,False,False,False,True,False,True,False,False,False
2026-04-27 13:15:24,2026-04-27 13:15:00,2026-04-27 13:15:00,ES,BRACKET_MACRO,ROTATION_ILLIQUID,TrendUp,POST_LUNCH_ROTATION,TREND_COMPRESSION,TREND_COMPRESSION,LONG,66,25,MICRO_TREND_INSIDE_MACRO_STRUCTURE,UNCHANGED,0,0.862,0,LUNCH,62.78,LONG,1.0,0.4666666666666667,0.9322033898305084,60.0,7.0,0.0,0.9996350757397896,0.9992701514815926,0.0023469277299456,39,0.0,2.660907622334504,3.8983050847457625,0.0224828934506353,0,1,0,7198.0,2.95,,,,False,FRESH,,,,,False,False,True,False,False,False,True,False,True,False,False,False
2026-04-27 13:25:20,2026-04-27 13:25:00,2026-04-27 13:20:00,ES,BRACKET_MACRO,ROTATION_ILLIQUID,TrendDown,POST_LUNCH_ROTATION,TRANSITION,TRANSITION,NONE,50,35,NO_CLEAR_STAGE_C_ALIGNMENT,LOCKED_IMMEDIATE,0,0.484,1,LUNCH,61.29,LONG,1.0,0.7333333333333333,0.4633204633204633,70.0,8.0,0.0,0.9993176321450374,0.998635264293538,0.0040803432411018,1,0.0,2.4854555316653704,3.7065637065637063,0.0225776105362182,0,1,0,7198.5,3.2375,,,,False,FRESH,,,,,False,False,False,False,False,False,False,False,False,False,False,False
2026-04-27 13:25:24,2026-04-27 13:25:00,2026-04-27 13:25:00,ES,BRACKET_MACRO,ROTATION_ILLIQUID,TrendUp,POST_LUNCH_ROTATION,TREND_COMPRESSION,TREND_COMPRESSION,LONG,66,15,MICRO_TREND_INSIDE_MACRO_STRUCTURE,LOCKED_IMMEDIATE,0,0.484,2,LUNCH,61.29,LONG,1.0,0.7333333333333333,0.4633204633204633,70.0,8.0,0.0,0.987560240093918,0.9751204801911062,0.0482823266500822,1,0.0,2.4854555316653704,3.7065637065637063,0.0225776105362182,0,1,0,7198.5,3.2375,,,,False,FRESH,,,,,False,False,True,False,False,False,True,False,True,False,False,False
2026-04-27 13:35:21,2026-04-27 13:35:00,2026-04-27 13:30:00,ES,BRACKET_MACRO,ROTATION_ILLIQUID,TrendUp,POST_LUNCH_ROTATION,TREND_COMPRESSION,TREND_COMPRESSION,LONG,66,10,MICRO_TREND_INSIDE_MACRO_STRUCTURE,UNCHANGED,0,2.802,2,PM,78.66,LONG,1.0,1.0,2.608695652173913,80.0,9.0,73.29,0.5707661178813375,0.1415322357621465,0.4927508933228691,2,0.4657534246575342,4.66336089983035,5.942028985507246,0.0373746581586144,0,1,0,7207.0,3.45,,,,False,FRESH,,,,,False,False,True,False,False,False,True,False,True,False,False,False
2026-04-27 13:35:26,2026-04-27 13:35:00,2026-04-27 13:35:00,ES,BRACKET_MACRO,ROTATION_ILLIQUID,TrendUp,POST_LUNCH_ROTATION,TREND_COMPRESSION,TREND_COMPRESSION,LONG,66,10,MICRO_TREND_INSIDE_MACRO_STRUCTURE,UNCHANGED,0,2.802,2,PM,78.66,LONG,1.0,1.0,2.608695652173913,80.0,9.0,73.29,0.979167998549332,0.9583359970991692,0.073043425997355,3,0.4657534246575342,4.66336089983035,5.942028985507246,0.0373746581586144,0,1,0,7207.0,3.45,,,,False,FRESH,,,,,False,False,True,False,False,False,True,False,True,False,False,False
2026-04-27 13:45:22,2026-04-27 13:45:00,2026-04-27 13:40:00,ES,BRACKET_MACRO,ROTATION_ILLIQUID,TrendUp,POST_LUNCH_ROTATION,TREND_COMPRESSION,TREND_COMPRESSION,LONG,66,10,MICRO_TREND_INSIDE_MACRO_STRUCTURE,UNCHANGED,0,1.348,1,PM,59.32,LONG,0.36,0.4285714285714285,1.3533834586466165,90.0,10.0,62.33,0.9994798312491858,0.9989596625013883,0.0032123157350756,4,0.2465753424657534,3.539596236339292,4.962406015037594,0.0293203020879609,0,1,0,7203.0,3.325,,,,False,FRESH,,,,,False,False,True,False,False,False,True,False,True,False,False,False
2026-04-27 13:45:26,2026-04-27 13:45:00,2026-04-27 13:45:00,ES,BRACKET_MACRO,ROTATION_ILLIQUID,TrendUp,POST_LUNCH_ROTATION,TREND_COMPRESSION,TREND_COMPRESSION,LONG,66,10,MICRO_TREND_INSIDE_MACRO_STRUCTURE,UNCHANGED,0,1.348,0,PM,59.32,LONG,0.36,0.4285714285714285,1.3533834586466165,90.0,10.0,62.33,0.9958668038598394,0.9917336077161766,0.0193397122831019,5,0.2465753424657534,3.539596236339292,4.962406015037594,0.0293203020879609,0,1,0,7203.0,3.325,,,,False,FRESH,,,,,False,False,True,False,False,False,True,False,True,False,False,False
2026-04-27 13:55:22,2026-04-27 13:55:00,2026-04-27 13:50:00,ES,BRACKET_MACRO,ROTATION_ILLIQUID,TrendUp,POST_LUNCH_ROTATION,TREND_COMPRESSION,TREND_COMPRESSION,LONG,66,10,MICRO_TREND_INSIDE_MACRO_STRUCTURE,UNCHANGED,0,-1.434,0,PM,76.05,NONE,1.0,0.3090909090909091,-1.5019762845849802,100.0,11.0,60.27,0.999731303674912,0.9994626073520084,0.0017873997822289,6,0.2054794520547945,3.4225132372059464,4.980237154150197,0.0274032187907786,0,1,0,7202.25,3.1625,,,,False,FRESH,,,,,False,False,True,False,False,False,True,False,True,False,False,False
2026-04-27 13:55:26,2026-04-27 13:55:00,2026-04-27 13:55:00,ES,BRACKET_MACRO,ROTATION_ILLIQUID,TrendUp,POST_LUNCH_ROTATION,TREND_COMPRESSION,TREND_COMPRESSION,LONG,66,10,MICRO_TREND_INSIDE_MACRO_STRUCTURE,UNCHANGED,0,-1.434,0,PM,76.05,NONE,1.0,0.3090909090909091,-1.5019762845849802,100.0,11.0,60.27,0.9987389305190948,0.9974778610377956,0.006981861690605,7,0.2054794520547945,3.4225132372059464,4.980237154150197,0.0274032187907786,0,1,0,7202.25,3.1625,,,,False,FRESH,,,,,False,False,True,False,False,False,True,False,True,False,False,False
2026-04-27 14:05:24,2026-04-27 14:05:00,2026-04-27 14:00:00,ES,BRACKET_MACRO,ROTATION_ILLIQUID,TrendUp,AFTERNOON_TREND_TEST,TREND_COMPRESSION,TREND_COMPRESSION,LONG,66,0,MICRO_TREND_INSIDE_MACRO_STRUCTURE,UNCHANGED,0,0.233,0,PM,57.55,LONG,0.3333333333333333,0.3559322033898305,0.2371541501976284,110.0,12.0,64.38,0.9996344588039204,0.9992689176106788,0.0023504499266866,8,0.2876712328767123,3.839616704597129,5.454545454545454,0.0294117647058823,0,1,0,7203.75,3.1625,,,,False,FRESH,,,,,True,False,True,False,False,False,True,False,True,False,True,False
2026-04-27 14:05:29,2026-04-27 14:05:00,2026-04-27 14:05:00,ES,BRACKET_MACRO,ROTATION_ILLIQUID,TrendUp,AFTERNOON_TREND_TEST,TREND_COMPRESSION,TREND_COMPRESSION,LONG,66,0,MICRO_TREND_INSIDE_MACRO_STRUCTURE,UNCHANGED,0,0.233,0,PM,57.55,LONG,0.3333333333333333,0.3559322033898305,0.2371541501976284,110.0,12.0,64.38,0.9993941095405732,0.9987882190813416,0.0036750023111656,9,0.2876712328767123,3.839616704597129,5.454545454545454,0.0294117647058823,0,1,0,7203.75,3.1625,,,,False,FRESH,,,,,True,False,True,False,False,False,True,False,True,False,True,False
2026-04-27 14:15:25,2026-04-27 14:15:00,2026-04-27 14:10:00,ES,BRACKET_MACRO,ROTATION_ILLIQUID,TrendUp,AFTERNOON_TREND_TEST,TREND_COMPRESSION,TREND_COMPRESSION,LONG,66,10,MICRO_TREND_INSIDE_MACRO_STRUCTURE,UNCHANGED,0,1.039,0,PM,77.84,LONG,1.0,0.1875,1.0612244897959184,120.0,13.0,69.18,0.999578759505338,0.999157519012262,0.0026654959779842,10,0.3835616438356164,4.4795954333833885,6.204081632653061,0.0318658280922431,0,1,0,7205.5,3.0625,,,,False,FRESH,,,,,True,False,True,False,False,False,True,False,True,False,True,False
2026-04-27 14:15:29,2026-04-27 14:15:00,2026-04-27 14:15:00,ES,BRACKET_MACRO,ROTATION_ILLIQUID,TrendUp,AFTERNOON_TREND_TEST,TREND_COMPRESSION,TREND_COMPRESSION,LONG,66,10,MICRO_TREND_INSIDE_MACRO_STRUCTURE,UNCHANGED,0,1.039,0,PM,77.84,LONG,1.0,0.1875,1.0612244897959184,120.0,13.0,69.18,0.9991935547806602,0.9983871095585312,0.0047250629549507,11,0.3835616438356164,4.4795954333833885,6.204081632653061,0.0318658280922431,0,1,0,7205.5,3.0625,,,,False,FRESH,,,,,True,False,True,False,False,False,True,False,True,False,True,False
2026-04-27 14:25:19,2026-04-27 14:25:00,2026-04-27 14:20:00,ES,BRACKET_MACRO,ROTATION_ILLIQUID,TrendUp,AFTERNOON_TREND_TEST,TREND_COMPRESSION,TREND_COMPRESSION,LONG,66,10,MICRO_TREND_INSIDE_MACRO_STRUCTURE,UNCHANGED,0,0.726,0,PM,77.67,LONG,1.0,0.6666666666666666,0.7317073170731707,130.0,14.0,70.55,0.9996892080242354,0.9993784160455444,0.0020347914355379,12,0.410958904109589,4.542209555593883,6.341463414634146,0.0321252059308072,0,1,0,7206.0,3.075,,,,False,FRESH,,,,,True,False,True,False,False,False,True,False,True,False,True,False
2026-04-27 14:25:23,2026-04-27 14:25:00,2026-04-27 14:25:00,ES,BRACKET_MACRO,ROTATION_ILLIQUID,TrendUp,AFTERNOON_TREND_TEST,TREND_COMPRESSION,TREND_COMPRESSION,LONG,66,10,MICRO_TREND_INSIDE_MACRO_STRUCTURE,UNCHANGED,0,0.726,0,PM,77.67,LONG,1.0,0.6666666666666666,0.7317073170731707,130.0,14.0,70.55,0.999471582864756,0.9989431657265848,0.0032572554259082,13,0.410958904109589,4.542209555593883,6.341463414634146,0.0321252059308072,0,1,0,7206.0,3.075,,,,False,FRESH,,,,,True,False,True,False,False,False,True,False,True,False,True,False
2026-04-27 14:35:21,2026-04-27 14:35:00,2026-04-27 14:30:00,ES,BRACKET_MACRO,ROTATION_ILLIQUID,TrendUp,AFTERNOON_TREND_TEST,TREND_COMPRESSION,TREND_COMPRESSION,LONG,66,0,MICRO_TREND_INSIDE_MACRO_STRUCTURE,UNCHANGED,0,0.246,0,PM,78.25,LONG,1.0,1.0,0.2479338842975206,140.0,15.0,71.23,0.999600130292562,0.9992002605879402,0.0025452884245314,14,0.4246575342465753,4.623707599927333,6.528925619834711,0.0319320937752627,0,1,0,7206.25,3.025,,,,False,FRESH,,,,,True,False,True,False,False,False,True,False,True,False,True,False
2026-04-27 14:35:26,2026-04-27 14:35:00,2026-04-27 14:35:00,ES,BRACKET_MACRO,ROTATION_ILLIQUID,TrendUp,AFTERNOON_TREND_TEST,TREND_COMPRESSION,TREND_COMPRESSION,LONG,66,0,MICRO_TREND_INSIDE_MACRO_STRUCTURE,UNCHANGED,0,0.246,0,PM,78.25,LONG,1.0,1.0,0.2479338842975206,140.0,15.0,71.23,0.999216518292495,0.9984330365859616,0.0046068499180498,15,0.4246575342465753,4.623707599927333,6.528925619834711,0.0319320937752627,0,1,0,7206.25,3.025,,,,False,FRESH,,,,,True,False,True,False,False,False,True,False,True,False,True,False
2026-04-27 14:40:24,2026-03-09 11:05:00,2026-03-09 11:05:00,ES,MEAN_REVERSION_MACRO,ROTATION_ILLIQUID,TrendUp,MID_MORNING_DISCOVERY,TRANSITION,TRANSITION,NONE,50,100,MACRO_STALE_70775.4MIN,UNCHANGED,0,0.0,0,POST_IB_AM,24.84,NONE,0.3333333333333333,0.5348837209302325,0.2378121284185493,75.0,13.0,0.0,0.9783718214125066,0.956743642826038,0.0752436105062584,11,0.0,-0.4244496122187883,-0.380499405469679,0.008893829905503,1,1,0,6674.75,10.5125,,,,True,MACRO_STALE_70775.4MIN,,,,,False,False,False,False,False,False,False,False,False,False,False,False
2026-04-27 14:40:26,2026-04-27 14:35:00,2026-04-27 14:35:00,ES,BRACKET_MACRO,ROTATION_ILLIQUID,TrendUp,AFTERNOON_TREND_TEST,TREND_COMPRESSION,TREND_COMPRESSION,LONG,66,0,MICRO_TREND_INSIDE_MACRO_STRUCTURE,LOCKED_IMMEDIATE,0,0.0,0,PM,78.25,LONG,1.0,1.0,0.2469135802469135,140.0,15.0,71.23,0.9996465411340296,0.9992930822707672,0.002281331328895,15,0.4246575342465753,4.604679996635451,6.502057613168724,0.0319320937752627,0,1,0,7206.25,3.0375,,,,False,FRESH,,,,,True,False,True,False,False,False,True,False,True,False,True,False
2026-04-27 14:45:21,2026-04-27 14:45:00,2026-04-27 14:40:00,ES,BRACKET_MACRO,ROTATION_ILLIQUID,TrendUp,AFTERNOON_TREND_TEST,TREND_COMPRESSION,TREND_COMPRESSION,LONG,66,0,MICRO_TREND_INSIDE_MACRO_STRUCTURE,UNCHANGED,0,0.0,0,PM,66.76,NONE,0.8181818181818182,0.0,-0.7407407407407407,150.0,16.0,64.38,0.9946962642462938,0.98939252849187,0.0238605466750759,16,0.2876712328767123,3.705569576619839,5.679012345679012,0.0274027005559968,0,1,0,7203.75,3.0375,,,,False,FRESH,,,,,True,False,True,False,False,False,True,False,True,False,True,False
2026-04-27 14:45:25,2026-04-27 14:45:00,2026-04-27 14:45:00,ES,BRACKET_MACRO,ROTATION_ILLIQUID,TrendUp,AFTERNOON_TREND_TEST,TREND_COMPRESSION,TREND_COMPRESSION,LONG,66,0,MICRO_TREND_INSIDE_MACRO_STRUCTURE,UNCHANGED,0,0.0,0,PM,66.76,NONE,0.8181818181818182,0.0,-0.7407407407407407,150.0,16.0,64.38,0.9969835379580606,0.9939670759183576,0.0148009403371275,17,0.2876712328767123,3.705569576619839,5.679012345679012,0.0274027005559968,0,1,0,7203.75,3.0375,,,,False,FRESH,,,,,True,False,True,False,False,False,True,False,True,False,True,False
2026-04-27 14:55:22,2026-04-27 14:55:00,2026-04-27 14:50:00,ES,BRACKET_MACRO,ROTATION_ILLIQUID,TrendUp,AFTERNOON_TREND_TEST,TREND_COMPRESSION,TREND_COMPRESSION,LONG,66,10,MICRO_TREND_INSIDE_MACRO_STRUCTURE,UNCHANGED,0,-0.919,0,PM,75.81,NONE,1.0,0.5714285714285714,-0.9482758620689656,160.0,17.0,63.7,0.9988580233482148,0.9977160466963192,0.006404274778665,18,0.273972602739726,3.7326619325615646,5.862068965517242,0.0265107212475633,0,1,0,7203.5,2.9,,,,False,FRESH,,,,,True,False,True,False,False,False,True,False,True,False,True,False
2026-04-27 14:55:27,2026-04-27 14:55:00,2026-04-27 14:55:00,ES,BRACKET_MACRO,ROTATION_ILLIQUID,TrendUp,AFTERNOON_TREND_TEST,TREND_COMPRESSION,TREND_COMPRESSION,LONG,66,10,MICRO_TREND_INSIDE_MACRO_STRUCTURE,UNCHANGED,0,-0.919,0,PM,75.81,NONE,1.0,0.5714285714285714,-0.9482758620689656,160.0,17.0,63.7,0.9987635260308596,0.9975270520636852,0.0068632683322641,19,0.273972602739726,3.7326619325615646,5.862068965517242,0.0265107212475633,0,1,0,7203.5,2.9,,,,False,FRESH,,,,,True,False,True,False,False,False,True,False,True,False,True,False
2026-04-27 15:05:16,2026-04-27 15:05:00,2026-04-27 15:00:00,ES,BRACKET_MACRO,ROTATION_ILLIQUID,TrendUp,LATE_DAY_CONVICTION,TREND_COMPRESSION,TREND_COMPRESSION,LONG,66,20,MICRO_TREND_INSIDE_MACRO_STRUCTURE,UNCHANGED,0,-0.089,0,POWER_HOUR,76.74,NONE,1.0,0.8333333333333334,-0.1,170.0,18.0,63.7,0.9980871021176684,0.9961742042318308,0.0100153008460236,20,0.273972602739726,4.261905755676343,6.8,0.0260536398467432,0,1,0,7203.5,2.5,,,,False,FRESH,,,,,True,False,True,False,False,False,True,False,True,False,True,False
2026-04-27 15:05:21,2026-04-27 15:05:00,2026-04-27 15:05:00,ES,BRACKET_MACRO,ROTATION_ILLIQUID,TrendUp,LATE_DAY_CONVICTION,TREND_COMPRESSION,TREND_COMPRESSION,LONG,66,20,MICRO_TREND_INSIDE_MACRO_STRUCTURE,UNCHANGED,0,-0.089,0,POWER_HOUR,76.74,NONE,1.0,0.8333333333333334,-0.1,170.0,18.0,63.7,0.993213981685565,0.9864279633727528,0.029319018635742,21,0.273972602739726,4.261905755676343,6.8,0.0260536398467432,0,1,0,7203.5,2.5,,,,False,FRESH,,,,,True,False,True,False,False,False,True,False,True,False,True,False
2026-04-27 15:15:18,2026-04-27 15:15:00,2026-04-27 15:10:00,ES,BRACKET_MACRO,ROTATION_ILLIQUID,TrendUp,LATE_DAY_CONVICTION,TREND_COMPRESSION,TREND_COMPRESSION,LONG,66,20,MICRO_TREND_INSIDE_MACRO_STRUCTURE,UNCHANGED,0,0.196,0,POWER_HOUR,77.01,LONG,1.0,0.6923076923076923,0.223463687150838,180.0,19.0,65.07,0.9963709022360672,0.9927418044728108,0.0173221325268776,22,0.3013698630136986,4.90997476838069,7.82122905027933,0.026345502446368,0,1,0,7204.0,2.2375,,,,False,FRESH,,,,,True,False,True,False,False,False,True,False,True,False,True,False
2026-04-27 15:15:23,2026-04-27 15:15:00,2026-04-27 15:15:00,ES,BRACKET_MACRO,ROTATION_ILLIQUID,TrendUp,LATE_DAY_CONVICTION,TREND_COMPRESSION,TREND_COMPRESSION,LONG,66,20,MICRO_TREND_INSIDE_MACRO_STRUCTURE,UNCHANGED,0,0.196,0,POWER_HOUR,77.01,LONG,1.0,0.6923076923076923,0.223463687150838,180.0,19.0,65.07,0.993601750298885,0.9872035005979553,0.0279161290254877,23,0.3013698630136986,4.90997476838069,7.82122905027933,0.026345502446368,0,1,0,7204.0,2.2375,,,,False,FRESH,,,,,True,False,True,False,False,False,True,False,True,False,True,False
2026-04-27 15:25:19,2026-04-27 15:25:00,2026-04-27 15:20:00,ES,BRACKET_MACRO,ROTATION_ILLIQUID,TrendUp,LATE_DAY_CONVICTION,TREND_COMPRESSION,TREND_COMPRESSION,LONG,66,30,MICRO_TREND_INSIDE_MACRO_STRUCTURE,UNCHANGED,0,0.851,0,POWER_HOUR,75.4,LONG,1.0,0.7777777777777778,0.8648648648648649,190.0,20.0,69.18,0.9988675927215536,0.9977351854399644,0.0063574869136971,24,0.3835616438356164,5.281748343266568,8.216216216216216,0.0280961182994454,0,1,0,7205.5,2.3125,,,,False,FRESH,,,,,True,False,True,False,False,False,True,False,True,False,True,False
2026-04-27 15:25:23,2026-04-27 15:25:00,2026-04-27 15:25:00,ES,BRACKET_MACRO,ROTATION_ILLIQUID,TrendUp,LATE_DAY_CONVICTION,TREND_COMPRESSION,TREND_COMPRESSION,LONG,66,30,MICRO_TREND_INSIDE_MACRO_STRUCTURE,UNCHANGED,0,0.851,0,POWER_HOUR,75.4,LONG,1.0,0.7777777777777778,0.8648648648648649,190.0,20.0,69.18,0.9950935448353144,0.990187089670433,0.0223495244006392,25,0.3835616438356164,5.281748343266568,8.216216216216216,0.0280961182994454,0,1,0,7205.5,2.3125,,,,False,FRESH,,,,,True,False,True,False,False,False,True,False,True,False,True,False
2026-04-27 15:35:21,2026-04-27 15:35:00,2026-04-27 15:30:00,ES,BRACKET_MACRO,ROTATION_ILLIQUID,TrendUp,LATE_DAY_CONVICTION,TREND_COMPRESSION,TREND_COMPRESSION,LONG,66,30,MICRO_TREND_INSIDE_MACRO_STRUCTURE,UNCHANGED,0,0.991,0,POWER_HOUR,78.25,LONG,1.0,1.0,0.9944751381215468,200.0,21.0,71.23,0.9991118605573632,0.9982237211132974,0.0051418745915218,26,0.4246575342465753,5.596368493329288,8.7292817679558,0.0287481804949053,0,1,0,7206.25,2.2625,,,,False,FRESH,,,,,True,False,True,False,False,False,True,False,True,False,True,False
2026-04-27 15:35:25,2026-04-27 15:35:00,2026-04-27 15:35:00,ES,BRACKET_MACRO,ROTATION_ILLIQUID,TrendUp,LATE_DAY_CONVICTION,TREND_COMPRESSION,TREND_COMPRESSION,LONG,66,30,MICRO_TREND_INSIDE_MACRO_STRUCTURE,UNCHANGED,0,0.991,0,POWER_HOUR,78.25,LONG,1.0,1.0,0.9944751381215468,200.0,21.0,71.23,0.9914647628142788,0.9829295256282692,0.0354591035326175,27,0.4246575342465753,5.596368493329288,8.7292817679558,0.0287481804949053,0,1,0,7206.25,2.2625,,,,False,FRESH,,,,,True,False,True,False,False,False,True,False,True,False,True,False
2026-04-27 15:45:22,2026-04-27 15:45:00,2026-04-27 15:40:00,ES,BRACKET_MACRO,ROTATION_ILLIQUID,TrendUp,LATE_DAY_CONVICTION,TREND_COMPRESSION,TREND_COMPRESSION,LONG,66,20,MICRO_TREND_INSIDE_MACRO_STRUCTURE,UNCHANGED,0,0.545,0,POWER_HOUR,78.52,LONG,1.0,1.0,0.5434782608695653,210.0,22.0,72.6,0.9986666869513208,0.9973333739006072,0.0073282228954125,28,0.4520547945205479,5.581496818150971,8.804347826086957,0.0288770053475935,0,1,0,7206.75,2.3,,,,False,FRESH,,,,,True,False,True,False,False,False,True,False,True,False,True,False
2026-04-27 15:45:26,2026-04-27 15:45:00,2026-04-27 15:45:00,ES,BRACKET_MACRO,ROTATION_ILLIQUID,TrendUp,LATE_DAY_CONVICTION,TREND_COMPRESSION,TREND_COMPRESSION,LONG,66,20,MICRO_TREND_INSIDE_MACRO_STRUCTURE,UNCHANGED,0,0.545,0,POWER_HOUR,78.52,LONG,1.0,1.0,0.5434782608695653,210.0,22.0,72.6,0.9955977633031734,0.9911955266088024,0.0203979010670808,29,0.4520547945205479,5.581496818150971,8.804347826086957,0.0288770053475935,0,1,0,7206.75,2.3,,,,False,FRESH,,,,,True,False,True,False,False,False,True,False,True,False,True,False
2026-04-27 15:46:23,2026-03-09 11:05:00,2026-03-09 11:05:00,ES,MEAN_REVERSION_MACRO,ROTATION_ILLIQUID,TrendUp,MID_MORNING_DISCOVERY,TRANSITION,TRANSITION,NONE,50,100,MACRO_STALE_70841.4MIN,UNCHANGED,0,0.0,0,POST_IB_AM,24.84,NONE,0.3333333333333333,0.5348837209302325,0.2378121284185493,75.0,13.0,0.0,0.9783718214125066,0.956743642826038,0.0752436105062584,11,0.0,-0.4244496122187883,-0.380499405469679,0.008893829905503,1,1,0,6674.75,10.5125,,,,True,MACRO_STALE_70841.4MIN,,,,,False,False,False,False,False,False,False,False,False,False,False,False
2026-04-27 15:46:25,2026-04-27 15:45:00,2026-04-27 15:45:00,ES,BRACKET_MACRO,ROTATION_ILLIQUID,TrendUp,LATE_DAY_CONVICTION,TREND_COMPRESSION,TREND_COMPRESSION,LONG,66,20,MICRO_TREND_INSIDE_MACRO_STRUCTURE,LOCKED_IMMEDIATE,0,0.0,0,POWER_HOUR,78.52,LONG,1.0,1.0,0.5181347150259067,210.0,22.0,72.6,0.9955977633031734,0.9911955266088024,0.0203979010670808,29,0.4520547945205479,5.321219764454812,8.393782383419689,0.0288770053475935,0,1,0,7206.75,2.4125,,,,False,FRESH,,,,,True,False,True,False,False,False,True,False,True,False,True,False
2026-04-27 15:55:22,2026-04-27 15:55:00,2026-04-27 15:50:00,ES,BRACKET_MACRO,ROTATION_ILLIQUID,TrendUp,LATE_DAY_CONVICTION,TREND_COMPRESSION,TREND_COMPRESSION,LONG,66,20,MICRO_TREND_INSIDE_MACRO_STRUCTURE,UNCHANGED,0,0.0,0,POWER_HOUR,78.66,LONG,1.0,1.0,0.303030303030303,220.0,23.0,73.29,0.9709715230348422,0.9419430460695182,0.0947480361951644,30,0.4657534246575342,5.0049629575461045,8.282828282828282,0.0285019117135905,0,1,0,7207.0,2.475,,,,False,FRESH,,,,,True,False,True,False,False,False,True,False,True,False,True,False
2026-04-27 15:55:28,2026-04-27 15:55:00,2026-04-27 15:55:00,ES,BRACKET_MACRO,ROTATION_ILLIQUID,TrendUp,LATE_DAY_CONVICTION,TREND_COMPRESSION,TREND_COMPRESSION,LONG,66,20,MICRO_TREND_INSIDE_MACRO_STRUCTURE,UNCHANGED,0,0.0,0,POWER_HOUR,78.66,LONG,1.0,1.0,0.303030303030303,220.0,23.0,73.29,0.9983168630320056,0.9966337260639044,0.0089678479660416,31,0.4657534246575342,5.0049629575461045,8.282828282828282,0.0285019117135905,0,1,0,7207.0,2.475,,,,False,FRESH,,,,,True,False,True,False,False,False,True,False,True,False,True,False
2026-04-27 16:00:26,2026-04-27 16:00:00,2026-04-27 15:55:00,ES,BRACKET_MACRO,ROTATION_ILLIQUID,TrendUp,CASH_CLOSE,TREND_COMPRESSION,TREND_COMPRESSION,LONG,66,20,MICRO_TREND_INSIDE_MACRO_STRUCTURE,UNCHANGED,0,0.201,0,CLOSE,73.09,LONG,1.0,1.0,0.1951219512195122,225.0,24.0,73.97,0.8480878782790386,0.6961757565603052,0.3073023882046721,31,0.4794520547945205,4.542599682416838,8.097560975609756,0.0284831846259437,0,1,0,7207.25,2.5625,,,,False,FRESH,,,,,False,False,True,False,False,False,True,False,True,False,False,False
2026-04-27 16:00:31,2026-04-27 16:00:00,2026-04-27 16:00:00,ES,BRACKET_MACRO,ROTATION_ILLIQUID,TrendDown,CASH_CLOSE,TRANSITION,TRANSITION,NONE,50,40,NO_CLEAR_STAGE_C_ALIGNMENT,LOCKED_IMMEDIATE,0,0.201,1,CLOSE,73.09,LONG,1.0,1.0,0.1951219512195122,225.0,24.0,73.97,0.8948079674165226,0.7896159348350439,0.2426205626167633,2,0.4794520547945205,4.542599682416838,8.097560975609756,0.0284831846259437,0,1,0,7207.25,2.5625,,,,False,FRESH,,,,,False,False,False,False,False,False,False,False,False,False,False,False
2026-04-27 16:03:20,2026-03-09 11:05:00,2026-03-09 11:05:00,ES,MEAN_REVERSION_MACRO,ROTATION_ILLIQUID,TrendUp,MID_MORNING_DISCOVERY,TRANSITION,TRANSITION,NONE,50,100,MACRO_STALE_70858.3MIN,UNCHANGED,0,0.0,0,POST_IB_AM,24.84,NONE,0.3333333333333333,0.5348837209302325,0.2378121284185493,75.0,13.0,0.0,0.9783718214125066,0.956743642826038,0.0752436105062584,11,0.0,-0.4244496122187883,-0.380499405469679,0.008893829905503,1,1,0,6674.75,10.5125,,,,True,MACRO_STALE_70858.3MIN,,,,,False,False,False,False,False,False,False,False,False,False,False,False
2026-04-27 16:03:21,2026-04-27 16:00:00,2026-04-27 16:00:00,ES,BRACKET_MACRO,ROTATION_ILLIQUID,TrendDown,CASH_CLOSE,TRANSITION,TRANSITION,NONE,50,40,NO_CLEAR_STAGE_C_ALIGNMENT,UNCHANGED,0,0.0,0,CLOSE,73.09,LONG,1.0,1.0,0.1951219512195122,225.0,24.0,73.97,0.7498909325141275,0.4997818650270471,0.4057254732872192,2,0.4794520547945205,4.542599682416838,8.097560975609756,0.0284831846259437,0,1,0,7207.25,2.5625,,,,False,FRESH,,,,,False,False,False,False,False,False,False,False,False,False,False,False
2026-04-28 08:42:34,2026-04-27 16:00:00,2026-04-27 16:00:00,ES,BRACKET_MACRO,ROTATION_ILLIQUID,TrendDown,CASH_CLOSE,TRANSITION,TRANSITION,NONE,50,100,MACRO_STALE_1002.6MIN,UNCHANGED,0,0.0,0,CLOSE,73.09,LONG,1.0,1.0,0.1951219512195122,225.0,24.0,73.97,0.9712247550310966,0.9424495100655572,0.0941060440254553,2,0.4794520547945205,4.542599682416838,8.097560975609756,0.0284831846259437,0,1,0,7207.25,2.5625,,,,True,MACRO_STALE_1002.6MIN,,,,,False,False,False,False,False,False,False,False,False,False,False,False
2026-04-28 09:03:29,2026-03-13 13:15:00,2026-03-13 13:15:00,ES,BRACKET_MACRO,ROTATION_LIQUID,TrendUp,POST_LUNCH_ROTATION,TRANSITION,TRANSITION,NONE,50,100,MACRO_STALE_65988.5MIN,UNCHANGED,0,0.0,0,LUNCH,41.38,LONG,0.1666666666666666,0.4285714285714285,0.0763358778625954,190.0,23.0,0.0,0.9999757387300602,0.9999514774565073,0.0002034752073842,5,0.6373626373626373,1.197291757578166,5.305343511450382,0.0663801337153772,0,1,-1,6758.25,6.55,,,,True,MACRO_STALE_65988.5MIN,,,,,False,False,False,False,False,False,False,False,False,False,False,False
2026-04-28 09:03:30,2026-04-27 16:00:00,2026-04-27 16:00:00,ES,BRACKET_MACRO,ROTATION_ILLIQUID,TrendDown,CASH_CLOSE,TRANSITION,TRANSITION,NONE,50,100,MACRO_STALE_1023.5MIN,UNCHANGED,0,0.0,0,CLOSE,73.09,LONG,1.0,1.0,0.1951219512195122,225.0,24.0,73.97,0.971224755299627,0.9424495105976812,0.0941060433528782,2,0.4794520547945205,4.542599682416838,8.097560975609756,0.0284831846259437,0,1,0,7207.25,2.5625,,,,True,MACRO_STALE_1023.5MIN,,,,,False,False,False,False,False,False,False,False,False,False,False,False
2026-04-28 09:31:36,2026-04-28 09:25:00,2026-04-28 09:25:00,ES,UNRESOLVED,TRANSITION,Balance,PREMARKET_CONTEXT,TRANSITION,TRANSITION,NONE,55,0,OPENING_OR_UNRESOLVED_UNRESOLVED,UNCHANGED,0,0.0,0,PREMARKET,0.0,NONE,0.0,0.0,0.0,0.0,0.0,0.0,0.9999938242881102,0.9999877119555186,5.814485397130313e-05,7,0.0,0.0,0.0,0.0,0,0,0,7167.75,0.0,,,,False,FRESH,,,,,False,False,False,False,False,False,False,False,False,False,False,False
2026-04-28 09:36:21,2026-04-28 09:35:00,2026-04-28 09:30:00,ES,OPENING_AUCTION,ROTATION_ILLIQUID,TrendDown,OPENING_AUCTION,TRANSITION,TRANSITION,NONE,55,20,OPENING_OR_UNRESOLVED_OPENING_AUCTION,UNCHANGED,0,0.0,1,OPEN,0.0,LONG,0.0,0.0,0.0,0.0,0.0,0.0,0.9983394573518608,0.9966789147020242,0.0088636661884315,1,0.0,0.2106198422412717,0.21875,0.04375,0,1,0,7169.25,8.0,,,,False,FRESH,,,,,False,False,False,True,False,False,False,False,False,False,False,False
2026-04-28 09:36:30,2026-04-28 09:35:00,2026-04-28 09:35:00,ES,OPENING_AUCTION,ROTATION_ILLIQUID,TrendUp,OPENING_AUCTION,TRANSITION,TRANSITION,NONE,55,20,OPENING_OR_UNRESOLVED_OPENING_AUCTION,UNCHANGED,0,0.0,2,OPEN,0.0,LONG,0.0,0.0,0.0,0.0,0.0,0.0,0.5696578398232353,0.1393156796440394,0.4929769118075866,1,0.0,0.2106198422412717,0.21875,0.04375,0,1,0,7169.25,8.0,,,,False,FRESH,,,,,False,False,False,True,False,False,False,False,False,False,False,False
2026-04-28 09:37:58,2026-04-27 10:55:00,2026-04-27 10:55:00,ES,BRACKET_MACRO,ROTATION_ILLIQUID,TrendUp,POST_IB_MACRO,TRANSITION,TRANSITION,NONE,50,100,MACRO_STALE_1363.0MIN,UNCHANGED,0,0.0,0,POST_IB_AM,0.0,NONE,0.0,0.0,0.0,0.0,0.0,0.0,0.999953306788162,0.9999066135788574,0.0003695554866275,11,0.0,-0.1859540506642848,0.5,0.0032377428307123,0,1,0,7190.0,7.0,,,,True,MACRO_STALE_1363.0MIN,,,,,False,False,False,False,False,False,False,False,False,False,False,False
2026-04-28 09:37:59,2026-04-28 09:35:00,2026-04-28 09:35:00,ES,OPENING_AUCTION,ROTATION_ILLIQUID,TrendUp,OPENING_AUCTION,TRANSITION,TRANSITION,NONE,55,20,OPENING_OR_UNRESOLVED_OPENING_AUCTION,UNCHANGED,0,0.0,0,OPEN,0.0,LONG,0.0,0.0,0.0,0.0,0.0,0.0,0.5696578398232353,0.1393156796440394,0.4929769118075866,1,0.0,0.187217637547797,0.1944444444444444,0.04375,0,1,0,7169.25,9.0,,,,False,FRESH,,,,,False,False,False,True,False,False,False,False,False,False,False,False
2026-04-28 09:41:11,2026-04-28 09:40:00,2026-04-28 09:35:00,ES,BALANCE_STRUCTURE,ROTATION_ILLIQUID,TrendDown,EARLY_TEST,TRANSITION,TRANSITION,NONE,50,20,NO_CLEAR_STAGE_C_ALIGNMENT,UNCHANGED,0,0.0,0,OPEN,42.6,LONG,1.0,0.0,0.826530612244898,0.0,1.0,0.0,0.9908480515639984,0.981696103124648,0.0375585825113393,2,0.0,0.6621087997143836,0.8571428571428572,0.1228070175438596,0,1,0,7174.5,8.166666666666666,,,,False,FRESH,,,,,False,False,False,False,False,False,False,False,False,False,False,False
2026-04-28 09:41:21,2026-04-28 09:40:00,2026-04-28 09:40:00,ES,BALANCE_STRUCTURE,ROTATION_ILLIQUID,TrendUp,EARLY_TEST,TRANSITION,TRANSITION,NONE,50,0,NO_CLEAR_STAGE_C_ALIGNMENT,UNCHANGED,0,0.0,1,OPEN,42.6,LONG,1.0,0.0,0.826530612244898,0.0,1.0,0.0,0.5523193032258076,0.1046386064539925,0.4960436588134227,1,0.0,0.6621087997143836,0.8571428571428572,0.1228070175438596,0,1,0,7174.5,8.166666666666666,,,,False,FRESH,,,,,False,False,False,False,False,False,False,False,False,False,False,False
2026-04-28 09:45:58,2026-04-28 09:45:00,2026-04-28 09:40:00,ES,BALANCE_STRUCTURE,ROTATION_ILLIQUID,TrendDown,FIRST_ACCEPTANCE,TRANSITION,TRANSITION,NONE,50,30,NO_CLEAR_STAGE_C_ALIGNMENT,UNCHANGED,0,0.996,0,EARLY_AM,52.35,LONG,1.0,0.0,1.0074074074074073,5.0,2.0,0.0,0.9998832281934156,0.9997664563894724,0.0008469827505559,3,0.0,0.7586314968687172,1.2148148148148148,0.1331168831168831,0,1,0,7177.75,8.4375,,,,False,FRESH,,,,,False,False,False,False,False,False,False,False,False,False,False,False
2026-04-28 09:46:08,2026-04-28 09:45:00,2026-04-28 09:45:00,ES,BALANCE_STRUCTURE,ROTATION_ILLIQUID,TrendDown,FIRST_ACCEPTANCE,TRANSITION,TRANSITION,NONE,50,30,NO_CLEAR_STAGE_C_ALIGNMENT,UNCHANGED,0,0.996,0,EARLY_AM,52.35,LONG,1.0,0.0,1.0074074074074073,5.0,2.0,0.0,0.7976981008903686,0.5953962017821788,0.3632540362316924,4,0.0,0.7586314968687172,1.2148148148148148,0.1331168831168831,0,1,0,7177.75,8.4375,,,,False,FRESH,,,,,False,False,False,False,False,False,False,False,False,False,False,False
2026-04-28 09:50:46,2026-04-28 09:50:00,2026-04-28 09:45:00,ES,BALANCE_STRUCTURE,ROTATION_ILLIQUID,TrendDown,EARLY_CONTINUATION,ROTATION_ILLIQUID,TRANSITION,NONE,62,20,COMPRESSED_BALANCE_LOW_EDGE,PENDING_ROTATION_ILLIQUID_1_OF_2,1,0.207,0,EARLY_AM,45.78,LONG,0.3684210526315789,0.7391304347826086,0.2,10.0,3.0,0.0,0.994153396809944,0.9883067936178598,0.0258906736088776,4,0.0,0.4389777110174431,1.0,0.0921052631578947,0,1,0,7176.25,8.75,,,,False,FRESH,,,,,False,False,False,False,False,False,False,False,False,False,False,False
2026-04-28 09:50:56,2026-04-28 09:50:00,2026-04-28 09:50:00,ES,BALANCE_STRUCTURE,ROTATION_ILLIQUID,TrendUp,EARLY_CONTINUATION,TREND_COMPRESSION,TREND_COMPRESSION,LONG,66,0,MICRO_TREND_INSIDE_MACRO_STRUCTURE,LOCKED_IMMEDIATE,0,0.207,1,EARLY_AM,45.78,LONG,0.3684210526315789,0.7391304347826086,0.2,10.0,3.0,0.0,0.870700298096984,0.7414005961931717,0.2777572410992038,1,0.0,0.4389777110174431,1.0,0.0921052631578947,0,1,0,7176.25,8.75,,,,False,FRESH,,,,,True,False,True,False,False,False,True,False,True,False,True,False
2026-04-28 09:55:37,2026-04-28 09:55:00,2026-04-28 09:50:00,ES,BALANCE_STRUCTURE,ROTATION_ILLIQUID,TrendDown,EARLY_CONTINUATION,TRANSITION,TRANSITION,NONE,50,30,NO_CLEAR_STAGE_C_ALIGNMENT,LOCKED_IMMEDIATE,0,-0.88,0,EARLY_AM,39.32,SHORT,1.0,0.0625,-0.8955223880597015,0.0,1.0,0.0,0.9979675062824064,0.9959350125652182,0.0105524648061395,5,0.0,-0.2739229828313448,0.3283582089552239,0.024070021881838,0,1,0,7170.25,8.375,,,,False,FRESH,,,,,False,False,False,False,False,False,False,False,False,False,False,False
2026-04-28 09:55:45,2026-04-28 09:55:00,2026-04-28 09:55:00,ES,BALANCE_STRUCTURE,ROTATION_ILLIQUID,TrendUp,EARLY_CONTINUATION,TRANSITION,TRANSITION,NONE,50,30,NO_CLEAR_STAGE_C_ALIGNMENT,UNCHANGED,0,-0.88,1,EARLY_AM,39.32,SHORT,1.0,0.0625,-0.8955223880597015,0.0,1.0,0.0,0.6108654251415232,0.2217308502817031,0.4821193938516065,1,0.0,-0.2739229828313448,0.3283582089552239,0.024070021881838,0,1,0,7170.25,8.375,,,,False,FRESH,,,,,False,False,False,False,False,False,False,False,False,False,False,False
2026-04-28 10:02:01,2026-04-28 10:00:00,2026-04-28 10:00:00,ES,BALANCE_STRUCTURE,ROTATION_ILLIQUID,TrendUp,PRE_DECISION,TRANSITION,TRANSITION,NONE,50,30,NO_CLEAR_STAGE_C_ALIGNMENT,UNCHANGED,0,-0.788,1,EARLY_AM,43.03,SHORT,1.0,0.4347826086956521,-0.7875,5.0,2.0,0.0,0.6954398882533487,0.3908797765041479,0.4433969603746557,2,0.0,-0.2876479448492622,0.2333333333333333,0.0149812734082397,0,1,0,7169.5,8.571428571428571,,,,False,FRESH,,,,,False,False,False,False,False,False,False,False,False,False,False,False
2026-04-28 10:03:38,2026-03-09 11:05:00,2026-03-09 11:05:00,ES,MEAN_REVERSION_MACRO,ROTATION_ILLIQUID,TrendUp,MID_MORNING_DISCOVERY,TRANSITION,TRANSITION,NONE,50,100,MACRO_STALE_71938.6MIN,UNCHANGED,0,0.0,0,POST_IB_AM,24.84,NONE,0.3333333333333333,0.5348837209302325,0.2378121284185493,75.0,13.0,0.0,0.9783718214125066,0.956743642826038,0.0752436105062584,11,0.0,-0.4244496122187883,-0.380499405469679,0.008893829905503,1,1,0,6674.75,10.5125,,,,True,MACRO_STALE_71938.6MIN,,,,,False,False,False,False,False,False,False,False,False,False,False,False
2026-04-28 10:03:39,2026-04-28 10:00:00,2026-04-28 10:00:00,ES,BALANCE_STRUCTURE,ROTATION_ILLIQUID,TrendUp,PRE_DECISION,ROTATION_ILLIQUID,TRANSITION,NONE,62,20,COMPRESSED_BALANCE_LOW_EDGE,PENDING_ROTATION_ILLIQUID_1_OF_2,1,0.0,0,EARLY_AM,42.53,SHORT,1.0,0.4347826086956521,-0.7651821862348178,5.0,2.0,0.0,0.6776346332739369,0.3552692665487584,0.4534675914150949,2,0.0,-0.2794959788009025,0.2267206477732793,0.0149812734082397,0,1,0,7169.5,8.821428571428571,,,,False,FRESH,,,,,False,False,False,False,False,False,False,False,False,False,False,False
2026-04-28 10:06:49,2026-04-28 10:05:00,2026-04-28 10:05:00,ES,BALANCE_STRUCTURE,ROTATION_ILLIQUID,TrendUp,END_FIRST_WINDOW,ROTATION_ILLIQUID,ROTATION_ILLIQUID,NONE,62,20,COMPRESSED_BALANCE_LOW_EDGE,LOCKED_AFTER_2_CONFIRMATIONS,0,0.0,0,EARLY_AM,53.73,SHORT,1.0,1.0,-0.2406015037593984,10.0,3.0,0.0,0.999137137807284,0.998274275617401,0.0050135117645917,3,0.0,-0.4050199931737559,0.0902255639097744,0.0049019607843137,0,1,0,7168.25,8.3125,,,,False,FRESH,,,,,False,False,False,False,False,False,False,False,False,False,False,False
2026-04-28 10:11:39,2026-04-28 10:10:00,2026-04-28 10:10:00,ES,BRACKET_MACRO,ROTATION_ILLIQUID,TrendUp,PRE_IB_MATURATION,ROTATION_ILLIQUID,ROTATION_ILLIQUID,NONE,62,0,COMPRESSED_BALANCE_LOW_EDGE,UNCHANGED,0,0.647,0,EARLY_AM,26.96,LONG,0.6875,0.0847457627118644,0.6578073089700996,0.0,1.0,0.0,0.9921520402157924,0.9843040804350204,0.0330810563688097,4,0.0,0.3850526379162005,0.8970099667774086,0.0437956204379562,0,1,0,7175.0,8.36111111111111,,,,False,FRESH,,,,,False,False,False,False,False,False,False,False,False,False,False,False
2026-04-28 10:13:15,2026-04-27 10:55:00,2026-04-27 10:55:00,ES,BRACKET_MACRO,ROTATION_ILLIQUID,TrendUp,POST_IB_MACRO,TRANSITION,TRANSITION,NONE,50,100,MACRO_STALE_1398.2MIN,UNCHANGED,0,0.0,0,POST_IB_AM,0.0,NONE,0.0,0.0,0.0,0.0,0.0,0.0,0.999953306788162,0.9999066135788574,0.0003695554866275,11,0.0,-0.1859540506642848,0.5,0.0032377428307123,0,1,0,7190.0,7.0,,,,True,MACRO_STALE_1398.2MIN,,,,,False,False,False,False,False,False,False,False,False,False,False,False
2026-04-28 10:13:17,2026-04-28 10:10:00,2026-04-28 10:10:00,ES,BRACKET_MACRO,ROTATION_ILLIQUID,TrendUp,PRE_IB_MATURATION,ROTATION_ILLIQUID,TRANSITION,NONE,62,0,COMPRESSED_BALANCE_LOW_EDGE,PENDING_ROTATION_ILLIQUID_1_OF_2,1,0.0,0,EARLY_AM,26.64,LONG,0.6875,0.0847457627118644,0.6449511400651465,0.0,1.0,0.0,0.9962788334331808,0.99255766686873,0.017694215423094,4,0.0,0.3775271791947112,0.8794788273615635,0.0437956204379562,0,1,0,7175.0,8.527777777777779,,,,False,FRESH,,,,,False,False,False,False,False,False,False,False,False,False,False,False
2026-04-28 10:16:28,2026-04-28 10:15:00,2026-04-28 10:10:00,ES,BRACKET_MACRO,ROTATION_ILLIQUID,TrendUp,PRE_IB_MATURATION,ROTATION_ILLIQUID,ROTATION_ILLIQUID,NONE,62,20,COMPRESSED_BALANCE_LOW_EDGE,LOCKED_AFTER_2_CONFIRMATIONS,0,0.0,0,EARLY_AM,1.03,NONE,0.1489361702127659,0.0181818181818181,0.219435736677116,0.0,0.0,0.0,0.992061044050869,0.9841220881052172,0.0333983464283367,4,0.0,-0.2238145480198832,0.3134796238244514,0.0134952766531713,0,1,0,7170.0,7.975,,,,False,FRESH,,,,,False,False,False,False,False,False,False,False,False,False,False,False
2026-04-28 10:16:36,2026-04-28 10:15:00,2026-04-28 10:15:00,ES,BRACKET_MACRO,ROTATION_ILLIQUID,TrendUp,PRE_IB_MATURATION,ROTATION_ILLIQUID,ROTATION_ILLIQUID,NONE,62,20,COMPRESSED_BALANCE_LOW_EDGE,UNCHANGED,0,0.0,0,EARLY_AM,1.03,NONE,0.1489361702127659,0.0181818181818181,0.219435736677116,0.0,0.0,0.0,0.9998157641662758,0.9996315283357698,0.0012757152957274,5,0.0,-0.2238145480198832,0.3134796238244514,0.0134952766531713,0,1,0,7170.0,7.975,,,,False,FRESH,,,,,False,False,False,False,False,False,False,False,False,False,False,False
2026-04-28 10:21:18,2026-04-28 10:20:00,2026-04-28 10:15:00,ES,BRACKET_MACRO,ROTATION_ILLIQUID,TrendUp,PRE_IB_MATURATION,TRANSITION,TRANSITION,NONE,50,30,NO_CLEAR_STAGE_C_ALIGNMENT,LOCKED_IMMEDIATE,0,-0.952,0,EARLY_AM,44.04,SHORT,1.0,0.1428571428571428,-0.9798850574712644,0.0,1.0,0.0,0.9995847738638576,0.9991695477268,0.002631746978779,5,0.0,-0.5486493678032254,-0.0316091954022988,0.0012360939431396,0,1,0,7167.25,7.909090909090909,,,,False,FRESH,,,,,False,False,False,False,False,False,False,False,False,False,False,False
2026-04-28 10:21:28,2026-04-28 10:20:00,2026-04-28 10:20:00,ES,BRACKET_MACRO,ROTATION_ILLIQUID,TrendUp,PRE_IB_MATURATION,TRANSITION,TRANSITION,NONE,50,30,NO_CLEAR_STAGE_C_ALIGNMENT,UNCHANGED,0,-0.952,0,EARLY_AM,44.04,SHORT,1.0,0.1428571428571428,-0.9798850574712644,0.0,1.0,0.0,0.998758291427234,0.9975165828549754,0.0068885376391279,6,0.0,-0.5486493678032254,-0.0316091954022988,0.0012360939431396,0,1,0,7167.25,7.909090909090909,,,,False,FRESH,,,,,False,False,False,False,False,False,False,False,False,False,False,False
2026-04-28 10:26:09,2026-04-28 10:25:00,2026-04-28 10:20:00,ES,BRACKET_MACRO,ROTATION_ILLIQUID,TrendUp,NEAR_IB_CONDITION,ROTATION_ILLIQUID,TRANSITION,NONE,62,20,COMPRESSED_BALANCE_LOW_EDGE,PENDING_ROTATION_ILLIQUID_1_OF_2,1,-0.255,0,EARLY_AM,22.48,SHORT,0.5714285714285714,0.0163934426229508,-0.2601626016260163,5.0,2.0,0.0,0.9966668225759936,0.9933336451531406,0.0161145365000494,6,0.0,-0.4414498605151382,0.065040650406504,0.0023174971031286,0,1,0,7168.0,7.6875,,,,False,FRESH,,,,,False,False,False,False,False,False,False,False,False,False,False,False
2026-04-28 10:26:17,2026-04-28 10:25:00,2026-04-28 10:25:00,ES,BRACKET_MACRO,ROTATION_ILLIQUID,TrendUp,NEAR_IB_CONDITION,ROTATION_ILLIQUID,ROTATION_ILLIQUID,NONE,62,20,COMPRESSED_BALANCE_LOW_EDGE,LOCKED_AFTER_2_CONFIRMATIONS,0,-0.255,0,EARLY_AM,22.48,SHORT,0.5714285714285714,0.0163934426229508,-0.2601626016260163,5.0,2.0,0.0,0.9998467830983522,0.9996935661987262,0.0010813069319534,7,0.0,-0.4414498605151382,0.065040650406504,0.0023174971031286,0,1,0,7168.0,7.6875,,,,False,FRESH,,,,,False,False,False,False,False,False,False,False,False,False,False,False
2026-04-28 10:31:00,2026-04-28 10:30:00,2026-04-28 10:25:00,ES,BRACKET_MACRO,ROTATION_ILLIQUID,TrendUp,NEAR_IB_CONDITION,TRANSITION,TRANSITION,NONE,50,20,NO_CLEAR_STAGE_C_ALIGNMENT,LOCKED_IMMEDIATE,0,-0.097,0,EARLY_AM,51.55,SHORT,0.3333333333333333,0.85,-0.0982367758186398,10.0,3.0,0.0,0.9995806318769492,0.9991612637540932,0.0026549960310791,7,0.0,-0.6041896339017652,-0.1309823677581864,0.004250797024442,0,1,0,7166.5,7.634615384615385,,,,False,FRESH,,,,,False,False,False,False,False,False,False,False,False,False,False,False
2026-04-28 10:31:08,2026-04-28 10:30:00,2026-04-28 10:30:00,ES,BRACKET_MACRO,ROTATION_ILLIQUID,TrendUp,NEAR_IB_CONDITION,TRANSITION,TRANSITION,NONE,50,20,NO_CLEAR_STAGE_C_ALIGNMENT,UNCHANGED,0,-0.097,0,EARLY_AM,51.55,SHORT,0.3333333333333333,0.85,-0.0982367758186398,10.0,3.0,0.0,0.9997708835285148,0.9995417670570946,0.0015504496009837,8,0.0,-0.6041896339017652,-0.1309823677581864,0.004250797024442,0,1,0,7166.5,7.634615384615385,,,,False,FRESH,,,,,False,False,False,False,False,False,False,False,False,False,False,False
2026-04-28 10:35:52,2026-04-28 10:35:00,2026-04-28 10:30:00,ES,BRACKET_MACRO,ROTATION_ILLIQUID,TrendUp,POST_IB_MACRO,TREND_COMPRESSION,TREND_COMPRESSION,SHORT,66,20,DEVELOPING_INITIATIVE_PHASE_AWARE,LOCKED_IMMEDIATE,0,-0.693,0,POST_IB_AM,66.76,SHORT,1.0,0.8285714285714286,-0.708433734939759,15.0,4.0,0.0,0.9995483814578492,0.9990967629188812,0.0028350301616338,8,0.0,-1.084110950875862,-0.6409638554216868,0.0189054726368159,0,1,0,7162.75,7.410714285714286,,,,False,FRESH,,,,,True,False,True,False,False,False,True,False,False,True,False,True
2026-04-28 10:36:01,2026-04-28 10:35:00,2026-04-28 10:35:00,ES,BRACKET_MACRO,ROTATION_ILLIQUID,TrendUp,POST_IB_MACRO,TREND_COMPRESSION,TREND_COMPRESSION,SHORT,66,20,DEVELOPING_INITIATIVE_PHASE_AWARE,UNCHANGED,0,-0.693,0,POST_IB_AM,66.76,SHORT,1.0,0.8285714285714286,-0.708433734939759,15.0,4.0,0.0,0.9993271658071222,0.9986543316151886,0.0040301661097176,9,0.0,-1.084110950875862,-0.6409638554216868,0.0189054726368159,0,1,0,7162.75,7.410714285714286,,,,False,FRESH,,,,,True,False,True,False,False,False,True,False,False,True,False,True
2026-04-28 10:45:36,2026-04-28 10:45:00,2026-04-28 10:40:00,ES,BRACKET_MACRO,ROTATION_ILLIQUID,TrendDown,POST_IB_MACRO,TREND_COMPRESSION,TREND_COMPRESSION,SHORT,72,10,DEVELOPING_INITIATIVE_PHASE_AWARE,UNCHANGED,0,-1.044,1,POST_IB_AM,75.53,SHORT,1.0,0.8536585365853658,-1.005893909626719,25.0,5.0,0.0,0.999966970710157,0.9999339414184484,0.0002696604777919,2,0.1529411764705882,-1.228811465435678,-1.1316306483300589,0.0303541315345699,0,1,0,7158.5,7.953125,,,,False,FRESH,,,,,True,False,True,False,False,False,True,False,False,True,False,True
2026-04-28 10:45:45,2026-04-28 10:45:00,2026-04-28 10:45:00,ES,BRACKET_MACRO,ROTATION_ILLIQUID,TrendUp,POST_IB_MACRO,TREND_COMPRESSION,TREND_COMPRESSION,SHORT,72,30,DEVELOPING_INITIATIVE_PHASE_AWARE,UNCHANGED,0,-1.044,2,POST_IB_AM,75.53,SHORT,1.0,0.8536585365853658,-1.005893909626719,25.0,5.0,0.0,0.6882436453146225,0.3764872906305064,0.4475952379067222,1,0.1529411764705882,-1.228811465435678,-1.1316306483300589,0.0303541315345699,0,1,0,7158.5,7.953125,,,,False,FRESH,,,,,True,False,True,False,False,False,True,False,False,True,False,True
2026-04-28 10:56:57,2026-04-28 10:55:00,2026-04-28 10:55:00,ES,BRACKET_MACRO,ROTATION_LIQUID,TrendUp,POST_IB_MACRO,TREND_EXPANSION,TREND_EXPANSION,SHORT,80,30,DEVELOPING_INITIATIVE_PHASE_AWARE,LOCKED_IMMEDIATE,0,-1.567,2,POST_IB_AM,79.41,SHORT,1.0,1.0,-1.458670988654781,35.0,6.0,0.0,0.9561888596836722,0.9123777193705191,0.1297506022288687,3,0.5411764705882353,-1.8867777975732152,-2.012965964343598,0.0497118155619596,0,1,0,7150.25,8.569444444444445,,,,False,FRESH,,,,,True,True,True,False,False,True,False,False,False,True,False,True
2026-04-28 11:06:36,2026-04-28 11:05:00,2026-04-28 11:05:00,ES,MEAN_REVERSION_MACRO,ROTATION_ILLIQUID,TrendDown,MID_MORNING_DISCOVERY,TRANSITION,TRANSITION,NONE,52,50,HMM_TRANSITION_OR_RETURN_TO_OPEN,LOCKED_IMMEDIATE,0,0.179,3,POST_IB_AM,22.64,NONE,0.0833333333333333,0.25,0.1729106628242074,45.0,7.0,0.0,0.867610434303719,0.7352208686040543,0.281977673844432,7,0.0823529411764705,-0.5853648074277197,-0.8645533141210374,0.0187852222917971,1,1,0,7160.0,8.675,,,,False,FRESH,,,,,False,False,False,False,False,False,False,False,False,False,False,False
2026-04-28 11:16:12,2026-04-28 11:15:00,2026-04-28 11:10:00,ES,MEAN_REVERSION_MACRO,ROTATION_ILLIQUID,TrendUp,MID_MORNING_DISCOVERY,TRANSITION,TRANSITION,NONE,55,80,HIGH_CONFLICT_STAGE_A_B_OR_PRICE_ACTION,UNCHANGED,0,1.196,3,POST_IB_AM,48.2,NONE,1.0,0.0989010989010989,1.21122599704579,55.0,8.0,0.0,0.9009078255578832,0.8018156511130977,0.2330556156469527,1,0.0588235294117647,-0.4810901639845362,-0.827178729689808,0.0161569532602423,1,1,0,7160.5,8.4625,,,,False,FRESH,,,,,False,False,False,False,False,False,False,False,False,False,False,False
2026-04-28 11:16:21,2026-04-28 11:15:00,2026-04-28 11:15:00,ES,MEAN_REVERSION_MACRO,ROTATION_ILLIQUID,TrendUp,MID_MORNING_DISCOVERY,TRANSITION,TRANSITION,NONE,55,60,HIGH_CONFLICT_STAGE_A_B_OR_PRICE_ACTION,UNCHANGED,0,1.196,2,POST_IB_AM,48.2,NONE,1.0,0.0989010989010989,1.21122599704579,55.0,8.0,0.0,0.9997166494748584,0.9994332989497122,0.0018740258468506,2,0.0588235294117647,-0.4810901639845362,-0.827178729689808,0.0161569532602423,1,1,0,7160.5,8.4625,,,,False,FRESH,,,,,False,False,False,False,False,False,False,False,False,False,False,False
2026-04-28 11:25:50,2026-04-28 11:25:00,2026-04-28 11:20:00,ES,BRACKET_MACRO,ROTATION_ILLIQUID,TrendUp,MID_MORNING_DISCOVERY,TRANSITION,TRANSITION,NONE,50,20,NO_CLEAR_STAGE_C_ALIGNMENT,UNCHANGED,0,-0.442,2,POST_IB_AM,57.61,SHORT,0.7894736842105263,0.0989010989010989,-0.4504504504504505,65.0,9.0,0.0,0.9974769634114906,0.9949539268225452,0.0127053773122657,3,0.2588235294117647,-0.9627791178377472,-1.3513513513513515,0.0241935483870967,0,1,0,7156.25,8.325,,,,False,FRESH,,,,,False,False,False,False,False,False,False,False,False,False,False,False
2026-04-28 11:25:59,2026-04-28 11:25:00,2026-04-28 11:25:00,ES,BRACKET_MACRO,ROTATION_ILLIQUID,TrendUp,MID_MORNING_DISCOVERY,TRANSITION,TRANSITION,NONE,50,20,NO_CLEAR_STAGE_C_ALIGNMENT,UNCHANGED,0,-0.442,1,POST_IB_AM,57.61,SHORT,0.7894736842105263,0.0989010989010989,-0.4504504504504505,65.0,9.0,0.0,0.9993808641742944,0.9987617283521062,0.0037456803369011,4,0.2588235294117647,-0.9627791178377472,-1.3513513513513515,0.0241935483870967,0,1,0,7156.25,8.325,,,,False,FRESH,,,,,False,False,False,False,False,False,False,False,False,False,False,False
2026-04-28 11:29:03,2026-04-08 11:55:00,2026-04-08 11:55:00,ES,BRACKET_MACRO,ROTATION_ILLIQUID,TrendUp,MID_MORNING_DISCOVERY,TRANSITION,TRANSITION,NONE,50,100,MACRO_STALE_28774.0MIN,UNCHANGED,0,0.0,0,POST_IB_AM,65.53,NONE,0.4,0.5625,-0.4395604395604395,30.0,4.0,0.0,0.9998488774477688,0.9996977548945282,0.0010680268648475,5,0.4651162790697674,1.351647317339714,1.4285714285714286,0.0226283724978241,0,1,0,6843.0,4.55,,,,True,MACRO_STALE_28774.0MIN,,,,,False,False,False,False,False,False,False,False,False,False,False,False
2026-04-28 11:29:04,2026-04-28 11:25:00,2026-04-28 11:25:00,ES,BRACKET_MACRO,ROTATION_ILLIQUID,TrendUp,MID_MORNING_DISCOVERY,TRANSITION,TRANSITION,NONE,50,20,NO_CLEAR_STAGE_C_ALIGNMENT,UNCHANGED,0,0.0,0,POST_IB_AM,57.44,SHORT,0.7894736842105263,0.0989010989010989,-0.4464285714285714,65.0,9.0,0.0,0.9995968654774776,0.9991937309527552,0.0025637048293814,4,0.2588235294117647,-0.9541828757141956,-1.3392857142857142,0.0241935483870967,0,1,0,7156.25,8.4,,,,False,FRESH,,,,,False,False,False,False,False,False,False,False,False,False,False,False
2026-04-28 11:35:36,2026-04-28 11:35:00,2026-04-28 11:30:00,ES,BRACKET_MACRO,ROTATION_LIQUID,TrendUp,MID_MORNING_DISCOVERY,TREND_COMPRESSION,TREND_COMPRESSION,SHORT,74,20,DEVELOPING_INITIATIVE_PHASE_AWARE,LOCKED_IMMEDIATE,0,0.0,0,POST_IB_AM,79.29,SHORT,1.0,0.0123456790123456,-1.2578616352201255,75.0,10.0,0.0,0.9966833508003444,0.9933667015982652,0.0160465421721794,5,0.5294117647058824,-1.6437511095681423,-2.138364779874214,0.0343260979303382,0,1,0,7150.5,7.95,,,,False,FRESH,,,,,True,False,True,False,False,False,True,False,False,True,False,True
2026-04-28 11:35:45,2026-04-28 11:35:00,2026-04-28 11:35:00,ES,BRACKET_MACRO,ROTATION_LIQUID,TrendUp,MID_MORNING_DISCOVERY,TREND_COMPRESSION,TREND_COMPRESSION,SHORT,74,20,DEVELOPING_INITIATIVE_PHASE_AWARE,UNCHANGED,0,0.0,0,POST_IB_AM,79.29,SHORT,1.0,0.0123456790123456,-1.2578616352201255,75.0,10.0,0.0,0.999615641344562,0.9992312826901942,0.0024575271581953,6,0.5294117647058824,-1.6437511095681423,-2.138364779874214,0.0343260979303382,0,1,0,7150.5,7.95,,,,False,FRESH,,,,,True,False,True,False,False,False,True,False,False,True,False,True
2026-04-28 11:46:52,2026-04-28 11:45:00,2026-04-28 11:45:00,ES,BRACKET_MACRO,ROTATION_ILLIQUID,TrendUp,MID_MORNING_DISCOVERY,TREND_COMPRESSION,TREND_COMPRESSION,SHORT,68,20,DEVELOPING_INITIATIVE_PHASE_AWARE,UNCHANGED,0,-0.562,0,POST_IB_AM,69.77,SHORT,0.6428571428571429,0.7021276595744681,-0.5872756933115824,85.0,11.0,0.0,0.9994128904561173,0.9988257809130552,0.0035744268525526,8,0.4705882352941176,-1.481963051463688,-2.0554649265905383,0.0300285986653956,0,1,0,7151.75,7.6625,,,,False,FRESH,,,,,True,False,True,False,False,False,True,False,False,True,False,True
2026-04-28 11:51:39,2026-03-09 11:05:00,2026-03-09 11:05:00,ES,MEAN_REVERSION_MACRO,ROTATION_ILLIQUID,TrendUp,MID_MORNING_DISCOVERY,TRANSITION,TRANSITION,NONE,50,100,MACRO_STALE_72046.7MIN,UNCHANGED,0,0.0,0,POST_IB_AM,24.84,NONE,0.3333333333333333,0.5348837209302325,0.2378121284185493,75.0,13.0,0.0,0.9783718214125066,0.9567436428261952,0.0752436105059368,11,0.0,-0.4244496122187883,-0.380499405469679,0.008893829905503,1,1,0,6674.75,10.5125,,,,True,MACRO_STALE_72046.7MIN,,,,,False,False,False,False,False,False,False,False,False,False,False,False
2026-04-28 11:51:41,2026-04-28 11:45:00,2026-04-28 11:45:00,ES,BRACKET_MACRO,ROTATION_ILLIQUID,TrendUp,MID_MORNING_DISCOVERY,TREND_COMPRESSION,TREND_COMPRESSION,SHORT,68,20,DEVELOPING_INITIATIVE_PHASE_AWARE,LOCKED_IMMEDIATE,0,0.0,0,POST_IB_AM,69.77,SHORT,0.6428571428571429,0.7021276595744681,-0.576,85.0,11.0,0.0,0.9999823196957112,0.9999646393942876,0.000152317389093,8,0.4705882352941176,-1.4535093608755851,-2.016,0.0300285986653956,0,1,0,7151.75,7.8125,,,,False,FRESH,,,,,True,False,True,False,False,False,True,False,False,True,False,True
2026-04-28 11:56:33,2026-04-28 11:55:00,2026-04-28 11:50:00,ES,BRACKET_MACRO,ROTATION_ILLIQUID,TrendUp,MID_MORNING_DISCOVERY,TRANSITION,TRANSITION,NONE,50,20,NO_CLEAR_STAGE_C_ALIGNMENT,LOCKED_IMMEDIATE,0,0.0,0,POST_IB_AM,78.35,NONE,1.0,0.6666666666666666,0.2657807308970099,95.0,12.0,0.0,0.9997336274304804,0.9994672548607034,0.0017736110869208,9,0.4352941176470588,-1.350435814412317,-1.9933554817275747,0.0272975432211101,0,1,0,7152.5,7.525,,,,False,FRESH,,,,,False,False,False,False,False,False,False,False,False,False,False,False
2026-04-28 11:56:43,2026-04-28 11:55:00,2026-04-28 11:55:00,ES,BRACKET_MACRO,ROTATION_ILLIQUID,TrendUp,MID_MORNING_DISCOVERY,TRANSITION,TRANSITION,NONE,50,20,NO_CLEAR_STAGE_C_ALIGNMENT,UNCHANGED,0,0.0,0,POST_IB_AM,78.35,NONE,1.0,0.6666666666666666,0.2657807308970099,95.0,12.0,0.0,0.9996756078175864,0.999351215633082,0.0021138099200217,10,0.4352941176470588,-1.350435814412317,-1.9933554817275747,0.0272975432211101,0,1,0,7152.5,7.525,,,,False,FRESH,,,,,False,False,False,False,False,False,False,False,False,False,False,False
2026-04-28 12:06:28,2026-04-28 12:05:00,2026-04-28 12:00:00,ES,BRACKET_MACRO,ROTATION_ILLIQUID,TrendUp,LUNCH_AUCTION,TRANSITION,TRANSITION,NONE,50,35,NO_CLEAR_STAGE_C_ALIGNMENT,UNCHANGED,0,0.459,0,LUNCH,54.45,NONE,1.0,0.0952380952380952,0.4651162790697674,105.0,13.0,0.0,0.9969142970436212,0.993828594085573,0.0150900933709001,11,0.3058823529411765,-0.9448846437527114,-1.627906976744186,0.0213228894691035,0,1,0,7155.25,7.525,,,,False,FRESH,,,,,False,False,False,False,False,False,False,False,False,False,False,False
2026-04-28 12:06:37,2026-04-28 12:05:00,2026-04-28 12:05:00,ES,BRACKET_MACRO,ROTATION_ILLIQUID,TrendUp,LUNCH_AUCTION,TRANSITION,TRANSITION,NONE,50,35,NO_CLEAR_STAGE_C_ALIGNMENT,UNCHANGED,0,0.459,0,LUNCH,54.45,NONE,1.0,0.0952380952380952,0.4651162790697674,105.0,13.0,0.0,0.9993228156492012,0.9986456312955836,0.0040530736960512,12,0.3058823529411765,-0.9448846437527114,-1.627906976744186,0.0213228894691035,0,1,0,7155.25,7.525,,,,False,FRESH,,,,,False,False,False,False,False,False,False,False,False,False,False,False
2026-04-28 12:16:04,2026-04-28 12:15:00,2026-04-28 12:10:00,ES,BRACKET_MACRO,ROTATION_ILLIQUID,TrendUp,LUNCH_AUCTION,TRANSITION,TRANSITION,NONE,50,45,NO_CLEAR_STAGE_C_ALIGNMENT,UNCHANGED,0,0.784,0,LUNCH,58.28,NONE,1.0,1.0,0.8258527827648114,115.0,14.0,0.0,0.999460546003626,0.9989210920041256,0.0033172424330716,13,0.1647058823529411,-0.5684203796764145,-1.3285457809694794,0.0154553049289891,0,1,0,7158.25,6.9625,,,,False,FRESH,,,,,False,False,False,False,False,False,False,False,False,False,False,False
2026-04-28 12:16:13,2026-04-28 12:15:00,2026-04-28 12:15:00,ES,BRACKET_MACRO,ROTATION_ILLIQUID,TrendUp,LUNCH_AUCTION,TRANSITION,TRANSITION,NONE,50,45,NO_CLEAR_STAGE_C_ALIGNMENT,UNCHANGED,0,0.784,0,LUNCH,58.28,NONE,1.0,1.0,0.8258527827648114,115.0,14.0,0.0,0.9998736725520624,0.9997473451009268,0.0009091248554584,14,0.1647058823529411,-0.5684203796764145,-1.3285457809694794,0.0154553049289891,0,1,0,7158.25,6.9625,,,,False,FRESH,,,,,False,False,False,False,False,False,False,False,False,False,False,False
2026-04-28 12:17:41,2026-04-27 10:55:00,2026-04-27 10:55:00,ES,BRACKET_MACRO,ROTATION_ILLIQUID,TrendUp,POST_IB_MACRO,TRANSITION,TRANSITION,NONE,50,100,MACRO_STALE_1522.7MIN,UNCHANGED,0,0.0,0,POST_IB_AM,0.0,NONE,0.0,0.0,0.0,0.0,0.0,0.0,0.999953306788162,0.9999066135788574,0.0003695554866275,11,0.0,-0.1859540506642848,0.5,0.0032377428307123,0,1,0,7190.0,7.0,,,,True,MACRO_STALE_1522.7MIN,,,,,False,False,False,False,False,False,False,False,False,False,False,False
2026-04-28 12:17:43,2026-04-28 12:15:00,2026-04-28 12:15:00,ES,BRACKET_MACRO,ROTATION_ILLIQUID,TrendUp,LUNCH_AUCTION,TRANSITION,TRANSITION,NONE,50,35,NO_CLEAR_STAGE_C_ALIGNMENT,UNCHANGED,0,0.0,0,LUNCH,58.17,NONE,1.0,1.0,0.8127208480565371,115.0,14.0,0.0,0.9998736725520624,0.9997473451009268,0.0009091248554584,14,0.1647058823529411,-0.5593818930737859,-1.3074204946996466,0.0154553049289891,0,1,0,7158.25,7.075,,,,False,FRESH,,,,,False,False,False,False,False,False,False,False,False,False,False,False
2026-04-28 12:25:52,2026-04-28 12:25:00,2026-04-28 12:20:00,ES,BRACKET_MACRO,ROTATION_ILLIQUID,TrendUp,LUNCH_AUCTION,TRANSITION,TRANSITION,NONE,50,35,NO_CLEAR_STAGE_C_ALIGNMENT,UNCHANGED,0,0.0,0,LUNCH,58.12,NONE,1.0,1.0,0.5128205128205128,125.0,15.0,0.0,0.9998432355857458,0.9996864711748464,0.0011037544118298,15,0.1529411764705882,-0.5648695616933223,-1.4201183431952662,0.0145867098865478,0,1,0,7158.5,6.3375,,,,False,FRESH,,,,,False,False,False,False,False,False,False,False,False,False,False,False
2026-04-28 12:26:02,2026-04-28 12:25:00,2026-04-28 12:25:00,ES,BRACKET_MACRO,ROTATION_ILLIQUID,TrendUp,LUNCH_AUCTION,TRANSITION,TRANSITION,NONE,50,35,NO_CLEAR_STAGE_C_ALIGNMENT,UNCHANGED,0,0.0,0,LUNCH,58.12,NONE,1.0,1.0,0.5128205128205128,125.0,15.0,0.0,0.9996159766446152,0.9992319532884404,0.002455625121808,16,0.1529411764705882,-0.5648695616933223,-1.4201183431952662,0.0145867098865478,0,1,0,7158.5,6.3375,,,,False,FRESH,,,,,False,False,False,False,False,False,False,False,False,False,False,False
2026-04-28 12:35:40,2026-04-28 12:35:00,2026-04-28 12:30:00,ES,BRACKET_MACRO,ROTATION_ILLIQUID,TrendUp,LUNCH_AUCTION,TRANSITION,TRANSITION,NONE,50,45,NO_CLEAR_STAGE_C_ALIGNMENT,UNCHANGED,0,-1.023,0,LUNCH,66.56,SHORT,0.9285714285714286,0.0588235294117647,-1.1504424778761062,135.0,16.0,0.0,0.9996885949754776,0.9993771899505411,0.0020383623987092,17,0.4705882352941176,-1.8036334705550316,-2.787610619469026,0.02475442043222,0,1,0,7151.75,5.65,,,,False,FRESH,,,,,False,False,False,False,False,False,False,False,False,False,False,False
2026-04-28 12:35:49,2026-04-28 12:35:00,2026-04-28 12:35:00,ES,BRACKET_MACRO,ROTATION_ILLIQUID,TrendUp,LUNCH_AUCTION,TRANSITION,TRANSITION,NONE,50,45,NO_CLEAR_STAGE_C_ALIGNMENT,UNCHANGED,0,-1.023,0,LUNCH,66.56,SHORT,0.9285714285714286,0.0588235294117647,-1.1504424778761062,135.0,16.0,0.0,0.999488511636054,0.99897702327056,0.0031649204391067,18,0.4705882352941176,-1.8036334705550316,-2.787610619469026,0.02475442043222,0,1,0,7151.75,5.65,,,,False,FRESH,,,,,False,False,False,False,False,False,False,False,False,False,False,False
2026-04-28 13:01:42,2026-04-28 12:55:00,2026-04-28 12:40:00,ES,BRACKET_MACRO,ROTATION_LIQUID,TrendUp,LUNCH_AUCTION,TRANSITION,TRANSITION,NONE,50,45,NO_CLEAR_STAGE_C_ALIGNMENT,UNCHANGED,0,-1.434,0,LUNCH,69.41,SHORT,1.0,0.9411764705882352,-0.2843601895734597,155.0,18.0,0.0,0.997658817234122,0.995317634468897,0.0119160954248586,19,0.5411764705882353,-2.175923091645061,-3.2701421800947865,0.0264773599386032,0,1,0,7150.25,5.275,,,,False,FRESH,,,,,False,False,False,False,False,False,False,False,False,False,False,False
2026-04-28 13:06:33,2026-04-28 13:05:00,2026-04-28 13:00:00,ES,BRACKET_MACRO,ROTATION_LIQUID,TrendUp,POST_LUNCH_ROTATION,ROTATION_LIQUID,ROTATION_LIQUID,BOTH,64,35,BALANCED_TRADEABLE_RANGE,LOCKED_IMMEDIATE,0,-0.285,0,LUNCH,69.41,SHORT,0.0,1.0,0.0,165.0,19.0,0.0,0.9467917453673242,0.8935834907378023,0.1499360743468082,20,0.5411764705882353,-2.326116727556132,-3.5294117647058822,0.0259984928409947,0,1,0,7150.25,4.8875,,,,False,FRESH,,,,,False,False,True,False,True,False,False,True,True,True,False,False
2026-04-28 13:06:42,2026-04-28 13:05:00,2026-04-28 13:05:00,ES,BRACKET_MACRO,ROTATION_LIQUID,TrendUp,POST_LUNCH_ROTATION,ROTATION_LIQUID,ROTATION_LIQUID,BOTH,64,35,BALANCED_TRADEABLE_RANGE,UNCHANGED,0,-0.285,0,LUNCH,69.41,SHORT,0.0,1.0,0.0,165.0,19.0,0.0,0.9993070123276272,0.9986140246557692,0.0041361238537633,21,0.5411764705882353,-2.326116727556132,-3.5294117647058822,0.0259984928409947,0,1,0,7150.25,4.8875,,,,False,FRESH,,,,,False,False,True,False,True,False,False,True,True,True,False,False
2026-04-28 13:08:11,2026-04-16 11:55:00,2026-04-16 11:55:00,ES,BRACKET_MACRO,ROTATION_ILLIQUID,TrendUp,MID_MORNING_DISCOVERY,TRANSITION,TRANSITION,NONE,50,100,MACRO_STALE_17353.2MIN,UNCHANGED,0,0.0,0,POST_IB_AM,43.25,NONE,0.2941176470588235,0.1363636363636363,-0.5076142131979695,20.0,3.0,0.0,0.9999819363687352,0.9999638727395632,0.0001553403004377,30,0.0,0.9820496994067754,0.4060913705583756,0.0072463768115942,0,1,0,7068.25,2.4625,,,,True,MACRO_STALE_17353.2MIN,,,,,False,False,False,False,False,False,False,False,False,False,False,False
2026-04-28 13:08:12,2026-04-28 13:05:00,2026-04-28 13:05:00,ES,BRACKET_MACRO,ROTATION_LIQUID,TrendUp,POST_LUNCH_ROTATION,ROTATION_LIQUID,ROTATION_LIQUID,BOTH,64,35,BALANCED_TRADEABLE_RANGE,LOCKED_IMMEDIATE,0,0.0,0,LUNCH,69.41,SHORT,0.0,1.0,0.0,165.0,19.0,0.0,0.9993070123276272,0.9986140246557692,0.0041361238537633,21,0.5411764705882353,-2.2967465668546656,-3.484848484848485,0.0259984928409947,0,1,0,7150.25,4.95,,,,False,FRESH,,,,,False,False,True,False,True,False,False,True,True,True,False,False
2026-04-28 13:15:34,2026-04-28 13:15:00,2026-04-28 13:10:00,ES,BRACKET_MACRO,ROTATION_ILLIQUID,TrendUp,POST_LUNCH_ROTATION,TRANSITION,TRANSITION,NONE,50,35,NO_CLEAR_STAGE_C_ALIGNMENT,LOCKED_IMMEDIATE,0,0.0,0,LUNCH,62.57,NONE,1.0,0.3684210526315789,0.7046070460704608,175.0,20.0,0.0,0.9997021278362144,0.9994042556733131,0.0019593285046305,22,0.388235294117647,-1.7047544838301034,-3.035230352303523,0.0204978038067349,0,1,0,7153.5,4.6125,,,,False,FRESH,,,,,False,False,False,False,False,False,False,False,False,False,False,False
2026-04-28 13:15:43,2026-04-28 13:15:00,2026-04-28 13:15:00,ES,BRACKET_MACRO,ROTATION_ILLIQUID,TrendUp,POST_LUNCH_ROTATION,TRANSITION,TRANSITION,NONE,50,35,NO_CLEAR_STAGE_C_ALIGNMENT,UNCHANGED,0,0.0,0,LUNCH,62.57,NONE,1.0,0.3684210526315789,0.7046070460704608,175.0,20.0,0.0,0.9994654233095948,0.9989308466167386,0.0032907538322284,23,0.388235294117647,-1.7047544838301034,-3.035230352303523,0.0204978038067349,0,1,0,7153.5,4.6125,,,,False,FRESH,,,,,False,False,False,False,False,False,False,False,False,False,False,False
2026-04-28 13:25:18,2026-03-09 11:05:00,2026-03-09 11:05:00,ES,MEAN_REVERSION_MACRO,ROTATION_ILLIQUID,TrendUp,MID_MORNING_DISCOVERY,TRANSITION,TRANSITION,NONE,50,100,MACRO_STALE_72140.3MIN,UNCHANGED,0,0.0,0,POST_IB_AM,24.84,NONE,0.3333333333333333,0.5348837209302325,0.2378121284185493,75.0,13.0,0.0,0.9783718214125066,0.9567436428261952,0.0752436105059368,11,0.0,-0.4244496122187883,-0.380499405469679,0.008893829905503,1,1,0,6674.75,10.5125,,,,True,MACRO_STALE_72140.3MIN,,,,,False,False,False,False,False,False,False,False,False,False,False,False
2026-04-28 13:25:19,2026-04-28 13:15:00,2026-04-28 13:15:00,ES,BRACKET_MACRO,ROTATION_ILLIQUID,TrendUp,POST_LUNCH_ROTATION,TRANSITION,TRANSITION,NONE,50,35,NO_CLEAR_STAGE_C_ALIGNMENT,UNCHANGED,0,0.0,0,LUNCH,62.2,NONE,1.0,0.3684210526315789,0.6842105263157895,175.0,20.0,0.0,0.9999586657316246,0.9999173314615346,0.0003307768190878,23,0.388235294117647,-1.655406327719232,-2.9473684210526314,0.0204978038067349,0,1,0,7153.5,4.75,,,,False,FRESH,,,,,False,False,False,False,False,False,False,False,False,False,False,False
2026-04-28 13:26:56,2026-04-28 13:25:00,2026-04-28 13:25:00,ES,BRACKET_MACRO,ROTATION_ILLIQUID,TrendUp,POST_LUNCH_ROTATION,TRANSITION,TRANSITION,NONE,50,35,NO_CLEAR_STAGE_C_ALIGNMENT,UNCHANGED,0,0.0,0,LUNCH,45.34,NONE,0.5294117647058824,0.5294117647058824,0.5056179775280899,185.0,21.0,0.0,0.9998071855017192,0.9996143710063696,0.001328786381003,25,0.4352941176470588,-1.9574018082181448,-3.3707865168539324,0.0214438884917798,0,1,0,7152.5,4.45,,,,False,FRESH,,,,,False,False,False,False,False,False,False,False,False,False,False,False
2026-04-28 13:36:45,2026-04-28 13:35:00,2026-04-28 13:35:00,ES,BRACKET_MACRO,ROTATION_ILLIQUID,TrendUp,POST_LUNCH_ROTATION,TRANSITION,TRANSITION,NONE,50,30,NO_CLEAR_STAGE_C_ALIGNMENT,UNCHANGED,0,1.097,0,PM,62.44,NONE,0.7142857142857143,0.8048780487804879,1.11731843575419,195.0,22.0,20.88,0.9902741704666512,0.980548340933502,0.0394850173780381,27,0.1529411764705882,-0.5796384223806819,-2.011173184357542,0.0125523012552301,0,1,0,7158.5,4.475,,,,False,FRESH,,,,,False,False,False,False,False,False,False,False,False,False,False,False
2026-04-28 13:40:03,2026-04-27 10:55:00,2026-04-27 10:55:00,ES,BRACKET_MACRO,ROTATION_ILLIQUID,TrendUp,POST_IB_MACRO,TRANSITION,TRANSITION,NONE,50,100,MACRO_STALE_1605.0MIN,UNCHANGED,0,0.0,0,POST_IB_AM,0.0,NONE,0.0,0.0,0.0,0.0,0.0,0.0,0.999953306788162,0.999906613578857,0.0003695554866297,11,0.0,-0.1859540506642848,0.5,0.0032377428307123,0,1,0,7190.0,7.0,,,,True,MACRO_STALE_1605.0MIN,,,,,False,False,False,False,False,False,False,False,False,False,False,False
2026-04-28 13:40:04,2026-04-28 13:35:00,2026-04-28 13:35:00,ES,BRACKET_MACRO,ROTATION_ILLIQUID,TrendUp,POST_LUNCH_ROTATION,TRANSITION,TRANSITION,NONE,50,20,NO_CLEAR_STAGE_C_ALIGNMENT,UNCHANGED,0,0.0,0,PM,62.36,NONE,0.7142857142857143,0.8048780487804879,1.1049723756906076,195.0,22.0,20.65,0.9756362485732136,0.9512724971430976,0.082643010837476,27,0.1529411764705882,-0.5732335779344864,-1.9889502762430935,0.0125523012552301,0,1,0,7158.5,4.525,,,,False,FRESH,,,,,False,False,False,False,False,False,False,False,False,False,False,False
2026-04-28 13:46:35,2026-04-28 13:45:00,2026-04-28 13:40:00,ES,MEAN_REVERSION_MACRO,ROTATION_ILLIQUID,TrendUp,POST_LUNCH_ROTATION,ROTATION_ILLIQUID,TRANSITION,NONE,62,50,COMPRESSED_BALANCE_LOW_EDGE,PENDING_ROTATION_ILLIQUID_1_OF_2,1,0.0,0,PM,20.67,LONG,1.0,0.8461538461538461,2.0114942528735638,0.0,0.0,1.2,0.9985691225397932,0.9971382450763914,0.007791518804854,28,0.0235294117647058,0.0375870528310853,-1.4367816091954024,0.0084918478260869,1,1,0,7161.25,4.35,,,,False,FRESH,,,,,False,False,False,False,False,False,False,False,False,False,False,False
2026-04-28 13:46:44,2026-04-28 13:45:00,2026-04-28 13:45:00,ES,MEAN_REVERSION_MACRO,ROTATION_ILLIQUID,TrendUp,POST_LUNCH_ROTATION,ROTATION_ILLIQUID,ROTATION_ILLIQUID,NONE,62,50,COMPRESSED_BALANCE_LOW_EDGE,LOCKED_AFTER_2_CONFIRMATIONS,0,0.0,0,PM,20.67,LONG,1.0,0.8461538461538461,2.0114942528735638,0.0,0.0,1.2,0.9995227061294176,0.9990454122619644,0.0029771647148449,29,0.0235294117647058,0.0375870528310853,-1.4367816091954024,0.0084918478260869,1,1,0,7161.25,4.35,,,,False,FRESH,,,,,False,False,False,False,False,False,False,False,False,False,False,False
2026-04-28 13:51:28,2026-03-09 11:05:00,2026-03-09 11:05:00,ES,MEAN_REVERSION_MACRO,ROTATION_ILLIQUID,TrendUp,MID_MORNING_DISCOVERY,TRANSITION,TRANSITION,NONE,50,100,MACRO_STALE_72166.5MIN,UNCHANGED,0,0.0,0,POST_IB_AM,24.84,NONE,0.3333333333333333,0.5348837209302325,0.2378121284185493,75.0,13.0,0.0,0.9783718214125066,0.956743642826038,0.0752436105062584,11,0.0,-0.4244496122187883,-0.380499405469679,0.008893829905503,1,1,0,6674.75,10.5125,,,,True,MACRO_STALE_72166.5MIN,,,,,False,False,False,False,False,False,False,False,False,False,False,False
2026-04-28 13:51:29,2026-04-28 13:45:00,2026-04-28 13:45:00,ES,MEAN_REVERSION_MACRO,ROTATION_ILLIQUID,TrendUp,POST_LUNCH_ROTATION,ROTATION_ILLIQUID,TRANSITION,NONE,62,50,COMPRESSED_BALANCE_LOW_EDGE,PENDING_ROTATION_ILLIQUID_1_OF_2,1,0.0,0,PM,20.67,LONG,1.0,0.8461538461538461,2.0114942528735638,0.0,0.0,1.2,0.9996022146485208,0.999204429299484,0.0025335208055186,29,0.0235294117647058,0.0375870528310853,-1.4367816091954024,0.0084918478260869,1,1,0,7161.25,4.35,,,,False,FRESH,,,,,False,False,False,False,False,False,False,False,False,False,False,False
2026-04-28 13:56:26,2026-04-28 13:55:00,2026-04-28 13:50:00,ES,MEAN_REVERSION_MACRO,ROTATION_ILLIQUID,TrendUp,POST_LUNCH_ROTATION,ROTATION_ILLIQUID,ROTATION_ILLIQUID,NONE,62,50,COMPRESSED_BALANCE_LOW_EDGE,LOCKED_AFTER_2_CONFIRMATIONS,0,0.0,0,PM,24.03,LONG,1.0,0.8181818181818182,0.9907120743034056,0.0,1.0,10.81,0.9994769860374094,0.9989539720775292,0.0032278278901963,30,0.0,0.3458287639191285,-1.238390092879257,0.0066577896138482,1,1,0,7162.5,4.0375,,,,False,FRESH,,,,,False,False,False,False,False,False,False,False,False,False,False,False
2026-04-28 13:56:34,2026-04-28 13:55:00,2026-04-28 13:55:00,ES,MEAN_REVERSION_MACRO,ROTATION_ILLIQUID,TrendUp,POST_LUNCH_ROTATION,ROTATION_ILLIQUID,ROTATION_ILLIQUID,NONE,62,50,COMPRESSED_BALANCE_LOW_EDGE,UNCHANGED,0,0.0,0,PM,24.03,LONG,1.0,0.8181818181818182,0.9907120743034056,0.0,1.0,10.81,0.9995032486837911,0.9990064973682964,0.0030842110002749,31,0.0,0.3458287639191285,-1.238390092879257,0.0066577896138482,1,1,0,7162.5,4.0375,,,,False,FRESH,,,,,False,False,False,False,False,False,False,False,False,False,False,False
2026-04-28 14:04:35,2026-04-28 13:55:00,2026-04-28 13:55:00,ES,MEAN_REVERSION_MACRO,ROTATION_ILLIQUID,TrendUp,POST_LUNCH_ROTATION,ROTATION_ILLIQUID,TRANSITION,NONE,62,50,COMPRESSED_BALANCE_LOW_EDGE,PENDING_ROTATION_ILLIQUID_1_OF_2,1,0.0,0,PM,23.91,LONG,1.0,0.8181818181818182,0.9609609609609612,0.0,1.0,10.48,0.9999321071138032,0.9998642142304704,0.0005190080375441,31,0.0,0.3354435157533889,-1.2012012012012012,0.0066577896138482,1,1,0,7162.5,4.1625,,,,False,FRESH,,,,,False,False,False,False,False,False,False,False,False,False,False,False
2026-04-28 14:05:44,2026-03-09 11:05:00,2026-03-09 11:05:00,ES,MEAN_REVERSION_MACRO,ROTATION_ILLIQUID,TrendUp,MID_MORNING_DISCOVERY,TRANSITION,TRANSITION,NONE,50,100,MACRO_STALE_72180.7MIN,UNCHANGED,0,0.0,0,POST_IB_AM,24.84,NONE,0.3333333333333333,0.5348837209302325,0.2378121284185493,75.0,13.0,0.0,0.9783718214125066,0.9567436428261952,0.0752436105059368,11,0.0,-0.4244496122187883,-0.380499405469679,0.008893829905503,1,1,0,6674.75,10.5125,,,,True,MACRO_STALE_72180.7MIN,,,,,False,False,False,False,False,False,False,False,False,False,False,False
2026-04-28 14:05:45,2026-04-28 14:05:00,2026-04-28 14:00:00,ES,MEAN_REVERSION_MACRO,ROTATION_ILLIQUID,TrendUp,AFTERNOON_TREND_TEST,ROTATION_ILLIQUID,TRANSITION,NONE,62,50,COMPRESSED_BALANCE_LOW_EDGE,PENDING_ROTATION_ILLIQUID_1_OF_2,1,0.0,0,PM,36.38,LONG,1.0,1.0,0.438871473354232,10.0,2.0,14.42,0.9998124681590844,0.999624936321746,0.0012961391041288,32,0.0,0.461356006476265,-1.1285266457680252,0.0058804312316236,1,1,0,7163.0,3.9875,,,,False,FRESH,,,,,False,False,False,False,False,False,False,False,False,False,False,False
2026-04-28 14:05:49,2026-04-28 14:05:00,2026-04-28 14:05:00,ES,MEAN_REVERSION_MACRO,ROTATION_ILLIQUID,TrendUp,AFTERNOON_TREND_TEST,ROTATION_ILLIQUID,ROTATION_ILLIQUID,NONE,62,50,COMPRESSED_BALANCE_LOW_EDGE,LOCKED_AFTER_2_CONFIRMATIONS,0,0.0,0,PM,36.38,LONG,1.0,1.0,0.438871473354232,10.0,2.0,14.42,0.998830033191097,0.9976600663834708,0.0065407973903026,33,0.0,0.461356006476265,-1.1285266457680252,0.0058804312316236,1,1,0,7163.0,3.9875,,,,False,FRESH,,,,,False,False,False,False,False,False,False,False,False,False,False,False
2026-04-28 14:15:51,2026-04-28 14:15:00,2026-04-28 14:10:00,ES,MEAN_REVERSION_MACRO,ROTATION_ILLIQUID,TrendUp,AFTERNOON_TREND_TEST,TRANSITION,TRANSITION,NONE,52,50,HMM_TRANSITION_OR_RETURN_TO_OPEN,LOCKED_IMMEDIATE,0,0.0,0,PM,51.95,LONG,1.0,1.0,0.5161290322580645,20.0,3.0,26.64,0.9995747037849596,0.9991494075704552,0.0026882192404105,34,0.0,0.8524792841173269,-0.7741935483870968,0.0038424591738712,1,1,0,7164.5,3.875,,,,False,FRESH,,,,,False,False,False,False,False,False,False,False,False,False,False,False
2026-04-28 14:16:01,2026-04-28 14:15:00,2026-04-28 14:15:00,ES,MEAN_REVERSION_MACRO,ROTATION_ILLIQUID,TrendUp,AFTERNOON_TREND_TEST,TRANSITION,TRANSITION,NONE,52,50,HMM_TRANSITION_OR_RETURN_TO_OPEN,UNCHANGED,0,0.0,0,PM,51.95,LONG,1.0,1.0,0.5161290322580645,20.0,3.0,26.64,0.9995625507881049,0.9991251015787386,0.0027561435618607,35,0.0,0.8524792841173269,-0.7741935483870968,0.0038424591738712,1,1,0,7164.5,3.875,,,,False,FRESH,,,,,False,False,False,False,False,False,False,False,False,False,False,False
2026-04-28 14:27:02,2026-04-27 10:55:00,2026-04-27 10:55:00,ES,BRACKET_MACRO,ROTATION_ILLIQUID,TrendUp,POST_IB_MACRO,TRANSITION,TRANSITION,NONE,50,100,MACRO_STALE_1652.0MIN,UNCHANGED,0,0.0,0,POST_IB_AM,0.0,NONE,0.0,0.0,0.0,0.0,0.0,0.0,0.999953306788162,0.999906613578857,0.0003695554866297,11,0.0,-0.1859540506642848,0.5,0.0032377428307123,0,1,0,7190.0,7.0,,,,True,MACRO_STALE_1652.0MIN,,,,,False,False,False,False,False,False,False,False,False,False,False,False
2026-04-28 14:27:03,2026-04-28 14:25:00,2026-04-28 14:25:00,ES,MEAN_REVERSION_MACRO,ROTATION_ILLIQUID,TrendUp,AFTERNOON_TREND_TEST,TRANSITION,TRANSITION,NONE,52,50,HMM_TRANSITION_OR_RETURN_TO_OPEN,UNCHANGED,0,0.0,0,PM,56.0,LONG,1.0,1.0,1.316614420062696,30.0,4.0,50.0,0.9995431470097662,0.9990862940221328,0.0028640908350587,37,0.0,1.7114705127451062,0.1880877742946708,0.0009363295880149,1,1,0,7168.25,3.9875,,,,False,FRESH,,,,,False,False,False,False,False,False,False,False,False,False,False,False
2026-04-28 14:36:31,2026-04-28 14:35:00,2026-04-28 14:30:00,ES,MEAN_REVERSION_MACRO,ROTATION_ILLIQUID,TrendUp,AFTERNOON_TREND_TEST,TRANSITION,TRANSITION,NONE,52,50,HMM_TRANSITION_OR_RETURN_TO_OPEN,UNCHANGED,0,0.0,0,PM,21.25,LONG,0.0344827586206896,0.2432432432432432,0.0638977635782747,40.0,5.0,25.73,0.9989005794989544,0.9978011589977228,0.0061957527270258,38,0.0,0.823366104514701,-0.7028753993610224,0.0033670033670033,1,1,0,7164.75,3.9125,,,,False,FRESH,,,,,False,False,False,False,False,False,False,False,False,False,False,False
2026-04-28 14:36:39,2026-04-28 14:35:00,2026-04-28 14:35:00,ES,MEAN_REVERSION_MACRO,ROTATION_ILLIQUID,TrendUp,AFTERNOON_TREND_TEST,TRANSITION,TRANSITION,NONE,52,50,HMM_TRANSITION_OR_RETURN_TO_OPEN,UNCHANGED,0,0.0,0,PM,21.25,LONG,0.0344827586206896,0.2432432432432432,0.0638977635782747,40.0,5.0,25.73,0.9990083470675818,0.9980166941325708,0.005662267141697,39,0.0,0.823366104514701,-0.7028753993610224,0.0033670033670033,1,1,0,7164.75,3.9125,,,,False,FRESH,,,,,False,False,False,False,False,False,False,False,False,False,False,False
2026-04-28 14:46:00,2026-04-28 14:45:00,2026-04-28 14:40:00,ES,MEAN_REVERSION_MACRO,ROTATION_ILLIQUID,TrendUp,AFTERNOON_TREND_TEST,TRANSITION,TRANSITION,NONE,52,50,HMM_TRANSITION_OR_RETURN_TO_OPEN,UNCHANGED,0,-0.194,0,PM,37.74,NONE,0.12,0.391304347826087,-0.202020202020202,50.0,6.0,49.84,0.9989810115549772,0.9979620231119776,0.0057983531698204,40,0.0,1.5947757810257222,0.0,0.0,1,1,0,7167.5,3.7125,,,,False,FRESH,,,,,False,False,False,False,False,False,False,False,False,False,False,False
2026-04-28 14:46:09,2026-04-28 14:45:00,2026-04-28 14:45:00,ES,MEAN_REVERSION_MACRO,ROTATION_ILLIQUID,TrendUp,AFTERNOON_TREND_TEST,TRANSITION,TRANSITION,NONE,52,50,HMM_TRANSITION_OR_RETURN_TO_OPEN,UNCHANGED,0,-0.194,0,PM,37.74,NONE,0.12,0.391304347826087,-0.202020202020202,50.0,6.0,49.84,0.9992874411707215,0.99857488233987,0.0042386149341121,41,0.0,1.5947757810257222,0.0,0.0,1,1,0,7167.5,3.7125,,,,False,FRESH,,,,,False,False,False,False,False,False,False,False,False,False,False,False
2026-04-28 14:49:09,2026-03-09 11:05:00,2026-03-09 11:05:00,ES,MEAN_REVERSION_MACRO,ROTATION_ILLIQUID,TrendUp,MID_MORNING_DISCOVERY,TRANSITION,TRANSITION,NONE,50,100,MACRO_STALE_72224.2MIN,UNCHANGED,0,0.0,0,POST_IB_AM,24.84,NONE,0.3333333333333333,0.5348837209302325,0.2378121284185493,75.0,13.0,0.0,0.9783718214125066,0.956743642826038,0.0752436105062584,11,0.0,-0.4244496122187883,-0.380499405469679,0.008893829905503,1,1,0,6674.75,10.5125,,,,True,MACRO_STALE_72224.2MIN,,,,,False,False,False,False,False,False,False,False,False,False,False,False
2026-04-28 14:49:10,2026-04-28 14:45:00,2026-04-28 14:45:00,ES,MEAN_REVERSION_MACRO,ROTATION_ILLIQUID,TrendUp,AFTERNOON_TREND_TEST,TRANSITION,TRANSITION,NONE,52,50,HMM_TRANSITION_OR_RETURN_TO_OPEN,UNCHANGED,0,0.0,0,PM,37.74,NONE,0.12,0.391304347826087,-0.2006688963210702,50.0,6.0,49.5,0.999456837892017,0.998913675786604,0.0033373598094807,41,0.0,1.5840570647416954,0.0,0.0,1,1,0,7167.5,3.7375,,,,False,FRESH,,,,,False,False,False,False,False,False,False,False,False,False,False,False
2026-04-28 14:57:05,2026-04-28 14:55:00,2026-04-28 14:55:00,ES,MEAN_REVERSION_MACRO,ROTATION_ILLIQUID,TrendUp,AFTERNOON_TREND_TEST,TRANSITION,TRANSITION,NONE,52,30,HMM_TRANSITION_OR_RETURN_TO_OPEN,UNCHANGED,0,0.0,0,PM,56.0,LONG,1.0,0.4166666666666667,1.3013698630136987,60.0,7.0,50.0,0.9994515385701608,0.9989030771437454,0.0033660782267045,43,0.0,2.1491047300170902,0.547945205479452,0.0023724792408066,1,1,0,7169.5,3.65,,,,False,FRESH,,,,,False,False,False,False,False,False,False,False,False,False,False,False
2026-04-28 15:06:33,2026-04-28 15:05:00,2026-04-28 15:00:00,ES,MEAN_REVERSION_MACRO,ROTATION_ILLIQUID,TrendUp,LATE_DAY_CONVICTION,TRANSITION,TRANSITION,NONE,52,30,HMM_TRANSITION_OR_RETURN_TO_OPEN,UNCHANGED,0,0.693,0,POWER_HOUR,51.09,LONG,1.0,0.2,0.7272727272727273,70.0,8.0,50.0,0.9992735216416512,0.9985470432814828,0.0043112725418604,44,0.0,2.390536538234764,0.7272727272727273,0.0029146021568055,1,1,0,7170.0,3.4375,,,,False,FRESH,,,,,False,False,False,False,False,False,False,False,False,False,False,False
2026-04-28 15:06:42,2026-04-28 15:05:00,2026-04-28 15:05:00,ES,MEAN_REVERSION_MACRO,ROTATION_ILLIQUID,TrendUp,LATE_DAY_CONVICTION,TRANSITION,TRANSITION,NONE,52,30,HMM_TRANSITION_OR_RETURN_TO_OPEN,UNCHANGED,0,0.693,0,POWER_HOUR,51.09,LONG,1.0,0.2,0.7272727272727273,70.0,8.0,50.0,0.9982537976265616,0.9965075952547096,0.0092574903097894,45,0.0,2.390536538234764,0.7272727272727273,0.0029146021568055,1,1,0,7170.0,3.4375,,,,False,FRESH,,,,,False,False,False,False,False,False,False,False,False,False,False,False
2026-04-28 15:09:45,2026-03-09 11:05:00,2026-03-09 11:05:00,ES,MEAN_REVERSION_MACRO,ROTATION_ILLIQUID,TrendUp,MID_MORNING_DISCOVERY,TRANSITION,TRANSITION,NONE,50,100,MACRO_STALE_72244.7MIN,UNCHANGED,0,0.0,0,POST_IB_AM,24.84,NONE,0.3333333333333333,0.5348837209302325,0.2378121284185493,75.0,13.0,0.0,0.9783718214125066,0.956743642826038,0.0752436105062584,11,0.0,-0.4244496122187883,-0.380499405469679,0.008893829905503,1,1,0,6674.75,10.5125,,,,True,MACRO_STALE_72244.7MIN,,,,,False,False,False,False,False,False,False,False,False,False,False,False
2026-04-28 15:09:46,2026-04-28 15:05:00,2026-04-28 15:05:00,ES,MEAN_REVERSION_MACRO,ROTATION_ILLIQUID,TrendUp,LATE_DAY_CONVICTION,TRANSITION,TRANSITION,NONE,52,30,HMM_TRANSITION_OR_RETURN_TO_OPEN,UNCHANGED,0,0.0,0,POWER_HOUR,50.68,LONG,1.0,0.2,0.7042253521126761,70.0,8.0,50.0,0.9404648956539844,0.880929791307293,0.1627983430818671,45,0.0,2.3147257505197687,0.7042253521126761,0.0029146021568055,1,1,0,7170.0,3.55,,,,False,FRESH,,,,,False,False,False,False,False,False,False,False,False,False,False,False
2026-04-28 15:14:32,2026-04-27 10:55:00,2026-04-27 10:55:00,ES,BRACKET_MACRO,ROTATION_ILLIQUID,TrendUp,POST_IB_MACRO,TRANSITION,TRANSITION,NONE,50,100,MACRO_STALE_1699.5MIN,UNCHANGED,0,0.0,0,POST_IB_AM,0.0,NONE,0.0,0.0,0.0,0.0,0.0,0.0,0.999953306788162,0.9999066135788574,0.0003695554866275,11,0.0,-0.1859540506642848,0.5,0.0032377428307123,0,1,0,7190.0,7.0,,,,True,MACRO_STALE_1699.5MIN,,,,,False,False,False,False,False,False,False,False,False,False,False,False
2026-04-28 15:14:33,2026-04-28 15:05:00,2026-04-28 15:05:00,ES,MEAN_REVERSION_MACRO,ROTATION_ILLIQUID,TrendUp,LATE_DAY_CONVICTION,TRANSITION,TRANSITION,NONE,52,30,HMM_TRANSITION_OR_RETURN_TO_OPEN,UNCHANGED,0,0.0,0,POWER_HOUR,50.68,LONG,1.0,0.2,0.7042253521126761,70.0,8.0,50.0,0.992367059515145,0.9847341190327096,0.0323282520175878,45,0.0,2.3147257505197687,0.7042253521126761,0.0029146021568055,1,1,0,7170.0,3.55,,,,False,FRESH,,,,,False,False,False,False,False,False,False,False,False,False,False,False
2026-04-28 15:16:08,2026-04-28 15:15:00,2026-04-28 15:10:00,ES,MEAN_REVERSION_MACRO,ROTATION_ILLIQUID,TrendUp,LATE_DAY_CONVICTION,TREND_COMPRESSION,TREND_COMPRESSION,LONG,66,30,MICRO_TREND_INSIDE_MACRO_STRUCTURE,LOCKED_IMMEDIATE,0,0.0,0,POWER_HOUR,56.0,LONG,1.0,1.0,1.1152416356877324,80.0,9.0,50.0,0.9966728683920152,0.9933457367873986,0.0160896719165205,46,0.0,3.336642850668072,1.7100371747211898,0.006578947368421,1,1,0,7173.25,3.3625,,,,False,FRESH,,,,,True,False,True,False,False,False,True,False,True,False,True,False
2026-04-28 15:16:17,2026-04-28 15:15:00,2026-04-28 15:15:00,ES,MEAN_REVERSION_MACRO,ROTATION_ILLIQUID,TrendUp,LATE_DAY_CONVICTION,TREND_COMPRESSION,TREND_COMPRESSION,LONG,66,30,MICRO_TREND_INSIDE_MACRO_STRUCTURE,UNCHANGED,0,0.0,0,POWER_HOUR,56.0,LONG,1.0,1.0,1.1152416356877324,80.0,9.0,50.0,0.9981136460236418,0.9962272920451388,0.0098953577227127,47,0.0,3.336642850668072,1.7100371747211898,0.006578947368421,1,1,0,7173.25,3.3625,,,,False,FRESH,,,,,True,False,True,False,False,False,True,False,True,False,True,False
2026-04-28 15:25:38,2026-04-28 15:25:00,2026-04-28 15:20:00,ES,MEAN_REVERSION_MACRO,ROTATION_ILLIQUID,TrendUp,LATE_DAY_CONVICTION,TRANSITION,TRANSITION,NONE,52,30,HMM_TRANSITION_OR_RETURN_TO_OPEN,LOCKED_IMMEDIATE,0,0.216,0,POWER_HOUR,36.59,LONG,0.1304347826086956,0.3939393939393939,0.2150537634408602,90.0,10.0,50.0,0.9966618795646826,0.9933237591258188,0.0161348596985754,48,0.0,2.4482877330649977,0.931899641577061,0.0036434977578475,1,1,0,7170.75,3.4875,,,,False,FRESH,,,,,False,False,False,False,False,False,False,False,False,False,False,False
2026-04-28 15:25:47,2026-04-28 15:25:00,2026-04-28 15:25:00,ES,MEAN_REVERSION_MACRO,ROTATION_ILLIQUID,TrendUp,LATE_DAY_CONVICTION,TRANSITION,TRANSITION,NONE,52,30,HMM_TRANSITION_OR_RETURN_TO_OPEN,UNCHANGED,0,0.216,0,POWER_HOUR,36.59,LONG,0.1304347826086956,0.3939393939393939,0.2150537634408602,90.0,10.0,50.0,0.9893600162370532,0.978720032471567,0.0425032919806614,49,0.0,2.4482877330649977,0.931899641577061,0.0036434977578475,1,1,0,7170.75,3.4875,,,,False,FRESH,,,,,False,False,False,False,False,False,False,False,False,False,False,False
2026-04-28 15:28:47,2026-03-09 11:05:00,2026-03-09 11:05:00,ES,MEAN_REVERSION_MACRO,ROTATION_ILLIQUID,TrendUp,MID_MORNING_DISCOVERY,TRANSITION,TRANSITION,NONE,50,100,MACRO_STALE_72263.8MIN,UNCHANGED,0,0.0,0,POST_IB_AM,24.84,NONE,0.3333333333333333,0.5348837209302325,0.2378121284185493,75.0,13.0,0.0,0.9783718214125066,0.956743642826038,0.0752436105062584,11,0.0,-0.4244496122187883,-0.380499405469679,0.008893829905503,1,1,0,6674.75,10.5125,,,,True,MACRO_STALE_72263.8MIN,,,,,False,False,False,False,False,False,False,False,False,False,False,False
2026-04-28 15:28:49,2026-04-28 15:25:00,2026-04-28 15:25:00,ES,MEAN_REVERSION_MACRO,ROTATION_ILLIQUID,TrendUp,LATE_DAY_CONVICTION,TRANSITION,TRANSITION,NONE,52,30,HMM_TRANSITION_OR_RETURN_TO_OPEN,UNCHANGED,0,0.0,0,POWER_HOUR,36.53,LONG,0.1304347826086956,0.3939393939393939,0.2142857142857142,90.0,10.0,50.0,0.9921912126323374,0.9843824252631808,0.0329442323259403,49,0.0,2.439543848304051,0.9285714285714286,0.0036434977578475,1,1,0,7170.75,3.5,,,,False,FRESH,,,,,False,False,False,False,False,False,False,False,False,False,False,False
2026-04-28 15:36:48,2026-03-09 11:05:00,2026-03-09 11:05:00,ES,MEAN_REVERSION_MACRO,ROTATION_ILLIQUID,TrendUp,MID_MORNING_DISCOVERY,TRANSITION,TRANSITION,NONE,50,100,MACRO_STALE_72271.8MIN,UNCHANGED,0,0.0,0,POST_IB_AM,24.84,NONE,0.3333333333333333,0.5348837209302325,0.2378121284185493,75.0,13.0,0.0,0.9783718214125066,0.956743642826038,0.0752436105062584,11,0.0,-0.4244496122187883,-0.380499405469679,0.008893829905503,1,1,0,6674.75,10.5125,,,,True,MACRO_STALE_72271.8MIN,,,,,False,False,False,False,False,False,False,False,False,False,False,False
2026-04-28 15:36:49,2026-04-28 15:35:00,2026-04-28 15:35:00,ES,MEAN_REVERSION_MACRO,ROTATION_ILLIQUID,TrendUp,LATE_DAY_CONVICTION,TRANSITION,TRANSITION,NONE,52,50,HMM_TRANSITION_OR_RETURN_TO_OPEN,UNCHANGED,0,0.0,0,POWER_HOUR,56.0,NONE,1.0,0.2682926829268293,-1.911764705882353,100.0,11.0,40.74,0.988020905900687,0.97604181179853,0.0468224252738208,51,0.0,1.3037251522117752,-0.2205882352941176,0.0008275862068965,1,1,0,7166.75,3.4,,,,False,FRESH,,,,,False,False,False,False,False,False,False,False,False,False,False,False
2026-04-28 15:46:20,2026-04-28 15:45:00,2026-04-28 15:40:00,ES,MEAN_REVERSION_MACRO,ROTATION_ILLIQUID,TrendUp,LATE_DAY_CONVICTION,TREND_COMPRESSION,TREND_COMPRESSION,LONG,66,30,MICRO_TREND_INSIDE_MACRO_STRUCTURE,LOCKED_IMMEDIATE,0,0.0,0,POWER_HOUR,15.36,LONG,0.0303030303030303,0.0714285714285714,0.072463768115942,110.0,12.0,50.0,0.9953607012371252,0.9907214024721718,0.0213204097320022,52,0.0,2.477829487061304,1.0144927536231882,0.0037981551817688,1,1,0,7171.0,3.45,,,,False,FRESH,,,,,True,False,True,False,False,False,True,False,True,False,True,False
2026-04-28 15:46:29,2026-04-28 15:45:00,2026-04-28 15:45:00,ES,MEAN_REVERSION_MACRO,ROTATION_ILLIQUID,TrendUp,LATE_DAY_CONVICTION,TREND_COMPRESSION,TREND_COMPRESSION,LONG,66,30,MICRO_TREND_INSIDE_MACRO_STRUCTURE,UNCHANGED,0,0.0,0,POWER_HOUR,15.36,LONG,0.0303030303030303,0.0714285714285714,0.072463768115942,110.0,12.0,50.0,0.9956750466323924,0.9913500932681067,0.0200951831597702,53,0.0,2.477829487061304,1.0144927536231882,0.0037981551817688,1,1,0,7171.0,3.45,,,,False,FRESH,,,,,True,False,True,False,False,False,True,False,True,False,True,False
2026-04-28 15:51:04,2026-03-09 11:05:00,2026-03-09 11:05:00,ES,MEAN_REVERSION_MACRO,ROTATION_ILLIQUID,TrendUp,MID_MORNING_DISCOVERY,TRANSITION,TRANSITION,NONE,50,100,MACRO_STALE_72286.1MIN,UNCHANGED,0,0.0,0,POST_IB_AM,24.84,NONE,0.3333333333333333,0.5348837209302325,0.2378121284185493,75.0,13.0,0.0,0.9783718214125066,0.956743642826038,0.0752436105062584,11,0.0,-0.4244496122187883,-0.380499405469679,0.008893829905503,1,1,0,6674.75,10.5125,,,,True,MACRO_STALE_72286.1MIN,,,,,False,False,False,False,False,False,False,False,False,False,False,False
2026-04-28 15:51:05,2026-04-28 15:45:00,2026-04-28 15:45:00,ES,MEAN_REVERSION_MACRO,ROTATION_ILLIQUID,TrendUp,LATE_DAY_CONVICTION,TRANSITION,TRANSITION,NONE,52,30,HMM_TRANSITION_OR_RETURN_TO_OPEN,UNCHANGED,0,0.0,0,POWER_HOUR,15.27,LONG,0.0303030303030303,0.0714285714285714,0.0711743772241992,110.0,12.0,50.0,0.998982268795737,0.9979645375888462,0.0057921059181052,53,0.0,2.433796707682437,0.99644128113879,0.0037981551817688,1,1,0,7171.0,3.5125,,,,False,FRESH,,,,,False,False,False,False,False,False,False,False,False,False,False,False
2026-04-28 15:52:38,2026-03-09 11:05:00,2026-03-09 11:05:00,ES,MEAN_REVERSION_MACRO,ROTATION_ILLIQUID,TrendUp,MID_MORNING_DISCOVERY,TRANSITION,TRANSITION,NONE,50,100,MACRO_STALE_72287.6MIN,UNCHANGED,0,0.0,0,POST_IB_AM,24.84,NONE,0.3333333333333333,0.5348837209302325,0.2378121284185493,75.0,13.0,0.0,0.9783718214125066,0.9567436428261952,0.0752436105059368,11,0.0,-0.4244496122187883,-0.380499405469679,0.008893829905503,1,1,0,6674.75,10.5125,,,,True,MACRO_STALE_72287.6MIN,,,,,False,False,False,False,False,False,False,False,False,False,False,False
2026-04-28 15:52:39,2026-04-28 15:45:00,2026-04-28 15:45:00,ES,MEAN_REVERSION_MACRO,ROTATION_ILLIQUID,TrendUp,LATE_DAY_CONVICTION,TRANSITION,TRANSITION,NONE,52,30,HMM_TRANSITION_OR_RETURN_TO_OPEN,UNCHANGED,0,0.0,0,POWER_HOUR,15.27,LONG,0.0303030303030303,0.0714285714285714,0.0711743772241992,110.0,12.0,50.0,0.9998421988448376,0.9996843976875333,0.0011103036008924,53,0.0,2.433739994408967,0.99644128113879,0.0037981551817688,1,1,0,7171.0,3.5125,,,,False,FRESH,,,,,False,False,False,False,False,False,False,False,False,False,False,False
2026-04-28 15:55:49,2026-04-28 15:55:00,2026-04-28 15:50:00,ES,MEAN_REVERSION_MACRO,ROTATION_ILLIQUID,TrendUp,LATE_DAY_CONVICTION,TREND_COMPRESSION,TREND_COMPRESSION,LONG,66,30,MICRO_TREND_INSIDE_MACRO_STRUCTURE,LOCKED_IMMEDIATE,0,0.0,0,POWER_HOUR,56.0,LONG,1.0,0.1818181818181818,1.263157894736842,120.0,13.0,50.0,0.9879542099571388,0.9759084199112018,0.0470345815141646,54,0.0,2.3801649987290148,1.0526315789473684,0.0039840637450199,1,1,0,7171.25,3.5625,,,,False,FRESH,,,,,True,False,True,False,False,False,True,False,True,False,True,False
2026-04-28 15:55:59,2026-04-28 15:55:00,2026-04-28 15:55:00,ES,MEAN_REVERSION_MACRO,ROTATION_ILLIQUID,TrendUp,LATE_DAY_CONVICTION,TREND_COMPRESSION,TREND_COMPRESSION,LONG,66,30,MICRO_TREND_INSIDE_MACRO_STRUCTURE,UNCHANGED,0,0.0,0,POWER_HOUR,56.0,LONG,1.0,0.1818181818181818,1.263157894736842,120.0,13.0,50.0,0.9921763242254468,0.984352648451516,0.0329962523434102,55,0.0,2.3801649987290148,1.0526315789473684,0.0039840637450199,1,1,0,7171.25,3.5625,,,,False,FRESH,,,,,True,False,True,False,False,False,True,False,True,False,True,False
2026-04-28 16:00:36,2026-04-28 16:00:00,2026-04-28 15:55:00,ES,MEAN_REVERSION_MACRO,ROTATION_ILLIQUID,TrendUp,CASH_CLOSE,TREND_COMPRESSION,TREND_COMPRESSION,LONG,66,30,MICRO_TREND_INSIDE_MACRO_STRUCTURE,UNCHANGED,0,0.141,0,CLOSE,41.78,LONG,1.0,0.0857142857142857,0.1398601398601398,125.0,14.0,50.0,0.692963879081906,0.385927758160858,0.4448612461214832,55,0.0,2.273420783691566,1.1188811188811187,0.0041862899005756,1,1,0,7171.5,3.575,,,,False,FRESH,,,,,False,False,True,False,False,False,True,False,True,False,False,False
2026-04-28 16:00:44,2026-04-28 16:00:00,2026-04-28 16:00:00,ES,MEAN_REVERSION_MACRO,ROTATION_ILLIQUID,TrendDown,CASH_CLOSE,TRANSITION,TRANSITION,NONE,52,50,HMM_TRANSITION_OR_RETURN_TO_OPEN,LOCKED_IMMEDIATE,0,0.141,1,CLOSE,41.78,LONG,1.0,0.0857142857142857,0.1398601398601398,125.0,14.0,50.0,0.9544490276259628,0.908898055249876,0.1335941854833819,2,0.0,2.273420783691566,1.1188811188811187,0.0041862899005756,1,1,0,7171.5,3.575,,,,False,FRESH,,,,,False,False,False,False,False,False,False,False,False,False,False,False
2026-04-28 16:14:44,2026-04-27 10:55:00,2026-04-27 10:55:00,ES,BRACKET_MACRO,ROTATION_ILLIQUID,TrendUp,POST_IB_MACRO,TRANSITION,TRANSITION,NONE,50,100,MACRO_STALE_1759.7MIN,UNCHANGED,0,0.0,0,POST_IB_AM,0.0,NONE,0.0,0.0,0.0,0.0,0.0,0.0,0.999953306788162,0.9999066135788574,0.0003695554866275,11,0.0,-0.1859540506642848,0.5,0.0032377428307123,0,1,0,7190.0,7.0,,,,True,MACRO_STALE_1759.7MIN,,,,,False,False,False,False,False,False,False,False,False,False,False,False
2026-04-28 16:14:46,2026-04-28 16:00:00,2026-04-28 16:00:00,ES,MEAN_REVERSION_MACRO,ROTATION_ILLIQUID,TrendDown,CASH_CLOSE,TRANSITION,TRANSITION,NONE,52,50,HMM_TRANSITION_OR_RETURN_TO_OPEN,UNCHANGED,0,0.0,0,CLOSE,41.78,LONG,1.0,0.0857142857142857,0.1398601398601398,125.0,14.0,50.0,0.9956702338616452,0.9913404677253124,0.0201140637617231,2,0.0,2.273477978556988,1.1188811188811187,0.0041862899005756,1,1,0,7171.5,3.575,,,,False,FRESH,,,,,False,False,False,False,False,False,False,False,False,False,False,False
2026-04-28 16:52:19,2026-04-22 14:45:00,2026-04-22 14:45:00,ES,BRACKET_MACRO,ROTATION_LIQUID,TrendUp,AFTERNOON_TREND_TEST,TRANSITION,TRANSITION,NONE,50,100,MACRO_STALE_8767.3MIN,UNCHANGED,0,0.0,0,PM,70.66,NONE,1.0,0.238095238095238,-0.7729468599033816,50.0,6.0,35.04,0.9805387788607856,0.961077557724034,0.0692023384467296,3,0.7090909090909091,0.6560640779535523,1.288244766505636,0.0145454545454545,0,1,0,7156.25,7.7625,,,,True,MACRO_STALE_8767.3MIN,,,,,False,False,False,False,False,False,False,False,False,False,False,False
2026-04-28 16:52:20,2026-04-28 16:00:00,2026-04-28 16:00:00,ES,MEAN_REVERSION_MACRO,ROTATION_ILLIQUID,TrendDown,CASH_CLOSE,TRANSITION,TRANSITION,NONE,50,100,MACRO_STALE_52.3MIN,UNCHANGED,0,0.0,0,CLOSE,41.78,LONG,1.0,0.0857142857142857,0.1398601398601398,125.0,14.0,50.0,0.9956703731942468,0.9913407463869314,0.0201135172230767,2,0.0,2.273420783691566,1.1188811188811187,0.0041862899005756,1,1,0,7171.5,3.575,,,,True,MACRO_STALE_52.3MIN,,,,,False,False,False,False,False,False,False,False,False,False,False,False
2026-04-29 09:18:11,2026-04-28 16:00:00,2026-04-28 16:00:00,ES,MEAN_REVERSION_MACRO,ROTATION_ILLIQUID,TrendDown,CASH_CLOSE,TRANSITION,TRANSITION,NONE,50,100,MACRO_STALE_1038.2MIN,UNCHANGED,0,0.0,0,CLOSE,41.78,LONG,1.0,0.0857142857142857,0.1398601398601398,125.0,14.0,50.0,0.9956702338616452,0.991340467726919,0.0201140637565747,2,0.0,2.273420783691566,1.1188811188811187,0.0041862899005756,1,1,0,7171.5,3.575,,,,True,MACRO_STALE_1038.2MIN,,,,,False,False,False,False,False,False,False,False,False,False,False,False
2026-04-29 09:30:22,2026-04-27 10:55:00,2026-04-27 10:55:00,ES,BRACKET_MACRO,ROTATION_ILLIQUID,TrendUp,POST_IB_MACRO,TRANSITION,TRANSITION,NONE,50,100,MACRO_STALE_2795.4MIN,UNCHANGED,0,0.0,0,POST_IB_AM,0.0,NONE,0.0,0.0,0.0,0.0,0.0,0.0,0.999953306788162,0.9999066135788574,0.0003695554866275,11,0.0,-0.1859540506642848,0.5,0.0032377428307123,0,1,0,7190.0,7.0,,,,True,MACRO_STALE_2795.4MIN,,,,,False,False,False,False,False,False,False,False,False,False,False,False
2026-04-29 09:30:23,2026-04-29 09:25:00,2026-04-29 09:25:00,ES,UNRESOLVED,TRANSITION,TrendDown,PREMARKET_CONTEXT,TRANSITION,TRANSITION,NONE,55,20,OPENING_OR_UNRESOLVED_UNRESOLVED,UNCHANGED,0,0.0,0,PREMARKET,0.0,NONE,0.0,0.0,0.0,0.0,0.0,0.0,0.9999999339997908,0.999999869811964,8.407332080330482e-07,3,0.0,0.0,0.0,0.0,0,0,0,7164.0,0.0,,,,False,FRESH,,,,,False,False,False,False,False,False,False,False,False,False,False,False
2026-04-29 09:35:18,2026-04-29 09:35:00,2026-04-29 09:30:00,ES,OPENING_AUCTION,ROTATION_ILLIQUID,TrendDown,OPENING_AUCTION,TRANSITION,TRANSITION,NONE,55,0,OPENING_OR_UNRESOLVED_OPENING_AUCTION,UNCHANGED,0,0.0,0,OPEN,0.78,SHORT,0.0,0.0,0.0,0.0,1.0,0.0,0.999999999992724,0.9999999999831533,1.8041724881576384e-10,4,0.0,-0.4098381370841349,-1.181818181818182,0.3277310924369748,0,1,1,7154.25,8.25,,,,False,FRESH,,,,,False,False,False,True,False,False,False,False,False,False,False,False
2026-04-29 09:35:22,2026-04-29 09:35:00,2026-04-29 09:35:00,ES,OPENING_AUCTION,ROTATION_ILLIQUID,TrendUp,OPENING_AUCTION,TRANSITION,TRANSITION,NONE,55,20,OPENING_OR_UNRESOLVED_OPENING_AUCTION,UNCHANGED,0,0.0,1,OPEN,0.78,SHORT,0.0,0.0,0.0,0.0,1.0,0.0,0.8830178929770811,0.7660357859536957,0.260311677401387,1,0.0,-0.4098381370841349,-1.181818181818182,0.3277310924369748,0,1,1,7154.25,8.25,,,,False,FRESH,,,,,False,False,False,True,False,False,False,False,False,False,False,False
2026-04-29 09:40:22,2026-04-29 09:40:00,2026-04-29 09:35:00,ES,BALANCE_STRUCTURE,ROTATION_ILLIQUID,TrendDown,EARLY_TEST,TRANSITION,TRANSITION,NONE,50,30,NO_CLEAR_STAGE_C_ALIGNMENT,UNCHANGED,0,-0.975,0,OPEN,16.5,NONE,0.3928571428571428,0.0,-0.717391304347826,0.0,0.0,0.0,0.9836914799474288,0.9673829598966884,0.0600895312489157,5,0.0,0.1542830733022761,-0.717391304347826,0.1164021164021164,0,1,0,7158.5,7.666666666666667,,,,False,FRESH,,,,,False,False,False,False,False,False,False,False,False,False,False,False
2026-04-29 09:40:27,2026-04-29 09:40:00,2026-04-29 09:40:00,ES,BALANCE_STRUCTURE,ROTATION_ILLIQUID,TrendUp,EARLY_TEST,TRANSITION,TRANSITION,NONE,50,30,NO_CLEAR_STAGE_C_ALIGNMENT,UNCHANGED,0,-0.975,1,OPEN,16.5,NONE,0.3928571428571428,0.0,-0.717391304347826,0.0,0.0,0.0,0.8914919277408193,0.7829838554813019,0.2476996939346376,1,0.0,0.1542830733022761,-0.717391304347826,0.1164021164021164,0,1,0,7158.5,7.666666666666667,,,,False,FRESH,,,,,False,False,False,False,False,False,False,False,False,False,False,False
2026-04-29 09:41:24,2026-04-27 10:55:00,2026-04-27 10:55:00,ES,BRACKET_MACRO,ROTATION_ILLIQUID,TrendUp,POST_IB_MACRO,TRANSITION,TRANSITION,NONE,50,100,MACRO_STALE_2806.4MIN,UNCHANGED,0,0.0,0,POST_IB_AM,0.0,NONE,0.0,0.0,0.0,0.0,0.0,0.0,0.999953306788162,0.9999066135788574,0.0003695554866275,11,0.0,-0.1859540506642848,0.5,0.0032377428307123,0,1,0,7190.0,7.0,,,,True,MACRO_STALE_2806.4MIN,,,,,False,False,False,False,False,False,False,False,False,False,False,False
2026-04-29 09:41:25,2026-04-29 09:40:00,2026-04-29 09:40:00,ES,BALANCE_STRUCTURE,ROTATION_ILLIQUID,TrendUp,EARLY_TEST,ROTATION_ILLIQUID,TRANSITION,NONE,62,20,COMPRESSED_BALANCE_LOW_EDGE,PENDING_ROTATION_ILLIQUID_1_OF_2,1,0.0,0,OPEN,16.19,NONE,0.3928571428571428,0.0,-0.7021276595744681,0.0,0.0,0.0,0.8914919277408193,0.7829838554813019,0.2476996939346376,1,0.0,0.1510004547213766,-0.7021276595744681,0.1164021164021164,0,1,0,7158.5,7.833333333333333,,,,False,FRESH,,,,,False,False,False,False,False,False,False,False,False,False,False,False
2026-04-29 09:45:17,2026-04-29 09:45:00,2026-04-29 09:40:00,ES,BALANCE_STRUCTURE,ROTATION_ILLIQUID,TrendDown,FIRST_ACCEPTANCE,TREND_COMPRESSION,TREND_COMPRESSION,SHORT,66,0,MICRO_TREND_INSIDE_MACRO_STRUCTURE,LOCKED_IMMEDIATE,0,0.0,0,EARLY_AM,8.31,SHORT,0.1052631578947368,0.0,-0.1441441441441441,0.0,1.0,0.0,0.6356061199717848,0.2712122399451379,0.4731350504717523,6,0.0,-0.5617570721280556,-1.5495495495495497,0.1713147410358565,0,1,1,7153.25,6.9375,,,,False,FRESH,,,,,True,False,True,False,False,False,True,False,False,True,False,True
2026-04-29 09:45:21,2026-04-29 09:45:00,2026-04-29 09:45:00,ES,BALANCE_STRUCTURE,ROTATION_ILLIQUID,TrendUp,FIRST_ACCEPTANCE,TRANSITION,TRANSITION,NONE,50,20,NO_CLEAR_STAGE_C_ALIGNMENT,LOCKED_IMMEDIATE,0,0.0,1,EARLY_AM,8.31,SHORT,0.1052631578947368,0.0,-0.1441441441441441,0.0,1.0,0.0,0.996559394732599,0.9931187894663612,0.0165550437550707,2,0.0,-0.5617570721280556,-1.5495495495495497,0.1713147410358565,0,1,1,7153.25,6.9375,,,,False,FRESH,,,,,False,False,False,False,False,False,False,False,False,False,False,False
2026-04-29 09:51:39,2026-04-29 09:50:00,2026-04-29 09:50:00,ES,BALANCE_STRUCTURE,ROTATION_ILLIQUID,TrendUp,EARLY_CONTINUATION,TRANSITION,TRANSITION,NONE,50,30,NO_CLEAR_STAGE_C_ALIGNMENT,UNCHANGED,0,-0.778,1,EARLY_AM,54.93,SHORT,1.0,0.569620253164557,-0.777027027027027,5.0,2.0,0.0,0.997021047219602,0.9940420944408676,0.0146438214909701,3,0.0,-0.4651061093889783,-1.5202702702702702,0.1424050632911392,0,1,1,7152.75,7.4,,,,False,FRESH,,,,,False,False,False,False,False,False,False,False,False,False,False,False
2026-04-29 09:56:10,2026-04-29 09:55:00,2026-04-29 09:50:00,ES,BALANCE_STRUCTURE,ROTATION_ILLIQUID,TrendUp,EARLY_CONTINUATION,TRANSITION,TRANSITION,NONE,50,30,NO_CLEAR_STAGE_C_ALIGNMENT,UNCHANGED,0,0.85,1,EARLY_AM,36.55,LONG,0.8571428571428571,0.303030303030303,0.8780487804878049,0.0,1.0,0.0,0.8693470539995172,0.7386941079976024,0.2796130882973423,3,0.0,0.4308133102200017,-0.6951219512195123,0.0488431876606683,0,1,0,7159.25,6.833333333333333,,,,False,FRESH,,,,,False,False,False,False,False,False,False,False,False,False,False,False
2026-04-29 09:56:19,2026-04-29 09:55:00,2026-04-29 09:55:00,ES,BALANCE_STRUCTURE,ROTATION_ILLIQUID,TrendUp,EARLY_CONTINUATION,TRANSITION,TRANSITION,NONE,50,30,NO_CLEAR_STAGE_C_ALIGNMENT,UNCHANGED,0,0.85,1,EARLY_AM,36.55,LONG,0.8571428571428571,0.303030303030303,0.8780487804878049,0.0,1.0,0.0,0.9960985916099332,0.9921971832226696,0.018417898173472,4,0.0,0.4308133102200017,-0.6951219512195123,0.0488431876606683,0,1,0,7159.25,6.833333333333333,,,,False,FRESH,,,,,False,False,False,False,False,False,False,False,False,False,False,False
2026-04-29 09:57:40,2026-03-09 11:05:00,2026-03-09 11:05:00,ES,MEAN_REVERSION_MACRO,ROTATION_ILLIQUID,TrendUp,MID_MORNING_DISCOVERY,TRANSITION,TRANSITION,NONE,50,100,MACRO_STALE_73372.7MIN,UNCHANGED,0,0.0,0,POST_IB_AM,24.84,NONE,0.3333333333333333,0.5348837209302325,0.2378121284185493,75.0,13.0,0.0,0.9783718214125066,0.956743642826038,0.0752436105062584,11,0.0,-0.4244496122187883,-0.380499405469679,0.008893829905503,1,1,0,6674.75,10.5125,,,,True,MACRO_STALE_73372.7MIN,,,,,False,False,False,False,False,False,False,False,False,False,False,False
2026-04-29 09:57:41,2026-04-29 09:55:00,2026-04-29 09:55:00,ES,BALANCE_STRUCTURE,ROTATION_ILLIQUID,TrendUp,EARLY_CONTINUATION,ROTATION_ILLIQUID,TRANSITION,NONE,62,20,COMPRESSED_BALANCE_LOW_EDGE,PENDING_ROTATION_ILLIQUID_1_OF_2,1,0.0,0,EARLY_AM,35.13,LONG,0.8571428571428571,0.303030303030303,0.8181818181818182,0.0,1.0,0.0,0.9960985916099332,0.9921971832226696,0.018417898173472,4,0.0,0.4014396754322744,-0.6477272727272727,0.0488431876606683,0,1,0,7159.25,7.333333333333333,,,,False,FRESH,,,,,False,False,False,False,False,False,False,False,False,False,False,False
2026-04-29 10:00:40,2026-04-29 10:00:00,2026-04-29 09:55:00,ES,BALANCE_STRUCTURE,ROTATION_ILLIQUID,TrendUp,PRE_DECISION,TRANSITION,TRANSITION,NONE,50,20,NO_CLEAR_STAGE_C_ALIGNMENT,UNCHANGED,0,0.0,0,EARLY_AM,50.16,LONG,1.0,0.1636363636363636,1.1851851851851851,5.0,2.0,0.0,0.9839586260581724,0.9679172521189142,0.0592978991411729,4,0.0,0.5707336544701657,-0.4814814814814814,0.0295454545454545,0,1,0,7160.75,6.75,,,,False,FRESH,,,,,False,False,False,False,False,False,False,False,False,False,False,False
2026-04-29 10:00:49,2026-04-29 10:00:00,2026-04-29 10:00:00,ES,BALANCE_STRUCTURE,ROTATION_ILLIQUID,TrendUp,PRE_DECISION,TRANSITION,TRANSITION,NONE,50,20,NO_CLEAR_STAGE_C_ALIGNMENT,UNCHANGED,0,0.0,0,EARLY_AM,50.16,LONG,1.0,0.1636363636363636,1.1851851851851851,5.0,2.0,0.0,0.9968788011996716,0.9937576023970232,0.01523788803163,5,0.0,0.5707336544701657,-0.4814814814814814,0.0295454545454545,0,1,0,7160.75,6.75,,,,False,FRESH,,,,,False,False,False,False,False,False,False,False,False,False,False,False
2026-04-29 10:06:39,2026-04-27 10:55:00,2026-04-27 10:55:00,ES,BRACKET_MACRO,ROTATION_ILLIQUID,TrendUp,POST_IB_MACRO,TRANSITION,TRANSITION,NONE,50,100,MACRO_STALE_2831.6MIN,UNCHANGED,0,0.0,0,POST_IB_AM,0.0,NONE,0.0,0.0,0.0,0.0,0.0,0.0,0.999953306788162,0.9999066135788574,0.0003695554866275,11,0.0,-0.1859540506642848,0.5,0.0032377428307123,0,1,0,7190.0,7.0,,,,True,MACRO_STALE_2831.6MIN,,,,,False,False,False,False,False,False,False,False,False,False,False,False
2026-04-29 10:06:40,2026-04-29 10:05:00,2026-04-29 10:05:00,ES,BALANCE_STRUCTURE,ROTATION_ILLIQUID,TrendUp,END_FIRST_WINDOW,TRANSITION,TRANSITION,NONE,50,20,NO_CLEAR_STAGE_C_ALIGNMENT,UNCHANGED,0,0.0,0,EARLY_AM,49.77,LONG,0.7142857142857143,0.8285714285714286,0.1834862385321101,10.0,3.0,0.0,0.99988423202787,0.9997684640546824,0.0008404226779662,6,0.0,0.5069010080800364,-0.5137614678899083,0.0273972602739726,0,1,0,7160.5,6.8125,,,,False,FRESH,,,,,False,False,False,False,False,False,False,False,False,False,False,False
2026-04-29 10:11:09,2026-04-29 10:10:00,2026-04-29 10:05:00,ES,BRACKET_MACRO,ROTATION_ILLIQUID,TrendUp,PRE_IB_MATURATION,TRANSITION,TRANSITION,NONE,50,20,NO_CLEAR_STAGE_C_ALIGNMENT,UNCHANGED,0,0.0,0,EARLY_AM,61.05,LONG,0.6666666666666666,0.9473684210526316,0.1565217391304347,15.0,4.0,0.0,0.9991216806836504,0.9982433613644052,0.0050920686022578,6,0.0,0.6963529022290458,-0.3521739130434782,0.0160142348754448,0,1,0,7161.75,6.388888888888889,,,,False,FRESH,,,,,False,False,False,False,False,False,False,False,False,False,False,False
2026-04-29 10:11:18,2026-04-29 10:10:00,2026-04-29 10:10:00,ES,BRACKET_MACRO,ROTATION_ILLIQUID,TrendUp,PRE_IB_MATURATION,TRANSITION,TRANSITION,NONE,50,20,NO_CLEAR_STAGE_C_ALIGNMENT,UNCHANGED,0,0.0,0,EARLY_AM,61.05,LONG,0.6666666666666666,0.9473684210526316,0.1565217391304347,15.0,4.0,0.0,0.999762794717429,0.9995255894355668,0.0015992498906194,7,0.0,0.6963529022290458,-0.3521739130434782,0.0160142348754448,0,1,0,7161.75,6.388888888888889,,,,False,FRESH,,,,,False,False,False,False,False,False,False,False,False,False,False,False
2026-04-29 10:15:39,2026-04-29 10:15:00,2026-04-29 10:10:00,ES,BRACKET_MACRO,ROTATION_ILLIQUID,TrendUp,PRE_IB_MATURATION,TREND_COMPRESSION,TREND_COMPRESSION,LONG,69,20,DEVELOPING_INITIATIVE_PHASE_AWARE,LOCKED_IMMEDIATE,0,0.655,0,EARLY_AM,70.7,LONG,1.0,0.9166666666666666,0.6772908366533864,20.0,5.0,0.0,0.9972660463464542,0.9945320926955558,0.0136089604934584,7,0.0,1.1072821484098478,0.1195219123505976,0.0049099836333878,0,1,0,7164.75,6.275,,,,False,FRESH,,,,,True,False,True,False,False,False,True,False,True,False,True,False
2026-04-29 10:15:48,2026-04-29 10:15:00,2026-04-29 10:15:00,ES,BRACKET_MACRO,ROTATION_ILLIQUID,TrendUp,PRE_IB_MATURATION,TREND_COMPRESSION,TREND_COMPRESSION,LONG,69,20,DEVELOPING_INITIATIVE_PHASE_AWARE,UNCHANGED,0,0.655,0,EARLY_AM,70.7,LONG,1.0,0.9166666666666666,0.6772908366533864,20.0,5.0,0.0,0.993584416876278,0.9871688337525332,0.0279791956580444,8,0.0,1.1072821484098478,0.1195219123505976,0.0049099836333878,0,1,0,7164.75,6.275,,,,False,FRESH,,,,,True,False,True,False,False,False,True,False,True,False,True,False
2026-04-29 10:21:40,2026-03-09 11:05:00,2026-03-09 11:05:00,ES,MEAN_REVERSION_MACRO,ROTATION_ILLIQUID,TrendUp,MID_MORNING_DISCOVERY,TRANSITION,TRANSITION,NONE,50,100,MACRO_STALE_73396.7MIN,UNCHANGED,0,0.0,0,POST_IB_AM,24.84,NONE,0.3333333333333333,0.5348837209302325,0.2378121284185493,75.0,13.0,0.0,0.9783718214125066,0.956743642826038,0.0752436105062584,11,0.0,-0.4244496122187883,-0.380499405469679,0.008893829905503,1,1,0,6674.75,10.5125,,,,True,MACRO_STALE_73396.7MIN,,,,,False,False,False,False,False,False,False,False,False,False,False,False
2026-04-29 10:21:41,2026-04-29 10:20:00,2026-04-29 10:20:00,ES,BRACKET_MACRO,ROTATION_ILLIQUID,TrendUp,PRE_IB_MATURATION,TRANSITION,TRANSITION,NONE,50,20,NO_CLEAR_STAGE_C_ALIGNMENT,UNCHANGED,0,0.0,0,EARLY_AM,44.22,LONG,0.4117647058823529,0.4782608695652174,0.2841328413284132,25.0,6.0,0.0,0.9992866239943292,0.998573247986339,0.0042428858475158,9,0.0,0.8429163776684607,-0.081180811808118,0.0030581039755351,0,1,0,7163.5,6.159090909090909,,,,False,FRESH,,,,,False,False,False,False,False,False,False,False,False,False,False,False
2026-04-29 10:26:12,2026-04-29 10:25:00,2026-04-29 10:20:00,ES,BRACKET_MACRO,ROTATION_ILLIQUID,TrendUp,NEAR_IB_CONDITION,TREND_COMPRESSION,TREND_COMPRESSION,LONG,66,20,DEVELOPING_INITIATIVE_PHASE_AWARE,LOCKED_IMMEDIATE,0,0.0,0,EARLY_AM,65.43,LONG,0.4444444444444444,0.7142857142857143,0.3310344827586207,30.0,7.0,0.0,0.9994073817184386,0.9988147634368378,0.0036039715504621,9,0.0,1.3382889797694273,0.4551724137931034,0.0157819225251076,0,1,0,7166.75,6.041666666666667,,,,False,FRESH,,,,,True,False,True,False,False,False,True,False,True,False,True,False
2026-04-29 10:26:20,2026-04-29 10:25:00,2026-04-29 10:25:00,ES,BRACKET_MACRO,ROTATION_ILLIQUID,TrendUp,NEAR_IB_CONDITION,TREND_COMPRESSION,TREND_COMPRESSION,LONG,66,20,DEVELOPING_INITIATIVE_PHASE_AWARE,UNCHANGED,0,0.0,0,EARLY_AM,65.43,LONG,0.4444444444444444,0.7142857142857143,0.3310344827586207,30.0,7.0,0.0,0.999853587653008,0.999707175306314,0.0010380829073418,10,0.0,1.3382889797694273,0.4551724137931034,0.0157819225251076,0,1,0,7166.75,6.041666666666667,,,,False,FRESH,,,,,True,False,True,False,False,False,True,False,True,False,True,False
2026-04-29 10:30:42,2026-03-09 11:05:00,2026-03-09 11:05:00,ES,MEAN_REVERSION_MACRO,ROTATION_ILLIQUID,TrendUp,MID_MORNING_DISCOVERY,TRANSITION,TRANSITION,NONE,50,100,MACRO_STALE_73405.7MIN,UNCHANGED,0,0.0,0,POST_IB_AM,24.84,NONE,0.3333333333333333,0.5348837209302325,0.2378121284185493,75.0,13.0,0.0,0.9783718214125066,0.9567436428261952,0.0752436105059368,11,0.0,-0.4244496122187883,-0.380499405469679,0.008893829905503,1,1,0,6674.75,10.5125,,,,True,MACRO_STALE_73405.7MIN,,,,,False,False,False,False,False,False,False,False,False,False,False,False
2026-04-29 10:30:44,2026-04-29 10:30:00,2026-04-29 10:25:00,ES,BRACKET_MACRO,ROTATION_ILLIQUID,TrendUp,NEAR_IB_CONDITION,TREND_COMPRESSION,TREND_COMPRESSION,LONG,71,0,DEVELOPING_INITIATIVE_PHASE_AWARE,LOCKED_IMMEDIATE,0,0.0,0,EARLY_AM,74.0,LONG,1.0,0.7142857142857143,0.762214983713355,35.0,8.0,0.0,0.999815802234348,0.9996316044654816,0.0012754791939383,10,0.0,1.4944649318421594,0.6775244299674267,0.021680216802168,0,1,0,7168.0,5.903846153846154,,,,False,FRESH,,,,,True,False,True,False,False,False,True,False,True,False,True,False
2026-04-29 10:30:52,2026-04-29 10:30:00,2026-04-29 10:30:00,ES,BRACKET_MACRO,ROTATION_ILLIQUID,TrendUp,NEAR_IB_CONDITION,TREND_COMPRESSION,TREND_COMPRESSION,LONG,71,0,DEVELOPING_INITIATIVE_PHASE_AWARE,UNCHANGED,0,0.0,0,EARLY_AM,74.0,LONG,1.0,0.7142857142857143,0.762214983713355,35.0,8.0,0.0,0.9997722820191298,0.9995445640383352,0.001541991729949,11,0.0,1.4944649318421594,0.6775244299674267,0.021680216802168,0,1,0,7168.0,5.903846153846154,,,,False,FRESH,,,,,True,False,True,False,False,False,True,False,True,False,True,False
2026-04-29 10:35:13,2026-03-09 11:05:00,2026-03-09 11:05:00,ES,MEAN_REVERSION_MACRO,ROTATION_ILLIQUID,TrendUp,MID_MORNING_DISCOVERY,TRANSITION,TRANSITION,NONE,50,100,MACRO_STALE_73410.2MIN,UNCHANGED,0,0.0,0,POST_IB_AM,24.84,NONE,0.3333333333333333,0.5348837209302325,0.2378121284185493,75.0,13.0,0.0,0.9783718214125066,0.956743642826038,0.0752436105062584,11,0.0,-0.4244496122187883,-0.380499405469679,0.008893829905503,1,1,0,6674.75,10.5125,,,,True,MACRO_STALE_73410.2MIN,,,,,False,False,False,False,False,False,False,False,False,False,False,False
2026-04-29 10:35:15,2026-04-29 10:30:00,2026-04-29 10:30:00,ES,BRACKET_MACRO,ROTATION_ILLIQUID,TrendUp,NEAR_IB_CONDITION,TREND_COMPRESSION,TREND_COMPRESSION,LONG,71,0,DEVELOPING_INITIATIVE_PHASE_AWARE,LOCKED_IMMEDIATE,0,0.0,0,EARLY_AM,74.0,LONG,1.0,0.7142857142857143,0.7289719626168224,35.0,8.0,0.0,0.9995099775875012,0.999019955175592,0.0030472548783543,11,0.0,1.429285775936271,0.6479750778816199,0.021680216802168,0,1,0,7168.0,6.173076923076923,,,,False,FRESH,,,,,True,False,True,False,False,False,True,False,True,False,True,False
2026-04-29 10:36:45,2026-04-29 10:35:00,2026-04-29 10:35:00,ES,BRACKET_MACRO,ROTATION_ILLIQUID,TrendUp,POST_IB_MACRO,TREND_COMPRESSION,TREND_COMPRESSION,LONG,71,0,DEVELOPING_INITIATIVE_PHASE_AWARE,UNCHANGED,0,0.0,0,POST_IB_AM,75.23,LONG,1.0,0.75,0.9166666666666666,40.0,9.0,0.0,0.999765527788232,0.9995310555774134,0.0015827837125078,12,0.1234567901234567,2.0623489314442245,1.375,0.0421455938697318,0,1,0,7172.25,6.0,,,,False,FRESH,,,,,True,False,True,False,False,False,True,False,True,False,True,False
2026-04-29 10:45:51,2026-04-29 10:45:00,2026-04-29 10:40:00,ES,BRACKET_MACRO,ROTATION_ILLIQUID,TrendUp,POST_IB_MACRO,TREND_COMPRESSION,TREND_COMPRESSION,LONG,69,0,DEVELOPING_INITIATIVE_PHASE_AWARE,UNCHANGED,0,0.631,0,POST_IB_AM,71.74,LONG,0.7894736842105263,0.8918918918918919,0.6629834254143646,50.0,10.0,0.0,0.9998413751985245,0.99968275039363,0.0011155031297941,13,0.0987654320987654,1.8955061370907265,1.3701657458563536,0.0358381502890173,0,1,0,7171.75,5.65625,,,,False,FRESH,,,,,True,False,True,False,False,False,True,False,True,False,True,False
2026-04-29 10:46:00,2026-04-29 10:45:00,2026-04-29 10:45:00,ES,BRACKET_MACRO,ROTATION_ILLIQUID,TrendUp,POST_IB_MACRO,TREND_COMPRESSION,TREND_COMPRESSION,LONG,69,0,DEVELOPING_INITIATIVE_PHASE_AWARE,UNCHANGED,0,0.631,0,POST_IB_AM,71.74,LONG,0.7894736842105263,0.8918918918918919,0.6629834254143646,50.0,10.0,0.0,0.9997600570204248,0.9995201140409588,0.0016157211635665,14,0.0987654320987654,1.8955061370907265,1.3701657458563536,0.0358381502890173,0,1,0,7171.75,5.65625,,,,False,FRESH,,,,,True,False,True,False,False,False,True,False,True,False,True,False
2026-04-29 10:56:29,2026-04-27 10:55:00,2026-04-27 10:55:00,ES,BRACKET_MACRO,ROTATION_ILLIQUID,TrendUp,POST_IB_MACRO,TRANSITION,TRANSITION,NONE,50,100,MACRO_STALE_2881.5MIN,UNCHANGED,0,0.0,0,POST_IB_AM,0.0,NONE,0.0,0.0,0.0,0.0,0.0,0.0,0.999953306788162,0.9999066135788574,0.0003695554866275,11,0.0,-0.1859540506642848,0.5,0.0032377428307123,0,1,0,7190.0,7.0,,,,True,MACRO_STALE_2881.5MIN,,,,,False,False,False,False,False,False,False,False,False,False,False,False
2026-04-29 10:56:31,2026-04-29 10:55:00,2026-04-29 10:50:00,ES,BRACKET_MACRO,ROTATION_ILLIQUID,TrendUp,POST_IB_MACRO,TREND_COMPRESSION,TREND_COMPRESSION,LONG,66,0,MICRO_TREND_INSIDE_MACRO_STRUCTURE,LOCKED_IMMEDIATE,0,0.0,0,POST_IB_AM,65.89,NONE,1.0,0.375,-0.4580152671755725,60.0,11.0,0.0,0.9993031951842783,0.9986063903662216,0.0041561446188805,15,0.0,1.4794614262214507,1.0534351145038168,0.0245202558635394,0,1,0,7169.75,5.458333333333333,,,,False,FRESH,,,,,True,False,True,False,False,False,True,False,True,False,True,False
2026-04-29 10:56:37,2026-04-29 10:55:00,2026-04-29 10:55:00,ES,BRACKET_MACRO,ROTATION_ILLIQUID,TrendUp,POST_IB_MACRO,TREND_COMPRESSION,TREND_COMPRESSION,LONG,66,0,MICRO_TREND_INSIDE_MACRO_STRUCTURE,UNCHANGED,0,0.0,0,POST_IB_AM,65.89,NONE,1.0,0.375,-0.4580152671755725,60.0,11.0,0.0,0.9998853634107894,0.9997707268215924,0.0008330215138853,16,0.0,1.4794614262214507,1.0534351145038168,0.0245202558635394,0,1,0,7169.75,5.458333333333333,,,,False,FRESH,,,,,True,False,True,False,False,False,True,False,True,False,True,False
2026-04-29 11:04:05,2026-03-09 11:05:00,2026-03-09 11:05:00,ES,MEAN_REVERSION_MACRO,ROTATION_ILLIQUID,TrendUp,MID_MORNING_DISCOVERY,TRANSITION,TRANSITION,NONE,50,100,MACRO_STALE_73439.1MIN,UNCHANGED,0,0.0,0,POST_IB_AM,24.84,NONE,0.3333333333333333,0.5348837209302325,0.2378121284185493,75.0,13.0,0.0,0.9783718214125066,0.9567436428261952,0.0752436105059368,11,0.0,-0.4244496122187883,-0.380499405469679,0.008893829905503,1,1,0,6674.75,10.5125,,,,True,MACRO_STALE_73439.1MIN,,,,,False,False,False,False,False,False,False,False,False,False,False,False
2026-04-29 11:04:06,2026-04-29 10:55:00,2026-04-29 10:55:00,ES,BRACKET_MACRO,ROTATION_ILLIQUID,TrendUp,POST_IB_MACRO,TREND_COMPRESSION,TREND_COMPRESSION,LONG,66,0,MICRO_TREND_INSIDE_MACRO_STRUCTURE,LOCKED_IMMEDIATE,0,0.0,0,POST_IB_AM,65.7,NONE,1.0,0.375,-0.4488778054862842,60.0,11.0,0.0,0.9999800174805578,0.9999600349618702,0.0001703867676649,16,0.0,1.4499459862968331,1.0324189526184535,0.0245202558635394,0,1,0,7169.75,5.569444444444445,,,,False,FRESH,,,,,True,False,True,False,False,False,True,False,True,False,True,False
2026-04-29 11:05:36,2026-04-29 11:05:00,2026-04-29 11:00:00,ES,BRACKET_MACRO,ROTATION_ILLIQUID,TrendUp,MID_MORNING_DISCOVERY,ROTATION_ILLIQUID,TREND_COMPRESSION,LONG,62,20,COMPRESSED_BALANCE_LOW_EDGE,PENDING_ROTATION_ILLIQUID_1_OF_2,1,0.0,0,POST_IB_AM,65.26,NONE,1.0,0.2916666666666667,-1.3333333333333333,70.0,12.0,0.0,0.9955370175980316,0.991074035196996,0.0206351504142497,17,0.0,0.450737477726291,0.0919540229885057,0.0019569471624266,0,1,0,7164.5,5.4375,,,,False,FRESH,,,,,True,False,True,False,False,False,True,False,True,False,True,False
2026-04-29 11:05:45,2026-04-29 11:05:00,2026-04-29 11:05:00,ES,BRACKET_MACRO,ROTATION_ILLIQUID,TrendUp,MID_MORNING_DISCOVERY,ROTATION_ILLIQUID,ROTATION_ILLIQUID,NONE,62,20,COMPRESSED_BALANCE_LOW_EDGE,LOCKED_AFTER_2_CONFIRMATIONS,0,0.0,0,POST_IB_AM,65.26,NONE,1.0,0.2916666666666667,-1.3333333333333333,70.0,12.0,0.0,0.9987930620716586,0.997586124144934,0.0067203853925032,18,0.0,0.450737477726291,0.0919540229885057,0.0019569471624266,0,1,0,7164.5,5.4375,,,,False,FRESH,,,,,False,False,False,False,False,False,False,False,False,False,False,False
2026-04-29 11:16:22,2026-04-29 11:15:00,2026-04-29 11:10:00,ES,BRACKET_MACRO,ROTATION_ILLIQUID,TrendUp,MID_MORNING_DISCOVERY,TRANSITION,TRANSITION,NONE,50,30,NO_CLEAR_STAGE_C_ALIGNMENT,LOCKED_IMMEDIATE,0,-2.628,0,POST_IB_AM,52.0,SHORT,1.0,1.0,-2.814070351758794,0.0,1.0,0.0,0.8941859991484946,0.7883719982934206,0.2435795737606316,19,0.0,-1.2125678530966395,-1.6582914572864322,0.0299184043517679,0,1,0,7155.75,4.975,,,,False,FRESH,,,,,False,False,False,False,False,False,False,False,False,False,False,False
2026-04-29 11:16:31,2026-04-29 11:15:00,2026-04-29 11:15:00,ES,BRACKET_MACRO,ROTATION_ILLIQUID,TrendUp,MID_MORNING_DISCOVERY,TRANSITION,TRANSITION,NONE,50,30,NO_CLEAR_STAGE_C_ALIGNMENT,UNCHANGED,0,-2.628,0,POST_IB_AM,52.0,SHORT,1.0,1.0,-2.814070351758794,0.0,1.0,0.0,0.9986462668721546,0.9972925337455164,0.007425604580287,20,0.0,-1.2125678530966395,-1.6582914572864322,0.0299184043517679,0,1,0,7155.75,4.975,,,,False,FRESH,,,,,False,False,False,False,False,False,False,False,False,False,False,False
2026-04-29 11:27:00,2026-04-29 11:25:00,2026-04-29 11:25:00,ES,BRACKET_MACRO,ROTATION_ILLIQUID,TrendUp,MID_MORNING_DISCOVERY,ROTATION_ILLIQUID,TRANSITION,NONE,62,20,COMPRESSED_BALANCE_LOW_EDGE,PENDING_ROTATION_ILLIQUID_1_OF_2,1,-0.584,0,POST_IB_AM,22.45,SHORT,0.2068965517241379,0.4712643678160919,-0.6015037593984962,0.0,0.0,0.0,0.9983468282370064,0.996693656475142,0.0088296313220779,22,0.0,-0.0268575980349249,-0.5012531328320802,0.0083612040133779,0,1,0,7161.5,4.9875,,,,False,FRESH,,,,,False,False,False,False,False,False,False,False,False,False,False,False
2026-04-29 11:31:33,2026-01-23 13:55:00,2026-01-23 13:55:00,ES,BRACKET_MACRO,ROTATION_ILLIQUID,TrendUp,POST_LUNCH_ROTATION,TRANSITION,TRANSITION,NONE,50,100,MACRO_STALE_138096.6MIN,UNCHANGED,0,0.0,0,PM,75.71,SHORT,0.6190476190476191,0.8571428571428571,-0.9386281588447654,20.0,3.0,50.0,0.9990600853530572,0.998120170708721,0.0054031930698573,34,0.0,-2.199760685418323,-3.465703971119133,0.0309677419354838,0,1,1,6926.5,3.4625,,,,True,MACRO_STALE_138096.6MIN,,,,,False,False,False,False,False,False,False,False,False,False,False,False
2026-04-29 11:31:35,2026-04-29 11:25:00,2026-04-29 11:25:00,ES,BRACKET_MACRO,ROTATION_ILLIQUID,TrendUp,MID_MORNING_DISCOVERY,ROTATION_ILLIQUID,TRANSITION,NONE,62,20,COMPRESSED_BALANCE_LOW_EDGE,PENDING_ROTATION_ILLIQUID_1_OF_2,1,0.0,0,POST_IB_AM,22.44,SHORT,0.2068965517241379,0.4712643678160919,-0.5882352941176471,0.0,0.0,0.0,0.999903462314062,0.9998069246260606,0.0007134701611599,22,0.0,-0.0262651510194486,-0.4901960784313726,0.0083612040133779,0,1,0,7161.5,5.1,,,,False,FRESH,,,,,False,False,False,False,False,False,False,False,False,False,False,False
2026-04-29 11:36:06,2026-04-29 11:35:00,2026-04-29 11:30:00,ES,BRACKET_MACRO,ROTATION_ILLIQUID,TrendUp,MID_MORNING_DISCOVERY,ROTATION_ILLIQUID,ROTATION_ILLIQUID,NONE,62,20,COMPRESSED_BALANCE_LOW_EDGE,LOCKED_AFTER_2_CONFIRMATIONS,0,0.0,0,POST_IB_AM,38.29,LONG,1.0,0.4,1.2151898734177216,0.0,0.0,0.0,0.999573301905201,0.999146603812408,0.0026960671345364,23,0.0,0.0245817364753471,-0.4556962025316455,0.0069124423963133,0,1,0,7161.75,4.9375,,,,False,FRESH,,,,,False,False,False,False,False,False,False,False,False,False,False,False
2026-04-29 11:36:14,2026-04-29 11:35:00,2026-04-29 11:35:00,ES,BRACKET_MACRO,ROTATION_ILLIQUID,TrendUp,MID_MORNING_DISCOVERY,ROTATION_ILLIQUID,ROTATION_ILLIQUID,NONE,62,20,COMPRESSED_BALANCE_LOW_EDGE,UNCHANGED,0,0.0,0,POST_IB_AM,38.29,LONG,1.0,0.4,1.2151898734177216,0.0,0.0,0.0,0.9999169913028448,0.9998339826024788,0.0006225242888897,24,0.0,0.0245817364753471,-0.4556962025316455,0.0069124423963133,0,1,0,7161.75,4.9375,,,,False,FRESH,,,,,False,False,False,False,False,False,False,False,False,False,False,False
2026-04-29 11:46:42,2026-04-29 11:45:00,2026-04-29 11:45:00,ES,BRACKET_MACRO,ROTATION_ILLIQUID,TrendUp,MID_MORNING_DISCOVERY,TRANSITION,TRANSITION,NONE,50,20,NO_CLEAR_STAGE_C_ALIGNMENT,LOCKED_IMMEDIATE,0,-0.503,0,POST_IB_AM,39.1,SHORT,0.8333333333333334,0.3142857142857143,-0.5115089514066496,0.0,1.0,0.0,0.9998029036279692,0.9996058072588272,0.0013551719632503,26,0.0,-0.5227464103127506,-1.0230179028132993,0.0144613159797541,0,1,0,7159.0,4.8875,,,,False,FRESH,,,,,False,False,False,False,False,False,False,False,False,False,False,False
2026-04-29 11:55:47,2026-04-29 11:55:00,2026-04-29 11:50:00,ES,BRACKET_MACRO,ROTATION_ILLIQUID,TrendDown,MID_MORNING_DISCOVERY,TREND_COMPRESSION,TREND_COMPRESSION,SHORT,68,10,DEVELOPING_INITIATIVE_PHASE_AWARE,LOCKED_IMMEDIATE,0,-2.566,1,POST_IB_AM,69.37,SHORT,1.0,0.3684210526315789,-2.4186046511627906,10.0,2.0,0.0,0.999999986954208,0.9999999739077274,1.8026572010863597e-07,1,0.037037037037037,-2.253732425084224,-2.8372093023255816,0.0392282958199356,0,1,1,7148.75,5.375,,,,False,FRESH,,,,,True,False,True,False,False,False,True,False,False,True,False,True
2026-04-29 11:55:55,2026-04-29 11:55:00,2026-04-29 11:55:00,ES,BRACKET_MACRO,ROTATION_ILLIQUID,TrendUp,MID_MORNING_DISCOVERY,TREND_COMPRESSION,TREND_COMPRESSION,SHORT,68,40,DEVELOPING_INITIATIVE_PHASE_AWARE,UNCHANGED,0,-2.566,2,POST_IB_AM,69.37,SHORT,1.0,0.3684210526315789,-2.4186046511627906,10.0,2.0,0.0,0.5423672848313277,0.0847345696603169,0.4974072735883923,1,0.037037037037037,-2.253732425084224,-2.8372093023255816,0.0392282958199356,0,1,1,7148.75,5.375,,,,False,FRESH,,,,,True,False,True,False,False,False,True,False,False,True,False,True
2026-04-29 12:06:26,2026-04-29 12:05:00,2026-04-29 12:00:00,ES,BRACKET_MACRO,ROTATION_ILLIQUID,TrendUp,LUNCH_AUCTION,ROTATION_ILLIQUID,TREND_COMPRESSION,SHORT,62,35,COMPRESSED_BALANCE_LOW_EDGE,PENDING_ROTATION_ILLIQUID_1_OF_2,1,-0.237,2,LUNCH,24.35,SHORT,0.0649350649350649,0.1685393258426966,-0.2257336343115124,20.0,3.0,0.0,0.9358629724725934,0.8717259449454694,0.1718265138435931,2,0.0,-0.4377654360480603,-1.1286681715575622,0.0147318797878609,0,1,0,7157.75,5.5375,,,,False,FRESH,,,,,False,False,True,False,False,False,True,False,False,True,False,False
2026-04-29 12:06:34,2026-04-29 12:05:00,2026-04-29 12:05:00,ES,BRACKET_MACRO,ROTATION_ILLIQUID,TrendUp,LUNCH_AUCTION,ROTATION_ILLIQUID,ROTATION_ILLIQUID,NONE,62,35,COMPRESSED_BALANCE_LOW_EDGE,LOCKED_AFTER_2_CONFIRMATIONS,0,-0.237,2,LUNCH,24.35,SHORT,0.0649350649350649,0.1685393258426966,-0.2257336343115124,20.0,3.0,0.0,0.9789369936860552,0.9578739873755414,0.0736840652271764,3,0.0,-0.4377654360480603,-1.1286681715575622,0.0147318797878609,0,1,0,7157.75,5.5375,,,,False,FRESH,,,,,False,False,False,False,False,False,False,False,False,False,False,False
2026-04-29 12:15:32,2026-04-29 12:15:00,2026-04-29 12:10:00,ES,BRACKET_MACRO,ROTATION_ILLIQUID,TrendUp,LUNCH_AUCTION,TRANSITION,TRANSITION,NONE,50,45,NO_CLEAR_STAGE_C_ALIGNMENT,LOCKED_IMMEDIATE,0,1.282,1,LUNCH,48.38,NONE,0.6363636363636364,0.25,1.2814645308924484,30.0,4.0,0.0,0.9988289660037084,0.9976579320045988,0.0065459929926743,4,0.0,-0.7966114089137821,-1.5102974828375284,0.0184151785714285,0,1,0,7155.75,5.4625,,,,False,FRESH,,,,,False,False,False,False,False,False,False,False,False,False,False,False
2026-04-29 12:15:40,2026-04-29 12:15:00,2026-04-29 12:15:00,ES,BRACKET_MACRO,ROTATION_ILLIQUID,TrendUp,LUNCH_AUCTION,TRANSITION,TRANSITION,NONE,50,45,NO_CLEAR_STAGE_C_ALIGNMENT,UNCHANGED,0,1.282,0,LUNCH,48.38,NONE,0.6363636363636364,0.25,1.2814645308924484,30.0,4.0,0.0,0.9996208872130028,0.9992417744257948,0.0024277447990393,5,0.0,-0.7966114089137821,-1.5102974828375284,0.0184151785714285,0,1,0,7155.75,5.4625,,,,False,FRESH,,,,,False,False,False,False,False,False,False,False,False,False,False,False
2026-04-29 12:26:10,2026-04-29 12:25:00,2026-04-29 12:20:00,ES,BRACKET_MACRO,ROTATION_ILLIQUID,TrendUp,LUNCH_AUCTION,TRANSITION,TRANSITION,NONE,50,35,NO_CLEAR_STAGE_C_ALIGNMENT,UNCHANGED,0,-0.408,0,LUNCH,58.66,SHORT,1.0,0.1627906976744186,-0.4054054054054054,40.0,5.0,0.0,0.9993946490460388,0.9987892980939888,0.0036721190716732,6,0.0,-0.7977105222293635,-1.5315315315315317,0.018018018018018,0,1,1,7155.5,5.55,,,,False,FRESH,,,,,False,False,False,False,False,False,False,False,False,False,False,False
2026-04-29 12:26:18,2026-04-29 12:25:00,2026-04-29 12:25:00,ES,BRACKET_MACRO,ROTATION_ILLIQUID,TrendUp,LUNCH_AUCTION,TRANSITION,TRANSITION,NONE,50,35,NO_CLEAR_STAGE_C_ALIGNMENT,UNCHANGED,0,-0.408,0,LUNCH,58.66,SHORT,1.0,0.1627906976744186,-0.4054054054054054,40.0,5.0,0.0,0.9997981873254168,0.9995963746508418,0.0013841569556511,7,0.0,-0.7977105222293635,-1.5315315315315317,0.018018018018018,0,1,1,7155.5,5.55,,,,False,FRESH,,,,,False,False,False,False,False,False,False,False,False,False,False,False
2026-04-29 12:30:43,2026-04-27 10:55:00,2026-04-27 10:55:00,ES,BRACKET_MACRO,ROTATION_ILLIQUID,TrendUp,POST_IB_MACRO,TRANSITION,TRANSITION,NONE,50,100,MACRO_STALE_2975.7MIN,UNCHANGED,0,0.0,0,POST_IB_AM,0.0,NONE,0.0,0.0,0.0,0.0,0.0,0.0,0.999953306788162,0.999906613578857,0.0003695554866297,11,0.0,-0.1859540506642848,0.5,0.0032377428307123,0,1,0,7190.0,7.0,,,,True,MACRO_STALE_2975.7MIN,,,,,False,False,False,False,False,False,False,False,False,False,False,False
2026-04-29 12:30:45,2026-04-29 12:25:00,2026-04-29 12:25:00,ES,BRACKET_MACRO,ROTATION_ILLIQUID,TrendUp,LUNCH_AUCTION,TRANSITION,TRANSITION,NONE,50,35,NO_CLEAR_STAGE_C_ALIGNMENT,UNCHANGED,0,0.0,0,LUNCH,58.07,SHORT,1.0,0.1627906976744186,-0.3938730853391685,40.0,5.0,0.0,0.9997838813881434,0.9995677627749406,0.0014715979054859,7,0.0,-0.7750185380083968,-1.487964989059081,0.018018018018018,0,1,1,7155.5,5.7125,,,,False,FRESH,,,,,False,False,False,False,False,False,False,False,False,False,False,False
2026-04-29 12:36:48,2026-04-29 12:35:00,2026-04-29 12:35:00,ES,BRACKET_MACRO,ROTATION_ILLIQUID,TrendUp,LUNCH_AUCTION,TRANSITION,TRANSITION,NONE,50,35,NO_CLEAR_STAGE_C_ALIGNMENT,UNCHANGED,0,0.0,0,LUNCH,72.72,SHORT,1.0,0.2087912087912088,-1.9747899159663864,50.0,6.0,0.0,0.8823943403768156,0.7647886807538371,0.2612195098397134,9,0.2716049382716049,-2.575973573140586,-3.361344537815126,0.0398604882909815,0,1,1,7144.0,5.95,,,,False,FRESH,,,,,False,False,False,False,False,False,False,False,False,False,False,False
2026-04-29 12:45:54,2026-04-29 12:45:00,2026-04-29 12:40:00,ES,BRACKET_MACRO,ROTATION_ILLIQUID,TrendUp,LUNCH_AUCTION,TRANSITION,TRANSITION,NONE,50,45,NO_CLEAR_STAGE_C_ALIGNMENT,UNCHANGED,0,-0.814,0,LUNCH,50.24,SHORT,0.2602739726027397,0.3414634146341463,-0.8137044967880085,60.0,7.0,0.0,0.9978528493637008,0.9957056987291132,0.0110626632634445,10,0.0,-1.3871523614072792,-2.2698072805139184,0.0250709555345316,0,1,1,7150.75,5.8375,,,,False,FRESH,,,,,False,False,False,False,False,False,False,False,False,False,False,False
2026-04-29 12:46:03,2026-04-29 12:45:00,2026-04-29 12:45:00,ES,BRACKET_MACRO,ROTATION_ILLIQUID,TrendUp,LUNCH_AUCTION,TRANSITION,TRANSITION,NONE,50,45,NO_CLEAR_STAGE_C_ALIGNMENT,UNCHANGED,0,-0.814,0,LUNCH,50.24,SHORT,0.2602739726027397,0.3414634146341463,-0.8137044967880085,60.0,7.0,0.0,0.985617792227395,0.9712355844512968,0.0543060760966031,11,0.0,-1.3871523614072792,-2.2698072805139184,0.0250709555345316,0,1,1,7150.75,5.8375,,,,False,FRESH,,,,,False,False,False,False,False,False,False,False,False,False,False,False
2026-04-29 12:56:35,2026-04-29 12:55:00,2026-04-29 12:55:00,ES,BRACKET_MACRO,ROTATION_ILLIQUID,TrendUp,LUNCH_AUCTION,TRANSITION,TRANSITION,NONE,50,45,NO_CLEAR_STAGE_C_ALIGNMENT,UNCHANGED,0,1.216,0,LUNCH,70.0,NONE,1.0,0.2533333333333333,1.275626423690205,70.0,8.0,0.0,0.9994760932356842,0.9989521864707064,0.0032326931741768,13,0.0,-1.3964593845914086,-2.3690205011389525,0.02367941712204,0,1,1,7151.0,5.4875,,,,False,FRESH,,,,,False,False,False,False,False,False,False,False,False,False,False,False
2026-04-29 13:05:32,2026-04-29 13:05:00,2026-04-29 13:00:00,ES,BRACKET_MACRO,ROTATION_ILLIQUID,TrendUp,POST_LUNCH_ROTATION,TRANSITION,TRANSITION,NONE,50,35,NO_CLEAR_STAGE_C_ALIGNMENT,UNCHANGED,0,-0.398,0,LUNCH,65.04,SHORT,0.8181818181818182,0.3333333333333333,-0.4,80.0,9.0,0.0,0.9996719714692144,0.999343942937012,0.00213486700377,14,0.0493827160493827,-1.7571174085505643,-2.7555555555555555,0.0270624181580096,0,1,1,7148.5,5.625,,,,False,FRESH,,,,,False,False,False,False,False,False,False,False,False,False,False,False
2026-04-29 13:05:40,2026-04-29 13:05:00,2026-04-29 13:05:00,ES,BRACKET_MACRO,ROTATION_ILLIQUID,TrendUp,POST_LUNCH_ROTATION,TRANSITION,TRANSITION,NONE,50,35,NO_CLEAR_STAGE_C_ALIGNMENT,UNCHANGED,0,-0.398,0,LUNCH,65.04,SHORT,0.8181818181818182,0.3333333333333333,-0.4,80.0,9.0,0.0,0.9996118786981516,0.9992237573961325,0.0024788569733008,15,0.0493827160493827,-1.7571174085505643,-2.7555555555555555,0.0270624181580096,0,1,1,7148.5,5.625,,,,False,FRESH,,,,,False,False,False,False,False,False,False,False,False,False,False,False
2026-04-29 13:08:35,2026-02-05 10:30:00,2026-02-05 10:30:00,ES,BRACKET_MACRO,ROTATION_ILLIQUID,TrendUp,NEAR_IB_CONDITION,TRANSITION,TRANSITION,NONE,50,100,MACRO_STALE_119678.6MIN,UNCHANGED,0,0.0,0,EARLY_AM,68.35,LONG,1.0,0.88,0.4148936170212766,15.0,4.0,0.0,0.9979962047457044,0.9959924094890332,0.0104240413103375,4,0.0,1.186988840323904,0.9219858156028368,0.0398406374501992,0,1,0,6917.25,5.423076923076923,,,,True,MACRO_STALE_119678.6MIN,,,,,False,False,False,False,False,False,False,False,False,False,False,False
2026-04-29 13:08:37,2026-04-29 13:05:00,2026-04-29 13:05:00,ES,BRACKET_MACRO,ROTATION_ILLIQUID,TrendUp,POST_LUNCH_ROTATION,TRANSITION,TRANSITION,NONE,50,35,NO_CLEAR_STAGE_C_ALIGNMENT,UNCHANGED,0,0.0,0,LUNCH,65.04,SHORT,0.8181818181818182,0.3333333333333333,-0.392156862745098,80.0,9.0,0.0,0.9977839596932006,0.9955679193877742,0.0113670629449812,15,0.0493827160493827,-1.722664126029965,-2.701525054466231,0.0270624181580096,0,1,1,7148.5,5.7375,,,,False,FRESH,,,,,False,False,False,False,False,False,False,False,False,False,False,False
2026-04-29 13:16:14,2026-04-29 13:15:00,2026-04-29 13:10:00,ES,BRACKET_MACRO,ROTATION_ILLIQUID,TrendUp,POST_LUNCH_ROTATION,TRANSITION,TRANSITION,NONE,50,35,NO_CLEAR_STAGE_C_ALIGNMENT,UNCHANGED,0,0.0,0,LUNCH,56.05,SHORT,0.3333333333333333,0.5348837209302325,-0.22883295194508,90.0,10.0,0.0,0.9997453480904333,0.999490696182335,0.0017038373619323,16,0.0,-1.551677769184399,-2.608695652173913,0.0241423125794155,0,1,1,7149.75,5.4625,,,,False,FRESH,,,,,False,False,False,False,False,False,False,False,False,False,False,False
2026-04-29 13:16:23,2026-04-29 13:15:00,2026-04-29 13:15:00,ES,BRACKET_MACRO,ROTATION_ILLIQUID,TrendUp,POST_LUNCH_ROTATION,TRANSITION,TRANSITION,NONE,50,35,NO_CLEAR_STAGE_C_ALIGNMENT,UNCHANGED,0,0.0,0,LUNCH,56.05,SHORT,0.3333333333333333,0.5348837209302325,-0.22883295194508,90.0,10.0,0.0,0.999307424086926,0.99861484817442,0.0041339632883344,17,0.0,-1.551677769184399,-2.608695652173913,0.0241423125794155,0,1,1,7149.75,5.4625,,,,False,FRESH,,,,,False,False,False,False,False,False,False,False,False,False,False,False
2026-04-29 13:26:54,2026-03-10 12:35:00,2026-03-10 12:35:00,ES,BRACKET_MACRO,TREND_EXPANSION,TrendUp,LUNCH_AUCTION,TRANSITION,TRANSITION,NONE,50,100,MACRO_STALE_72051.9MIN,UNCHANGED,0,0.0,0,LUNCH,69.65,SHORT,0.3333333333333333,0.855072463768116,-0.1610305958132045,80.0,9.0,0.0,0.999844724967415,0.9996894499320568,0.0010943372613613,5,1.2857142857142858,-2.914938599161871,-6.05475040257649,0.0816326530612244,0,1,0,6778.25,7.7625,,,,True,MACRO_STALE_72051.9MIN,,,,,False,False,False,False,False,False,False,False,False,False,False,False
2026-04-29 13:26:55,2026-04-29 13:25:00,2026-04-29 13:25:00,ES,BRACKET_MACRO,ROTATION_ILLIQUID,TrendUp,POST_LUNCH_ROTATION,TRANSITION,TRANSITION,NONE,50,35,NO_CLEAR_STAGE_C_ALIGNMENT,UNCHANGED,0,0.0,0,LUNCH,58.46,NONE,1.0,0.0526315789473684,0.358744394618834,100.0,11.0,0.0,0.9994411701297252,0.9988823402569298,0.0034221610016446,19,0.0,-1.3415550488036077,-2.42152466367713,0.0220498162515312,0,1,1,7150.5,5.575,,,,False,FRESH,,,,,False,False,False,False,False,False,False,False,False,False,False,False
2026-04-29 13:31:28,2026-03-10 12:35:00,2026-03-10 12:35:00,ES,BRACKET_MACRO,TREND_EXPANSION,TrendUp,LUNCH_AUCTION,TRANSITION,TRANSITION,NONE,50,100,MACRO_STALE_72056.5MIN,UNCHANGED,0,0.0,0,LUNCH,69.65,SHORT,0.3333333333333333,0.855072463768116,-0.1610305958132045,80.0,9.0,0.0,0.999844724967415,0.9996894499320556,0.0010943372613676,5,1.2857142857142858,-2.914938599161871,-6.05475040257649,0.0816326530612244,0,1,0,6778.25,7.7625,,,,True,MACRO_STALE_72056.5MIN,,,,,False,False,False,False,False,False,False,False,False,False,False,False
2026-04-29 13:31:29,2026-04-29 13:25:00,2026-04-29 13:25:00,ES,BRACKET_MACRO,ROTATION_ILLIQUID,TrendUp,POST_LUNCH_ROTATION,TRANSITION,TRANSITION,NONE,50,35,NO_CLEAR_STAGE_C_ALIGNMENT,UNCHANGED,0,0.0,0,LUNCH,58.44,NONE,1.0,0.0526315789473684,0.3579418344519015,100.0,11.0,0.0,0.9992405342030528,0.9984810684089104,0.0044826991783079,19,0.0,-1.338553807083689,-2.416107382550336,0.0220498162515312,0,1,1,7150.5,5.5875,,,,False,FRESH,,,,,False,False,False,False,False,False,False,False,False,False,False,False
2026-04-29 13:36:03,2026-04-29 13:35:00,2026-04-29 13:30:00,ES,BRACKET_MACRO,ROTATION_ILLIQUID,TrendUp,POST_LUNCH_ROTATION,TRANSITION,TRANSITION,NONE,50,20,NO_CLEAR_STAGE_C_ALIGNMENT,UNCHANGED,0,0.0,0,PM,71.69,NONE,1.0,0.2857142857142857,0.6701030927835052,110.0,12.0,31.15,0.9981915812532364,0.9963831625047418,0.0095416199243849,20,0.0,-0.9967381232764666,-2.2680412371134024,0.0173228346456692,0,1,1,7153.0,4.85,,,,False,FRESH,,,,,False,False,False,False,False,False,False,False,False,False,False,False
2026-04-29 13:36:11,2026-04-29 13:35:00,2026-04-29 13:35:00,ES,BRACKET_MACRO,ROTATION_ILLIQUID,TrendUp,POST_LUNCH_ROTATION,TRANSITION,TRANSITION,NONE,50,20,NO_CLEAR_STAGE_C_ALIGNMENT,UNCHANGED,0,0.0,0,PM,71.69,NONE,1.0,0.2857142857142857,0.6701030927835052,110.0,12.0,31.15,0.9989942372007992,0.9979884743988868,0.0057325781610993,21,0.0,-0.9967381232764666,-2.2680412371134024,0.0173228346456692,0,1,1,7153.0,4.85,,,,False,FRESH,,,,,False,False,False,False,False,False,False,False,False,False,False,False
2026-04-29 13:39:05,2026-04-27 10:55:00,2026-04-27 10:55:00,ES,BRACKET_MACRO,ROTATION_ILLIQUID,TrendUp,POST_IB_MACRO,TRANSITION,TRANSITION,NONE,50,100,MACRO_STALE_3044.1MIN,UNCHANGED,0,0.0,0,POST_IB_AM,0.0,NONE,0.0,0.0,0.0,0.0,0.0,0.0,0.999953306788162,0.9999066135788574,0.0003695554866275,11,0.0,-0.1859540506642848,0.5,0.0032377428307123,0,1,0,7190.0,7.0,,,,True,MACRO_STALE_3044.1MIN,,,,,False,False,False,False,False,False,False,False,False,False,False,False
2026-04-29 13:39:07,2026-04-29 13:35:00,2026-04-29 13:35:00,ES,BRACKET_MACRO,ROTATION_ILLIQUID,TrendUp,POST_LUNCH_ROTATION,TRANSITION,TRANSITION,NONE,50,20,NO_CLEAR_STAGE_C_ALIGNMENT,UNCHANGED,0,0.0,0,PM,71.63,NONE,1.0,0.2857142857142857,0.6683804627249358,110.0,12.0,31.07,0.9986967581089548,0.9973935162192982,0.0071844036852651,21,0.0,-0.99417581447627,-2.2622107969151672,0.0173228346456692,0,1,1,7153.0,4.8625,,,,False,FRESH,,,,,False,False,False,False,False,False,False,False,False,False,False,False
2026-04-29 13:43:39,2026-04-28 14:35:00,2026-04-28 14:35:00,ES,MEAN_REVERSION_MACRO,ROTATION_ILLIQUID,TrendUp,AFTERNOON_TREND_TEST,TRANSITION,TRANSITION,NONE,50,100,MACRO_STALE_1388.6MIN,UNCHANGED,0,0.0,0,PM,20.82,LONG,0.0344827586206896,0.2432432432432432,0.0625,40.0,5.0,25.17,0.999777383419242,0.9995547668409248,0.0015110863612033,39,0.0,0.8053066925472194,-0.6875,0.0033670033670033,1,1,0,7164.75,4.0,,,,True,MACRO_STALE_1388.6MIN,,,,,False,False,False,False,False,False,False,False,False,False,False,False
2026-04-29 13:43:40,2026-04-29 13:35:00,2026-04-29 13:35:00,ES,BRACKET_MACRO,ROTATION_ILLIQUID,TrendUp,POST_LUNCH_ROTATION,TRANSITION,TRANSITION,NONE,50,20,NO_CLEAR_STAGE_C_ALIGNMENT,UNCHANGED,0,0.0,0,PM,71.63,NONE,1.0,0.2857142857142857,0.6683804627249358,110.0,12.0,31.07,0.999858556875132,0.9997171137512894,0.0010063737210372,21,0.0,-0.99417581447627,-2.2622107969151672,0.0173228346456692,0,1,1,7153.0,4.8625,,,,False,FRESH,,,,,False,False,False,False,False,False,False,False,False,False,False,False
2026-04-29 13:46:42,2026-04-29 13:45:00,2026-04-29 13:45:00,ES,BRACKET_MACRO,ROTATION_ILLIQUID,TrendUp,POST_LUNCH_ROTATION,TRANSITION,TRANSITION,NONE,50,20,NO_CLEAR_STAGE_C_ALIGNMENT,UNCHANGED,0,0.0,0,PM,76.76,NONE,1.0,1.0,0.6486486486486487,120.0,13.0,28.82,0.9981345381022642,0.9962690762081298,0.0098007636565179,23,0.0,-0.922380655501321,-2.27027027027027,0.0161787365177195,0,1,1,7153.5,4.625,,,,False,FRESH,,,,,False,False,False,False,False,False,False,False,False,False,False,False
2026-04-29 13:55:51,2026-04-29 13:55:00,2026-04-29 13:50:00,ES,MEAN_REVERSION_MACRO,ROTATION_ILLIQUID,TrendUp,POST_LUNCH_ROTATION,TRANSITION,TRANSITION,NONE,55,60,HIGH_CONFLICT_STAGE_A_B_OR_PRICE_ACTION,UNCHANGED,0,0.738,0,PM,45.11,NONE,1.0,1.0,0.7387862796833773,130.0,14.0,8.34,0.953225934747554,0.9064518694957332,0.1362660268127639,1,0.0,-0.2669216309499999,-1.58311345646438,0.0111275964391691,1,1,0,7156.5,4.7375,,,,False,FRESH,,,,,False,False,False,False,False,False,False,False,False,False,False,False
2026-04-29 13:56:00,2026-04-29 13:55:00,2026-04-29 13:55:00,ES,MEAN_REVERSION_MACRO,ROTATION_ILLIQUID,TrendUp,POST_LUNCH_ROTATION,TRANSITION,TRANSITION,NONE,55,60,HIGH_CONFLICT_STAGE_A_B_OR_PRICE_ACTION,UNCHANGED,0,0.738,0,PM,45.11,NONE,1.0,1.0,0.7387862796833773,130.0,14.0,8.34,0.9977836432516152,0.9955672865042668,0.0113684575828172,2,0.0,-0.2669216309499999,-1.58311345646438,0.0111275964391691,1,1,0,7156.5,4.7375,,,,False,FRESH,,,,,False,False,False,False,False,False,False,False,False,False,False,False
2026-04-29 14:06:32,2026-04-29 14:05:00,2026-04-29 14:05:00,ES,BRACKET_MACRO,ROTATION_ILLIQUID,TrendDown,AFTERNOON_TREND_TEST,TREND_COMPRESSION,TREND_COMPRESSION,SHORT,66,10,MICRO_TREND_INSIDE_MACRO_STRUCTURE,LOCKED_IMMEDIATE,0,-1.194,1,PM,65.55,SHORT,0.4893617021276595,0.1864406779661017,-1.1302211302211302,140.0,15.0,54.32,0.8810327541164966,0.7620655082323982,0.2631924707947559,2,0.0864197530864197,-1.9454761671335492,-3.194103194103194,0.0230007077140835,0,1,1,7147.75,5.0875,,,,False,FRESH,,,,,True,False,True,False,False,False,True,False,False,True,False,True
2026-04-29 14:15:40,2026-04-27 10:55:00,2026-04-27 10:55:00,ES,BRACKET_MACRO,ROTATION_ILLIQUID,TrendUp,POST_IB_MACRO,TRANSITION,TRANSITION,NONE,50,100,MACRO_STALE_3080.7MIN,UNCHANGED,0,0.0,0,POST_IB_AM,0.0,NONE,0.0,0.0,0.0,0.0,0.0,0.0,0.999953306788162,0.9999066135788574,0.0003695554866275,11,0.0,-0.1859540506642848,0.5,0.0032377428307123,0,1,0,7190.0,7.0,,,,True,MACRO_STALE_3080.7MIN,,,,,False,False,False,False,False,False,False,False,False,False,False,False
2026-04-29 14:15:42,2026-04-29 14:15:00,2026-04-29 14:10:00,ES,BRACKET_MACRO,ROTATION_ILLIQUID,TrendDown,AFTERNOON_TREND_TEST,TREND_COMPRESSION,TREND_COMPRESSION,SHORT,66,0,MICRO_TREND_INSIDE_MACRO_STRUCTURE,LOCKED_IMMEDIATE,0,0.0,0,PM,82.96,SHORT,1.0,0.5757575757575758,-2.464454976303317,150.0,16.0,64.81,0.999907941131256,0.999815882261046,0.0006835238707875,3,0.2962962962962963,-2.5580919670719764,-3.886255924170616,0.0276746540668241,0,1,1,7143.5,5.275,,,,False,FRESH,,,,,True,False,True,False,False,False,True,False,False,True,False,True
2026-04-29 14:15:49,2026-04-29 14:15:00,2026-04-29 14:15:00,ES,BRACKET_MACRO,ROTATION_ILLIQUID,TrendUp,AFTERNOON_TREND_TEST,TRANSITION,TRANSITION,NONE,50,20,NO_CLEAR_STAGE_C_ALIGNMENT,LOCKED_IMMEDIATE,0,0.0,1,PM,82.96,SHORT,1.0,0.5757575757575758,-2.464454976303317,150.0,16.0,64.81,0.833682006336325,0.6673640126709152,0.3246060981214441,1,0.2962962962962963,-2.5580919670719764,-3.886255924170616,0.0276746540668241,0,1,1,7143.5,5.275,,,,False,FRESH,,,,,False,False,False,False,False,False,False,False,False,False,False,False
2026-04-29 14:21:45,2026-01-29 09:40:00,2026-01-29 09:40:00,ES,BALANCE_STRUCTURE,ROTATION_ILLIQUID,TrendUp,EARLY_TEST,TRANSITION,TRANSITION,NONE,50,100,MACRO_STALE_129881.8MIN,UNCHANGED,0,0.0,0,OPEN,32.4,LONG,0.8181818181818182,0.0,0.6428571428571429,0.0,1.0,0.0,0.9999857797730964,0.9999715595490932,0.0001247425164735,3,0.0,0.5385807486397555,0.5714285714285714,0.1403508771929824,0,1,0,7028.25,3.5,,,,True,MACRO_STALE_129881.8MIN,,,,,False,False,False,False,False,False,False,False,False,False,False,False
2026-04-29 14:21:47,2026-04-29 14:15:00,2026-04-29 14:15:00,ES,BRACKET_MACRO,ROTATION_ILLIQUID,TrendDown,AFTERNOON_TREND_TEST,TREND_COMPRESSION,TREND_COMPRESSION,SHORT,66,0,MICRO_TREND_INSIDE_MACRO_STRUCTURE,LOCKED_IMMEDIATE,0,0.0,0,PM,82.96,SHORT,1.0,0.5757575757575758,-2.295805739514349,150.0,16.0,64.81,0.9769275719871614,0.9538551439735976,0.0791800583758357,4,0.2962962962962963,-2.3830349008926586,-3.620309050772627,0.0276746540668241,0,1,1,7143.5,5.6625,,,,False,FRESH,,,,,True,False,True,False,False,False,True,False,False,True,False,True
2026-04-29 14:26:21,2026-04-29 14:25:00,2026-04-29 14:20:00,ES,BRACKET_MACRO,ROTATION_ILLIQUID,TrendDown,AFTERNOON_TREND_TEST,TREND_COMPRESSION,TREND_COMPRESSION,SHORT,66,0,MICRO_TREND_INSIDE_MACRO_STRUCTURE,UNCHANGED,0,0.0,0,PM,54.28,NONE,0.1052631578947368,0.2235294117647059,0.1777777777777777,160.0,17.0,46.2,0.7822377825737673,0.5644755651451174,0.3780301378553312,5,0.037037037037037,-1.4256679077171914,-2.7111111111111112,0.0196774193548387,0,1,1,7148.75,5.625,,,,False,FRESH,,,,,True,False,True,False,False,False,True,False,False,True,False,True
2026-04-29 14:26:30,2026-04-29 14:25:00,2026-04-29 14:25:00,ES,BRACKET_MACRO,ROTATION_ILLIQUID,TrendUp,AFTERNOON_TREND_TEST,TRANSITION,TRANSITION,NONE,50,20,NO_CLEAR_STAGE_C_ALIGNMENT,LOCKED_IMMEDIATE,0,0.0,1,PM,54.28,NONE,0.1052631578947368,0.2235294117647059,0.1777777777777777,160.0,17.0,46.2,0.9074784604850844,0.8149569209721521,0.2224154257076254,2,0.037037037037037,-1.4256679077171914,-2.7111111111111112,0.0196774193548387,0,1,1,7148.75,5.625,,,,False,FRESH,,,,,False,False,False,False,False,False,False,False,False,False,False,False
2026-04-29 14:35:34,2026-04-29 14:35:00,2026-04-29 14:30:00,ES,BRACKET_MACRO,ROTATION_ILLIQUID,TrendUp,AFTERNOON_TREND_TEST,TRANSITION,TRANSITION,NONE,50,20,NO_CLEAR_STAGE_C_ALIGNMENT,UNCHANGED,0,0.044,1,PM,69.29,NONE,0.024390243902439,0.5483870967741935,0.0424628450106157,170.0,18.0,64.2,0.9865795866341728,0.973159173270187,0.0513491704510984,3,0.2839506172839506,-2.166693618487974,-3.4394904458598723,0.0252415082580243,0,1,1,7143.75,5.8875,,,,False,FRESH,,,,,False,False,False,False,False,False,False,False,False,False,False,False
2026-04-29 14:35:43,2026-04-29 14:35:00,2026-04-29 14:35:00,ES,BRACKET_MACRO,ROTATION_ILLIQUID,TrendUp,AFTERNOON_TREND_TEST,TRANSITION,TRANSITION,NONE,50,20,NO_CLEAR_STAGE_C_ALIGNMENT,UNCHANGED,0,0.044,1,PM,69.29,NONE,0.024390243902439,0.5483870967741935,0.0424628450106157,170.0,18.0,64.2,0.9950178847230292,0.990035769448704,0.022639033483813,4,0.2839506172839506,-2.166693618487974,-3.4394904458598723,0.0252415082580243,0,1,1,7143.75,5.8875,,,,False,FRESH,,,,,False,False,False,False,False,False,False,False,False,False,False,False
2026-04-29 14:46:16,2026-04-29 14:45:00,2026-04-29 14:40:00,ES,BRACKET_MACRO,ROTATION_ILLIQUID,TrendUp,AFTERNOON_TREND_TEST,TRANSITION,TRANSITION,NONE,50,30,NO_CLEAR_STAGE_C_ALIGNMENT,UNCHANGED,0,-1.423,1,PM,84.57,SHORT,1.0,0.4166666666666667,-1.3255360623781678,180.0,19.0,72.84,0.997907893253258,0.9958157865100388,0.010818297228919,5,0.4567901234567901,-2.471525197294173,-3.703703703703704,0.0277940315974253,0,1,1,7140.25,6.4125,,,,False,FRESH,,,,,False,False,False,False,False,False,False,False,False,False,False,False
2026-04-29 14:46:26,2026-04-29 14:45:00,2026-04-29 14:45:00,ES,BRACKET_MACRO,ROTATION_ILLIQUID,TrendUp,AFTERNOON_TREND_TEST,TRANSITION,TRANSITION,NONE,50,30,NO_CLEAR_STAGE_C_ALIGNMENT,UNCHANGED,0,-1.423,0,PM,84.57,SHORT,1.0,0.4166666666666667,-1.3255360623781678,180.0,19.0,72.84,0.9617448874167884,0.923489774835657,0.1171169685690665,6,0.4567901234567901,-2.471525197294173,-3.703703703703704,0.0277940315974253,0,1,1,7140.25,6.4125,,,,False,FRESH,,,,,False,False,False,False,False,False,False,False,False,False,False,False
2026-04-29 14:55:29,2026-04-29 14:55:00,2026-04-29 14:50:00,ES,BRACKET_MACRO,ROTATION_ILLIQUID,TrendUp,AFTERNOON_TREND_TEST,TRANSITION,TRANSITION,NONE,50,30,NO_CLEAR_STAGE_C_ALIGNMENT,UNCHANGED,0,0.866,0,PM,57.95,NONE,0.44,0.2527472527472527,0.8133086876155268,190.0,20.0,30.69,0.9732164500512376,0.946432900105862,0.0889978388791813,7,0.0123456790123456,-0.9699929528225476,-2.181146025878004,0.0165034965034965,0,1,1,7149.25,6.7625,,,,False,FRESH,,,,,False,False,False,False,False,False,False,False,False,False,False,False
2026-04-29 14:55:38,2026-04-29 14:55:00,2026-04-29 14:55:00,ES,BRACKET_MACRO,ROTATION_ILLIQUID,TrendUp,AFTERNOON_TREND_TEST,TRANSITION,TRANSITION,NONE,50,30,NO_CLEAR_STAGE_C_ALIGNMENT,UNCHANGED,0,0.866,0,PM,57.95,NONE,0.44,0.2527472527472527,0.8133086876155268,190.0,20.0,30.69,0.9969297526805028,0.9938595053634776,0.0150256483213894,8,0.0123456790123456,-0.9699929528225476,-2.181146025878004,0.0165034965034965,0,1,1,7149.25,6.7625,,,,False,FRESH,,,,,False,False,False,False,False,False,False,False,False,False,False,False
2026-04-29 15:06:13,2026-04-29 15:05:00,2026-04-29 15:00:00,ES,MEAN_REVERSION_MACRO,ROTATION_ILLIQUID,TrendDown,LATE_DAY_CONVICTION,TRANSITION,TRANSITION,NONE,55,60,HIGH_CONFLICT_STAGE_A_B_OR_PRICE_ACTION,UNCHANGED,0,2.469,1,POWER_HOUR,21.87,LONG,1.0,0.3267326732673267,2.334494773519164,0.0,0.0,5.02,0.924490363845794,0.8489807276907587,0.1930780103523916,2,0.0,0.1606649895092064,-0.975609756097561,0.0075553157042633,1,1,0,7157.0,7.175,,,,False,FRESH,,,,,False,False,False,False,False,False,False,False,False,False,False,False
2026-04-29 15:06:21,2026-04-29 15:05:00,2026-04-29 15:05:00,ES,MEAN_REVERSION_MACRO,ROTATION_ILLIQUID,TrendDown,LATE_DAY_CONVICTION,TRANSITION,TRANSITION,NONE,55,60,HIGH_CONFLICT_STAGE_A_B_OR_PRICE_ACTION,UNCHANGED,0,2.469,1,POWER_HOUR,21.87,LONG,1.0,0.3267326732673267,2.334494773519164,0.0,0.0,5.02,0.5884914694107111,0.176982938821662,0.4886429005701348,3,0.0,0.1606649895092064,-0.975609756097561,0.0075553157042633,1,1,0,7157.0,7.175,,,,False,FRESH,,,,,False,False,False,False,False,False,False,False,False,False,False,False
2026-04-29 15:16:55,2026-04-29 15:15:00,2026-04-29 15:15:00,ES,MEAN_REVERSION_MACRO,ROTATION_ILLIQUID,TrendUp,LATE_DAY_CONVICTION,TRANSITION,TRANSITION,NONE,55,60,HIGH_CONFLICT_STAGE_A_B_OR_PRICE_ACTION,UNCHANGED,0,2.266,2,POWER_HOUR,34.0,LONG,1.0,0.7565217391304347,2.145214521452145,0.0,1.0,39.45,0.9740619628528848,0.9481239257049252,0.0867965533430166,3,0.0,1.2625294915092022,0.198019801980198,0.0015637216575449,1,1,0,7165.5,7.575,,,,False,FRESH,,,,,False,False,False,False,False,False,False,False,False,False,False,False
2026-04-29 15:21:30,2026-04-28 14:35:00,2026-04-28 14:35:00,ES,MEAN_REVERSION_MACRO,ROTATION_ILLIQUID,TrendUp,AFTERNOON_TREND_TEST,TRANSITION,TRANSITION,NONE,50,100,MACRO_STALE_1486.5MIN,UNCHANGED,0,0.0,0,PM,20.82,LONG,0.0344827586206896,0.2432432432432432,0.0625,40.0,5.0,25.17,0.99977732391516,0.9995546478270232,0.0015114473625934,39,0.0,0.8053066925472194,-0.6875,0.0033670033670033,1,1,0,7164.75,4.0,,,,True,MACRO_STALE_1486.5MIN,,,,,False,False,False,False,False,False,False,False,False,False,False,False
2026-04-29 15:21:31,2026-04-29 15:15:00,2026-04-29 15:15:00,ES,MEAN_REVERSION_MACRO,ROTATION_ILLIQUID,TrendUp,LATE_DAY_CONVICTION,TRANSITION,TRANSITION,NONE,52,50,HMM_TRANSITION_OR_RETURN_TO_OPEN,UNCHANGED,0,0.0,0,POWER_HOUR,34.0,LONG,1.0,0.7565217391304347,2.145214521452145,0.0,1.0,39.45,0.9785623756639036,0.9571247513313704,0.074719022896882,3,0.0,1.2625294915092022,0.198019801980198,0.0015637216575449,1,1,0,7165.5,7.575,,,,False,FRESH,,,,,False,False,False,False,False,False,False,False,False,False,False,False
2026-04-29 15:26:06,2026-04-29 15:25:00,2026-04-29 15:20:00,ES,MEAN_REVERSION_MACRO,ROTATION_ILLIQUID,TrendUp,LATE_DAY_CONVICTION,TRANSITION,TRANSITION,NONE,52,50,HMM_TRANSITION_OR_RETURN_TO_OPEN,UNCHANGED,0,0.0,0,POWER_HOUR,44.41,LONG,0.9428571428571428,0.9803921568627452,1.1224489795918369,10.0,2.0,38.71,0.9928396759237532,0.985679351848156,0.0306579191852916,4,0.0,1.2387423279129866,0.1700680272108843,0.0012690355329949,1,1,0,7165.25,7.35,,,,False,FRESH,,,,,False,False,False,False,False,False,False,False,False,False,False,False
2026-04-29 15:26:15,2026-04-29 15:25:00,2026-04-29 15:25:00,ES,MEAN_REVERSION_MACRO,ROTATION_ILLIQUID,TrendUp,LATE_DAY_CONVICTION,TRANSITION,TRANSITION,NONE,52,50,HMM_TRANSITION_OR_RETURN_TO_OPEN,UNCHANGED,0,0.0,0,POWER_HOUR,44.41,LONG,0.9428571428571428,0.9803921568627452,1.1224489795918369,10.0,2.0,38.71,0.9975791260994984,0.9951582522024816,0.0122631832838851,5,0.0,1.2387423279129866,0.1700680272108843,0.0012690355329949,1,1,0,7165.25,7.35,,,,False,FRESH,,,,,False,False,False,False,False,False,False,False,False,False,False,False
2026-04-29 15:29:10,2026-04-27 10:55:00,2026-04-27 10:55:00,ES,BRACKET_MACRO,ROTATION_ILLIQUID,TrendUp,POST_IB_MACRO,TRANSITION,TRANSITION,NONE,50,100,MACRO_STALE_3154.2MIN,UNCHANGED,0,0.0,0,POST_IB_AM,0.0,NONE,0.0,0.0,0.0,0.0,0.0,0.0,0.999953306788162,0.9999066135788574,0.0003695554866275,11,0.0,-0.1859540506642848,0.5,0.0032377428307123,0,1,0,7190.0,7.0,,,,True,MACRO_STALE_3154.2MIN,,,,,False,False,False,False,False,False,False,False,False,False,False,False
2026-04-29 15:29:12,2026-04-29 15:25:00,2026-04-29 15:25:00,ES,MEAN_REVERSION_MACRO,ROTATION_ILLIQUID,TrendUp,LATE_DAY_CONVICTION,TRANSITION,TRANSITION,NONE,52,50,HMM_TRANSITION_OR_RETURN_TO_OPEN,UNCHANGED,0,0.0,0,POWER_HOUR,44.41,LONG,0.9428571428571428,0.9803921568627452,1.11864406779661,10.0,2.0,38.58,0.9980010956516366,0.9960021913031704,0.0104021253453394,5,0.0,1.2345432013776882,0.1694915254237288,0.0012690355329949,1,1,0,7165.25,7.375,,,,False,FRESH,,,,,False,False,False,False,False,False,False,False,False,False,False,False
2026-04-29 15:33:46,2026-04-09 09:40:00,2026-04-09 09:40:00,ES,BALANCE_STRUCTURE,ROTATION_ILLIQUID,TrendUp,EARLY_TEST,TRANSITION,TRANSITION,NONE,50,100,MACRO_STALE_29153.8MIN,UNCHANGED,0,0.0,0,OPEN,0.0,NONE,0.1111111111111111,0.0,-0.1111111111111111,0.0,0.0,0.0,0.9999832406778426,0.9999664813565332,0.0001450298017221,3,0.0,0.1826309067695951,-0.2222222222222222,0.0350877192982456,0,1,0,6800.75,2.25,,,,True,MACRO_STALE_29153.8MIN,,,,,False,False,False,False,False,False,False,False,False,False,False,False
2026-04-29 15:33:48,2026-04-29 15:25:00,2026-04-29 15:25:00,ES,MEAN_REVERSION_MACRO,ROTATION_ILLIQUID,TrendUp,LATE_DAY_CONVICTION,TRANSITION,TRANSITION,NONE,52,50,HMM_TRANSITION_OR_RETURN_TO_OPEN,UNCHANGED,0,0.0,0,POWER_HOUR,44.41,LONG,0.9428571428571428,0.9803921568627452,1.11864406779661,10.0,2.0,38.58,0.9997942147129152,0.9995884294239852,0.0014085096649369,5,0.0,1.2345432013776882,0.1694915254237288,0.0012690355329949,1,1,0,7165.25,7.375,,,,False,FRESH,,,,,False,False,False,False,False,False,False,False,False,False,False,False
2026-04-29 15:36:50,2026-04-29 15:35:00,2026-04-29 15:35:00,ES,MEAN_REVERSION_MACRO,ROTATION_ILLIQUID,TrendDown,LATE_DAY_CONVICTION,ROTATION_ILLIQUID,TRANSITION,NONE,62,50,COMPRESSED_BALANCE_LOW_EDGE,PENDING_ROTATION_ILLIQUID_1_OF_2,1,0.0,1,POWER_HOUR,21.54,NONE,1.0,0.3265306122448979,-1.0819672131147542,0.0,0.0,4.13,0.9211835380402876,0.8423670760821276,0.1989975647754309,2,0.0,0.1321964613734515,-0.8852459016393442,0.0066864784546805,1,1,0,7157.25,7.625,,,,False,FRESH,,,,,False,False,False,False,False,False,False,False,False,False,False,False
2026-04-29 15:42:58,2026-03-10 12:35:00,2026-03-10 12:35:00,ES,BRACKET_MACRO,TREND_EXPANSION,TrendUp,LUNCH_AUCTION,TRANSITION,TRANSITION,NONE,50,100,MACRO_STALE_72188.0MIN,UNCHANGED,0,0.0,0,LUNCH,69.65,SHORT,0.3333333333333333,0.855072463768116,-0.1610305958132045,80.0,9.0,0.0,0.999844724967415,0.9996894499320568,0.0010943372613613,5,1.2857142857142858,-2.914938599161871,-6.05475040257649,0.0816326530612244,0,1,0,6778.25,7.7625,,,,True,MACRO_STALE_72188.0MIN,,,,,False,False,False,False,False,False,False,False,False,False,False,False
2026-04-29 15:42:59,2026-04-29 15:35:00,2026-04-29 15:35:00,ES,MEAN_REVERSION_MACRO,ROTATION_ILLIQUID,TrendDown,LATE_DAY_CONVICTION,ROTATION_ILLIQUID,TRANSITION,NONE,62,50,COMPRESSED_BALANCE_LOW_EDGE,PENDING_ROTATION_ILLIQUID_1_OF_2,1,0.0,0,POWER_HOUR,21.49,NONE,1.0,0.3265306122448979,-1.0476190476190477,0.0,0.0,4.0,0.987331867014243,0.9746637340258052,0.0490014174220696,2,0.0,0.1279997483139769,-0.8571428571428571,0.0066864784546805,1,1,0,7157.25,7.875,,,,False,FRESH,,,,,False,False,False,False,False,False,False,False,False,False,False,False
2026-04-29 15:46:02,2026-04-29 15:45:00,2026-04-29 15:40:00,ES,MEAN_REVERSION_MACRO,ROTATION_ILLIQUID,TrendUp,LATE_DAY_CONVICTION,ROTATION_ILLIQUID,ROTATION_ILLIQUID,NONE,62,50,COMPRESSED_BALANCE_LOW_EDGE,LOCKED_AFTER_2_CONFIRMATIONS,0,0.0,1,POWER_HOUR,11.4,NONE,0.6410256410256411,0.1081081081081081,-0.8771929824561403,0.0,1.0,11.73,0.9036645413465076,0.8073290826908535,0.2286352247674949,1,0.0,0.3755182603205883,-0.7017543859649122,0.0048390999274135,1,1,0,7159.0,7.125,,,,False,FRESH,,,,,False,False,False,False,False,False,False,False,False,False,False,False
2026-04-29 15:46:12,2026-04-29 15:45:00,2026-04-29 15:45:00,ES,MEAN_REVERSION_MACRO,ROTATION_ILLIQUID,TrendUp,LATE_DAY_CONVICTION,ROTATION_ILLIQUID,ROTATION_ILLIQUID,NONE,62,50,COMPRESSED_BALANCE_LOW_EDGE,UNCHANGED,0,0.0,1,POWER_HOUR,11.4,NONE,0.6410256410256411,0.1081081081081081,-0.8771929824561403,0.0,1.0,11.73,0.9941035888427742,0.988207177684629,0.0260750517913242,2,0.0,0.3755182603205883,-0.7017543859649122,0.0048390999274135,1,1,0,7159.0,7.125,,,,False,FRESH,,,,,False,False,False,False,False,False,False,False,False,False,False,False
2026-04-29 15:49:07,2026-04-27 10:55:00,2026-04-27 10:55:00,ES,BRACKET_MACRO,ROTATION_ILLIQUID,TrendUp,POST_IB_MACRO,TRANSITION,TRANSITION,NONE,50,100,MACRO_STALE_3174.1MIN,UNCHANGED,0,0.0,0,POST_IB_AM,0.0,NONE,0.0,0.0,0.0,0.0,0.0,0.0,0.999953306788162,0.999906613578857,0.0003695554866297,11,0.0,-0.1859540506642848,0.5,0.0032377428307123,0,1,0,7190.0,7.0,,,,True,MACRO_STALE_3174.1MIN,,,,,False,False,False,False,False,False,False,False,False,False,False,False
2026-04-29 15:49:09,2026-04-29 15:45:00,2026-04-29 15:45:00,ES,MEAN_REVERSION_MACRO,ROTATION_ILLIQUID,TrendUp,LATE_DAY_CONVICTION,ROTATION_ILLIQUID,TRANSITION,NONE,62,50,COMPRESSED_BALANCE_LOW_EDGE,PENDING_ROTATION_ILLIQUID_1_OF_2,1,0.0,0,POWER_HOUR,11.12,NONE,0.6410256410256411,0.1081081081081081,-0.8650519031141869,0.0,1.0,11.57,0.9946505977422518,0.9893011954836032,0.024032820753585,2,0.0,0.370320775748677,-0.6920415224913495,0.0048390999274135,1,1,0,7159.0,7.225,,,,False,FRESH,,,,,False,False,False,False,False,False,False,False,False,False,False,False
2026-04-29 15:56:48,2026-04-29 15:55:00,2026-04-29 15:55:00,ES,MEAN_REVERSION_MACRO,ROTATION_ILLIQUID,TrendUp,LATE_DAY_CONVICTION,TRANSITION,TRANSITION,NONE,52,50,HMM_TRANSITION_OR_RETURN_TO_OPEN,UNCHANGED,0,0.0,0,POWER_HOUR,42.78,LONG,1.0,0.1186440677966101,0.9576427255985268,10.0,2.0,33.58,0.9976513743249132,0.9953027486476448,0.0119485944105203,4,0.0,1.0746464194860383,-0.0368324125230202,0.0002368545712932,1,1,0,7163.75,6.7875,,,,False,FRESH,,,,,False,False,False,False,False,False,False,False,False,False,False,False
2026-04-29 16:01:23,2026-04-29 16:00:00,2026-04-29 15:55:00,ES,MEAN_REVERSION_MACRO,ROTATION_ILLIQUID,TrendUp,CASH_CLOSE,TREND_COMPRESSION,TREND_COMPRESSION,LONG,66,40,MICRO_TREND_INSIDE_MACRO_STRUCTURE,LOCKED_IMMEDIATE,0,1.585,0,CLOSE,50.75,LONG,1.0,0.238095238095238,1.5463917525773194,15.0,3.0,51.23,0.9975553732283766,0.9951107464531996,0.0123662670616507,4,0.0246913580246913,1.807553619237484,0.8591065292096219,0.0057883769391062,1,1,0,7170.25,7.275,,,,False,FRESH,,,,,False,False,True,False,False,False,True,False,True,False,False,False
2026-04-29 16:01:31,2026-04-29 16:00:00,2026-04-29 16:00:00,ES,MEAN_REVERSION_MACRO,ROTATION_ILLIQUID,TrendDown,CASH_CLOSE,TRANSITION,TRANSITION,NONE,55,60,HIGH_CONFLICT_STAGE_A_B_OR_PRICE_ACTION,LOCKED_IMMEDIATE,0,1.585,1,CLOSE,50.75,LONG,1.0,0.238095238095238,1.5463917525773194,15.0,3.0,51.23,1.0,0.9999999999999512,9.71058459496044e-13,1,0.0246913580246913,1.807553619237484,0.8591065292096219,0.0057883769391062,1,1,0,7170.25,7.275,,,,False,FRESH,,,,,False,False,False,False,False,False,False,False,False,False,False,False
2026-04-30 08:35:42,2026-04-29 16:00:00,2026-04-29 16:00:00,ES,MEAN_REVERSION_MACRO,ROTATION_ILLIQUID,TrendDown,CASH_CLOSE,TRANSITION,TRANSITION,NONE,50,100,MACRO_STALE_995.7MIN,UNCHANGED,0,0.0,0,CLOSE,50.75,LONG,1.0,0.238095238095238,1.5463917525773194,15.0,3.0,51.23,1.0,1.0,9.122898577298659e-34,1,0.0246913580246913,1.807553619237484,0.8591065292096219,0.0057883769391062,1,1,0,7170.25,7.275,,,,True,MACRO_STALE_995.7MIN,,,,,False,False,False,False,False,False,False,False,False,False,False,False
2026-04-30 08:40:33,2026-04-27 10:55:00,2026-04-27 10:55:00,ES,BRACKET_MACRO,ROTATION_ILLIQUID,TrendUp,POST_IB_MACRO,TRANSITION,TRANSITION,NONE,50,100,MACRO_STALE_4185.5MIN,UNCHANGED,0,0.0,0,POST_IB_AM,0.0,NONE,0.0,0.0,0.0,0.0,0.0,0.0,0.999953306788162,0.9999066135788574,0.0003695554866275,11,0.0,-0.1859540506642848,0.5,0.0032377428307123,0,1,0,7190.0,7.0,,,,True,MACRO_STALE_4185.5MIN,,,,,False,False,False,False,False,False,False,False,False,False,False,False
2026-04-30 08:40:35,2026-04-29 16:00:00,2026-04-29 16:00:00,ES,MEAN_REVERSION_MACRO,ROTATION_ILLIQUID,TrendDown,CASH_CLOSE,TRANSITION,TRANSITION,NONE,50,100,MACRO_STALE_1000.6MIN,UNCHANGED,0,0.0,0,CLOSE,50.75,LONG,1.0,0.238095238095238,1.5463917525773194,15.0,3.0,51.23,1.0,1.0,2.4509716672548898e-34,1,0.0246913580246913,1.807553619237484,0.8591065292096219,0.0057883769391062,1,1,0,7170.25,7.275,,,,True,MACRO_STALE_1000.6MIN,,,,,False,False,False,False,False,False,False,False,False,False,False,False
2026-04-30 08:54:29,2026-04-02 16:00:00,2026-04-02 16:00:00,ES,BRACKET_MACRO,TREND_EXPANSION,Transition,CASH_CLOSE,TRANSITION,TRANSITION,NONE,50,100,MACRO_STALE_39894.5MIN,UNCHANGED,0,0.0,0,CLOSE,78.49,NONE,1.0,0.3714285714285714,-0.6941431670281996,125.0,14.0,87.39,0.9999916595754644,0.9999833811312808,7.663755232999964e-05,1,3.305555555555556,1.39820299068177,3.470715835140997,0.0360739516007816,0,1,-1,6605.25,17.2875,,,,True,MACRO_STALE_39894.5MIN,,,,,False,False,False,False,False,False,False,False,False,False,False,False
2026-04-30 08:54:30,2026-04-29 16:00:00,2026-04-29 16:00:00,ES,MEAN_REVERSION_MACRO,ROTATION_ILLIQUID,TrendDown,CASH_CLOSE,TRANSITION,TRANSITION,NONE,50,100,MACRO_STALE_1014.5MIN,UNCHANGED,0,0.0,0,CLOSE,50.75,LONG,1.0,0.238095238095238,1.5463917525773194,15.0,3.0,51.23,1.0,1.0,2.4509716672727233e-34,1,0.0246913580246913,1.807553619237484,0.8591065292096219,0.0057883769391062,1,1,0,7170.25,7.275,,,,True,MACRO_STALE_1014.5MIN,,,,,False,False,False,False,False,False,False,False,False,False,False,False
2026-04-30 09:02:13,2026-04-27 10:55:00,2026-04-27 10:55:00,ES,BRACKET_MACRO,ROTATION_ILLIQUID,TrendUp,POST_IB_MACRO,TRANSITION,TRANSITION,NONE,50,100,MACRO_STALE_4207.2MIN,UNCHANGED,0,0.0,0,POST_IB_AM,0.0,NONE,0.0,0.0,0.0,0.0,0.0,0.0,0.999953306788162,0.999906613578857,0.0003695554866297,11,0.0,-0.1859540506642848,0.5,0.0032377428307123,0,1,0,7190.0,7.0,,,,True,MACRO_STALE_4207.2MIN,,,,,False,False,False,False,False,False,False,False,False,False,False,False
2026-04-30 09:02:15,2026-04-29 16:00:00,2026-04-29 16:00:00,ES,MEAN_REVERSION_MACRO,ROTATION_ILLIQUID,TrendDown,CASH_CLOSE,TRANSITION,TRANSITION,NONE,50,100,MACRO_STALE_1022.2MIN,UNCHANGED,0,0.0,0,CLOSE,50.75,LONG,1.0,0.238095238095238,1.5463917525773194,15.0,3.0,51.23,1.0,1.0,2.4509716672548898e-34,1,0.0246913580246913,1.807553619237484,0.8591065292096219,0.0057883769391062,1,1,0,7170.25,7.275,,,,True,MACRO_STALE_1022.2MIN,,,,,False,False,False,False,False,False,False,False,False,False,False,False
2026-04-30 09:20:54,2026-04-27 10:55:00,2026-04-27 10:55:00,ES,BRACKET_MACRO,ROTATION_ILLIQUID,TrendUp,POST_IB_MACRO,TRANSITION,TRANSITION,NONE,50,100,MACRO_STALE_4225.9MIN,UNCHANGED,0,0.0,0,POST_IB_AM,0.0,NONE,0.0,0.0,0.0,0.0,0.0,0.0,0.999953306788162,0.9999066135788574,0.0003695554866275,11,0.0,-0.1859540506642848,0.5,0.0032377428307123,0,1,0,7190.0,7.0,,,,True,MACRO_STALE_4225.9MIN,,,,,False,False,False,False,False,False,False,False,False,False,False,False
2026-04-30 09:20:55,2026-04-29 16:00:00,2026-04-29 16:00:00,ES,MEAN_REVERSION_MACRO,ROTATION_ILLIQUID,TrendDown,CASH_CLOSE,TRANSITION,TRANSITION,NONE,50,100,MACRO_STALE_1040.9MIN,UNCHANGED,0,0.0,0,CLOSE,50.75,LONG,1.0,0.238095238095238,1.5463917525773194,15.0,3.0,51.23,1.0,1.0,2.4509716672548898e-34,1,0.0246913580246913,1.807553619237484,0.8591065292096219,0.0057883769391062,1,1,0,7170.25,7.275,,,,True,MACRO_STALE_1040.9MIN,,,,,False,False,False,False,False,False,False,False,False,False,False,False
2026-04-30 09:31:57,2026-04-30 09:25:00,2026-04-30 09:25:00,ES,UNRESOLVED,TRANSITION,Balance,PREMARKET_CONTEXT,TRANSITION,TRANSITION,NONE,55,0,OPENING_OR_UNRESOLVED_UNRESOLVED,UNCHANGED,0,0.0,0,PREMARKET,0.0,NONE,0.0,0.0,0.0,0.0,0.0,0.0,0.9999963231961666,0.9999926524657824,3.587356877404306e-05,9,0.0,0.0,0.0,0.0,0,0,0,7200.0,0.0,,,,False,FRESH,,,,,False,False,False,False,False,False,False,False,False,False,False,False
2026-04-30 09:36:48,2026-04-30 09:35:00,2026-04-30 09:35:00,ES,OPENING_AUCTION,ROTATION_ILLIQUID,TrendDown,OPENING_AUCTION,TRANSITION,TRANSITION,NONE,55,0,OPENING_OR_UNRESOLVED_OPENING_AUCTION,UNCHANGED,0,0.0,1,OPEN,0.0,SHORT,0.0,0.0,0.0,0.0,1.0,0.0,0.9999999430874612,0.9999998861728068,7.259255286685912e-07,2,0.0,-0.5791129314826984,-1.4018691588785046,0.5434782608695652,0,1,0,7181.25,13.375,,,,False,FRESH,,,,,False,False,False,True,False,False,False,False,False,False,False,False
2026-04-30 09:38:26,2026-04-27 10:55:00,2026-04-27 10:55:00,ES,BRACKET_MACRO,ROTATION_ILLIQUID,TrendUp,POST_IB_MACRO,TRANSITION,TRANSITION,NONE,50,100,MACRO_STALE_4243.4MIN,UNCHANGED,0,0.0,0,POST_IB_AM,0.0,NONE,0.0,0.0,0.0,0.0,0.0,0.0,0.999953306788162,0.999906613578857,0.0003695554866297,11,0.0,-0.1859540506642848,0.5,0.0032377428307123,0,1,0,7190.0,7.0,,,,True,MACRO_STALE_4243.4MIN,,,,,False,False,False,False,False,False,False,False,False,False,False,False
2026-04-30 09:38:27,2026-04-30 09:35:00,2026-04-30 09:35:00,ES,OPENING_AUCTION,ROTATION_ILLIQUID,TrendDown,OPENING_AUCTION,TRANSITION,TRANSITION,NONE,55,0,OPENING_OR_UNRESOLVED_OPENING_AUCTION,UNCHANGED,0,0.0,0,OPEN,0.0,SHORT,0.0,0.0,0.0,0.0,1.0,0.0,0.9999999999490684,0.9999999998989724,8.937914597842898e-10,2,0.0,-0.5791129314826984,-1.4018691588785046,0.5434782608695652,0,1,0,7181.25,13.375,,,,False,FRESH,,,,,False,False,False,True,False,False,False,False,False,False,False,False
2026-04-30 09:40:02,2026-02-04 10:00:00,2026-02-04 10:00:00,ES,BALANCE_STRUCTURE,ROTATION_ILLIQUID,TrendUp,PRE_DECISION,TRANSITION,TRANSITION,NONE,50,100,MACRO_STALE_122380.0MIN,UNCHANGED,0,0.0,0,EARLY_AM,41.2,LONG,1.0,0.3548387096774194,0.7608695652173912,0.0,1.0,0.0,0.9999352359318316,0.9998704718631544,0.0004972939828955,7,0.0,0.6433404511694591,0.8115942028985507,0.0588235294117647,0,1,0,6940.75,4.928571428571429,,,,True,MACRO_STALE_122380.0MIN,,,,,False,False,False,False,False,False,False,False,False,False,False,False
2026-04-30 09:40:03,2026-04-30 09:35:00,2026-04-30 09:35:00,ES,OPENING_AUCTION,ROTATION_ILLIQUID,TrendDown,OPENING_AUCTION,TRANSITION,TRANSITION,NONE,55,0,OPENING_OR_UNRESOLVED_OPENING_AUCTION,UNCHANGED,0,0.0,0,OPEN,0.0,SHORT,0.0,0.0,0.0,0.0,1.0,0.0,1.0,0.9999999999987907,2.393616417921572e-11,2,0.0,-0.5532596756129351,-1.3392857142857142,0.5434782608695652,0,1,0,7181.25,14.0,,,,False,FRESH,,,,,False,False,False,True,False,False,False,False,False,False,False,False
2026-04-30 09:41:40,2026-04-30 09:40:00,2026-04-30 09:40:00,ES,BALANCE_STRUCTURE,ROTATION_ILLIQUID,TrendDown,EARLY_TEST,TREND_COMPRESSION,TREND_COMPRESSION,SHORT,66,0,MICRO_TREND_INSIDE_MACRO_STRUCTURE,LOCKED_IMMEDIATE,0,0.0,0,OPEN,55.24,SHORT,1.0,0.0,-2.2894736842105265,5.0,2.0,0.0,1.0,0.999999999997432,4.943585303707432e-11,3,0.0,-1.0062545533905665,-2.2894736842105265,0.453125,0,1,0,7171.0,12.666666666666666,,,,False,FRESH,,,,,True,False,True,False,False,False,True,False,False,True,False,True
2026-04-30 09:46:32,2026-04-30 09:45:00,2026-04-30 09:40:00,ES,BALANCE_STRUCTURE,ROTATION_ILLIQUID,TrendDown,FIRST_ACCEPTANCE,ROTATION_ILLIQUID,TREND_COMPRESSION,SHORT,62,20,COMPRESSED_BALANCE_LOW_EDGE,PENDING_ROTATION_ILLIQUID_1_OF_2,1,0.02,0,EARLY_AM,0.0,LONG,0.0120481927710843,0.0,0.0220994475138121,0.0,0.0,0.0,1.0,0.999999999996615,6.448996204961695e-11,3,0.0,0.0324207859205304,-1.6353591160220995,0.2061281337047353,0,1,0,7181.5,11.3125,,,,False,FRESH,,,,,True,False,True,False,False,False,True,False,False,True,False,True
2026-04-30 09:46:40,2026-04-30 09:45:00,2026-04-30 09:45:00,ES,BALANCE_STRUCTURE,ROTATION_ILLIQUID,TrendUp,FIRST_ACCEPTANCE,ROTATION_ILLIQUID,ROTATION_ILLIQUID,NONE,62,20,COMPRESSED_BALANCE_LOW_EDGE,LOCKED_AFTER_2_CONFIRMATIONS,0,0.02,1,EARLY_AM,0.0,LONG,0.0120481927710843,0.0,0.0220994475138121,0.0,0.0,0.0,0.6532193467898538,0.3064386935785644,0.4655799982486801,1,0.0,0.0324207859205304,-1.6353591160220995,0.2061281337047353,0,1,0,7181.5,11.3125,,,,False,FRESH,,,,,False,False,False,False,False,False,False,False,False,False,False,False
2026-04-30 09:49:45,2026-04-07 10:20:00,2026-04-07 10:20:00,ES,BRACKET_MACRO,ROTATION_ILLIQUID,TrendUp,PRE_IB_MATURATION,TRANSITION,TRANSITION,NONE,50,100,MACRO_STALE_33089.8MIN,UNCHANGED,0,0.0,0,EARLY_AM,30.67,NONE,1.0,0.3684210526315789,0.5,0.0,0.0,0.0,0.9985994144943742,0.9971988289907306,0.0076482042113782,2,0.0,-0.0144492834598774,-1.0,0.0404721753794266,0,1,0,6657.5,6.0,,,,True,MACRO_STALE_33089.8MIN,,,,,False,False,False,False,False,False,False,False,False,False,False,False
2026-04-30 09:49:46,2026-04-30 09:45:00,2026-04-30 09:45:00,ES,BALANCE_STRUCTURE,ROTATION_ILLIQUID,TrendUp,FIRST_ACCEPTANCE,ROTATION_ILLIQUID,TRANSITION,NONE,62,20,COMPRESSED_BALANCE_LOW_EDGE,PENDING_ROTATION_ILLIQUID_1_OF_2,1,0.0,0,EARLY_AM,0.0,LONG,0.0120481927710843,0.0,0.0192307692307692,0.0,0.0,0.0,0.7038664517454094,0.4077329034916187,0.4382565497978898,1,0.0,0.0282123185173846,-1.4230769230769231,0.2061281337047353,0,1,0,7181.5,13.0,,,,False,FRESH,,,,,False,False,False,False,False,False,False,False,False,False,False,False
2026-04-30 09:51:22,2026-04-30 09:50:00,2026-04-30 09:45:00,ES,BALANCE_STRUCTURE,ROTATION_ILLIQUID,TrendUp,EARLY_CONTINUATION,ROTATION_ILLIQUID,ROTATION_ILLIQUID,NONE,62,20,COMPRESSED_BALANCE_LOW_EDGE,LOCKED_AFTER_2_CONFIRMATIONS,0,0.0,0,EARLY_AM,26.47,NONE,0.4736842105263157,0.5144508670520231,0.6,0.0,1.0,0.0,0.702712647128406,0.4054252942545137,0.4389748299703959,1,0.0,-0.2602133872819346,-1.9777777777777776,0.1854166666666666,0,1,0,7177.75,11.25,,,,False,FRESH,,,,,False,False,False,False,False,False,False,False,False,False,False,False
2026-04-30 09:51:31,2026-04-30 09:50:00,2026-04-30 09:50:00,ES,BALANCE_STRUCTURE,ROTATION_ILLIQUID,TrendUp,EARLY_CONTINUATION,ROTATION_ILLIQUID,ROTATION_ILLIQUID,NONE,62,20,COMPRESSED_BALANCE_LOW_EDGE,UNCHANGED,0,0.0,0,EARLY_AM,26.47,NONE,0.4736842105263157,0.5144508670520231,0.6,0.0,1.0,0.0,0.999222601480478,0.9984452029590076,0.0045754536801191,2,0.0,-0.2602133872819346,-1.9777777777777776,0.1854166666666666,0,1,0,7177.75,11.25,,,,False,FRESH,,,,,False,False,False,False,False,False,False,False,False,False,False,False
2026-04-30 09:56:14,2026-04-30 09:55:00,2026-04-30 09:50:00,ES,BALANCE_STRUCTURE,ROTATION_ILLIQUID,TrendDown,EARLY_CONTINUATION,TREND_COMPRESSION,TREND_COMPRESSION,SHORT,66,10,MICRO_TREND_INSIDE_MACRO_STRUCTURE,LOCKED_IMMEDIATE,0,-1.192,1,EARLY_AM,50.24,SHORT,1.0,0.4,-1.2258064516129032,0.0,1.0,0.0,0.9691418828749055,0.9382837657469224,0.0993385927280149,5,0.0,-1.0489513631584624,-2.817204301075269,0.225473321858864,0,1,-1,7167.25,11.625,,,,False,FRESH,,,,,True,False,True,False,False,False,True,False,False,True,False,True
2026-04-30 09:56:22,2026-04-30 09:55:00,2026-04-30 09:55:00,ES,BALANCE_STRUCTURE,ROTATION_ILLIQUID,TrendDown,EARLY_CONTINUATION,TREND_COMPRESSION,TREND_COMPRESSION,SHORT,66,20,MICRO_TREND_INSIDE_MACRO_STRUCTURE,UNCHANGED,0,-1.192,1,EARLY_AM,50.24,SHORT,1.0,0.4,-1.2258064516129032,0.0,1.0,0.0,0.5443006516787497,0.0886013033561123,0.4971649259775557,6,0.0,-1.0489513631584624,-2.817204301075269,0.225473321858864,0,1,-1,7167.25,11.625,,,,False,FRESH,,,,,True,False,True,False,False,False,True,False,False,True,False,True
2026-04-30 10:01:04,2026-04-30 10:00:00,2026-04-30 09:55:00,ES,BALANCE_STRUCTURE,ROTATION_ILLIQUID,TrendDown,PRE_DECISION,TREND_COMPRESSION,TREND_COMPRESSION,SHORT,66,10,MICRO_TREND_INSIDE_MACRO_STRUCTURE,UNCHANGED,0,-1.091,1,EARLY_AM,55.88,SHORT,1.0,0.2149532710280373,-1.0869565217391304,5.0,2.0,0.0,0.9538547597289476,0.907709519459858,0.1348954226847666,6,0.0,-1.060867227449505,-3.0217391304347827,0.2074626865671641,0,1,-1,7165.25,11.5,,,,False,FRESH,,,,,True,False,True,False,False,False,True,False,False,True,False,True
2026-04-30 10:01:13,2026-04-30 10:00:00,2026-04-30 10:00:00,ES,BALANCE_STRUCTURE,ROTATION_ILLIQUID,TrendDown,PRE_DECISION,TREND_COMPRESSION,TREND_COMPRESSION,SHORT,66,10,MICRO_TREND_INSIDE_MACRO_STRUCTURE,UNCHANGED,0,-1.091,1,EARLY_AM,55.88,SHORT,1.0,0.2149532710280373,-1.0869565217391304,5.0,2.0,0.0,0.9469634632930716,0.8939269265876368,0.1495792628334884,7,0.0,-1.060867227449505,-3.0217391304347827,0.2074626865671641,0,1,-1,7165.25,11.5,,,,False,FRESH,,,,,True,False,True,False,False,False,True,False,False,True,False,True
2026-04-30 10:04:19,2026-04-27 10:55:00,2026-04-27 10:55:00,ES,BRACKET_MACRO,ROTATION_ILLIQUID,TrendUp,POST_IB_MACRO,TRANSITION,TRANSITION,NONE,50,100,MACRO_STALE_4269.3MIN,UNCHANGED,0,0.0,0,POST_IB_AM,0.0,NONE,0.0,0.0,0.0,0.0,0.0,0.0,0.999953306788162,0.9999066135788574,0.0003695554866275,11,0.0,-0.1859540506642848,0.5,0.0032377428307123,0,1,0,7190.0,7.0,,,,True,MACRO_STALE_4269.3MIN,,,,,False,False,False,False,False,False,False,False,False,False,False,False
2026-04-30 10:04:21,2026-04-30 10:00:00,2026-04-30 10:00:00,ES,BALANCE_STRUCTURE,ROTATION_ILLIQUID,TrendDown,PRE_DECISION,TREND_COMPRESSION,TREND_COMPRESSION,SHORT,66,0,MICRO_TREND_INSIDE_MACRO_STRUCTURE,LOCKED_IMMEDIATE,0,0.0,0,EARLY_AM,54.92,SHORT,1.0,0.2149532710280373,-1.002865329512894,5.0,2.0,0.0,0.992669813354938,0.9853396267134134,0.0312607860675309,7,0.0,-0.978794404695532,-2.7879656160458453,0.2074626865671641,0,1,-1,7165.25,12.464285714285714,,,,False,FRESH,,,,,True,False,True,False,False,False,True,False,False,True,False,True
2026-04-30 10:05:56,2026-04-30 10:05:00,2026-04-30 10:00:00,ES,BALANCE_STRUCTURE,ROTATION_ILLIQUID,TrendDown,END_FIRST_WINDOW,TREND_COMPRESSION,TREND_COMPRESSION,SHORT,66,0,MICRO_TREND_INSIDE_MACRO_STRUCTURE,UNCHANGED,0,0.0,0,EARLY_AM,37.16,NONE,0.5294117647058824,0.4285714285714285,0.3923705722070845,10.0,3.0,0.0,0.9999507181557746,0.9999014363092872,0.0003881251842295,7,0.0,-0.4267816566613158,-2.463215258855586,0.1504660452729693,0,1,0,7171.75,11.46875,,,,False,FRESH,,,,,True,False,True,False,False,False,True,False,False,True,False,True
2026-04-30 10:06:05,2026-04-30 10:05:00,2026-04-30 10:05:00,ES,BALANCE_STRUCTURE,ROTATION_ILLIQUID,TrendUp,END_FIRST_WINDOW,ROTATION_ILLIQUID,TREND_COMPRESSION,SHORT,62,20,COMPRESSED_BALANCE_LOW_EDGE,PENDING_ROTATION_ILLIQUID_1_OF_2,1,0.0,1,EARLY_AM,37.16,NONE,0.5294117647058824,0.4285714285714285,0.3923705722070845,10.0,3.0,0.0,0.94025534957092,0.8805106991454383,0.1632152208539938,1,0.0,-0.4267816566613158,-2.463215258855586,0.1504660452729693,0,1,0,7171.75,11.46875,,,,False,FRESH,,,,,True,False,True,False,False,False,True,False,False,True,False,True
2026-04-30 10:10:49,2026-04-30 10:10:00,2026-04-30 10:05:00,ES,BRACKET_MACRO,ROTATION_ILLIQUID,TrendDown,PRE_IB_MATURATION,TREND_COMPRESSION,TREND_COMPRESSION,SHORT,66,0,MICRO_TREND_INSIDE_MACRO_STRUCTURE,UNCHANGED,0,-0.042,0,EARLY_AM,50.15,SHORT,0.037037037037037,0.5,-0.0416666666666666,15.0,4.0,0.0,0.9999999603678597,0.9999999207389408,5.158037342869324e-07,8,0.0,-0.9124499322665542,-2.9375,0.161697247706422,0,1,-1,7164.75,12.0,,,,False,FRESH,,,,,True,False,True,False,False,False,True,False,False,True,False,True
2026-04-30 10:10:58,2026-04-30 10:10:00,2026-04-30 10:10:00,ES,BRACKET_MACRO,ROTATION_ILLIQUID,TrendUp,PRE_IB_MATURATION,TRANSITION,TRANSITION,NONE,50,20,NO_CLEAR_STAGE_C_ALIGNMENT,LOCKED_IMMEDIATE,0,-0.042,1,EARLY_AM,50.15,SHORT,0.037037037037037,0.5,-0.0416666666666666,15.0,4.0,0.0,0.9611647510496356,0.9223295020958906,0.1184630619668367,1,0.0,-0.9124499322665542,-2.9375,0.161697247706422,0,1,-1,7164.75,12.0,,,,False,FRESH,,,,,False,False,False,False,False,False,False,False,False,False,False,False
2026-04-30 10:15:43,2026-04-30 10:15:00,2026-04-30 10:10:00,ES,BRACKET_MACRO,ROTATION_ILLIQUID,TrendDown,PRE_IB_MATURATION,TREND_COMPRESSION,TREND_COMPRESSION,SHORT,66,0,MICRO_TREND_INSIDE_MACRO_STRUCTURE,LOCKED_IMMEDIATE,0,-0.212,0,EARLY_AM,27.91,SHORT,0.217391304347826,0.1,-0.2096436058700209,20.0,5.0,0.0,0.9999976850912808,0.9999953701859008,2.333807831891896e-05,9,0.0,-0.4812628303280656,-2.5786163522012577,0.1271975180972078,0,1,0,7169.25,11.925,,,,False,FRESH,,,,,True,False,True,False,False,False,True,False,False,True,False,True
2026-04-30 10:15:52,2026-04-30 10:15:00,2026-04-30 10:15:00,ES,BRACKET_MACRO,ROTATION_ILLIQUID,TrendUp,PRE_IB_MATURATION,ROTATION_ILLIQUID,TREND_COMPRESSION,SHORT,62,20,COMPRESSED_BALANCE_LOW_EDGE,PENDING_ROTATION_ILLIQUID_1_OF_2,1,-0.212,1,EARLY_AM,27.91,SHORT,0.217391304347826,0.1,-0.2096436058700209,20.0,5.0,0.0,0.9670015172408836,0.9340030344820914,0.1046065421673003,1,0.0,-0.4812628303280656,-2.5786163522012577,0.1271975180972078,0,1,0,7169.25,11.925,,,,False,FRESH,,,,,True,False,True,False,False,False,True,False,False,True,False,True
2026-04-30 10:20:35,2026-04-30 10:20:00,2026-04-30 10:15:00,ES,BRACKET_MACRO,ROTATION_ILLIQUID,TrendDown,PRE_IB_MATURATION,TREND_COMPRESSION,TREND_COMPRESSION,SHORT,66,0,MICRO_TREND_INSIDE_MACRO_STRUCTURE,UNCHANGED,0,0.312,0,EARLY_AM,44.35,NONE,0.7142857142857143,0.1733333333333333,0.308411214953271,25.0,6.0,0.0,0.8192515549214741,0.6385031098421428,0.3408558148486987,10,0.0,-0.460650377766841,-2.5906542056074766,0.1148587055606198,0,1,-1,7168.5,12.159090909090908,,,,False,FRESH,,,,,True,False,True,False,False,False,True,False,False,True,False,True
2026-04-30 10:20:44,2026-04-30 10:20:00,2026-04-30 10:20:00,ES,BRACKET_MACRO,ROTATION_ILLIQUID,TrendUp,PRE_IB_MATURATION,ROTATION_ILLIQUID,TREND_COMPRESSION,SHORT,62,20,COMPRESSED_BALANCE_LOW_EDGE,PENDING_ROTATION_ILLIQUID_1_OF_2,1,0.312,1,EARLY_AM,44.35,NONE,0.7142857142857143,0.1733333333333333,0.308411214953271,25.0,6.0,0.0,0.7977826978117801,0.5955653956267997,0.3631702974959409,2,0.0,-0.460650377766841,-2.5906542056074766,0.1148587055606198,0,1,-1,7168.5,12.159090909090908,,,,False,FRESH,,,,,True,False,True,False,False,False,True,False,False,True,False,True
2026-04-30 10:27:01,2026-04-30 10:25:00,2026-04-30 10:25:00,ES,BRACKET_MACRO,ROTATION_ILLIQUID,TrendUp,NEAR_IB_CONDITION,ROTATION_ILLIQUID,ROTATION_ILLIQUID,NONE,62,20,COMPRESSED_BALANCE_LOW_EDGE,LOCKED_AFTER_2_CONFIRMATIONS,0,0.27,1,EARLY_AM,16.82,NONE,0.6842105263157895,0.0461538461538461,0.2703639514731369,0.0,0.0,0.0,0.96550269233022,0.93100538465805,0.1082334351583084,1,0.0,-0.1225738331050175,-2.287694974003466,0.0925925925925925,0,1,0,7172.5,12.020833333333334,,,,False,FRESH,,,,,False,False,False,False,False,False,False,False,False,False,False,False
2026-04-30 10:31:51,2026-04-30 10:30:00,2026-04-30 10:30:00,ES,BRACKET_MACRO,ROTATION_ILLIQUID,TrendUp,NEAR_IB_CONDITION,ROTATION_ILLIQUID,ROTATION_ILLIQUID,NONE,62,20,COMPRESSED_BALANCE_LOW_EDGE,UNCHANGED,0,0.395,1,EARLY_AM,33.37,NONE,1.0,0.85,0.40032414910859,0.0,0.0,0.0,0.9979004126689082,0.9958008253352126,0.0108515679913986,2,0.0,-0.0409489185051971,-2.254457050243112,0.0846518987341772,0,1,0,7173.25,11.865384615384617,,,,False,FRESH,,,,,False,False,False,False,False,False,False,False,False,False,False,False
2026-04-30 10:35:41,2026-04-30 10:35:00,2026-04-30 10:30:00,ES,BRACKET_MACRO,ROTATION_ILLIQUID,TrendUp,POST_IB_MACRO,ROTATION_ILLIQUID,ROTATION_ILLIQUID,NONE,62,20,COMPRESSED_BALANCE_LOW_EDGE,UNCHANGED,0,-0.084,1,POST_IB_AM,7.76,SHORT,0.4,0.3103448275862069,-0.0845921450151057,0.0,0.0,0.0,0.920091287072142,0.8401825741429407,0.2009287264240485,2,0.0,-0.2003556543053123,-2.4108761329305137,0.0829694323144104,0,1,0,7171.5,11.821428571428571,,,,False,FRESH,,,,,False,False,False,False,False,False,False,False,False,False,False,False
2026-04-30 10:35:49,2026-04-30 10:35:00,2026-04-30 10:35:00,ES,BRACKET_MACRO,ROTATION_ILLIQUID,TrendUp,POST_IB_MACRO,ROTATION_ILLIQUID,ROTATION_ILLIQUID,NONE,62,20,COMPRESSED_BALANCE_LOW_EDGE,UNCHANGED,0,-0.084,1,POST_IB_AM,7.76,SHORT,0.4,0.3103448275862069,-0.0845921450151057,0.0,0.0,0.0,0.9984593940760256,0.9969187881545648,0.0083068466570786,3,0.0,-0.2003556543053123,-2.4108761329305137,0.0829694323144104,0,1,0,7171.5,11.821428571428571,,,,False,FRESH,,,,,False,False,False,False,False,False,False,False,False,False,False,False
2026-04-30 10:45:38,2026-04-30 10:45:00,2026-04-30 10:40:00,ES,BRACKET_MACRO,ROTATION_ILLIQUID,TrendUp,POST_IB_MACRO,ROTATION_ILLIQUID,ROTATION_ILLIQUID,NONE,62,20,COMPRESSED_BALANCE_LOW_EDGE,UNCHANGED,0,0.192,0,POST_IB_AM,22.99,LONG,0.391304347826087,0.6666666666666666,0.1967213114754098,0.0,0.0,0.0,0.9085511484613428,0.8171022969238543,0.2206437472585822,4,0.0,0.1689560485833904,-2.1420765027322406,0.0636363636363636,0,1,0,7175.5,11.4375,,,,False,FRESH,,,,,False,False,False,False,False,False,False,False,False,False,False,False
2026-04-30 10:45:46,2026-04-30 10:45:00,2026-04-30 10:45:00,ES,BRACKET_MACRO,ROTATION_ILLIQUID,TrendUp,POST_IB_MACRO,ROTATION_ILLIQUID,ROTATION_ILLIQUID,NONE,62,20,COMPRESSED_BALANCE_LOW_EDGE,UNCHANGED,0,0.192,0,POST_IB_AM,22.99,LONG,0.391304347826087,0.6666666666666666,0.1967213114754098,0.0,0.0,0.0,0.9990809126132846,0.998161825223397,0.0052983284174249,5,0.0,0.1689560485833904,-2.1420765027322406,0.0636363636363636,0,1,0,7175.5,11.4375,,,,False,FRESH,,,,,False,False,False,False,False,False,False,False,False,False,False,False
2026-04-30 10:55:36,2026-04-30 10:55:00,2026-04-30 10:50:00,ES,BRACKET_MACRO,ROTATION_ILLIQUID,TrendDown,POST_IB_MACRO,TRANSITION,TRANSITION,NONE,50,30,NO_CLEAR_STAGE_C_ALIGNMENT,LOCKED_IMMEDIATE,0,1.648,1,POST_IB_AM,52.0,LONG,1.0,0.8372093023255814,1.676470588235294,0.0,1.0,0.0,0.999994782475338,0.9999895649530688,4.954271049525644e-05,1,0.0,1.4023244572711464,-0.838235294117647,0.0225653206650831,0,1,0,7190.5,11.333333333333334,,,,False,FRESH,,,,,False,False,False,False,False,False,False,False,False,False,False,False
2026-04-30 10:55:46,2026-04-30 10:55:00,2026-04-30 10:55:00,ES,BRACKET_MACRO,ROTATION_ILLIQUID,TrendDown,POST_IB_MACRO,TRANSITION,TRANSITION,NONE,50,30,NO_CLEAR_STAGE_C_ALIGNMENT,UNCHANGED,0,1.648,1,POST_IB_AM,52.0,LONG,1.0,0.8372093023255814,1.676470588235294,0.0,1.0,0.0,0.996460950618106,0.9929219012333504,0.0169565792423862,2,0.0,1.4023244572711464,-0.838235294117647,0.0225653206650831,0,1,0,7190.5,11.333333333333334,,,,False,FRESH,,,,,False,False,False,False,False,False,False,False,False,False,False,False
2026-04-30 11:06:59,2026-04-30 11:05:00,2026-04-30 11:05:00,ES,BRACKET_MACRO,ROTATION_ILLIQUID,TrendUp,MID_MORNING_DISCOVERY,TREND_COMPRESSION,TREND_COMPRESSION,LONG,64,30,DEVELOPING_INITIATIVE_PHASE_AWARE,LOCKED_IMMEDIATE,0,1.496,2,POST_IB_AM,63.0,LONG,1.0,0.8444444444444444,1.5491329479768785,10.0,2.0,0.0,0.9948841862042312,0.9897683724104815,0.0231485943939508,2,0.0,1.4822089087676975,-0.7167630057803468,0.0170704845814977,0,1,0,7192.25,10.8125,,,,False,FRESH,,,,,True,False,True,False,False,False,True,False,True,False,True,False
2026-04-30 11:16:41,2026-04-30 11:15:00,2026-04-30 11:15:00,ES,MEAN_REVERSION_MACRO,ROTATION_ILLIQUID,TrendUp,MID_MORNING_DISCOVERY,TRANSITION,TRANSITION,NONE,52,50,HMM_TRANSITION_OR_RETURN_TO_OPEN,LOCKED_IMMEDIATE,0,0.558,2,POST_IB_AM,56.0,LONG,1.0,1.0,0.5925925925925926,20.0,3.0,0.0,0.9998883821914768,0.9997767643844412,0.000813233931987,4,0.0,1.8774527124294336,-0.345679012345679,0.0071794871794871,1,1,0,7196.5,10.125,,,,False,FRESH,,,,,False,False,False,False,False,False,False,False,False,False,False,False
2026-04-30 11:18:18,2026-04-27 10:55:00,2026-04-27 10:55:00,ES,BRACKET_MACRO,ROTATION_ILLIQUID,TrendUp,POST_IB_MACRO,TRANSITION,TRANSITION,NONE,50,100,MACRO_STALE_4343.3MIN,UNCHANGED,0,0.0,0,POST_IB_AM,0.0,NONE,0.0,0.0,0.0,0.0,0.0,0.0,0.999953306788162,0.999906613578857,0.0003695554866297,11,0.0,-0.1859540506642848,0.5,0.0032377428307123,0,1,0,7190.0,7.0,,,,True,MACRO_STALE_4343.3MIN,,,,,False,False,False,False,False,False,False,False,False,False,False,False
2026-04-30 11:18:19,2026-04-30 11:15:00,2026-04-30 11:15:00,ES,MEAN_REVERSION_MACRO,ROTATION_ILLIQUID,TrendUp,MID_MORNING_DISCOVERY,TRANSITION,TRANSITION,NONE,52,50,HMM_TRANSITION_OR_RETURN_TO_OPEN,UNCHANGED,0,0.0,0,POST_IB_AM,56.0,LONG,1.0,1.0,0.5925925925925926,20.0,3.0,0.0,0.9999017837249374,0.9998035674527784,0.0007246545181797,4,0.0,1.8774527124294336,-0.345679012345679,0.0071794871794871,1,1,0,7196.5,10.125,,,,False,FRESH,,,,,False,False,False,False,False,False,False,False,False,False,False,False
2026-04-30 11:26:19,2026-04-30 11:25:00,2026-04-30 11:20:00,ES,MEAN_REVERSION_MACRO,ROTATION_ILLIQUID,TrendUp,MID_MORNING_DISCOVERY,TRANSITION,TRANSITION,NONE,52,50,HMM_TRANSITION_OR_RETURN_TO_OPEN,UNCHANGED,0,0.0,0,POST_IB_AM,54.6,LONG,0.7894736842105263,0.9534883720930232,0.4026845637583892,30.0,4.0,0.0,0.999849953596275,0.9996999071911252,0.0010611949786917,5,0.0,1.9043222503449877,-0.4295302013422818,0.0078163165608207,1,1,0,7196.0,9.3125,,,,False,FRESH,,,,,False,False,False,False,False,False,False,False,False,False,False,False
2026-04-30 11:26:27,2026-04-30 11:25:00,2026-04-30 11:25:00,ES,MEAN_REVERSION_MACRO,ROTATION_ILLIQUID,TrendUp,MID_MORNING_DISCOVERY,TRANSITION,TRANSITION,NONE,52,50,HMM_TRANSITION_OR_RETURN_TO_OPEN,UNCHANGED,0,0.0,0,POST_IB_AM,54.6,LONG,0.7894736842105263,0.9534883720930232,0.4026845637583892,30.0,4.0,0.0,0.9998095453773248,0.999619090754631,0.0013142152422236,6,0.0,1.9043222503449877,-0.4295302013422818,0.0078163165608207,1,1,0,7196.0,9.3125,,,,False,FRESH,,,,,False,False,False,False,False,False,False,False,False,False,False,False
2026-04-30 11:35:49,2026-04-30 11:35:00,2026-04-30 11:30:00,ES,MEAN_REVERSION_MACRO,ROTATION_ILLIQUID,TrendUp,MID_MORNING_DISCOVERY,TRANSITION,TRANSITION,NONE,52,50,HMM_TRANSITION_OR_RETURN_TO_OPEN,UNCHANGED,0,0.133,0,POST_IB_AM,49.43,LONG,0.5555555555555556,0.8787878787878788,0.1443001443001443,40.0,5.0,0.0,0.9998007663461368,0.9996015326956896,0.0013683170250523,7,0.0,2.112189881394348,-0.2597402597402597,0.0041628122109158,1,1,0,7197.75,8.6625,,,,False,FRESH,,,,,False,False,False,False,False,False,False,False,False,False,False,False
2026-04-30 11:35:57,2026-04-30 11:35:00,2026-04-30 11:35:00,ES,MEAN_REVERSION_MACRO,ROTATION_ILLIQUID,TrendUp,MID_MORNING_DISCOVERY,TRANSITION,TRANSITION,NONE,52,50,HMM_TRANSITION_OR_RETURN_TO_OPEN,UNCHANGED,0,0.133,0,POST_IB_AM,49.43,LONG,0.5555555555555556,0.8787878787878788,0.1443001443001443,40.0,5.0,0.0,0.9999096931239464,0.9998193862495044,0.0006717673084141,8,0.0,2.112189881394348,-0.2597402597402597,0.0041628122109158,1,1,0,7197.75,8.6625,,,,False,FRESH,,,,,False,False,False,False,False,False,False,False,False,False,False,False
2026-04-30 11:38:56,2026-03-10 12:55:00,2026-03-10 12:55:00,ES,BRACKET_MACRO,TREND_COMPRESSION,TrendUp,LUNCH_AUCTION,TRANSITION,TRANSITION,NONE,50,100,MACRO_STALE_73363.9MIN,UNCHANGED,0,0.0,0,LUNCH,72.13,NONE,1.0,0.6551724137931034,1.4333333333333331,100.0,11.0,0.0,0.6503068826616539,0.3006137653225533,0.4668968422417628,9,0.8131868131868132,-1.3597330677646824,-4.833333333333333,0.0570416994492525,0,1,0,6789.0,7.5,,,,True,MACRO_STALE_73363.9MIN,,,,,False,False,False,False,False,False,False,False,False,False,False,False
2026-04-30 11:38:57,2026-04-30 11:35:00,2026-04-30 11:35:00,ES,MEAN_REVERSION_MACRO,ROTATION_ILLIQUID,TrendUp,MID_MORNING_DISCOVERY,TRANSITION,TRANSITION,NONE,52,50,HMM_TRANSITION_OR_RETURN_TO_OPEN,UNCHANGED,0,0.0,0,POST_IB_AM,49.05,LONG,0.5555555555555556,0.8787878787878788,0.1406469760900141,40.0,5.0,0.0,0.999788662758365,0.9995773255152006,0.0014424514896635,8,0.0,2.058716719840061,-0.2531645569620253,0.0041628122109158,1,1,0,7197.75,8.8875,,,,False,FRESH,,,,,False,False,False,False,False,False,False,False,False,False,False,False
2026-04-30 11:40:30,2026-03-10 12:55:00,2026-03-10 12:55:00,ES,BRACKET_MACRO,TREND_COMPRESSION,TrendUp,LUNCH_AUCTION,TRANSITION,TRANSITION,NONE,50,100,MACRO_STALE_73365.5MIN,UNCHANGED,0,0.0,0,LUNCH,72.13,NONE,1.0,0.6551724137931034,1.4333333333333331,100.0,11.0,0.0,0.6503068826616539,0.3006137653200089,0.4668968422418559,9,0.8131868131868132,-1.3597330677646824,-4.833333333333333,0.0570416994492525,0,1,0,6789.0,7.5,,,,True,MACRO_STALE_73365.5MIN,,,,,False,False,False,False,False,False,False,False,False,False,False,False
2026-04-30 11:40:31,2026-04-30 11:35:00,2026-04-30 11:35:00,ES,MEAN_REVERSION_MACRO,ROTATION_ILLIQUID,TrendUp,MID_MORNING_DISCOVERY,TRANSITION,TRANSITION,NONE,52,50,HMM_TRANSITION_OR_RETURN_TO_OPEN,UNCHANGED,0,0.0,0,POST_IB_AM,48.99,LONG,0.5555555555555556,0.8787878787878788,0.1400560224089636,40.0,5.0,0.0,0.99962283462126,0.9992456692454031,0.0024166754703914,8,0.0,2.050066649588632,-0.2521008403361344,0.0041628122109158,1,1,0,7197.75,8.925,,,,False,FRESH,,,,,False,False,False,False,False,False,False,False,False,False,False,False
2026-04-30 11:46:46,2026-04-30 11:45:00,2026-04-30 11:45:00,ES,BRACKET_MACRO,ROTATION_ILLIQUID,TrendUp,MID_MORNING_DISCOVERY,TRANSITION,TRANSITION,NONE,50,20,NO_CLEAR_STAGE_C_ALIGNMENT,UNCHANGED,0,0.0,0,POST_IB_AM,48.83,NONE,0.5,0.0212765957446808,-0.4347826086956521,50.0,6.0,0.0,0.9954592489800118,0.9909184979583974,0.0209380113383816,10,0.0,1.5455661858606435,-0.9316770186335402,0.0132042253521126,0,1,0,7192.5,8.05,,,,False,FRESH,,,,,False,False,False,False,False,False,False,False,False,False,False,False
2026-04-30 11:54:34,2026-03-10 12:55:00,2026-03-10 12:55:00,ES,BRACKET_MACRO,TREND_COMPRESSION,TrendUp,LUNCH_AUCTION,TRANSITION,TRANSITION,NONE,50,100,MACRO_STALE_73379.6MIN,UNCHANGED,0,0.0,0,LUNCH,72.13,NONE,1.0,0.6551724137931034,1.4333333333333331,100.0,11.0,0.0,0.6503068826616539,0.3006137653200089,0.4668968422418559,9,0.8131868131868132,-1.3597330677646824,-4.833333333333333,0.0570416994492525,0,1,0,6789.0,7.5,,,,True,MACRO_STALE_73379.6MIN,,,,,False,False,False,False,False,False,False,False,False,False,False,False
2026-04-30 11:54:35,2026-04-30 11:45:00,2026-04-30 11:45:00,ES,BRACKET_MACRO,ROTATION_ILLIQUID,TrendUp,MID_MORNING_DISCOVERY,TRANSITION,TRANSITION,NONE,50,20,NO_CLEAR_STAGE_C_ALIGNMENT,UNCHANGED,0,0.0,0,POST_IB_AM,48.77,NONE,0.5,0.0212765957446808,-0.4314329738058551,50.0,6.0,0.0,0.999516975529603,0.9990339510563476,0.0030087504209569,10,0.0,1.53365889629315,-0.9244992295839752,0.0132042253521126,0,1,0,7192.5,8.1125,,,,False,FRESH,,,,,False,False,False,False,False,False,False,False,False,False,False,False
2026-04-30 11:56:07,2026-04-30 11:55:00,2026-04-30 11:50:00,ES,MEAN_REVERSION_MACRO,ROTATION_ILLIQUID,TrendUp,MID_MORNING_DISCOVERY,TRANSITION,TRANSITION,NONE,52,50,HMM_TRANSITION_OR_RETURN_TO_OPEN,UNCHANGED,0,0.0,0,POST_IB_AM,26.68,LONG,0.2222222222222222,0.2698412698412698,0.4152249134948097,60.0,7.0,0.0,0.995226978009158,0.9904539560188238,0.021836880706783,11,0.0,2.790614704657333,0.1038062283737024,0.0012515644555694,1,1,0,7200.75,7.225,,,,False,FRESH,,,,,False,False,False,False,False,False,False,False,False,False,False,False
2026-04-30 11:56:15,2026-04-30 11:55:00,2026-04-30 11:55:00,ES,MEAN_REVERSION_MACRO,ROTATION_ILLIQUID,TrendUp,MID_MORNING_DISCOVERY,TRANSITION,TRANSITION,NONE,52,50,HMM_TRANSITION_OR_RETURN_TO_OPEN,UNCHANGED,0,0.0,0,POST_IB_AM,26.68,LONG,0.2222222222222222,0.2698412698412698,0.4152249134948097,60.0,7.0,0.0,0.9993700908333396,0.998740181668624,0.0038030164711598,12,0.0,2.790614704657333,0.1038062283737024,0.0012515644555694,1,1,0,7200.75,7.225,,,,False,FRESH,,,,,False,False,False,False,False,False,False,False,False,False,False,False
2026-04-30 12:06:59,2026-04-30 12:05:00,2026-04-30 12:05:00,ES,MEAN_REVERSION_MACRO,ROTATION_ILLIQUID,TrendUp,LUNCH_AUCTION,TRANSITION,TRANSITION,NONE,55,75,HIGH_CONFLICT_STAGE_A_B_OR_PRICE_ACTION,UNCHANGED,0,0.84,0,LUNCH,32.42,LONG,0.6097560975609756,0.1594202898550724,0.8960573476702509,70.0,8.0,0.0,0.9995653097408328,0.9991306194826556,0.0027407451276355,14,0.0,2.4975359851479983,-0.1792114695340501,0.0019984012789768,1,1,0,7198.75,6.975,,,,False,FRESH,,,,,False,False,False,False,False,False,False,False,False,False,False,False
2026-04-30 12:16:16,2026-04-30 12:15:00,2026-04-30 12:10:00,ES,MEAN_REVERSION_MACRO,ROTATION_ILLIQUID,TrendUp,LUNCH_AUCTION,TRANSITION,TRANSITION,NONE,55,55,HIGH_CONFLICT_STAGE_A_B_OR_PRICE_ACTION,UNCHANGED,0,0.869,0,LUNCH,35.31,LONG,0.6,0.3829787234042553,0.9195402298850576,80.0,9.0,0.0,0.9988361229651868,0.9976722459292058,0.006511135957909,15,0.1314285714285714,3.796638837900141,1.0344827586206895,0.0104367993815229,1,1,0,7206.75,6.525,,,,False,FRESH,,,,,False,False,False,False,False,False,False,False,False,False,False,False
2026-04-30 12:16:24,2026-04-30 12:15:00,2026-04-30 12:15:00,ES,MEAN_REVERSION_MACRO,ROTATION_ILLIQUID,TrendUp,LUNCH_AUCTION,TRANSITION,TRANSITION,NONE,55,55,HIGH_CONFLICT_STAGE_A_B_OR_PRICE_ACTION,UNCHANGED,0,0.869,0,LUNCH,35.31,LONG,0.6,0.3829787234042553,0.9195402298850576,80.0,9.0,0.0,0.999515145064611,0.999030290132618,0.003018829102963,16,0.1314285714285714,3.796638837900141,1.0344827586206895,0.0104367993815229,1,1,0,7206.75,6.525,,,,False,FRESH,,,,,False,False,False,False,False,False,False,False,False,False,False,False
2026-04-30 12:25:29,2026-04-27 10:55:00,2026-04-27 10:55:00,ES,BRACKET_MACRO,ROTATION_ILLIQUID,TrendUp,POST_IB_MACRO,TRANSITION,TRANSITION,NONE,50,100,MACRO_STALE_4410.5MIN,UNCHANGED,0,0.0,0,POST_IB_AM,0.0,NONE,0.0,0.0,0.0,0.0,0.0,0.0,0.999953306788162,0.9999066135788574,0.0003695554866275,11,0.0,-0.1859540506642848,0.5,0.0032377428307123,0,1,0,7190.0,7.0,,,,True,MACRO_STALE_4410.5MIN,,,,,False,False,False,False,False,False,False,False,False,False,False,False
2026-04-30 12:25:30,2026-04-30 12:15:00,2026-04-30 12:15:00,ES,MEAN_REVERSION_MACRO,ROTATION_ILLIQUID,TrendUp,LUNCH_AUCTION,TREND_COMPRESSION,TREND_COMPRESSION,LONG,66,45,MICRO_TREND_INSIDE_MACRO_STRUCTURE,LOCKED_IMMEDIATE,0,0.0,0,LUNCH,35.31,LONG,0.6,0.3829787234042553,0.897196261682243,80.0,9.0,0.0,0.999761747803274,0.9995234956031144,0.0016055513172364,16,0.1314285714285714,3.704384062399764,1.0093457943925233,0.0104367993815229,1,1,0,7206.75,6.6875,,,,False,FRESH,,,,,False,False,True,False,False,False,True,False,True,False,False,False
2026-04-30 12:27:01,2026-04-30 12:25:00,2026-04-30 12:25:00,ES,MEAN_REVERSION_MACRO,ROTATION_ILLIQUID,TrendUp,LUNCH_AUCTION,TRANSITION,TRANSITION,NONE,52,45,HMM_TRANSITION_OR_RETURN_TO_OPEN,LOCKED_IMMEDIATE,0,0.0,0,LUNCH,30.78,LONG,0.3617021276595745,0.4772727272727273,0.718816067653277,90.0,10.0,0.0,0.999226784507976,0.9984535690125852,0.004553844527246,18,0.0457142857142857,3.4500390160088314,0.5073995771670191,0.0044994375703037,1,1,0,7203.0,5.9125,,,,False,FRESH,,,,,False,False,False,False,False,False,False,False,False,False,False,False
2026-04-30 12:30:04,2026-01-26 15:35:00,2026-01-26 15:35:00,ES,BRACKET_MACRO,TREND_EXPANSION,TrendUp,LATE_DAY_CONVICTION,TRANSITION,TRANSITION,NONE,50,100,MACRO_STALE_135175.1MIN,UNCHANGED,0,0.0,0,POWER_HOUR,64.31,LONG,0.2075471698113207,0.2533333333333333,0.4731182795698925,320.0,35.0,100.0,0.8247500620800546,0.64950012415964,0.3347873219906327,2,1.6888888888888889,2.6825523441047183,6.580645161290323,0.06288532675709,0,1,1,6982.25,5.8125,,,,True,MACRO_STALE_135175.1MIN,,,,,False,False,False,False,False,False,False,False,False,False,False,False
2026-04-30 12:30:06,2026-04-30 12:25:00,2026-04-30 12:25:00,ES,MEAN_REVERSION_MACRO,ROTATION_ILLIQUID,TrendUp,LUNCH_AUCTION,TRANSITION,TRANSITION,NONE,52,45,HMM_TRANSITION_OR_RETURN_TO_OPEN,UNCHANGED,0,0.0,0,LUNCH,30.78,LONG,0.3617021276595745,0.4772727272727273,0.7142857142857143,90.0,10.0,0.0,0.9996408064784892,0.9992816129605768,0.0023141737404714,18,0.0457142857142857,3.428295072630624,0.5042016806722689,0.0044994375703037,1,1,0,7203.0,5.95,,,,False,FRESH,,,,,False,False,False,False,False,False,False,False,False,False,False,False
2026-04-30 12:33:08,2026-03-10 12:55:00,2026-03-10 12:55:00,ES,BRACKET_MACRO,TREND_COMPRESSION,TrendUp,LUNCH_AUCTION,TRANSITION,TRANSITION,NONE,50,100,MACRO_STALE_73418.1MIN,UNCHANGED,0,0.0,0,LUNCH,72.13,NONE,1.0,0.6551724137931034,1.4333333333333331,100.0,11.0,0.0,0.6503068826616539,0.3006137653225533,0.4668968422417628,9,0.8131868131868132,-1.3597330677646824,-4.833333333333333,0.0570416994492525,0,1,0,6789.0,7.5,,,,True,MACRO_STALE_73418.1MIN,,,,,False,False,False,False,False,False,False,False,False,False,False,False
2026-04-30 12:33:09,2026-04-30 12:25:00,2026-04-30 12:25:00,ES,MEAN_REVERSION_MACRO,ROTATION_ILLIQUID,TrendUp,LUNCH_AUCTION,TRANSITION,TRANSITION,NONE,52,45,HMM_TRANSITION_OR_RETURN_TO_OPEN,UNCHANGED,0,0.0,0,LUNCH,30.78,LONG,0.3617021276595745,0.4772727272727273,0.7142857142857143,90.0,10.0,0.0,0.9999610050181084,0.9999220100338684,0.0003136955159255,18,0.0457142857142857,3.428295072630624,0.5042016806722689,0.0044994375703037,1,1,0,7203.0,5.95,,,,False,FRESH,,,,,False,False,False,False,False,False,False,False,False,False,False,False
2026-04-30 12:36:13,2026-04-30 12:35:00,2026-04-30 12:30:00,ES,MEAN_REVERSION_MACRO,ROTATION_ILLIQUID,TrendUp,LUNCH_AUCTION,TRANSITION,TRANSITION,NONE,52,45,HMM_TRANSITION_OR_RETURN_TO_OPEN,UNCHANGED,0,0.0,0,LUNCH,25.38,NONE,0.5,0.2333333333333333,-0.4618937644341802,100.0,11.0,0.0,0.9998340715916872,0.9996681431801276,0.0011614762114944,19,0.0742857142857142,3.913098247123248,0.7852193995381063,0.0062066447608616,1,1,0,7204.25,5.4125,,,,False,FRESH,,,,,False,False,False,False,False,False,False,False,False,False,False,False
2026-04-30 12:36:21,2026-04-30 12:35:00,2026-04-30 12:35:00,ES,MEAN_REVERSION_MACRO,ROTATION_ILLIQUID,TrendUp,LUNCH_AUCTION,TRANSITION,TRANSITION,NONE,52,45,HMM_TRANSITION_OR_RETURN_TO_OPEN,UNCHANGED,0,0.0,0,LUNCH,25.38,NONE,0.5,0.2333333333333333,-0.4618937644341802,100.0,11.0,0.0,0.9996771488394768,0.999354297682133,0.0021048774072256,20,0.0742857142857142,3.913098247123248,0.7852193995381063,0.0062066447608616,1,1,0,7204.25,5.4125,,,,False,FRESH,,,,,False,False,False,False,False,False,False,False,False,False,False,False
2026-04-30 12:42:20,2026-03-16 14:45:00,2026-03-16 14:45:00,ES,BRACKET_MACRO,ROTATION_LIQUID,TrendDown,AFTERNOON_TREND_TEST,TRANSITION,TRANSITION,NONE,50,100,MACRO_STALE_64677.3MIN,UNCHANGED,0,0.0,0,PM,55.57,SHORT,1.0,0.5862068965517241,-3.2258064516129035,0.0,1.0,49.03,0.999344662651496,0.998689325302567,0.0039378227917822,4,0.6415094339622641,-0.9557122734631356,3.59046283309958,0.0340788072417465,0,1,-1,6745.75,8.9125,,,,True,MACRO_STALE_64677.3MIN,,,,,False,False,False,False,False,False,False,False,False,False,False,False
2026-04-30 12:42:21,2026-04-30 12:35:00,2026-04-30 12:35:00,ES,MEAN_REVERSION_MACRO,ROTATION_ILLIQUID,TrendUp,LUNCH_AUCTION,TRANSITION,TRANSITION,NONE,52,45,HMM_TRANSITION_OR_RETURN_TO_OPEN,UNCHANGED,0,0.0,0,LUNCH,25.25,NONE,0.5,0.2333333333333333,-0.4566210045662101,100.0,11.0,0.0,0.9999641122231564,0.9999282244473652,0.0002908491979933,20,0.0742857142857142,3.868428175809055,0.7762557077625571,0.0062066447608616,1,1,0,7204.25,5.475,,,,False,FRESH,,,,,False,False,False,False,False,False,False,False,False,False,False,False
2026-04-30 12:46:57,2026-04-30 12:45:00,2026-04-30 12:45:00,ES,MEAN_REVERSION_MACRO,ROTATION_ILLIQUID,TrendUp,LUNCH_AUCTION,TRANSITION,TRANSITION,NONE,55,65,HIGH_CONFLICT_STAGE_A_B_OR_PRICE_ACTION,UNCHANGED,0,0.0,0,LUNCH,18.99,NONE,0.4444444444444444,0.1384615384615384,-0.3782505910165485,110.0,12.0,0.0,0.9994257150871376,0.9988514301743814,0.003505500122752,22,0.0,3.3156961223355363,0.1891252955082742,0.0014189428875487,1,1,0,7201.0,5.2875,,,,False,FRESH,,,,,False,False,False,False,False,False,False,False,False,False,False,False
2026-04-30 12:50:02,2026-02-06 10:25:00,2026-02-06 10:25:00,ES,BRACKET_MACRO,ROTATION_ILLIQUID,TrendUp,NEAR_IB_CONDITION,TRANSITION,TRANSITION,NONE,50,100,MACRO_STALE_119665.0MIN,UNCHANGED,0,0.0,0,EARLY_AM,48.69,SHORT,0.6,0.0714285714285714,-0.3130434782608695,25.0,6.0,0.0,0.9999792647980666,0.9999585295972688,0.0001762516806847,9,0.0,-1.1193569814907791,-0.0521739130434782,0.0018975332068311,0,1,0,6838.25,4.791666666666667,,,,True,MACRO_STALE_119665.0MIN,,,,,False,False,False,False,False,False,False,False,False,False,False,False
2026-04-30 12:50:03,2026-04-30 12:45:00,2026-04-30 12:45:00,ES,MEAN_REVERSION_MACRO,ROTATION_ILLIQUID,TrendUp,LUNCH_AUCTION,TRANSITION,TRANSITION,NONE,55,65,HIGH_CONFLICT_STAGE_A_B_OR_PRICE_ACTION,UNCHANGED,0,0.0,0,LUNCH,18.99,NONE,0.4444444444444444,0.1384615384615384,-0.3782505910165485,110.0,12.0,0.0,0.9985820837705534,0.9971641675379976,0.0077302550738096,22,0.0,3.3156961223355363,0.1891252955082742,0.0014189428875487,1,1,0,7201.0,5.2875,,,,False,FRESH,,,,,False,False,False,False,False,False,False,False,False,False,False,False
2026-04-30 12:56:29,2026-04-30 12:55:00,2026-04-30 12:50:00,ES,MEAN_REVERSION_MACRO,ROTATION_ILLIQUID,TrendUp,LUNCH_AUCTION,TRANSITION,TRANSITION,NONE,55,65,HIGH_CONFLICT_STAGE_A_B_OR_PRICE_ACTION,UNCHANGED,0,0.0,0,LUNCH,46.0,NONE,1.0,0.7916666666666666,-1.355932203389831,120.0,13.0,0.0,0.998439842403542,0.9968796848039628,0.0083980643413271,23,0.0,2.5868965792377017,-0.5326876513317191,0.0037697052775873,1,1,0,7197.25,5.1625,,,,False,FRESH,,,,,False,False,False,False,False,False,False,False,False,False,False,False
2026-04-30 12:56:38,2026-04-30 12:55:00,2026-04-30 12:55:00,ES,MEAN_REVERSION_MACRO,ROTATION_ILLIQUID,TrendUp,LUNCH_AUCTION,TRANSITION,TRANSITION,NONE,55,65,HIGH_CONFLICT_STAGE_A_B_OR_PRICE_ACTION,UNCHANGED,0,0.0,0,LUNCH,46.0,NONE,1.0,0.7916666666666666,-1.355932203389831,120.0,13.0,0.0,0.9989774373932084,0.9979548747851512,0.0058161071996716,24,0.0,2.5868965792377017,-0.5326876513317191,0.0037697052775873,1,1,0,7197.25,5.1625,,,,False,FRESH,,,,,False,False,False,False,False,False,False,False,False,False,False,False
2026-04-30 13:06:12,2026-04-30 13:05:00,2026-04-30 13:00:00,ES,MEAN_REVERSION_MACRO,ROTATION_ILLIQUID,TrendDown,POST_LUNCH_ROTATION,TRANSITION,TRANSITION,NONE,55,65,HIGH_CONFLICT_STAGE_A_B_OR_PRICE_ACTION,UNCHANGED,0,0.428,1,LUNCH,13.03,LONG,0.2307692307692307,0.0175438596491228,0.4215456674473067,130.0,14.0,0.0,0.815658485787237,0.631316971571101,0.3447415565074034,1,0.0514285714285714,3.5273151141824477,0.6088992974238876,0.0042890135268888,1,1,0,7203.25,5.3375,,,,False,FRESH,,,,,False,False,False,False,False,False,False,False,False,False,False,False
2026-04-30 13:06:22,2026-04-30 13:05:00,2026-04-30 13:05:00,ES,MEAN_REVERSION_MACRO,ROTATION_ILLIQUID,TrendUp,POST_LUNCH_ROTATION,TRANSITION,TRANSITION,NONE,52,45,HMM_TRANSITION_OR_RETURN_TO_OPEN,UNCHANGED,0,0.428,2,LUNCH,13.03,LONG,0.2307692307692307,0.0175438596491228,0.4215456674473067,130.0,14.0,0.0,0.97639768112116,0.952795362239178,0.0806073663661945,26,0.0514285714285714,3.5273151141824477,0.6088992974238876,0.0042890135268888,1,1,0,7203.25,5.3375,,,,False,FRESH,,,,,False,False,False,False,False,False,False,False,False,False,False,False
2026-04-30 13:12:41,2026-04-27 10:55:00,2026-04-27 10:55:00,ES,BRACKET_MACRO,ROTATION_ILLIQUID,TrendUp,POST_IB_MACRO,TRANSITION,TRANSITION,NONE,50,100,MACRO_STALE_4457.7MIN,UNCHANGED,0,0.0,0,POST_IB_AM,0.0,NONE,0.0,0.0,0.0,0.0,0.0,0.0,0.999953306788162,0.9999066135788574,0.0003695554866275,11,0.0,-0.1859540506642848,0.5,0.0032377428307123,0,1,0,7190.0,7.0,,,,True,MACRO_STALE_4457.7MIN,,,,,False,False,False,False,False,False,False,False,False,False,False,False
2026-04-30 13:12:42,2026-04-30 13:05:00,2026-04-30 13:05:00,ES,MEAN_REVERSION_MACRO,ROTATION_ILLIQUID,TrendUp,POST_LUNCH_ROTATION,TRANSITION,TRANSITION,NONE,52,45,HMM_TRANSITION_OR_RETURN_TO_OPEN,UNCHANGED,0,0.0,0,LUNCH,12.87,LONG,0.2307692307692307,0.0175438596491228,0.4128440366972477,130.0,14.0,0.0,0.9921832698906448,0.9843665397825292,0.0329719867859679,26,0.0514285714285714,3.4545035636603325,0.5963302752293578,0.0042890135268888,1,1,0,7203.25,5.45,,,,False,FRESH,,,,,False,False,False,False,False,False,False,False,False,False,False,False
2026-04-30 13:15:55,2026-04-30 13:15:00,2026-04-30 13:10:00,ES,BRACKET_MACRO,ROTATION_ILLIQUID,TrendUp,POST_LUNCH_ROTATION,TREND_COMPRESSION,TREND_COMPRESSION,LONG,66,15,MICRO_TREND_INSIDE_MACRO_STRUCTURE,LOCKED_IMMEDIATE,0,0.0,0,LUNCH,65.83,LONG,1.0,0.2533333333333333,2.315270935960591,140.0,15.0,0.0,0.9365684844058714,0.8731369688090319,0.1704593813946115,27,0.1828571428571428,4.748858129967656,1.773399014778325,0.0115755627009646,0,1,0,7209.0,5.075,,,,False,FRESH,,,,,False,False,True,False,False,False,True,False,True,False,False,False
2026-04-30 13:16:04,2026-04-30 13:15:00,2026-04-30 13:15:00,ES,BRACKET_MACRO,ROTATION_ILLIQUID,TrendUp,POST_LUNCH_ROTATION,TREND_COMPRESSION,TREND_COMPRESSION,LONG,66,15,MICRO_TREND_INSIDE_MACRO_STRUCTURE,UNCHANGED,0,0.0,0,LUNCH,65.83,LONG,1.0,0.2533333333333333,2.315270935960591,140.0,15.0,0.0,0.9980828808555654,0.996165761712165,0.0100343506846795,28,0.1828571428571428,4.748858129967656,1.773399014778325,0.0115755627009646,0,1,0,7209.0,5.075,,,,False,FRESH,,,,,False,False,True,False,False,False,True,False,True,False,False,False
2026-04-30 13:22:22,2026-03-10 12:55:00,2026-03-10 12:55:00,ES,BRACKET_MACRO,TREND_COMPRESSION,TrendUp,LUNCH_AUCTION,TRANSITION,TRANSITION,NONE,50,100,MACRO_STALE_73467.4MIN,UNCHANGED,0,0.0,0,LUNCH,72.13,NONE,1.0,0.6551724137931034,1.4333333333333331,100.0,11.0,0.0,0.6503068826616539,0.3006137653200089,0.4668968422418559,9,0.8131868131868132,-1.3597330677646824,-4.833333333333333,0.0570416994492525,0,1,0,6789.0,7.5,,,,True,MACRO_STALE_73467.4MIN,,,,,False,False,False,False,False,False,False,False,False,False,False,False
2026-04-30 13:22:23,2026-04-30 13:15:00,2026-04-30 13:15:00,ES,BRACKET_MACRO,ROTATION_ILLIQUID,TrendUp,POST_LUNCH_ROTATION,TREND_COMPRESSION,TREND_COMPRESSION,LONG,66,15,MICRO_TREND_INSIDE_MACRO_STRUCTURE,LOCKED_IMMEDIATE,0,0.0,0,LUNCH,65.83,LONG,1.0,0.2533333333333333,2.248803827751196,140.0,15.0,0.0,0.999590747268049,0.9991814945334936,0.0025981655611496,28,0.1828571428571428,4.612527274561887,1.722488038277512,0.0115755627009646,0,1,0,7209.0,5.225,,,,False,FRESH,,,,,False,False,True,False,False,False,True,False,True,False,False,False
2026-04-30 13:25:37,2026-04-30 13:25:00,2026-04-30 13:20:00,ES,BRACKET_MACRO,ROTATION_ILLIQUID,TrendUp,POST_LUNCH_ROTATION,TREND_COMPRESSION,TREND_COMPRESSION,LONG,66,15,MICRO_TREND_INSIDE_MACRO_STRUCTURE,UNCHANGED,0,0.0,0,LUNCH,66.17,LONG,1.0,0.5588235294117647,1.4180929095354524,150.0,16.0,0.0,0.999832310252514,0.9996646205014889,0.0011725279828523,29,0.2171428571428571,4.914321603108427,2.053789731051345,0.0131702728127939,0,1,0,7210.5,5.1125,,,,False,FRESH,,,,,False,False,True,False,False,False,True,False,True,False,False,False
2026-04-30 13:25:45,2026-04-30 13:25:00,2026-04-30 13:25:00,ES,BRACKET_MACRO,ROTATION_ILLIQUID,TrendUp,POST_LUNCH_ROTATION,TREND_COMPRESSION,TREND_COMPRESSION,LONG,66,15,MICRO_TREND_INSIDE_MACRO_STRUCTURE,UNCHANGED,0,0.0,0,LUNCH,66.17,LONG,1.0,0.5588235294117647,1.4180929095354524,150.0,16.0,0.0,0.99978999792084,0.9995799958424084,0.0014342986895294,30,0.2171428571428571,4.914321603108427,2.053789731051345,0.0131702728127939,0,1,0,7210.5,5.1125,,,,False,FRESH,,,,,False,False,True,False,False,False,True,False,True,False,False,False
2026-04-30 13:27:14,2026-04-27 10:55:00,2026-04-27 10:55:00,ES,BRACKET_MACRO,ROTATION_ILLIQUID,TrendUp,POST_IB_MACRO,TRANSITION,TRANSITION,NONE,50,100,MACRO_STALE_4472.2MIN,UNCHANGED,0,0.0,0,POST_IB_AM,0.0,NONE,0.0,0.0,0.0,0.0,0.0,0.0,0.999953306788162,0.9999066135788574,0.0003695554866275,11,0.0,-0.1859540506642848,0.5,0.0032377428307123,0,1,0,7190.0,7.0,,,,True,MACRO_STALE_4472.2MIN,,,,,False,False,False,False,False,False,False,False,False,False,False,False
2026-04-30 13:27:16,2026-04-30 13:25:00,2026-04-30 13:25:00,ES,BRACKET_MACRO,ROTATION_ILLIQUID,TrendUp,POST_LUNCH_ROTATION,TREND_COMPRESSION,TREND_COMPRESSION,LONG,66,15,MICRO_TREND_INSIDE_MACRO_STRUCTURE,LOCKED_IMMEDIATE,0,0.0,0,LUNCH,66.17,LONG,1.0,0.5588235294117647,1.4180929095354524,150.0,16.0,0.0,0.99978999792084,0.9995799958424084,0.0014342986895294,30,0.2171428571428571,4.914321603108427,2.053789731051345,0.0131702728127939,0,1,0,7210.5,5.1125,,,,False,FRESH,,,,,False,False,True,False,False,False,True,False,True,False,False,False
2026-04-30 13:30:27,2026-03-10 12:55:00,2026-03-10 12:55:00,ES,BRACKET_MACRO,TREND_COMPRESSION,TrendUp,LUNCH_AUCTION,TRANSITION,TRANSITION,NONE,50,100,MACRO_STALE_73475.4MIN,UNCHANGED,0,0.0,0,LUNCH,72.13,NONE,1.0,0.6551724137931034,1.4333333333333331,100.0,11.0,0.0,0.6503068826616539,0.3006137653200089,0.4668968422418559,9,0.8131868131868132,-1.3597330677646824,-4.833333333333333,0.0570416994492525,0,1,0,6789.0,7.5,,,,True,MACRO_STALE_73475.4MIN,,,,,False,False,False,False,False,False,False,False,False,False,False,False
2026-04-30 13:30:28,2026-04-30 13:25:00,2026-04-30 13:25:00,ES,BRACKET_MACRO,ROTATION_ILLIQUID,TrendUp,POST_LUNCH_ROTATION,TREND_COMPRESSION,TREND_COMPRESSION,LONG,66,15,MICRO_TREND_INSIDE_MACRO_STRUCTURE,LOCKED_IMMEDIATE,0,0.0,0,LUNCH,66.17,LONG,1.0,0.5588235294117647,1.4180929095354524,150.0,16.0,0.0,0.9998537704928936,0.999707540986377,0.0010369183650717,30,0.2171428571428571,4.914321603108427,2.053789731051345,0.0131702728127939,0,1,0,7210.5,5.1125,,,,False,FRESH,,,,,False,False,True,False,False,False,True,False,True,False,False,False
2026-04-30 13:37:00,2026-04-30 13:35:00,2026-04-30 13:35:00,ES,BRACKET_MACRO,ROTATION_ILLIQUID,TrendUp,POST_LUNCH_ROTATION,TREND_COMPRESSION,TREND_COMPRESSION,LONG,66,0,MICRO_TREND_INSIDE_MACRO_STRUCTURE,UNCHANGED,0,0.0,0,PM,77.43,LONG,1.0,1.0,1.3270142180094786,160.0,17.0,67.14,0.8853011517919659,0.770602303583979,0.2569642028570478,1,0.3428571428571428,5.604241335200141,3.0331753554502368,0.0193178388167823,0,1,0,7216.0,5.275,,,,False,FRESH,,,,,False,False,True,False,False,False,True,False,True,False,False,False
2026-04-30 13:38:35,2026-03-23 09:45:00,2026-03-23 09:45:00,ES,BALANCE_STRUCTURE,ROTATION_ILLIQUID,TrendUp,FIRST_ACCEPTANCE,TRANSITION,TRANSITION,NONE,50,100,MACRO_STALE_54953.6MIN,UNCHANGED,0,0.0,0,EARLY_AM,0.0,SHORT,0.0,0.0,0.0,0.0,0.0,0.0,0.9535359022182496,0.907071804434198,0.1355912178824968,1,0.0,-0.0603192588780931,-1.588235294117647,0.2454545454545454,0,1,0,6505.0,8.5,,,,True,MACRO_STALE_54953.6MIN,,,,,False,False,False,False,False,False,False,False,False,False,False,False
2026-04-30 13:38:37,2026-04-30 13:35:00,2026-04-30 13:35:00,ES,BRACKET_MACRO,ROTATION_ILLIQUID,TrendUp,POST_LUNCH_ROTATION,TREND_COMPRESSION,TREND_COMPRESSION,LONG,66,0,MICRO_TREND_INSIDE_MACRO_STRUCTURE,LOCKED_IMMEDIATE,0,0.0,0,PM,77.43,LONG,1.0,1.0,1.3270142180094786,160.0,17.0,67.14,0.8575729635329239,0.7151459270677034,0.2952799394957354,1,0.3428571428571428,5.604241335200141,3.0331753554502368,0.0193178388167823,0,1,0,7216.0,5.275,,,,False,FRESH,,,,,False,False,True,False,False,False,True,False,True,False,False,False
2026-04-30 13:46:43,2026-04-30 13:45:00,2026-04-30 13:45:00,ES,BRACKET_MACRO,ROTATION_ILLIQUID,TrendUp,POST_LUNCH_ROTATION,TREND_COMPRESSION,TREND_COMPRESSION,LONG,66,0,MICRO_TREND_INSIDE_MACRO_STRUCTURE,UNCHANGED,0,0.0,0,PM,77.94,LONG,1.0,1.0,1.5617128463476069,170.0,18.0,69.71,0.9992415586001444,0.9984831172005456,0.0044773914782286,3,0.3942857142857143,6.303165452460069,3.677581863979849,0.0215466351829988,0,1,0,7218.25,4.9625,,,,False,FRESH,,,,,False,False,True,False,False,False,True,False,True,False,False,False
2026-04-30 13:56:27,2026-04-30 13:55:00,2026-04-30 13:50:00,ES,BRACKET_MACRO,ROTATION_ILLIQUID,TrendUp,POST_LUNCH_ROTATION,TREND_COMPRESSION,TREND_COMPRESSION,LONG,66,10,MICRO_TREND_INSIDE_MACRO_STRUCTURE,UNCHANGED,0,0.962,0,PM,78.51,LONG,1.0,1.0,1.0382513661202186,180.0,19.0,72.57,0.9994715021588504,0.9989430043153014,0.0032576946718601,4,0.4514285714285714,7.222620216998621,4.53551912568306,0.0240092565808504,0,1,0,7220.75,4.575,,,,False,FRESH,,,,,False,False,True,False,False,False,True,False,True,False,False,False
2026-04-30 13:56:36,2026-04-30 13:55:00,2026-04-30 13:55:00,ES,BRACKET_MACRO,ROTATION_ILLIQUID,TrendUp,POST_LUNCH_ROTATION,TREND_COMPRESSION,TREND_COMPRESSION,LONG,66,10,MICRO_TREND_INSIDE_MACRO_STRUCTURE,UNCHANGED,0,0.962,0,PM,78.51,LONG,1.0,1.0,1.0382513661202186,180.0,19.0,72.57,0.996500894820889,0.9930017896423008,0.0167938963009415,5,0.4514285714285714,7.222620216998621,4.53551912568306,0.0240092565808504,0,1,0,7220.75,4.575,,,,False,FRESH,,,,,False,False,True,False,False,False,True,False,True,False,False,False
2026-04-30 14:01:21,2026-03-10 12:55:00,2026-03-10 12:55:00,ES,BRACKET_MACRO,TREND_COMPRESSION,TrendUp,LUNCH_AUCTION,TRANSITION,TRANSITION,NONE,50,100,MACRO_STALE_73506.4MIN,UNCHANGED,0,0.0,0,LUNCH,72.13,NONE,1.0,0.6551724137931034,1.4333333333333331,100.0,11.0,0.0,0.6503068826616539,0.3006137653225533,0.4668968422417628,9,0.8131868131868132,-1.3597330677646824,-4.833333333333333,0.0570416994492525,0,1,0,6789.0,7.5,,,,True,MACRO_STALE_73506.4MIN,,,,,False,False,False,False,False,False,False,False,False,False,False,False
2026-04-30 14:01:23,2026-04-30 13:55:00,2026-04-30 13:55:00,ES,BRACKET_MACRO,ROTATION_ILLIQUID,TrendUp,POST_LUNCH_ROTATION,TREND_COMPRESSION,TREND_COMPRESSION,LONG,66,0,MICRO_TREND_INSIDE_MACRO_STRUCTURE,LOCKED_IMMEDIATE,0,0.0,0,PM,78.51,LONG,1.0,1.0,0.9973753280839894,180.0,19.0,72.57,0.9995550695672608,0.9991101391342672,0.0027978352726894,5,0.4514285714285714,6.938265090345132,4.356955380577428,0.0240092565808504,0,1,0,7220.75,4.7625,,,,False,FRESH,,,,,False,False,True,False,False,False,True,False,True,False,False,False
2026-04-30 14:06:17,2026-04-30 14:05:00,2026-04-30 14:00:00,ES,BRACKET_MACRO,ROTATION_LIQUID,TrendDown,AFTERNOON_TREND_TEST,ROTATION_LIQUID,ROTATION_LIQUID,BOTH,64,30,BALANCED_TRADEABLE_RANGE,LOCKED_IMMEDIATE,0,0.0,1,PM,81.03,LONG,1.0,1.0,2.720403022670025,190.0,20.0,85.14,0.818804705591859,0.6376094111860519,0.3413424668092439,1,0.7028571428571428,8.572504567836992,6.397984886649874,0.0357847280924204,0,1,0,7231.75,4.9625,,,,False,FRESH,,,,,False,False,True,False,True,False,False,True,True,True,False,False
2026-04-30 14:06:26,2026-04-30 14:05:00,2026-04-30 14:05:00,ES,BRACKET_MACRO,ROTATION_LIQUID,TrendDown,AFTERNOON_TREND_TEST,ROTATION_LIQUID,ROTATION_LIQUID,BOTH,64,30,BALANCED_TRADEABLE_RANGE,UNCHANGED,0,0.0,1,PM,81.03,LONG,1.0,1.0,2.720403022670025,190.0,20.0,85.14,0.5868141466973436,0.17362829339807,0.4890715445563717,2,0.7028571428571428,8.572504567836992,6.397984886649874,0.0357847280924204,0,1,0,7231.75,4.9625,,,,False,FRESH,,,,,False,False,True,False,True,False,False,True,True,True,False,False
2026-04-30 14:16:07,2026-04-30 14:15:00,2026-04-30 14:10:00,ES,BRACKET_MACRO,ROTATION_LIQUID,TrendUp,AFTERNOON_TREND_TEST,TREND_COMPRESSION,TREND_COMPRESSION,LONG,66,20,MICRO_TREND_INSIDE_MACRO_STRUCTURE,LOCKED_IMMEDIATE,0,2.196,2,PM,80.03,LONG,0.9555555555555556,0.96875,2.1662468513853903,200.0,21.0,84.86,0.9972404134055456,0.9944808268101796,0.013717952861958,8,0.6971428571428572,8.385051029032155,6.347607052896725,0.0350291909924937,0,1,0,7231.5,4.9625,,,,False,FRESH,,,,,True,False,True,False,False,False,True,False,True,False,True,False
2026-04-30 14:16:17,2026-04-30 14:15:00,2026-04-30 14:15:00,ES,BRACKET_MACRO,ROTATION_LIQUID,TrendUp,AFTERNOON_TREND_TEST,TREND_COMPRESSION,TREND_COMPRESSION,LONG,66,20,MICRO_TREND_INSIDE_MACRO_STRUCTURE,UNCHANGED,0,2.196,2,PM,80.03,LONG,0.9555555555555556,0.96875,2.1662468513853903,200.0,21.0,84.86,0.9989080671593338,0.997816134316665,0.0061589419609567,9,0.6971428571428572,8.385051029032155,6.347607052896725,0.0350291909924937,0,1,0,7231.5,4.9625,,,,False,FRESH,,,,,True,False,True,False,False,False,True,False,True,False,True,False
2026-04-30 14:25:55,2026-04-30 14:25:00,2026-04-30 14:20:00,ES,BRACKET_MACRO,ROTATION_LIQUID,TrendUp,AFTERNOON_TREND_TEST,TREND_COMPRESSION,TREND_COMPRESSION,LONG,66,10,MICRO_TREND_INSIDE_MACRO_STRUCTURE,UNCHANGED,0,-0.152,1,PM,80.86,NONE,1.0,0.8947368421052632,-0.1526717557251908,210.0,22.0,84.29,0.999734743738506,0.999469487473971,0.0017669819561634,10,0.6857142857142857,8.16425948170149,6.310432569974555,0.0337598693166349,0,1,0,7231.0,4.9125,,,,False,FRESH,,,,,True,False,True,False,False,False,True,False,True,False,True,False
2026-04-30 14:26:04,2026-04-30 14:25:00,2026-04-30 14:25:00,ES,BRACKET_MACRO,ROTATION_LIQUID,TrendUp,AFTERNOON_TREND_TEST,TREND_COMPRESSION,TREND_COMPRESSION,LONG,66,10,MICRO_TREND_INSIDE_MACRO_STRUCTURE,UNCHANGED,0,-0.152,1,PM,80.86,NONE,1.0,0.8947368421052632,-0.1526717557251908,210.0,22.0,84.29,0.999384625493038,0.9987692509848942,0.0037256307302029,11,0.6857142857142857,8.16425948170149,6.310432569974555,0.0337598693166349,0,1,0,7231.0,4.9125,,,,False,FRESH,,,,,True,False,True,False,False,False,True,False,True,False,True,False
2026-04-30 14:29:12,2026-03-10 12:35:00,2026-03-10 12:35:00,ES,BRACKET_MACRO,TREND_EXPANSION,TrendUp,LUNCH_AUCTION,TRANSITION,TRANSITION,NONE,50,100,MACRO_STALE_73554.2MIN,UNCHANGED,0,0.0,0,LUNCH,69.65,SHORT,0.3333333333333333,0.855072463768116,-0.1610305958132045,80.0,9.0,0.0,0.999844724967415,0.9996894499320556,0.0010943372613676,5,1.2857142857142858,-2.914938599161871,-6.05475040257649,0.0816326530612244,0,1,0,6778.25,7.7625,,,,True,MACRO_STALE_73554.2MIN,,,,,False,False,False,False,False,False,False,False,False,False,False,False
2026-04-30 14:29:13,2026-04-30 14:25:00,2026-04-30 14:25:00,ES,BRACKET_MACRO,ROTATION_LIQUID,TrendUp,AFTERNOON_TREND_TEST,TREND_COMPRESSION,TREND_COMPRESSION,LONG,66,10,MICRO_TREND_INSIDE_MACRO_STRUCTURE,LOCKED_IMMEDIATE,0,0.0,0,PM,80.86,NONE,1.0,0.8947368421052632,-0.1518987341772152,210.0,22.0,84.29,0.9996024645510084,0.999204929098656,0.0025321094346303,11,0.6857142857142857,8.12292145900933,6.278481012658228,0.0337598693166349,0,1,0,7231.0,4.9375,,,,False,FRESH,,,,,True,False,True,False,False,False,True,False,True,False,True,False
2026-04-30 14:35:44,2026-04-30 14:35:00,2026-04-30 14:30:00,ES,BRACKET_MACRO,TREND_COMPRESSION,TrendUp,AFTERNOON_TREND_TEST,TREND_COMPRESSION,TREND_COMPRESSION,LONG,66,10,MICRO_TREND_INSIDE_MACRO_STRUCTURE,UNCHANGED,0,0.0,0,PM,78.81,LONG,0.7647058823529411,0.9032258064516128,0.6914893617021276,220.0,23.0,88.57,0.9940407987680936,0.9880815975354916,0.0263070521779263,12,0.7714285714285715,9.141764677533695,7.3936170212765955,0.0370864461045891,0,1,0,7234.75,4.7,,,,False,FRESH,,,,,True,False,True,False,False,False,True,False,True,False,True,False
2026-04-30 14:35:53,2026-04-30 14:35:00,2026-04-30 14:35:00,ES,BRACKET_MACRO,TREND_COMPRESSION,TrendUp,AFTERNOON_TREND_TEST,TREND_COMPRESSION,TREND_COMPRESSION,LONG,66,10,MICRO_TREND_INSIDE_MACRO_STRUCTURE,UNCHANGED,0,0.0,0,PM,78.81,LONG,0.7647058823529411,0.9032258064516128,0.6914893617021276,220.0,23.0,88.57,0.9987478587164575,0.9974957174356608,0.0069388525796215,13,0.7714285714285715,9.141764677533695,7.3936170212765955,0.0370864461045891,0,1,0,7234.75,4.7,,,,False,FRESH,,,,,True,False,True,False,False,False,True,False,True,False,True,False
2026-04-30 14:47:07,2026-02-18 13:05:00,2026-02-18 13:05:00,ES,BRACKET_MACRO,TREND_EXPANSION,TrendUp,POST_LUNCH_ROTATION,TRANSITION,TRANSITION,NONE,50,100,MACRO_STALE_102342.1MIN,UNCHANGED,0,0.0,0,LUNCH,74.0,SHORT,1.0,0.3584905660377358,-0.1675977653631285,40.0,5.0,0.0,0.999946159734168,0.9998923194700424,0.0004205896777538,6,1.3714285714285714,-2.152784231122557,-3.463687150837989,0.0487038491751767,0,1,0,6883.25,4.475,,,,True,MACRO_STALE_102342.1MIN,,,,,False,False,False,False,False,False,False,False,False,False,False,False
2026-04-30 14:47:08,2026-04-30 14:45:00,2026-04-30 14:45:00,ES,BRACKET_MACRO,TREND_COMPRESSION,TrendUp,AFTERNOON_TREND_TEST,TREND_COMPRESSION,TREND_COMPRESSION,LONG,66,10,MICRO_TREND_INSIDE_MACRO_STRUCTURE,LOCKED_IMMEDIATE,0,0.0,0,PM,82.8,LONG,1.0,0.8378378378378378,1.9047619047619049,230.0,24.0,94.0,0.9994413426262804,0.9988826852558408,0.0034212290860342,15,0.88,10.450386193753593,8.851540616246497,0.0412748171368861,0,1,0,7239.5,4.4625,,,,False,FRESH,,,,,True,False,True,False,False,False,True,False,True,False,True,False
2026-04-30 14:56:54,2026-04-30 14:55:00,2026-04-30 14:55:00,ES,BRACKET_MACRO,TREND_COMPRESSION,TrendUp,AFTERNOON_TREND_TEST,TREND_COMPRESSION,TREND_COMPRESSION,LONG,66,10,MICRO_TREND_INSIDE_MACRO_STRUCTURE,UNCHANGED,0,0.0,0,PM,73.57,LONG,0.6521739130434783,0.7,0.872093023255814,240.0,25.0,92.86,0.998561426037884,0.9971228520747027,0.0078278575980609,17,0.8571428571428571,10.424892469067302,8.953488372093023,0.0396192436326215,0,1,0,7238.5,4.3,,,,False,FRESH,,,,,True,False,True,False,False,False,True,False,True,False,True,False
2026-04-30 15:00:10,2026-02-11 12:25:00,2026-02-11 12:25:00,ES,MEAN_REVERSION_MACRO,ROTATION_ILLIQUID,TrendUp,LUNCH_AUCTION,TRANSITION,TRANSITION,NONE,50,100,MACRO_STALE_112475.2MIN,UNCHANGED,0,0.0,0,LUNCH,40.0,LONG,0.8,0.4054054054054054,1.1072664359861593,80.0,9.0,0.0,0.9999775038433864,0.9999550076851876,0.0001898972762114,27,0.0,1.70815406143189,-1.384083044982699,0.0186741363211951,1,1,0,6970.0,3.6125,,,,True,MACRO_STALE_112475.2MIN,,,,,False,False,False,False,False,False,False,False,False,False,False,False
2026-04-30 15:00:11,2026-04-30 14:55:00,2026-04-30 14:55:00,ES,BRACKET_MACRO,TREND_COMPRESSION,TrendUp,AFTERNOON_TREND_TEST,TREND_COMPRESSION,TREND_COMPRESSION,LONG,66,10,MICRO_TREND_INSIDE_MACRO_STRUCTURE,LOCKED_IMMEDIATE,0,0.0,0,PM,73.57,LONG,0.6521739130434783,0.7,0.8571428571428571,240.0,25.0,92.86,0.9994981003143542,0.99899620062737,0.0031124421392325,17,0.8571428571428571,10.246180026740436,8.8,0.0396192436326215,0,1,0,7238.5,4.375,,,,False,FRESH,,,,,True,False,True,False,False,False,True,False,True,False,True,False
2026-04-30 15:05:04,2026-03-10 12:35:00,2026-03-10 12:35:00,ES,BRACKET_MACRO,TREND_EXPANSION,TrendUp,LUNCH_AUCTION,TRANSITION,TRANSITION,NONE,50,100,MACRO_STALE_73590.1MIN,UNCHANGED,0,0.0,0,LUNCH,69.65,SHORT,0.3333333333333333,0.855072463768116,-0.1610305958132045,80.0,9.0,0.0,0.999844724967415,0.999689449932058,0.001094337261355,5,1.2857142857142858,-2.914938599161871,-6.05475040257649,0.0816326530612244,0,1,0,6778.25,7.7625,,,,True,MACRO_STALE_73590.1MIN,,,,,False,False,False,False,False,False,False,False,False,False,False,False
2026-04-30 15:05:05,2026-04-30 14:55:00,2026-04-30 14:55:00,ES,BRACKET_MACRO,TREND_COMPRESSION,TrendUp,AFTERNOON_TREND_TEST,TREND_COMPRESSION,TREND_COMPRESSION,LONG,66,10,MICRO_TREND_INSIDE_MACRO_STRUCTURE,LOCKED_IMMEDIATE,0,0.0,0,PM,73.57,LONG,0.6521739130434783,0.7,0.8571428571428571,240.0,25.0,92.86,0.999653200319183,0.9993064006402836,0.0022431098035197,17,0.8571428571428571,10.246180026740436,8.8,0.0396192436326215,0,1,0,7238.5,4.375,,,,False,FRESH,,,,,True,False,True,False,False,False,True,False,True,False,True,False
2026-04-30 15:06:42,2026-04-30 15:05:00,2026-04-30 15:05:00,ES,BRACKET_MACRO,TREND_COMPRESSION,TrendUp,LATE_DAY_CONVICTION,TREND_COMPRESSION,TREND_COMPRESSION,LONG,66,20,MICRO_TREND_INSIDE_MACRO_STRUCTURE,UNCHANGED,0,0.0,0,POWER_HOUR,78.3,LONG,0.4666666666666667,0.8367346938775511,0.3977272727272727,250.0,26.0,96.0,0.9921740095824152,0.9843480191617496,0.0330043378543913,19,0.92,10.611012782352311,9.375,0.0416982562547384,0,1,0,7241.25,4.4,,,,False,FRESH,,,,,True,False,True,False,False,False,True,False,True,False,True,False
2026-04-30 15:16:25,2026-04-30 15:15:00,2026-04-30 15:10:00,ES,BRACKET_MACRO,TREND_EXPANSION,TrendUp,LATE_DAY_CONVICTION,TREND_EXPANSION,TREND_EXPANSION,LONG,93,30,HMM_VWAP_VELOCITY_IB_EXPANSION,LOCKED_IMMEDIATE,0,1.859,0,POWER_HOUR,84.0,LONG,1.0,0.8545454545454545,1.9335347432024168,260.0,27.0,100.0,0.7627172540946983,0.5254345081913199,0.3952461525894566,20,1.04,12.262955090392012,11.238670694864048,0.045982694684796,0,1,0,7246.5,4.1375,,,,False,FRESH,,,,,True,True,True,False,False,True,False,False,True,False,True,False
2026-04-30 15:16:33,2026-04-30 15:15:00,2026-04-30 15:15:00,ES,BRACKET_MACRO,TREND_EXPANSION,TrendUp,LATE_DAY_CONVICTION,TREND_EXPANSION,TREND_EXPANSION,LONG,93,30,HMM_VWAP_VELOCITY_IB_EXPANSION,UNCHANGED,0,1.859,0,POWER_HOUR,84.0,LONG,1.0,0.8545454545454545,1.9335347432024168,260.0,27.0,100.0,0.9956991532381056,0.991398306476932,0.0200005539864937,21,1.04,12.262955090392012,11.238670694864048,0.045982694684796,0,1,0,7246.5,4.1375,,,,False,FRESH,,,,,True,True,True,False,False,True,False,False,True,False,True,False
2026-04-30 15:26:09,2026-04-30 15:25:00,2026-04-30 15:20:00,ES,BRACKET_MACRO,TREND_EXPANSION,TrendUp,LATE_DAY_CONVICTION,TREND_EXPANSION,TREND_EXPANSION,LONG,91,30,HMM_VWAP_VELOCITY_IB_EXPANSION,UNCHANGED,0,1.31,0,POWER_HOUR,84.0,LONG,1.0,0.7837837837837838,1.353846153846154,270.0,28.0,100.0,0.9985242955811342,0.9970485911613736,0.0080027528328854,22,1.0457142857142858,12.32427714662716,11.507692307692308,0.0455653021442495,0,1,0,7246.75,4.0625,,,,False,FRESH,,,,,True,True,True,False,False,True,False,False,True,False,True,False
2026-04-30 15:26:17,2026-04-30 15:25:00,2026-04-30 15:25:00,ES,BRACKET_MACRO,TREND_EXPANSION,TrendUp,LATE_DAY_CONVICTION,TREND_EXPANSION,TREND_EXPANSION,LONG,91,30,HMM_VWAP_VELOCITY_IB_EXPANSION,UNCHANGED,0,1.31,0,POWER_HOUR,84.0,LONG,1.0,0.7837837837837838,1.353846153846154,270.0,28.0,100.0,0.995126512044766,0.9902530240890424,0.0222231134682526,23,1.0457142857142858,12.32427714662716,11.507692307692308,0.0455653021442495,0,1,0,7246.75,4.0625,,,,False,FRESH,,,,,True,True,True,False,False,True,False,False,True,False,True,False
2026-04-30 15:32:38,2026-04-27 10:55:00,2026-04-27 10:55:00,ES,BRACKET_MACRO,ROTATION_ILLIQUID,TrendUp,POST_IB_MACRO,TRANSITION,TRANSITION,NONE,50,100,MACRO_STALE_4597.6MIN,UNCHANGED,0,0.0,0,POST_IB_AM,0.0,NONE,0.0,0.0,0.0,0.0,0.0,0.0,0.999953306788162,0.9999066135788574,0.0003695554866275,11,0.0,-0.1859540506642848,0.5,0.0032377428307123,0,1,0,7190.0,7.0,,,,True,MACRO_STALE_4597.6MIN,,,,,False,False,False,False,False,False,False,False,False,False,False,False
2026-04-30 15:32:40,2026-04-30 15:25:00,2026-04-30 15:25:00,ES,BRACKET_MACRO,TREND_EXPANSION,TrendUp,LATE_DAY_CONVICTION,TREND_COMPRESSION,TREND_COMPRESSION,LONG,66,20,MICRO_TREND_INSIDE_MACRO_STRUCTURE,LOCKED_IMMEDIATE,0,0.0,0,POWER_HOUR,84.0,LONG,1.0,0.7837837837837838,1.337386018237082,270.0,28.0,100.0,0.99974218490733,0.9994843698127444,0.001722705597205,23,1.0457142857142858,12.174437910801906,11.367781155015198,0.0455653021442495,0,1,0,7246.75,4.1125,,,,False,FRESH,,,,,True,False,True,False,False,False,True,False,True,False,True,False
2026-04-30 15:34:15,2026-04-02 11:55:00,2026-04-02 11:55:00,ES,BRACKET_MACRO,ROTATION_ILLIQUID,TrendUp,MID_MORNING_DISCOVERY,TRANSITION,TRANSITION,NONE,50,100,MACRO_STALE_40539.3MIN,UNCHANGED,0,0.0,0,POST_IB_AM,54.56,NONE,0.0638297872340425,0.2857142857142857,0.1318681318681318,40.0,5.0,0.0,0.954909809355822,0.90981961870901,0.1325812065512124,8,0.4166666666666667,-1.3104206955021664,-4.395604395604396,0.0743494423791821,0,1,0,6520.25,5.6875,,,,True,MACRO_STALE_40539.3MIN,,,,,False,False,False,False,False,False,False,False,False,False,False,False
2026-04-30 15:34:17,2026-04-30 15:25:00,2026-04-30 15:25:00,ES,BRACKET_MACRO,TREND_EXPANSION,TrendUp,LATE_DAY_CONVICTION,TREND_COMPRESSION,TREND_COMPRESSION,LONG,66,20,MICRO_TREND_INSIDE_MACRO_STRUCTURE,LOCKED_IMMEDIATE,0,0.0,0,POWER_HOUR,84.0,LONG,1.0,0.7837837837837838,1.337386018237082,270.0,28.0,100.0,0.9997750036006188,0.9995500072027196,0.0015255141885439,23,1.0457142857142858,12.174437910801906,11.367781155015198,0.0455653021442495,0,1,0,7246.75,4.1125,,,,False,FRESH,,,,,True,False,True,False,False,False,True,False,True,False,True,False
2026-04-30 15:35:53,2026-04-30 15:35:00,2026-04-30 15:30:00,ES,BRACKET_MACRO,TREND_COMPRESSION,TrendUp,LATE_DAY_CONVICTION,TREND_COMPRESSION,TREND_COMPRESSION,LONG,66,20,MICRO_TREND_INSIDE_MACRO_STRUCTURE,UNCHANGED,0,0.0,0,POWER_HOUR,79.16,NONE,0.8461538461538461,0.4666666666666667,-0.6707317073170732,280.0,29.0,98.86,0.9909794351310798,0.9819588702646782,0.037113918611173,24,0.9771428571428572,11.234152961522163,10.670731707317074,0.0418660287081339,0,1,0,7243.75,4.1,,,,False,FRESH,,,,,True,False,True,False,False,False,True,False,True,False,True,False
2026-04-30 15:36:01,2026-04-30 15:35:00,2026-04-30 15:35:00,ES,BRACKET_MACRO,TREND_COMPRESSION,TrendUp,LATE_DAY_CONVICTION,TREND_COMPRESSION,TREND_COMPRESSION,LONG,66,20,MICRO_TREND_INSIDE_MACRO_STRUCTURE,UNCHANGED,0,0.0,0,POWER_HOUR,79.16,NONE,0.8461538461538461,0.4666666666666667,-0.6707317073170732,280.0,29.0,98.86,0.9912363181926552,0.9824726363862352,0.0362404621973626,25,0.9771428571428572,11.234152961522163,10.670731707317074,0.0418660287081339,0,1,0,7243.75,4.1,,,,False,FRESH,,,,,True,False,True,False,False,False,True,False,True,False,True,False
2026-04-30 15:39:08,2026-04-27 10:55:00,2026-04-27 10:55:00,ES,BRACKET_MACRO,ROTATION_ILLIQUID,TrendUp,POST_IB_MACRO,TRANSITION,TRANSITION,NONE,50,100,MACRO_STALE_4604.1MIN,UNCHANGED,0,0.0,0,POST_IB_AM,0.0,NONE,0.0,0.0,0.0,0.0,0.0,0.0,0.999953306788162,0.9999066135788574,0.0003695554866275,11,0.0,-0.1859540506642848,0.5,0.0032377428307123,0,1,0,7190.0,7.0,,,,True,MACRO_STALE_4604.1MIN,,,,,False,False,False,False,False,False,False,False,False,False,False,False
2026-04-30 15:39:09,2026-04-30 15:35:00,2026-04-30 15:35:00,ES,BRACKET_MACRO,TREND_COMPRESSION,TrendUp,LATE_DAY_CONVICTION,TREND_COMPRESSION,TREND_COMPRESSION,LONG,66,20,MICRO_TREND_INSIDE_MACRO_STRUCTURE,LOCKED_IMMEDIATE,0,0.0,0,POWER_HOUR,79.16,NONE,0.8461538461538461,0.4666666666666667,-0.6646525679758308,280.0,29.0,98.86,0.9966798750425512,0.9933597500840752,0.0160608457914891,25,0.9771428571428572,11.132348398552708,10.574018126888218,0.0418660287081339,0,1,0,7243.75,4.1375,,,,False,FRESH,,,,,True,False,True,False,False,False,True,False,True,False,True,False
2026-04-30 15:45:40,2026-04-27 10:55:00,2026-04-27 10:55:00,ES,BRACKET_MACRO,ROTATION_ILLIQUID,TrendUp,POST_IB_MACRO,TRANSITION,TRANSITION,NONE,50,100,MACRO_STALE_4610.6MIN,UNCHANGED,0,0.0,0,POST_IB_AM,0.0,NONE,0.0,0.0,0.0,0.0,0.0,0.0,0.999953306788162,0.9999066135788574,0.0003695554866275,11,0.0,-0.1859540506642848,0.5,0.0032377428307123,0,1,0,7190.0,7.0,,,,True,MACRO_STALE_4610.6MIN,,,,,False,False,False,False,False,False,False,False,False,False,False,False
2026-04-30 15:45:41,2026-04-30 15:45:00,2026-04-30 15:40:00,ES,BRACKET_MACRO,TREND_EXPANSION,TrendUp,LATE_DAY_CONVICTION,TREND_COMPRESSION,TREND_COMPRESSION,LONG,66,20,MICRO_TREND_INSIDE_MACRO_STRUCTURE,LOCKED_IMMEDIATE,0,0.0,0,POWER_HOUR,70.15,LONG,0.2,0.5384615384615384,0.3908794788273615,290.0,30.0,100.0,0.9978172260113398,0.995634452021522,0.0112202668963171,26,1.08,12.923415336184211,12.57328990228013,0.0453051643192488,0,1,0,7248.25,3.8375,,,,False,FRESH,,,,,True,False,True,False,False,False,True,False,True,False,True,False
2026-04-30 15:45:48,2026-04-30 15:45:00,2026-04-30 15:45:00,ES,BRACKET_MACRO,TREND_EXPANSION,TrendUp,LATE_DAY_CONVICTION,TREND_COMPRESSION,TREND_COMPRESSION,LONG,66,20,MICRO_TREND_INSIDE_MACRO_STRUCTURE,UNCHANGED,0,0.0,0,POWER_HOUR,70.15,LONG,0.2,0.5384615384615384,0.3908794788273615,290.0,30.0,100.0,0.9959078933152082,0.9918157866296776,0.0191770026338551,27,1.08,12.923415336184211,12.57328990228013,0.0453051643192488,0,1,0,7248.25,3.8375,,,,False,FRESH,,,,,True,False,True,False,False,False,True,False,True,False,True,False
2026-04-30 15:48:55,2026-01-30 15:55:00,2026-01-30 15:55:00,ES,BRACKET_MACRO,ROTATION_LIQUID,TrendDown,LATE_DAY_CONVICTION,TRANSITION,TRANSITION,NONE,50,100,MACRO_STALE_129593.9MIN,UNCHANGED,0,0.0,0,POWER_HOUR,40.95,LONG,0.3725490196078431,0.1812865497076023,0.8008429926238145,10.0,2.0,23.36,0.9988520060149008,0.9977040120302526,0.0064336658513051,18,2.121621621621621,0.3737926202786119,3.709167544783983,0.033710017238077,0,1,0,6975.25,11.8625,,,,True,MACRO_STALE_129593.9MIN,,,,,False,False,False,False,False,False,False,False,False,False,False,False
2026-04-30 15:48:57,2026-04-30 15:45:00,2026-04-30 15:45:00,ES,BRACKET_MACRO,TREND_EXPANSION,TrendUp,LATE_DAY_CONVICTION,TREND_COMPRESSION,TREND_COMPRESSION,LONG,66,20,MICRO_TREND_INSIDE_MACRO_STRUCTURE,LOCKED_IMMEDIATE,0,0.0,0,POWER_HOUR,70.15,LONG,0.2,0.5384615384615384,0.3870967741935484,290.0,30.0,100.0,0.9991660847308014,0.99833216945975,0.004865855953665,27,1.08,12.798350026479204,12.451612903225806,0.0453051643192488,0,1,0,7248.25,3.875,,,,False,FRESH,,,,,True,False,True,False,False,False,True,False,True,False,True,False
2026-04-30 15:57:09,2026-04-30 15:55:00,2026-04-30 15:55:00,ES,BRACKET_MACRO,TREND_EXPANSION,TrendUp,LATE_DAY_CONVICTION,TREND_COMPRESSION,TREND_COMPRESSION,LONG,66,20,MICRO_TREND_INSIDE_MACRO_STRUCTURE,UNCHANGED,0,0.0,0,POWER_HOUR,63.9,LONG,0.5,0.027027027027027,0.7164179104477612,300.0,31.0,100.0,0.9511337787571174,0.902267557517484,0.1407805422425986,29,1.0457142857142858,10.950786680799784,11.164179104477611,0.0427917620137299,0,1,0,7246.75,4.1875,,,,False,FRESH,,,,,True,False,True,False,False,False,True,False,True,False,True,False
2026-04-30 16:02:04,2026-04-30 16:00:00,2026-04-30 16:00:00,ES,BRACKET_MACRO,TREND_COMPRESSION,TrendDown,CASH_CLOSE,TRANSITION,TRANSITION,NONE,50,50,NO_CLEAR_STAGE_C_ALIGNMENT,LOCKED_IMMEDIATE,0,-2.326,1,CLOSE,82.51,NONE,1.0,0.4857142857142857,-2.0671834625323,305.0,32.0,92.57,0.9999994584069656,0.9999989168116588,6.027677471151575e-06,3,0.8514285714285714,6.697339329868404,7.906976744186046,0.0341670388566324,0,1,0,7238.25,4.8375,,,,False,FRESH,,,,,False,False,False,False,False,False,False,False,False,False,False,False
2026-04-30 16:14:55,2026-03-11 11:05:00,2026-03-11 11:05:00,ES,BRACKET_MACRO,ROTATION_LIQUID,TrendUp,MID_MORNING_DISCOVERY,TRANSITION,TRANSITION,NONE,50,100,MACRO_STALE_72309.9MIN,UNCHANGED,0,0.0,0,POST_IB_AM,77.96,LONG,0.8181818181818182,0.9365079365079364,0.8053691275167785,60.0,10.0,0.0,0.9998860327805786,0.9997720655631732,0.0008286389038949,20,0.5862068965517241,2.927020797699837,5.503355704697986,0.1344262295081967,0,1,0,6802.75,5.5875,,,,True,MACRO_STALE_72309.9MIN,,,,,False,False,False,False,False,False,False,False,False,False,False,False
2026-04-30 16:14:57,2026-04-30 16:00:00,2026-04-30 16:00:00,ES,BRACKET_MACRO,TREND_COMPRESSION,TrendDown,CASH_CLOSE,TRANSITION,TRANSITION,NONE,50,40,NO_CLEAR_STAGE_C_ALIGNMENT,UNCHANGED,0,0.0,0,CLOSE,82.51,NONE,1.0,0.4857142857142857,-2.0671834625323,305.0,32.0,92.57,0.9999998249841308,0.9999996499660468,2.0904778251169406e-06,3,0.8514285714285714,6.697339329868404,7.906976744186046,0.0341670388566324,0,1,0,7238.25,4.8375,,,,False,FRESH,,,,,False,False,False,False,False,False,False,False,False,False,False,False
2026-05-01 08:36:16,2026-04-30 16:00:00,2026-04-30 16:00:00,ES,BRACKET_MACRO,TREND_COMPRESSION,TrendDown,CASH_CLOSE,TRANSITION,TRANSITION,NONE,50,100,MACRO_STALE_996.3MIN,UNCHANGED,0,0.0,0,CLOSE,82.51,NONE,1.0,0.4857142857142857,-2.0671834625323,305.0,32.0,92.57,0.9999998249841308,0.9999996499660522,2.090477769431549e-06,3,0.8514285714285714,6.697339329868404,7.906976744186046,0.0341670388566324,0,1,0,7238.25,4.8375,,,,True,MACRO_STALE_996.3MIN,,,,,False,False,False,False,False,False,False,False,False,False,False,False
2026-05-01 08:38:13,2026-04-30 16:00:00,2026-04-30 16:00:00,ES,BRACKET_MACRO,TREND_COMPRESSION,TrendDown,CASH_CLOSE,TRANSITION,TRANSITION,NONE,50,100,MACRO_STALE_998.2MIN,UNCHANGED,0,0.0,0,CLOSE,82.51,NONE,1.0,0.4857142857142857,-2.0671834625323,305.0,32.0,92.57,0.9999998249841308,0.9999996499660522,2.090477769431549e-06,3,0.8514285714285714,6.697339329868404,7.906976744186046,0.0341670388566324,0,1,0,7238.25,4.8375,,,,True,MACRO_STALE_998.2MIN,,,,,False,False,False,False,False,False,False,False,False,False,False,False
2026-05-01 08:43:07,2026-04-30 16:00:00,2026-04-30 16:00:00,ES,BRACKET_MACRO,TREND_COMPRESSION,TrendDown,CASH_CLOSE,TRANSITION,TRANSITION,NONE,50,100,MACRO_STALE_1003.1MIN,UNCHANGED,0,0.0,0,CLOSE,82.51,NONE,1.0,0.4857142857142857,-2.0671834625323,305.0,32.0,92.57,0.9999998249841308,0.9999996499660522,2.090477769431549e-06,3,0.8514285714285714,6.697331143962234,7.906976744186046,0.0341670388566324,0,1,0,7238.25,4.8375,,,,True,MACRO_STALE_1003.1MIN,,,,,False,False,False,False,False,False,False,False,False,False,False,False
2026-05-01 08:54:03,2026-03-11 11:05:00,2026-03-11 11:05:00,ES,BRACKET_MACRO,ROTATION_LIQUID,TrendUp,MID_MORNING_DISCOVERY,TRANSITION,TRANSITION,NONE,50,100,MACRO_STALE_73309.1MIN,UNCHANGED,0,0.0,0,POST_IB_AM,77.96,LONG,0.8181818181818182,0.9365079365079364,0.8053691275167785,60.0,10.0,0.0,0.9998860327805786,0.9997720655631732,0.0008286389038949,20,0.5862068965517241,2.927020797699837,5.503355704697986,0.1344262295081967,0,1,0,6802.75,5.5875,,,,True,MACRO_STALE_73309.1MIN,,,,,False,False,False,False,False,False,False,False,False,False,False,False
2026-05-01 08:54:04,2026-04-30 16:00:00,2026-04-30 16:00:00,ES,BRACKET_MACRO,TREND_COMPRESSION,TrendDown,CASH_CLOSE,TRANSITION,TRANSITION,NONE,50,100,MACRO_STALE_1014.1MIN,UNCHANGED,0,0.0,0,CLOSE,82.51,NONE,1.0,0.4857142857142857,-2.0671834625323,305.0,32.0,92.57,0.9999998249841308,0.9999996499660522,2.090477769431549e-06,3,0.8514285714285714,6.697339329868404,7.906976744186046,0.0341670388566324,0,1,0,7238.25,4.8375,,,,True,MACRO_STALE_1014.1MIN,,,,,False,False,False,False,False,False,False,False,False,False,False,False
2026-05-01 09:09:24,2026-03-12 11:45:00,2026-03-12 11:45:00,ES,BRACKET_MACRO,ROTATION_ILLIQUID,TrendUp,MID_MORNING_DISCOVERY,TRANSITION,TRANSITION,NONE,50,100,MACRO_STALE_71844.4MIN,UNCHANGED,0,0.0,0,POST_IB_AM,69.0,LONG,1.0,0.8507462686567164,1.8469656992084436,10.0,2.0,0.0,0.9269206118570792,0.8538412237130382,0.1886558221563934,3,0.0,1.410000829054247,3.3773087071240107,0.0711111111111111,0,1,1,6808.5,4.7375,,,,True,MACRO_STALE_71844.4MIN,,,,,False,False,False,False,False,False,False,False,False,False,False,False
2026-05-01 09:09:25,2026-04-30 16:00:00,2026-04-30 16:00:00,ES,BRACKET_MACRO,TREND_COMPRESSION,TrendDown,CASH_CLOSE,TRANSITION,TRANSITION,NONE,50,100,MACRO_STALE_1029.4MIN,UNCHANGED,0,0.0,0,CLOSE,82.51,NONE,1.0,0.4857142857142857,-2.0671834625323,305.0,32.0,92.57,0.9999998249841308,0.9999996499660522,2.090477769418176e-06,3,0.8514285714285714,6.697339329868404,7.906976744186046,0.0341670388566324,0,1,0,7238.25,4.8375,,,,True,MACRO_STALE_1029.4MIN,,,,,False,False,False,False,False,False,False,False,False,False,False,False
2026-05-01 09:16:17,2026-04-16 11:55:00,2026-04-16 11:55:00,ES,BRACKET_MACRO,ROTATION_ILLIQUID,TrendUp,MID_MORNING_DISCOVERY,TRANSITION,TRANSITION,NONE,50,100,MACRO_STALE_21441.3MIN,UNCHANGED,0,0.0,0,POST_IB_AM,43.25,NONE,0.2941176470588235,0.1363636363636363,-0.5076142131979695,20.0,3.0,0.0,0.9999819363687352,0.9999638727395632,0.0001553403004386,30,0.0,0.9820496994067754,0.4060913705583756,0.0072463768115942,0,1,0,7068.25,2.4625,,,,True,MACRO_STALE_21441.3MIN,,,,,False,False,False,False,False,False,False,False,False,False,False,False
2026-05-01 09:16:18,2026-04-30 16:00:00,2026-04-30 16:00:00,ES,BRACKET_MACRO,TREND_COMPRESSION,TrendDown,CASH_CLOSE,TRANSITION,TRANSITION,NONE,50,100,MACRO_STALE_1036.3MIN,UNCHANGED,0,0.0,0,CLOSE,82.51,NONE,1.0,0.4857142857142857,-2.0671834625323,305.0,32.0,92.57,0.9999998249841308,0.9999996499703288,2.0904328572796077e-06,3,0.8514285714285714,6.697339329868404,7.906976744186046,0.0341670388566324,0,1,0,7238.25,4.8375,,,,True,MACRO_STALE_1036.3MIN,,,,,False,False,False,False,False,False,False,False,False,False,False,False
2026-05-01 09:31:57,2026-05-01 09:25:00,2026-05-01 09:25:00,ES,UNRESOLVED,TRANSITION,Balance,PREMARKET_CONTEXT,TRANSITION,TRANSITION,NONE,55,0,OPENING_OR_UNRESOLVED_UNRESOLVED,UNCHANGED,0,0.0,0,PREMARKET,0.0,NONE,0.0,0.0,0.0,0.0,0.0,0.0,0.9999800759780898,0.9999601564060148,0.0001699603118381,12,0.0,0.0,0.0,0.0,0,0,0,7264.0,0.0,,,,False,FRESH,,,,,False,False,False,False,False,False,False,False,False,False,False,False
2026-05-01 09:36:42,2026-05-01 09:35:00,2026-05-01 09:35:00,ES,OPENING_AUCTION,ROTATION_ILLIQUID,TrendUp,OPENING_AUCTION,TRANSITION,TRANSITION,NONE,55,0,OPENING_OR_UNRESOLVED_OPENING_AUCTION,UNCHANGED,0,0.0,1,OPEN,0.0,LONG,0.0,0.0,0.0,0.0,1.0,0.0,0.7715811187541431,0.5431622375084628,0.3876224297615871,1,0.0,0.7224927468047005,1.1025641025641026,0.3909090909090909,0,1,0,7274.5,9.75,,,,False,FRESH,,,,,False,False,False,True,False,False,False,False,False,False,False,False
2026-05-01 09:41:27,2026-05-01 09:40:00,2026-05-01 09:35:00,ES,BALANCE_STRUCTURE,ROTATION_ILLIQUID,TrendDown,EARLY_TEST,TRANSITION,TRANSITION,NONE,50,40,NO_CLEAR_STAGE_C_ALIGNMENT,UNCHANGED,0,1.356,1,OPEN,36.28,LONG,0.6470588235294118,0.0,1.1,5.0,2.0,0.0,0.5318530321602122,0.0637060643214609,0.4985352272946872,2,0.0,0.2886828599372772,1.1333333333333333,0.206060606060606,0,1,0,7272.25,7.5,,,,False,FRESH,,,,,False,False,False,False,False,False,False,False,False,False,False,False
2026-05-01 09:41:36,2026-05-01 09:40:00,2026-05-01 09:40:00,ES,BALANCE_STRUCTURE,ROTATION_ILLIQUID,TrendUp,EARLY_TEST,TRANSITION,TRANSITION,NONE,50,30,NO_CLEAR_STAGE_C_ALIGNMENT,UNCHANGED,0,1.356,2,OPEN,36.28,LONG,0.6470588235294118,0.0,1.1,5.0,2.0,0.0,0.8565782371592353,0.7131564743181742,0.296565212049024,2,0.0,0.2886828599372772,1.1333333333333333,0.206060606060606,0,1,0,7272.25,7.5,,,,False,FRESH,,,,,False,False,False,False,False,False,False,False,False,False,False,False
2026-05-01 09:46:10,2026-05-01 09:45:00,2026-05-01 09:40:00,ES,BALANCE_STRUCTURE,ROTATION_ILLIQUID,TrendUp,FIRST_ACCEPTANCE,TREND_COMPRESSION,TREND_COMPRESSION,LONG,66,0,MICRO_TREND_INSIDE_MACRO_STRUCTURE,LOCKED_IMMEDIATE,0,0.214,2,EARLY_AM,10.73,LONG,0.28,0.0,0.2393162393162393,0.0,1.0,0.0,0.6648855408633414,0.3297710817266851,0.4600333355747381,2,0.0,0.6878272747307763,1.709401709401709,0.2136752136752136,0,1,0,7276.25,7.3125,,,,False,FRESH,,,,,True,False,True,False,False,False,True,False,True,False,True,False
2026-05-01 09:46:20,2026-05-01 09:45:00,2026-05-01 09:45:00,ES,BALANCE_STRUCTURE,ROTATION_ILLIQUID,TrendUp,FIRST_ACCEPTANCE,TREND_COMPRESSION,TREND_COMPRESSION,LONG,66,0,MICRO_TREND_INSIDE_MACRO_STRUCTURE,UNCHANGED,0,0.214,2,EARLY_AM,10.73,LONG,0.28,0.0,0.2393162393162393,0.0,1.0,0.0,0.9995219240176136,0.9990438480378504,0.0029814784407989,3,0.0,0.6878272747307763,1.709401709401709,0.2136752136752136,0,1,0,7276.25,7.3125,,,,False,FRESH,,,,,True,False,True,False,False,False,True,False,True,False,True,False
2026-05-01 09:50:58,2026-05-01 09:50:00,2026-05-01 09:45:00,ES,BALANCE_STRUCTURE,ROTATION_ILLIQUID,TrendUp,EARLY_CONTINUATION,ROTATION_ILLIQUID,TREND_COMPRESSION,LONG,62,20,COMPRESSED_BALANCE_LOW_EDGE,PENDING_ROTATION_ILLIQUID_1_OF_2,1,0.138,2,EARLY_AM,24.91,LONG,0.1428571428571428,0.4683544303797468,0.1438848920863309,0.0,0.0,0.0,0.9987341497509102,0.9974682995019276,0.0070048729155215,3,0.0,0.2454243158113287,1.3669064748201438,0.1279461279461279,0,1,0,7273.25,6.95,,,,False,FRESH,,,,,True,False,True,False,False,False,True,False,True,False,True,False
2026-05-01 09:51:07,2026-05-01 09:50:00,2026-05-01 09:50:00,ES,BALANCE_STRUCTURE,ROTATION_ILLIQUID,TrendUp,EARLY_CONTINUATION,ROTATION_ILLIQUID,ROTATION_ILLIQUID,NONE,62,20,COMPRESSED_BALANCE_LOW_EDGE,LOCKED_AFTER_2_CONFIRMATIONS,0,0.138,2,EARLY_AM,24.91,LONG,0.1428571428571428,0.4683544303797468,0.1438848920863309,0.0,0.0,0.0,0.999858290212664,0.9997165804238216,0.0010080784988169,4,0.0,0.2454243158113287,1.3669064748201438,0.1279461279461279,0,1,0,7273.25,6.95,,,,False,FRESH,,,,,False,False,False,False,False,False,False,False,False,False,False,False
2026-05-01 09:55:42,2026-05-01 09:55:00,2026-05-01 09:50:00,ES,BALANCE_STRUCTURE,ROTATION_ILLIQUID,TrendUp,EARLY_CONTINUATION,TREND_COMPRESSION,TREND_COMPRESSION,LONG,66,0,MICRO_TREND_INSIDE_MACRO_STRUCTURE,LOCKED_IMMEDIATE,0,0.137,2,EARLY_AM,10.0,LONG,0.1428571428571428,0.2075471698113207,0.1311475409836065,0.0,1.0,0.0,0.998027853513699,0.9960557070271788,0.0102820707521776,4,0.0,0.6238611800490915,1.7704918032786885,0.1395348837209302,0,1,0,7277.25,7.625,,,,False,FRESH,,,,,True,False,True,False,False,False,True,False,True,False,True,False
2026-05-01 09:55:52,2026-05-01 09:55:00,2026-05-01 09:55:00,ES,BALANCE_STRUCTURE,ROTATION_ILLIQUID,TrendUp,EARLY_CONTINUATION,TREND_COMPRESSION,TREND_COMPRESSION,LONG,66,0,MICRO_TREND_INSIDE_MACRO_STRUCTURE,UNCHANGED,0,0.137,1,EARLY_AM,10.0,LONG,0.1428571428571428,0.2075471698113207,0.1311475409836065,0.0,1.0,0.0,0.9998711916651744,0.9997423833280212,0.0009251715813414,5,0.0,0.6238611800490915,1.7704918032786885,0.1395348837209302,0,1,0,7277.25,7.625,,,,False,FRESH,,,,,True,False,True,False,False,False,True,False,True,False,True,False
2026-05-01 10:02:10,2026-05-01 10:00:00,2026-05-01 10:00:00,ES,BALANCE_STRUCTURE,ROTATION_ILLIQUID,TrendDown,PRE_DECISION,TRANSITION,TRANSITION,NONE,50,30,NO_CLEAR_STAGE_C_ALIGNMENT,LOCKED_IMMEDIATE,0,2.53,1,EARLY_AM,57.5,LONG,1.0,0.7777777777777778,2.1875,5.0,2.0,0.0,0.998225916932398,0.9964518338629166,0.0093850105593113,2,0.0,1.9855842306481437,3.2265625,0.2345924453280318,0,1,0,7293.25,9.142857142857142,,,,False,FRESH,,,,,False,False,False,False,False,False,False,False,False,False,False,False
2026-05-01 10:07:07,2026-05-01 10:05:00,2026-05-01 10:05:00,ES,BALANCE_STRUCTURE,ROTATION_ILLIQUID,TrendDown,END_FIRST_WINDOW,TREND_COMPRESSION,TREND_COMPRESSION,LONG,64,30,DEVELOPING_INITIATIVE_PHASE_AWARE,LOCKED_IMMEDIATE,0,2.063,1,EARLY_AM,63.0,LONG,1.0,0.76,1.913621262458472,10.0,3.0,0.0,0.9999979016524054,0.9999958033050372,2.1303480809491653e-05,3,0.0,1.8791195370948817,3.3488372093023258,0.2198952879581152,0,1,0,7295.25,9.40625,,,,False,FRESH,,,,,True,False,True,False,False,False,True,False,True,False,True,False
2026-05-01 10:12:08,2026-05-01 10:10:00,2026-05-01 10:10:00,ES,BRACKET_MACRO,ROTATION_ILLIQUID,TrendUp,PRE_IB_MATURATION,TREND_COMPRESSION,TREND_COMPRESSION,LONG,66,0,MICRO_TREND_INSIDE_MACRO_STRUCTURE,UNCHANGED,0,-0.11,2,EARLY_AM,61.3,NONE,0.2,0.76,-0.1157556270096463,15.0,4.0,0.0,0.976792351754426,0.953584703509068,0.0795451320880766,1,0.0,1.538192413922682,3.2990353697749195,0.1795275590551181,0,1,0,7292.25,8.63888888888889,,,,False,FRESH,,,,,True,False,True,False,False,False,True,False,True,False,True,False
2026-05-01 10:15:28,2026-03-11 11:05:00,2026-03-11 11:05:00,ES,BRACKET_MACRO,ROTATION_LIQUID,TrendUp,MID_MORNING_DISCOVERY,TRANSITION,TRANSITION,NONE,50,100,MACRO_STALE_73390.5MIN,UNCHANGED,0,0.0,0,POST_IB_AM,77.96,LONG,0.8181818181818182,0.9365079365079364,0.8053691275167785,60.0,10.0,0.0,0.9998860327805786,0.9997720655631732,0.0008286389038949,20,0.5862068965517241,2.927020797699837,5.503355704697986,0.1344262295081967,0,1,0,6802.75,5.5875,,,,True,MACRO_STALE_73390.5MIN,,,,,False,False,False,False,False,False,False,False,False,False,False,False
2026-05-01 10:15:29,2026-05-01 10:10:00,2026-05-01 10:10:00,ES,BRACKET_MACRO,ROTATION_ILLIQUID,TrendUp,PRE_IB_MATURATION,TREND_COMPRESSION,TREND_COMPRESSION,LONG,66,0,MICRO_TREND_INSIDE_MACRO_STRUCTURE,LOCKED_IMMEDIATE,0,0.0,0,EARLY_AM,61.3,NONE,0.2,0.76,-0.1081081081081081,15.0,4.0,0.0,0.9783730832620396,0.9567461665238646,0.0752401407747647,1,0.0,1.4365700922821447,3.081081081081081,0.1795275590551181,0,1,0,7292.25,9.25,,,,False,FRESH,,,,,True,False,True,False,False,False,True,False,True,False,True,False
2026-05-01 10:17:11,2026-05-01 10:15:00,2026-05-01 10:15:00,ES,BRACKET_MACRO,ROTATION_ILLIQUID,TrendUp,PRE_IB_MATURATION,TREND_COMPRESSION,TREND_COMPRESSION,LONG,66,0,DEVELOPING_INITIATIVE_PHASE_AWARE,UNCHANGED,0,0.0,0,EARLY_AM,66.87,LONG,0.1724137931034483,0.7623762376237624,0.1432664756446991,20.0,5.0,0.0,0.9992887182828268,0.9985774365643068,0.0042319388490789,2,0.0,1.867818766597995,3.7535816618911175,0.1876790830945559,0,1,0,7296.5,8.725,,,,False,FRESH,,,,,True,False,True,False,False,False,True,False,True,False,True,False
2026-05-01 10:22:14,2026-05-01 10:20:00,2026-05-01 10:20:00,ES,BRACKET_MACRO,ROTATION_ILLIQUID,TrendUp,PRE_IB_MATURATION,TREND_COMPRESSION,TREND_COMPRESSION,LONG,66,0,DEVELOPING_INITIATIVE_PHASE_AWARE,UNCHANGED,0,0.512,0,EARLY_AM,65.63,LONG,1.0,0.3684210526315789,0.5351351351351352,25.0,6.0,0.0,0.999873130969246,0.9997462619402953,0.0009126308371056,3,0.0,1.8496683460109569,3.9243243243243247,0.1723237597911227,0,1,0,7296.75,8.409090909090908,,,,False,FRESH,,,,,True,False,True,False,False,False,True,False,True,False,True,False
2026-05-01 10:27:09,2026-05-01 10:25:00,2026-05-01 10:25:00,ES,BRACKET_MACRO,ROTATION_ILLIQUID,TrendUp,NEAR_IB_CONDITION,TREND_COMPRESSION,TREND_COMPRESSION,LONG,66,0,MICRO_TREND_INSIDE_MACRO_STRUCTURE,UNCHANGED,0,0.118,0,EARLY_AM,60.93,LONG,1.0,0.2727272727272727,0.1218274111675126,30.0,7.0,0.0,0.9999175278312188,0.9998350556649588,0.000618886341997,4,0.0,1.8719169861731384,4.111675126903553,0.1660516605166051,0,1,0,7297.5,8.208333333333334,,,,False,FRESH,,,,,True,False,True,False,False,False,True,False,True,False,True,False
2026-05-01 10:32:09,2026-05-01 10:30:00,2026-05-01 10:30:00,ES,BRACKET_MACRO,ROTATION_ILLIQUID,TrendUp,NEAR_IB_CONDITION,TREND_COMPRESSION,TREND_COMPRESSION,LONG,66,0,MICRO_TREND_INSIDE_MACRO_STRUCTURE,UNCHANGED,0,-0.273,0,EARLY_AM,49.01,NONE,0.6,0.2727272727272727,-0.2785714285714286,35.0,8.0,0.0,0.9997965711461756,0.999593142291072,0.0013940711247372,5,0.0,1.4373036254253488,3.8071428571428574,0.143859649122807,0,1,0,7294.5,8.076923076923077,,,,False,FRESH,,,,,True,False,True,False,False,False,True,False,True,False,True,False
2026-05-01 10:36:54,2026-05-01 10:35:00,2026-05-01 10:35:00,ES,BRACKET_MACRO,ROTATION_ILLIQUID,TrendDown,POST_IB_MACRO,TRANSITION,TRANSITION,NONE,50,30,NO_CLEAR_STAGE_C_ALIGNMENT,LOCKED_IMMEDIATE,0,-1.592,1,POST_IB_AM,39.56,NONE,1.0,0.8571428571428571,-1.582608695652174,0.0,0.0,0.0,0.7608039743287468,0.521607948654468,0.3968503699977039,1,0.0,0.1337127908431443,2.5260869565217394,0.088016967126193,0,1,0,7284.5,8.214285714285714,,,,False,FRESH,,,,,False,False,False,False,False,False,False,False,False,False,False,False
2026-05-01 10:46:25,2026-05-01 10:45:00,2026-05-01 10:40:00,ES,BRACKET_MACRO,ROTATION_ILLIQUID,TrendDown,POST_IB_MACRO,TRANSITION,TRANSITION,NONE,50,30,NO_CLEAR_STAGE_C_ALIGNMENT,UNCHANGED,0,-1.605,1,POST_IB_AM,40.2,SHORT,1.0,0.9117647058823528,-1.5645756457564577,0.0,0.0,0.0,0.999973606993955,0.9999472139897528,0.0002197502776453,2,0.0,-0.1886492690436174,2.066420664206642,0.0627240143369175,0,1,0,7281.25,8.46875,,,,False,FRESH,,,,,False,False,False,False,False,False,False,False,False,False,False,False
2026-05-01 10:46:34,2026-05-01 10:45:00,2026-05-01 10:45:00,ES,BRACKET_MACRO,ROTATION_ILLIQUID,TrendUp,POST_IB_MACRO,TRANSITION,TRANSITION,NONE,50,30,NO_CLEAR_STAGE_C_ALIGNMENT,UNCHANGED,0,-1.605,2,POST_IB_AM,40.2,SHORT,1.0,0.9117647058823528,-1.5645756457564577,0.0,0.0,0.0,0.8231900314570957,0.6463800629164584,0.3365242409434406,1,0.0,-0.1886492690436174,2.066420664206642,0.0627240143369175,0,1,0,7281.25,8.46875,,,,False,FRESH,,,,,False,False,False,False,False,False,False,False,False,False,False,False
2026-05-01 10:51:09,2026-03-11 11:05:00,2026-03-11 11:05:00,ES,BRACKET_MACRO,ROTATION_LIQUID,TrendUp,MID_MORNING_DISCOVERY,TRANSITION,TRANSITION,NONE,50,100,MACRO_STALE_73426.2MIN,UNCHANGED,0,0.0,0,POST_IB_AM,77.96,LONG,0.8181818181818182,0.9365079365079364,0.8053691275167785,60.0,10.0,0.0,0.9998860327805786,0.9997720655631732,0.0008286389038949,20,0.5862068965517241,2.927020797699837,5.503355704697986,0.1344262295081967,0,1,0,6802.75,5.5875,,,,True,MACRO_STALE_73426.2MIN,,,,,False,False,False,False,False,False,False,False,False,False,False,False
2026-05-01 10:51:10,2026-05-01 10:45:00,2026-05-01 10:45:00,ES,BRACKET_MACRO,ROTATION_ILLIQUID,TrendUp,POST_IB_MACRO,ROTATION_ILLIQUID,TRANSITION,NONE,62,20,COMPRESSED_BALANCE_LOW_EDGE,PENDING_ROTATION_ILLIQUID_1_OF_2,1,0.0,0,POST_IB_AM,40.18,SHORT,1.0,0.9117647058823528,-1.5474452554744529,0.0,0.0,0.0,0.827570750156719,0.6551415003123349,0.3316159090836533,1,0.0,-0.1865837660978844,2.0437956204379564,0.0627240143369175,0,1,0,7281.25,8.5625,,,,False,FRESH,,,,,False,False,False,False,False,False,False,False,False,False,False,False
2026-05-01 10:54:20,2026-04-27 10:55:00,2026-04-27 10:55:00,ES,BRACKET_MACRO,ROTATION_ILLIQUID,TrendUp,POST_IB_MACRO,TRANSITION,TRANSITION,NONE,50,100,MACRO_STALE_5759.3MIN,UNCHANGED,0,0.0,0,POST_IB_AM,0.0,NONE,0.0,0.0,0.0,0.0,0.0,0.0,0.999953306788162,0.999906613578857,0.0003695554866297,11,0.0,-0.1859540506642848,0.5,0.0032377428307123,0,1,0,7190.0,7.0,,,,True,MACRO_STALE_5759.3MIN,,,,,False,False,False,False,False,False,False,False,False,False,False,False
2026-05-01 10:54:21,2026-05-01 10:45:00,2026-05-01 10:45:00,ES,BRACKET_MACRO,ROTATION_ILLIQUID,TrendUp,POST_IB_MACRO,ROTATION_ILLIQUID,TRANSITION,NONE,62,20,COMPRESSED_BALANCE_LOW_EDGE,PENDING_ROTATION_ILLIQUID_1_OF_2,1,0.0,0,POST_IB_AM,40.18,SHORT,1.0,0.9117647058823528,-1.5474452554744529,0.0,0.0,0.0,0.9710895313571724,0.9421790627162784,0.094449067280587,1,0.0,-0.1865837660978844,2.0437956204379564,0.0627240143369175,0,1,0,7281.25,8.5625,,,,False,FRESH,,,,,False,False,False,False,False,False,False,False,False,False,False,False
2026-05-01 10:55:55,2026-05-01 10:55:00,2026-05-01 10:50:00,ES,BRACKET_MACRO,ROTATION_ILLIQUID,TrendUp,POST_IB_MACRO,ROTATION_ILLIQUID,ROTATION_ILLIQUID,NONE,62,20,COMPRESSED_BALANCE_LOW_EDGE,LOCKED_AFTER_2_CONFIRMATIONS,0,0.0,0,POST_IB_AM,41.99,SHORT,1.0,1.0,-0.5500848896434635,0.0,1.0,0.0,0.9961583177496196,0.9923166354989764,0.018178775840551,2,0.0,-0.3420550252102115,1.9864176570458405,0.052,0,1,0,7280.0,8.180555555555555,,,,False,FRESH,,,,,False,False,False,False,False,False,False,False,False,False,False,False
2026-05-01 10:56:03,2026-05-01 10:55:00,2026-05-01 10:55:00,ES,BRACKET_MACRO,ROTATION_ILLIQUID,TrendUp,POST_IB_MACRO,ROTATION_ILLIQUID,ROTATION_ILLIQUID,NONE,62,20,COMPRESSED_BALANCE_LOW_EDGE,UNCHANGED,0,0.0,0,POST_IB_AM,41.99,SHORT,1.0,1.0,-0.5500848896434635,0.0,1.0,0.0,0.9998556877056556,0.999711375413676,0.001024697305141,3,0.0,-0.3420550252102115,1.9864176570458405,0.052,0,1,0,7280.0,8.180555555555555,,,,False,FRESH,,,,,False,False,False,False,False,False,False,False,False,False,False,False
2026-05-01 11:07:04,2026-05-01 11:05:00,2026-05-01 11:05:00,ES,BRACKET_MACRO,ROTATION_ILLIQUID,TrendUp,MID_MORNING_DISCOVERY,TRANSITION,TRANSITION,NONE,50,30,NO_CLEAR_STAGE_C_ALIGNMENT,LOCKED_IMMEDIATE,0,-0.815,0,POST_IB_AM,60.38,SHORT,1.0,1.0,-0.8333333333333334,10.0,2.0,0.0,0.9984131269182352,0.9968262538359256,0.0085224187504026,5,0.0,-0.9754207351748104,1.3271604938271606,0.031159420289855,0,1,0,7274.5,8.1,,,,False,FRESH,,,,,False,False,False,False,False,False,False,False,False,False,False,False
2026-05-01 11:10:15,2026-04-27 10:55:00,2026-04-27 10:55:00,ES,BRACKET_MACRO,ROTATION_ILLIQUID,TrendUp,POST_IB_MACRO,TRANSITION,TRANSITION,NONE,50,100,MACRO_STALE_5775.2MIN,UNCHANGED,0,0.0,0,POST_IB_AM,0.0,NONE,0.0,0.0,0.0,0.0,0.0,0.0,0.999953306788162,0.9999066135788574,0.0003695554866275,11,0.0,-0.1859540506642848,0.5,0.0032377428307123,0,1,0,7190.0,7.0,,,,True,MACRO_STALE_5775.2MIN,,,,,False,False,False,False,False,False,False,False,False,False,False,False
2026-05-01 11:10:16,2026-05-01 11:05:00,2026-05-01 11:05:00,ES,BRACKET_MACRO,ROTATION_ILLIQUID,TrendUp,MID_MORNING_DISCOVERY,TRANSITION,TRANSITION,NONE,50,20,NO_CLEAR_STAGE_C_ALIGNMENT,UNCHANGED,0,0.0,0,POST_IB_AM,60.33,SHORT,1.0,1.0,-0.8294930875576038,10.0,2.0,0.0,0.9985928987283552,0.9971857974568886,0.0076790706299603,5,0.0,-0.9709257087454336,1.3210445468509986,0.031159420289855,0,1,0,7274.5,8.1375,,,,False,FRESH,,,,,False,False,False,False,False,False,False,False,False,False,False,False
2026-05-01 11:16:36,2026-03-11 11:05:00,2026-03-11 11:05:00,ES,BRACKET_MACRO,ROTATION_LIQUID,TrendUp,MID_MORNING_DISCOVERY,TRANSITION,TRANSITION,NONE,50,100,MACRO_STALE_73451.6MIN,UNCHANGED,0,0.0,0,POST_IB_AM,77.96,LONG,0.8181818181818182,0.9365079365079364,0.8053691275167785,60.0,10.0,0.0,0.9998860327805786,0.9997720655631732,0.0008286389038949,20,0.5862068965517241,2.927020797699837,5.503355704697986,0.1344262295081967,0,1,0,6802.75,5.5875,,,,True,MACRO_STALE_73451.6MIN,,,,,False,False,False,False,False,False,False,False,False,False,False,False
2026-05-01 11:16:37,2026-05-01 11:15:00,2026-05-01 11:15:00,ES,BRACKET_MACRO,ROTATION_ILLIQUID,TrendUp,MID_MORNING_DISCOVERY,ROTATION_ILLIQUID,TRANSITION,NONE,62,20,COMPRESSED_BALANCE_LOW_EDGE,PENDING_ROTATION_ILLIQUID_1_OF_2,1,0.0,0,POST_IB_AM,4.72,NONE,0.1020408163265306,0.1940298507462686,0.1626016260162601,0.0,0.0,0.0,0.996713371570519,0.9934267431432862,0.015922889068474,7,0.0,-0.1103477399416241,2.2764227642276422,0.046419098143236,0,1,0,7281.25,7.6875,,,,False,FRESH,,,,,False,False,False,False,False,False,False,False,False,False,False,False
2026-05-01 11:26:08,2026-05-01 11:25:00,2026-05-01 11:20:00,ES,BRACKET_MACRO,ROTATION_ILLIQUID,TrendUp,MID_MORNING_DISCOVERY,ROTATION_ILLIQUID,ROTATION_ILLIQUID,NONE,62,20,COMPRESSED_BALANCE_LOW_EDGE,LOCKED_AFTER_2_CONFIRMATIONS,0,0.0,0,POST_IB_AM,41.74,LONG,1.0,0.1940298507462686,1.3377926421404682,0.0,1.0,0.0,0.9984180821672898,0.9968361643335316,0.0084993779225629,8,0.0,0.3209272723649692,2.7759197324414715,0.0516811955168119,0,1,0,7284.5,7.475,,,,False,FRESH,,,,,False,False,False,False,False,False,False,False,False,False,False,False
2026-05-01 11:26:17,2026-05-01 11:25:00,2026-05-01 11:25:00,ES,BRACKET_MACRO,ROTATION_ILLIQUID,TrendUp,MID_MORNING_DISCOVERY,ROTATION_ILLIQUID,ROTATION_ILLIQUID,NONE,62,20,COMPRESSED_BALANCE_LOW_EDGE,UNCHANGED,0,0.0,0,POST_IB_AM,41.74,LONG,1.0,0.1940298507462686,1.3377926421404682,0.0,1.0,0.0,0.9994727665036366,0.998945533005307,0.0032508123479667,9,0.0,0.3209272723649692,2.7759197324414715,0.0516811955168119,0,1,0,7284.5,7.475,,,,False,FRESH,,,,,False,False,False,False,False,False,False,False,False,False,False,False
2026-05-01 11:35:45,2026-05-01 11:35:00,2026-05-01 11:30:00,ES,BRACKET_MACRO,ROTATION_ILLIQUID,TrendUp,MID_MORNING_DISCOVERY,ROTATION_ILLIQUID,ROTATION_ILLIQUID,NONE,62,20,COMPRESSED_BALANCE_LOW_EDGE,UNCHANGED,0,0.412,0,POST_IB_AM,41.8,LONG,0.8571428571428571,0.2698412698412698,0.449438202247191,10.0,2.0,0.0,0.9994273932915522,0.9988547865858086,0.0034964653056957,10,0.0,0.3109465447163843,3.0711610486891385,0.0485207100591716,0,1,0,7284.25,6.675,,,,False,FRESH,,,,,False,False,False,False,False,False,False,False,False,False,False,False
2026-05-01 11:35:54,2026-05-01 11:35:00,2026-05-01 11:35:00,ES,BRACKET_MACRO,ROTATION_ILLIQUID,TrendUp,MID_MORNING_DISCOVERY,ROTATION_ILLIQUID,ROTATION_ILLIQUID,NONE,62,20,COMPRESSED_BALANCE_LOW_EDGE,UNCHANGED,0,0.412,0,POST_IB_AM,41.8,LONG,0.8571428571428571,0.2698412698412698,0.449438202247191,10.0,2.0,0.0,0.9997294155274724,0.9994588310537328,0.0017985930113442,11,0.0,0.3109465447163843,3.0711610486891385,0.0485207100591716,0,1,0,7284.25,6.675,,,,False,FRESH,,,,,False,False,False,False,False,False,False,False,False,False,False,False
2026-05-01 11:45:52,2026-05-01 11:45:00,2026-05-01 11:40:00,ES,BRACKET_MACRO,ROTATION_ILLIQUID,TrendUp,MID_MORNING_DISCOVERY,TREND_COMPRESSION,TREND_COMPRESSION,LONG,70,10,DEVELOPING_INITIATIVE_PHASE_AWARE,LOCKED_IMMEDIATE,0,1.099,0,POST_IB_AM,73.17,LONG,0.9375,0.9722222222222222,1.1857707509881423,20.0,3.0,0.0,0.994615929392584,0.9892318587849228,0.0241634160493421,12,0.0,1.500897515585892,4.466403162055336,0.0635545556805399,0,1,0,7292.0,6.325,,,,False,FRESH,,,,,True,False,True,False,False,False,True,False,True,False,True,False
2026-05-01 11:46:03,2026-05-01 11:45:00,2026-05-01 11:45:00,ES,BRACKET_MACRO,ROTATION_ILLIQUID,TrendUp,MID_MORNING_DISCOVERY,TREND_COMPRESSION,TREND_COMPRESSION,LONG,70,10,DEVELOPING_INITIATIVE_PHASE_AWARE,UNCHANGED,0,1.099,0,POST_IB_AM,73.17,LONG,0.9375,0.9722222222222222,1.1857707509881423,20.0,3.0,0.0,0.9934956769467668,0.9869913538946729,0.0283015399861733,13,0.0,1.500897515585892,4.466403162055336,0.0635545556805399,0,1,0,7292.0,6.325,,,,False,FRESH,,,,,True,False,True,False,False,False,True,False,True,False,True,False
2026-05-01 11:47:29,2026-02-02 16:00:00,2026-02-02 16:00:00,ES,BRACKET_MACRO,TREND_EXPANSION,Transition,CASH_CLOSE,TRANSITION,TRANSITION,NONE,50,100,MACRO_STALE_126467.5MIN,UNCHANGED,0,0.0,0,CLOSE,76.38,NONE,1.0,1.0,-0.4120879120879121,135.0,15.0,100.0,0.9998930489244668,0.999810716948724,0.0008241501090934,1,8.483870967741936,2.491133152407201,7.857142857142858,0.0765934654525977,0,1,0,6995.25,9.1,,,,True,MACRO_STALE_126467.5MIN,,,,,False,False,False,False,False,False,False,False,False,False,False,False
2026-05-01 11:47:30,2026-05-01 11:45:00,2026-05-01 11:45:00,ES,BRACKET_MACRO,ROTATION_ILLIQUID,TrendUp,MID_MORNING_DISCOVERY,TREND_COMPRESSION,TREND_COMPRESSION,LONG,70,0,DEVELOPING_INITIATIVE_PHASE_AWARE,LOCKED_IMMEDIATE,0,0.0,0,POST_IB_AM,73.17,LONG,0.9375,0.9722222222222222,1.1811023622047243,20.0,3.0,0.0,0.9934956769467668,0.9869913538946729,0.0283015399861733,13,0.0,1.4949884702489398,4.448818897637795,0.0635545556805399,0,1,0,7292.0,6.35,,,,False,FRESH,,,,,True,False,True,False,False,False,True,False,True,False,True,False
2026-05-01 11:55:33,2026-05-01 11:55:00,2026-05-01 11:50:00,ES,BRACKET_MACRO,ROTATION_ILLIQUID,TrendDown,MID_MORNING_DISCOVERY,TRANSITION,TRANSITION,NONE,50,20,NO_CLEAR_STAGE_C_ALIGNMENT,LOCKED_IMMEDIATE,0,0.0,1,POST_IB_AM,43.17,LONG,0.1923076923076923,0.3333333333333333,0.3669724770642202,30.0,4.0,0.0,0.9999999516585388,0.9999999033163496,6.222803657247959e-07,1,0.0,0.5687785762532533,3.376146788990826,0.0475944128297982,0,1,0,7286.75,6.8125,,,,False,FRESH,,,,,False,False,False,False,False,False,False,False,False,False,False,False
2026-05-01 11:55:41,2026-05-01 11:55:00,2026-05-01 11:55:00,ES,BRACKET_MACRO,ROTATION_ILLIQUID,TrendUp,MID_MORNING_DISCOVERY,TREND_COMPRESSION,TREND_COMPRESSION,LONG,66,0,MICRO_TREND_INSIDE_MACRO_STRUCTURE,LOCKED_IMMEDIATE,0,0.0,2,POST_IB_AM,43.17,LONG,0.1923076923076923,0.3333333333333333,0.3669724770642202,30.0,4.0,0.0,0.8204971603303993,0.6409943206574399,0.3394941177713872,1,0.0,0.5687785762532533,3.376146788990826,0.0475944128297982,0,1,0,7286.75,6.8125,,,,False,FRESH,,,,,True,False,True,False,False,False,True,False,True,False,True,False
2026-05-01 11:58:41,2026-03-13 10:30:00,2026-03-13 10:30:00,ES,BRACKET_MACRO,ROTATION_ILLIQUID,TrendUp,NEAR_IB_CONDITION,TRANSITION,TRANSITION,NONE,50,100,MACRO_STALE_70648.7MIN,UNCHANGED,0,0.0,0,EARLY_AM,74.0,NONE,1.0,0.4,-1.038022813688213,25.0,6.0,0.0,0.9999471329943644,0.9998942659916412,0.0004136824439204,13,0.0,1.385378604135478,2.570342205323194,0.111587982832618,0,1,-1,6736.5,5.057692307692308,,,,True,MACRO_STALE_70648.7MIN,,,,,False,False,False,False,False,False,False,False,False,False,False,False
2026-05-01 11:58:42,2026-05-01 11:55:00,2026-05-01 11:55:00,ES,BRACKET_MACRO,ROTATION_ILLIQUID,TrendUp,MID_MORNING_DISCOVERY,TREND_COMPRESSION,TREND_COMPRESSION,LONG,66,0,MICRO_TREND_INSIDE_MACRO_STRUCTURE,LOCKED_IMMEDIATE,0,0.0,0,POST_IB_AM,42.75,LONG,0.1923076923076923,0.3333333333333333,0.3597122302158273,30.0,4.0,0.0,0.906429772184376,0.8128595443689748,0.2241379082448561,1,0.0,0.557525762694286,3.309352517985612,0.0475944128297982,0,1,0,7286.75,6.95,,,,False,FRESH,,,,,True,False,True,False,False,False,True,False,True,False,True,False
2026-05-01 12:00:15,2026-02-16 13:45:00,2026-02-16 13:45:00,ES,BRACKET_MACRO,ROTATION_ILLIQUID,TrendUp,POST_LUNCH_ROTATION,TRANSITION,TRANSITION,NONE,50,100,MACRO_STALE_106455.3MIN,UNCHANGED,0,0.0,0,PM,54.43,NONE,0.5,0.3076923076923077,0.9302325581395348,170.0,18.0,28.24,0.9993347794234198,0.9986695588478388,0.0039900245000216,52,0.15625,-0.7816581562913407,-3.069767441860465,0.0315186246418338,0,1,0,6876.25,2.6875,,,,True,MACRO_STALE_106455.3MIN,,,,,False,False,False,False,False,False,False,False,False,False,False,False
2026-05-01 12:00:16,2026-05-01 11:55:00,2026-05-01 11:55:00,ES,BRACKET_MACRO,ROTATION_ILLIQUID,TrendUp,MID_MORNING_DISCOVERY,TREND_COMPRESSION,TREND_COMPRESSION,LONG,66,0,MICRO_TREND_INSIDE_MACRO_STRUCTURE,LOCKED_IMMEDIATE,0,0.0,0,POST_IB_AM,42.64,LONG,0.1923076923076923,0.3333333333333333,0.3577817531305903,30.0,4.0,0.0,0.8702095012976749,0.7404190025948199,0.2784316734333221,1,0.0,0.5545336745224027,3.291592128801432,0.0475944128297982,0,1,0,7286.75,6.9875,,,,False,FRESH,,,,,True,False,True,False,False,False,True,False,True,False,True,False
2026-05-01 12:06:34,2026-05-01 12:05:00,2026-05-01 12:05:00,ES,BRACKET_MACRO,ROTATION_ILLIQUID,TrendUp,LUNCH_AUCTION,ROTATION_ILLIQUID,TREND_COMPRESSION,LONG,62,35,COMPRESSED_BALANCE_LOW_EDGE,PENDING_ROTATION_ILLIQUID_1_OF_2,1,0.0,0,LUNCH,53.89,NONE,1.0,0.0508474576271186,-0.99815157116451,40.0,5.0,0.0,0.9993613953544388,0.9987227907089536,0.0038491970422352,3,0.0,0.3366960364480986,3.1792975970425137,0.0425953442298167,0,1,0,7285.25,6.7625,,,,False,FRESH,,,,,False,False,True,False,False,False,True,False,True,False,False,False
2026-05-01 12:16:04,2026-05-01 12:15:00,2026-05-01 12:10:00,ES,BRACKET_MACRO,ROTATION_ILLIQUID,TrendUp,LUNCH_AUCTION,TRANSITION,TRANSITION,NONE,50,45,NO_CLEAR_STAGE_C_ALIGNMENT,LOCKED_IMMEDIATE,0,-1.515,0,LUNCH,39.7,SHORT,1.0,0.3260869565217391,-1.6528925619834711,0.0,1.0,0.0,0.9972110495423367,0.9944220990880582,0.0138425976832955,4,0.0,-1.0027588201014888,2.1487603305785123,0.024551463644948,0,1,0,7276.75,6.05,,,,False,FRESH,,,,,False,False,False,False,False,False,False,False,False,False,False,False
2026-05-01 12:16:12,2026-05-01 12:15:00,2026-05-01 12:15:00,ES,BRACKET_MACRO,ROTATION_ILLIQUID,TrendUp,LUNCH_AUCTION,TRANSITION,TRANSITION,NONE,50,45,NO_CLEAR_STAGE_C_ALIGNMENT,UNCHANGED,0,-1.515,0,LUNCH,39.7,SHORT,1.0,0.3260869565217391,-1.6528925619834711,0.0,1.0,0.0,0.994003707366896,0.9880074147317304,0.0264438737341283,5,0.0,-1.0027588201014888,2.1487603305785123,0.024551463644948,0,1,0,7276.75,6.05,,,,False,FRESH,,,,,False,False,False,False,False,False,False,False,False,False,False,False
2026-05-01 12:21:06,2026-03-11 11:05:00,2026-03-11 11:05:00,ES,BRACKET_MACRO,ROTATION_LIQUID,TrendUp,MID_MORNING_DISCOVERY,TRANSITION,TRANSITION,NONE,50,100,MACRO_STALE_73516.1MIN,UNCHANGED,0,0.0,0,POST_IB_AM,77.96,LONG,0.8181818181818182,0.9365079365079364,0.8053691275167785,60.0,10.0,0.0,0.9998860327805786,0.9997720655631732,0.0008286389038949,20,0.5862068965517241,2.927020797699837,5.503355704697986,0.1344262295081967,0,1,0,6802.75,5.5875,,,,True,MACRO_STALE_73516.1MIN,,,,,False,False,False,False,False,False,False,False,False,False,False,False
2026-05-01 12:21:08,2026-05-01 12:15:00,2026-05-01 12:15:00,ES,BRACKET_MACRO,ROTATION_ILLIQUID,TrendUp,LUNCH_AUCTION,TRANSITION,TRANSITION,NONE,50,35,NO_CLEAR_STAGE_C_ALIGNMENT,UNCHANGED,0,0.0,0,LUNCH,39.32,SHORT,1.0,0.3260869565217391,-1.6,0.0,1.0,0.0,0.9986285823466096,0.9972571646955212,0.0075097607343037,5,0.0,-0.970670537858241,2.08,0.024551463644948,0,1,0,7276.75,6.25,,,,False,FRESH,,,,,False,False,False,False,False,False,False,False,False,False,False,False
2026-05-01 12:26:06,2026-05-01 12:25:00,2026-05-01 12:20:00,ES,BRACKET_MACRO,ROTATION_ILLIQUID,TrendUp,LUNCH_AUCTION,TRANSITION,TRANSITION,NONE,50,35,NO_CLEAR_STAGE_C_ALIGNMENT,UNCHANGED,0,0.0,0,LUNCH,48.26,SHORT,0.9428571428571428,0.967741935483871,-1.2915851272015657,10.0,2.0,0.0,0.9456707535175152,0.8913415070326592,0.1522550584230703,6,0.0,-0.8765739685499099,2.0743639921722115,0.0235346358792184,0,1,0,7277.0,6.3875,,,,False,FRESH,,,,,False,False,False,False,False,False,False,False,False,False,False,False
2026-05-01 12:26:15,2026-05-01 12:25:00,2026-05-01 12:25:00,ES,BRACKET_MACRO,ROTATION_ILLIQUID,TrendUp,LUNCH_AUCTION,TRANSITION,TRANSITION,NONE,50,35,NO_CLEAR_STAGE_C_ALIGNMENT,UNCHANGED,0,0.0,0,LUNCH,48.26,SHORT,0.9428571428571428,0.967741935483871,-1.2915851272015657,10.0,2.0,0.0,0.9980213708355524,0.9960427416678684,0.0103111805695311,7,0.0,-0.8765739685499099,2.0743639921722115,0.0235346358792184,0,1,0,7277.0,6.3875,,,,False,FRESH,,,,,False,False,False,False,False,False,False,False,False,False,False,False
2026-05-01 12:34:16,2026-04-27 10:55:00,2026-04-27 10:55:00,ES,BRACKET_MACRO,ROTATION_ILLIQUID,TrendUp,POST_IB_MACRO,TRANSITION,TRANSITION,NONE,50,100,MACRO_STALE_5859.3MIN,UNCHANGED,0,0.0,0,POST_IB_AM,0.0,NONE,0.0,0.0,0.0,0.0,0.0,0.0,0.999953306788162,0.9999066135788574,0.0003695554866275,11,0.0,-0.1859540506642848,0.5,0.0032377428307123,0,1,0,7190.0,7.0,,,,True,MACRO_STALE_5859.3MIN,,,,,False,False,False,False,False,False,False,False,False,False,False,False
2026-05-01 12:34:17,2026-05-01 12:25:00,2026-05-01 12:25:00,ES,BRACKET_MACRO,ROTATION_ILLIQUID,TrendUp,LUNCH_AUCTION,TRANSITION,TRANSITION,NONE,50,35,NO_CLEAR_STAGE_C_ALIGNMENT,UNCHANGED,0,0.0,0,LUNCH,47.97,SHORT,0.9428571428571428,0.967741935483871,-1.254752851711027,10.0,2.0,0.0,0.99987574137144,0.9997514827442492,0.000895716560715,7,0.0,-0.8515766120323269,2.0152091254752853,0.0235346358792184,0,1,0,7277.0,6.575,,,,False,FRESH,,,,,False,False,False,False,False,False,False,False,False,False,False,False
2026-05-01 12:36:03,2026-05-01 12:35:00,2026-05-01 12:30:00,ES,BRACKET_MACRO,ROTATION_ILLIQUID,TrendUp,LUNCH_AUCTION,TRANSITION,TRANSITION,NONE,50,35,NO_CLEAR_STAGE_C_ALIGNMENT,UNCHANGED,0,0.0,0,LUNCH,63.05,SHORT,0.9130434782608696,0.9682539682539684,-0.7835820895522387,20.0,3.0,0.0,0.7653858991929788,0.5307717983837904,0.3929842017271277,8,0.0,-1.590494879014773,1.1567164179104477,0.0129005409904286,0,1,0,7271.5,6.7,,,,False,FRESH,,,,,False,False,False,False,False,False,False,False,False,False,False,False
2026-05-01 12:36:12,2026-05-01 12:35:00,2026-05-01 12:35:00,ES,BRACKET_MACRO,ROTATION_ILLIQUID,TrendUp,LUNCH_AUCTION,TRANSITION,TRANSITION,NONE,50,35,NO_CLEAR_STAGE_C_ALIGNMENT,UNCHANGED,0,0.0,0,LUNCH,63.05,SHORT,0.9130434782608696,0.9682539682539684,-0.7835820895522387,20.0,3.0,0.0,0.9949595497206892,0.9899190994446844,0.0228616796513085,9,0.0,-1.590494879014773,1.1567164179104477,0.0129005409904286,0,1,0,7271.5,6.7,,,,False,FRESH,,,,,False,False,False,False,False,False,False,False,False,False,False,False
2026-05-01 12:46:11,2026-04-27 10:55:00,2026-04-27 10:55:00,ES,BRACKET_MACRO,ROTATION_ILLIQUID,TrendUp,POST_IB_MACRO,TRANSITION,TRANSITION,NONE,50,100,MACRO_STALE_5871.2MIN,UNCHANGED,0,0.0,0,POST_IB_AM,0.0,NONE,0.0,0.0,0.0,0.0,0.0,0.0,0.999953306788162,0.999906613578857,0.0003695554866297,11,0.0,-0.1859540506642848,0.5,0.0032377428307123,0,1,0,7190.0,7.0,,,,True,MACRO_STALE_5871.2MIN,,,,,False,False,False,False,False,False,False,False,False,False,False,False
2026-05-01 12:46:12,2026-05-01 12:45:00,2026-05-01 12:40:00,ES,MEAN_REVERSION_MACRO,ROTATION_ILLIQUID,TrendUp,LUNCH_AUCTION,TRANSITION,TRANSITION,NONE,55,65,HIGH_CONFLICT_STAGE_A_B_OR_PRICE_ACTION,UNCHANGED,0,0.0,0,LUNCH,46.0,SHORT,1.0,0.971830985915493,-1.4035087719298247,30.0,4.0,0.0,0.9994596264046264,0.9989192528070882,0.0033222331862644,10,0.0,-2.162717847002295,0.6627680311890839,0.0067756078118772,1,1,0,7268.0,6.4125,,,,False,FRESH,,,,,False,False,False,False,False,False,False,False,False,False,False,False
2026-05-01 12:46:20,2026-05-01 12:45:00,2026-05-01 12:45:00,ES,MEAN_REVERSION_MACRO,ROTATION_ILLIQUID,TrendUp,LUNCH_AUCTION,TRANSITION,TRANSITION,NONE,55,65,HIGH_CONFLICT_STAGE_A_B_OR_PRICE_ACTION,UNCHANGED,0,0.0,0,LUNCH,46.0,SHORT,1.0,0.971830985915493,-1.4035087719298247,30.0,4.0,0.0,0.9989418985000714,0.997883797003193,0.0059921545739349,11,0.0,-2.162717847002295,0.6627680311890839,0.0067756078118772,1,1,0,7268.0,6.4125,,,,False,FRESH,,,,,False,False,False,False,False,False,False,False,False,False,False,False
2026-05-01 12:47:46,2026-04-29 13:15:00,2026-04-29 13:15:00,ES,BRACKET_MACRO,ROTATION_ILLIQUID,TrendUp,POST_LUNCH_ROTATION,TRANSITION,TRANSITION,NONE,50,100,MACRO_STALE_2852.8MIN,UNCHANGED,0,0.0,0,LUNCH,56.05,SHORT,0.3333333333333333,0.5348837209302325,-0.2242152466367712,90.0,10.0,0.0,0.9999197655008936,0.9998395309982108,0.0006036865970256,17,0.0,-1.5203658859497364,-2.5560538116591927,0.0241423125794155,0,1,1,7149.75,5.575,,,,True,MACRO_STALE_2852.8MIN,,,,,False,False,False,False,False,False,False,False,False,False,False,False
2026-05-01 12:47:48,2026-05-01 12:45:00,2026-05-01 12:45:00,ES,MEAN_REVERSION_MACRO,ROTATION_ILLIQUID,TrendUp,LUNCH_AUCTION,TRANSITION,TRANSITION,NONE,55,65,HIGH_CONFLICT_STAGE_A_B_OR_PRICE_ACTION,UNCHANGED,0,0.0,0,LUNCH,46.0,SHORT,1.0,0.971830985915493,-1.38996138996139,30.0,4.0,0.0,0.9989418985000714,0.997883797003193,0.0059921545739349,11,0.0,-2.141842192108451,0.6563706563706564,0.0067756078118772,1,1,0,7268.0,6.475,,,,False,FRESH,,,,,False,False,False,False,False,False,False,False,False,False,False,False
2026-05-01 12:56:02,2026-05-01 12:55:00,2026-05-01 12:50:00,ES,BRACKET_MACRO,ROTATION_ILLIQUID,TrendUp,LUNCH_AUCTION,TRANSITION,TRANSITION,NONE,50,35,NO_CLEAR_STAGE_C_ALIGNMENT,UNCHANGED,0,0.0,0,LUNCH,34.55,NONE,0.1764705882352941,0.2631578947368421,0.2366863905325443,40.0,5.0,0.0,0.9990503110819966,0.9981006221615004,0.0054522909336831,12,0.0,-1.3398560743253811,1.4595660749506902,0.0141167493323159,0,1,0,7273.0,6.3375,,,,False,FRESH,,,,,False,False,False,False,False,False,False,False,False,False,False,False
2026-05-01 12:56:11,2026-05-01 12:55:00,2026-05-01 12:55:00,ES,BRACKET_MACRO,ROTATION_ILLIQUID,TrendUp,LUNCH_AUCTION,TRANSITION,TRANSITION,NONE,50,35,NO_CLEAR_STAGE_C_ALIGNMENT,UNCHANGED,0,0.0,0,LUNCH,34.55,NONE,0.1764705882352941,0.2631578947368421,0.2366863905325443,40.0,5.0,0.0,0.9991243549210328,0.998248709843072,0.0050784916163067,13,0.0,-1.3398560743253811,1.4595660749506902,0.0141167493323159,0,1,0,7273.0,6.3375,,,,False,FRESH,,,,,False,False,False,False,False,False,False,False,False,False,False,False
2026-05-01 13:05:36,2026-05-01 13:05:00,2026-05-01 13:00:00,ES,BRACKET_MACRO,ROTATION_ILLIQUID,TrendUp,POST_LUNCH_ROTATION,TRANSITION,TRANSITION,NONE,50,45,NO_CLEAR_STAGE_C_ALIGNMENT,UNCHANGED,0,0.744,0,LUNCH,56.63,NONE,0.9047619047619048,0.2982456140350877,0.7495069033530571,50.0,6.0,0.0,0.9771317229758316,0.9542634459497038,0.0786277725687731,14,0.0,-1.344862265395932,1.4201183431952662,0.0132110091743119,0,1,0,7272.75,6.3375,,,,False,FRESH,,,,,False,False,False,False,False,False,False,False,False,False,False,False
2026-05-01 13:05:44,2026-05-01 13:05:00,2026-05-01 13:05:00,ES,BRACKET_MACRO,ROTATION_ILLIQUID,TrendUp,POST_LUNCH_ROTATION,TRANSITION,TRANSITION,NONE,50,45,NO_CLEAR_STAGE_C_ALIGNMENT,UNCHANGED,0,0.744,0,LUNCH,56.63,NONE,0.9047619047619048,0.2982456140350877,0.7495069033530571,50.0,6.0,0.0,0.9972132384773896,0.9944264769534776,0.0138333137688596,15,0.0,-1.344862265395932,1.4201183431952662,0.0132110091743119,0,1,0,7272.75,6.3375,,,,False,FRESH,,,,,False,False,False,False,False,False,False,False,False,False,False,False
2026-05-01 13:14:50,2026-03-11 11:05:00,2026-03-11 11:05:00,ES,BRACKET_MACRO,ROTATION_LIQUID,TrendUp,MID_MORNING_DISCOVERY,TRANSITION,TRANSITION,NONE,50,100,MACRO_STALE_73569.8MIN,UNCHANGED,0,0.0,0,POST_IB_AM,77.96,LONG,0.8181818181818182,0.9365079365079364,0.8053691275167785,60.0,10.0,0.0,0.9998860327805786,0.9997720655631732,0.0008286389038949,20,0.5862068965517241,2.927020797699837,5.503355704697986,0.1344262295081967,0,1,0,6802.75,5.5875,,,,True,MACRO_STALE_73569.8MIN,,,,,False,False,False,False,False,False,False,False,False,False,False,False
2026-05-01 13:14:51,2026-05-01 13:05:00,2026-05-01 13:05:00,ES,BRACKET_MACRO,ROTATION_ILLIQUID,TrendUp,POST_LUNCH_ROTATION,TRANSITION,TRANSITION,NONE,50,35,NO_CLEAR_STAGE_C_ALIGNMENT,UNCHANGED,0,0.0,0,LUNCH,56.48,NONE,0.9047619047619048,0.2982456140350877,0.7407407407407408,50.0,6.0,0.0,0.9998168672970992,0.9996337345929976,0.001268870271053,15,0.0,-1.3291328821749269,1.4035087719298247,0.0132110091743119,0,1,0,7272.75,6.4125,,,,False,FRESH,,,,,False,False,False,False,False,False,False,False,False,False,False,False
2026-05-01 13:16:30,2026-05-01 13:15:00,2026-05-01 13:10:00,ES,BRACKET_MACRO,ROTATION_ILLIQUID,TrendUp,POST_LUNCH_ROTATION,TRANSITION,TRANSITION,NONE,50,35,NO_CLEAR_STAGE_C_ALIGNMENT,UNCHANGED,0,0.0,0,LUNCH,52.41,NONE,0.875,0.4,0.5845511482254697,60.0,7.0,0.0,0.9995887154468088,0.9991774308954148,0.0026095950957834,16,0.0,-0.7823626649558583,2.1294363256784967,0.0183189655172413,0,1,0,7276.5,5.9875,,,,False,FRESH,,,,,False,False,False,False,False,False,False,False,False,False,False,False
2026-05-01 13:16:39,2026-05-01 13:15:00,2026-05-01 13:15:00,ES,BRACKET_MACRO,ROTATION_ILLIQUID,TrendUp,POST_LUNCH_ROTATION,TRANSITION,TRANSITION,NONE,50,35,NO_CLEAR_STAGE_C_ALIGNMENT,UNCHANGED,0,0.0,0,LUNCH,52.41,NONE,0.875,0.4,0.5845511482254697,60.0,7.0,0.0,0.9994738196455528,0.9989476392944808,0.0032450779902151,17,0.0,-0.7823626649558583,2.1294363256784967,0.0183189655172413,0,1,0,7276.5,5.9875,,,,False,FRESH,,,,,False,False,False,False,False,False,False,False,False,False,False,False
2026-05-01 13:25:57,2026-05-01 13:25:00,2026-05-01 13:20:00,ES,BRACKET_MACRO,ROTATION_ILLIQUID,TrendUp,POST_LUNCH_ROTATION,TRANSITION,TRANSITION,NONE,50,45,NO_CLEAR_STAGE_C_ALIGNMENT,UNCHANGED,0,0.982,0,LUNCH,54.65,NONE,1.0,0.9555555555555556,1.0105263157894735,70.0,8.0,0.0,0.9989936981804284,0.9979873963600554,0.0057352613035353,18,0.0,-0.3989296648081539,2.526315789473684,0.021015761821366,0,1,0,7278.75,5.9375,,,,False,FRESH,,,,,False,False,False,False,False,False,False,False,False,False,False,False
2026-05-01 13:26:06,2026-05-01 13:25:00,2026-05-01 13:25:00,ES,BRACKET_MACRO,ROTATION_ILLIQUID,TrendUp,POST_LUNCH_ROTATION,TRANSITION,TRANSITION,NONE,50,45,NO_CLEAR_STAGE_C_ALIGNMENT,UNCHANGED,0,0.982,0,LUNCH,54.65,NONE,1.0,0.9555555555555556,1.0105263157894735,70.0,8.0,0.0,0.9988294233509049,0.9976588467052324,0.0065437664650374,19,0.0,-0.3989296648081539,2.526315789473684,0.021015761821366,0,1,0,7278.75,5.9375,,,,False,FRESH,,,,,False,False,False,False,False,False,False,False,False,False,False,False
2026-05-01 13:36:42,2026-05-01 13:35:00,2026-05-01 13:35:00,ES,BRACKET_MACRO,ROTATION_ILLIQUID,TrendUp,POST_LUNCH_ROTATION,TRANSITION,TRANSITION,NONE,50,30,NO_CLEAR_STAGE_C_ALIGNMENT,UNCHANGED,0,0.751,0,PM,38.83,NONE,1.0,0.9393939393939394,0.8395061728395061,0.0,0.0,2.23,0.9996249607874408,0.9992499215742592,0.0024045818051446,21,0.0,-0.0714939458954671,3.3580246913580245,0.0233998623537508,0,1,0,7280.75,5.0625,,,,False,FRESH,,,,,False,False,False,False,False,False,False,False,False,False,False,False
2026-05-01 13:45:56,2026-05-01 13:45:00,2026-05-01 13:40:00,ES,BRACKET_MACRO,ROTATION_ILLIQUID,TrendUp,POST_LUNCH_ROTATION,ROTATION_ILLIQUID,TRANSITION,NONE,62,20,COMPRESSED_BALANCE_LOW_EDGE,PENDING_ROTATION_ILLIQUID_1_OF_2,1,0.283,0,PM,36.46,NONE,0.6,0.8823529411764706,0.3053435114503817,0.0,0.0,5.34,0.9970642535256672,0.9941285070507142,0.0144624150825815,22,0.0,-0.1708933258154127,3.3587786259541987,0.0221997981836528,0,1,0,7280.25,4.9125,,,,False,FRESH,,,,,False,False,False,False,False,False,False,False,False,False,False,False
2026-05-01 13:46:06,2026-05-01 13:45:00,2026-05-01 13:45:00,ES,BRACKET_MACRO,ROTATION_ILLIQUID,TrendUp,POST_LUNCH_ROTATION,ROTATION_ILLIQUID,ROTATION_ILLIQUID,NONE,62,20,COMPRESSED_BALANCE_LOW_EDGE,LOCKED_AFTER_2_CONFIRMATIONS,0,0.283,0,PM,36.46,NONE,0.6,0.8823529411764706,0.3053435114503817,0.0,0.0,5.34,0.9987338394681138,0.9974676789368204,0.0070063659436394,23,0.0,-0.1708933258154127,3.3587786259541987,0.0221997981836528,0,1,0,7280.25,4.9125,,,,False,FRESH,,,,,False,False,False,False,False,False,False,False,False,False,False,False
2026-05-01 13:49:01,2026-04-29 13:15:00,2026-04-29 13:15:00,ES,BRACKET_MACRO,ROTATION_ILLIQUID,TrendUp,POST_LUNCH_ROTATION,TRANSITION,TRANSITION,NONE,50,100,MACRO_STALE_2914.0MIN,UNCHANGED,0,0.0,0,LUNCH,56.05,SHORT,0.3333333333333333,0.5348837209302325,-0.2242152466367712,90.0,10.0,0.0,0.999919722445232,0.9998394448875464,0.0006039794773245,17,0.0,-1.5203658859497364,-2.5560538116591927,0.0241423125794155,0,1,1,7149.75,5.575,,,,True,MACRO_STALE_2914.0MIN,,,,,False,False,False,False,False,False,False,False,False,False,False,False
2026-05-01 13:49:02,2026-05-01 13:45:00,2026-05-01 13:45:00,ES,BRACKET_MACRO,ROTATION_ILLIQUID,TrendUp,POST_LUNCH_ROTATION,ROTATION_ILLIQUID,TRANSITION,NONE,62,20,COMPRESSED_BALANCE_LOW_EDGE,PENDING_ROTATION_ILLIQUID_1_OF_2,1,0.0,0,PM,36.46,NONE,0.6,0.8823529411764706,0.3045685279187817,0.0,0.0,5.33,0.998840221096272,0.9976804421910184,0.0064911622597904,23,0.0,-0.1704595864097898,3.3502538071065997,0.0221997981836528,0,1,0,7280.25,4.925,,,,False,FRESH,,,,,False,False,False,False,False,False,False,False,False,False,False,False
2026-05-01 13:56:44,2026-05-01 13:55:00,2026-05-01 13:55:00,ES,BRACKET_MACRO,ROTATION_ILLIQUID,TrendUp,POST_LUNCH_ROTATION,ROTATION_ILLIQUID,ROTATION_ILLIQUID,NONE,62,20,COMPRESSED_BALANCE_LOW_EDGE,LOCKED_AFTER_2_CONFIRMATIONS,0,0.0,0,PM,33.09,LONG,0.3333333333333333,0.8260869565217391,0.1047120418848167,0.0,0.0,1.07,0.9996784306756092,0.9993568613495262,0.0020974432656174,25,0.0,0.0343688785239288,3.664921465968586,0.0230490615739216,0,1,0,7281.25,4.775,,,,False,FRESH,,,,,False,False,False,False,False,False,False,False,False,False,False,False
2026-05-01 13:59:49,2026-03-11 11:05:00,2026-03-11 11:05:00,ES,BRACKET_MACRO,ROTATION_LIQUID,TrendUp,MID_MORNING_DISCOVERY,TRANSITION,TRANSITION,NONE,50,100,MACRO_STALE_73614.8MIN,UNCHANGED,0,0.0,0,POST_IB_AM,77.96,LONG,0.8181818181818182,0.9365079365079364,0.8053691275167785,60.0,10.0,0.0,0.9998860327805786,0.9997720655631732,0.0008286389038949,20,0.5862068965517241,2.927020797699837,5.503355704697986,0.1344262295081967,0,1,0,6802.75,5.5875,,,,True,MACRO_STALE_73614.8MIN,,,,,False,False,False,False,False,False,False,False,False,False,False,False
2026-05-01 13:59:51,2026-05-01 13:55:00,2026-05-01 13:55:00,ES,BRACKET_MACRO,ROTATION_ILLIQUID,TrendUp,POST_LUNCH_ROTATION,ROTATION_ILLIQUID,TRANSITION,NONE,62,20,COMPRESSED_BALANCE_LOW_EDGE,PENDING_ROTATION_ILLIQUID_1_OF_2,1,0.0,0,PM,32.95,LONG,0.3333333333333333,0.8260869565217391,0.1038961038961039,0.0,0.0,1.07,0.9997881384474112,0.9995762768960108,0.0014456513636446,25,0.0,0.0341010690808852,3.636363636363636,0.0230490615739216,0,1,0,7281.25,4.8125,,,,False,FRESH,,,,,False,False,False,False,False,False,False,False,False,False,False,False
2026-05-01 14:06:00,2026-05-01 14:05:00,2026-05-01 14:00:00,ES,BRACKET_MACRO,ROTATION_ILLIQUID,TrendUp,AFTERNOON_TREND_TEST,TRANSITION,TRANSITION,NONE,50,20,NO_CLEAR_STAGE_C_ALIGNMENT,UNCHANGED,0,0.0,0,PM,38.81,SHORT,0.6521739130434783,0.2727272727272727,-0.9090909090909092,0.0,1.0,34.5,0.9962869639000264,0.9925739278015472,0.0176614243022664,26,0.0,-1.1039445540212027,3.090909090909091,0.0164622336991607,0,1,0,7276.5,4.125,,,,False,FRESH,,,,,False,False,False,False,False,False,False,False,False,False,False,False
2026-05-01 14:06:08,2026-05-01 14:05:00,2026-05-01 14:05:00,ES,BRACKET_MACRO,ROTATION_ILLIQUID,TrendUp,AFTERNOON_TREND_TEST,TRANSITION,TRANSITION,NONE,50,20,NO_CLEAR_STAGE_C_ALIGNMENT,UNCHANGED,0,0.0,0,PM,38.81,SHORT,0.6521739130434783,0.2727272727272727,-0.9090909090909092,0.0,1.0,34.5,0.9944121890969276,0.9888243781925262,0.0249276654435288,27,0.0,-1.1039445540212027,3.090909090909091,0.0164622336991607,0,1,0,7276.5,4.125,,,,False,FRESH,,,,,False,False,False,False,False,False,False,False,False,False,False,False
2026-05-01 14:16:46,2026-05-01 14:15:00,2026-05-01 14:15:00,ES,MEAN_REVERSION_MACRO,ROTATION_ILLIQUID,TrendUp,AFTERNOON_TREND_TEST,TRANSITION,TRANSITION,NONE,55,60,HIGH_CONFLICT_STAGE_A_B_OR_PRICE_ACTION,UNCHANGED,0,-2.722,0,PM,45.0,SHORT,1.0,0.8490566037735849,-2.9283489096573208,10.0,2.0,50.0,0.9762767852783784,0.9525535705598628,0.0809317716357101,29,0.0,-2.8382919659822483,1.4330218068535825,0.0072349795533186,1,1,0,7269.5,4.0125,,,,False,FRESH,,,,,False,False,False,False,False,False,False,False,False,False,False,False
2026-05-01 14:26:01,2026-05-01 14:25:00,2026-05-01 14:20:00,ES,BRACKET_MACRO,ROTATION_ILLIQUID,TrendUp,AFTERNOON_TREND_TEST,TRANSITION,TRANSITION,NONE,50,30,NO_CLEAR_STAGE_C_ALIGNMENT,UNCHANGED,0,-1.124,0,PM,60.23,SHORT,0.4736842105263157,0.5409836065573771,-1.1612903225806452,20.0,3.0,50.0,0.9680846398482336,0.9361692796960404,0.1019540860867406,30,0.0,-2.2308114719576664,2.129032258064516,0.0101195952161913,0,1,0,7272.0,3.875,,,,False,FRESH,,,,,False,False,False,False,False,False,False,False,False,False,False,False
2026-05-01 14:26:10,2026-05-01 14:25:00,2026-05-01 14:25:00,ES,BRACKET_MACRO,ROTATION_ILLIQUID,TrendUp,AFTERNOON_TREND_TEST,TRANSITION,TRANSITION,NONE,50,30,NO_CLEAR_STAGE_C_ALIGNMENT,UNCHANGED,0,-1.124,0,PM,60.23,SHORT,0.4736842105263157,0.5409836065573771,-1.1612903225806452,20.0,3.0,50.0,0.998242555954766,0.99648511190602,0.0093089457096426,31,0.0,-2.2308114719576664,2.129032258064516,0.0101195952161913,0,1,0,7272.0,3.875,,,,False,FRESH,,,,,False,False,False,False,False,False,False,False,False,False,False,False
2026-05-01 14:27:36,2026-03-11 11:05:00,2026-03-11 11:05:00,ES,BRACKET_MACRO,ROTATION_LIQUID,TrendUp,MID_MORNING_DISCOVERY,TRANSITION,TRANSITION,NONE,50,100,MACRO_STALE_73642.6MIN,UNCHANGED,0,0.0,0,POST_IB_AM,77.96,LONG,0.8181818181818182,0.9365079365079364,0.8053691275167785,60.0,10.0,0.0,0.9998860327805786,0.9997720655631732,0.0008286389038949,20,0.5862068965517241,2.927020797699837,5.503355704697986,0.1344262295081967,0,1,0,6802.75,5.5875,,,,True,MACRO_STALE_73642.6MIN,,,,,False,False,False,False,False,False,False,False,False,False,False,False
2026-05-01 14:27:38,2026-05-01 14:25:00,2026-05-01 14:25:00,ES,BRACKET_MACRO,ROTATION_ILLIQUID,TrendUp,AFTERNOON_TREND_TEST,TRANSITION,TRANSITION,NONE,50,20,NO_CLEAR_STAGE_C_ALIGNMENT,UNCHANGED,0,0.0,0,PM,60.23,SHORT,0.4736842105263157,0.5409836065573771,-1.1501597444089458,20.0,3.0,50.0,0.998242555954766,0.99648511190602,0.0093089457096426,31,0.0,-2.209429892354238,2.108626198083067,0.0101195952161913,0,1,0,7272.0,3.9125,,,,False,FRESH,,,,,False,False,False,False,False,False,False,False,False,False,False,False
2026-05-01 14:33:53,2026-03-11 11:05:00,2026-03-11 11:05:00,ES,BRACKET_MACRO,ROTATION_LIQUID,TrendUp,MID_MORNING_DISCOVERY,TRANSITION,TRANSITION,NONE,50,100,MACRO_STALE_73648.9MIN,UNCHANGED,0,0.0,0,POST_IB_AM,77.96,LONG,0.8181818181818182,0.9365079365079364,0.8053691275167785,60.0,10.0,0.0,0.9998860327805786,0.9997720655631732,0.0008286389038949,20,0.5862068965517241,2.927020797699837,5.503355704697986,0.1344262295081967,0,1,0,6802.75,5.5875,,,,True,MACRO_STALE_73648.9MIN,,,,,False,False,False,False,False,False,False,False,False,False,False,False
2026-05-01 14:33:54,2026-05-01 14:25:00,2026-05-01 14:25:00,ES,BRACKET_MACRO,ROTATION_ILLIQUID,TrendUp,AFTERNOON_TREND_TEST,TRANSITION,TRANSITION,NONE,50,20,NO_CLEAR_STAGE_C_ALIGNMENT,UNCHANGED,0,0.0,0,PM,60.23,SHORT,0.4736842105263157,0.5409836065573771,-1.1392405063291138,20.0,3.0,50.0,0.9998299593001808,0.99965991860163,0.0011872585628833,31,0.0,-2.188454292110369,2.088607594936709,0.0101195952161913,0,1,0,7272.0,3.95,,,,False,FRESH,,,,,False,False,False,False,False,False,False,False,False,False,False,False
2026-05-01 14:36:59,2026-05-01 14:35:00,2026-05-01 14:35:00,ES,MEAN_REVERSION_MACRO,ROTATION_ILLIQUID,TrendUp,AFTERNOON_TREND_TEST,TRANSITION,TRANSITION,NONE,52,50,HMM_TRANSITION_OR_RETURN_TO_OPEN,UNCHANGED,0,0.0,0,PM,48.21,SHORT,0.3333333333333333,0.7402597402597403,-0.6153846153846154,30.0,4.0,50.0,0.9943853619613938,0.9887707239200412,0.0250278908192302,33,0.0,-3.295156528214396,0.8,0.0038713519952352,1,1,0,7267.0,4.0625,,,,False,FRESH,,,,,False,False,False,False,False,False,False,False,False,False,False,False
2026-05-01 14:46:15,2026-05-01 14:45:00,2026-05-01 14:40:00,ES,MEAN_REVERSION_MACRO,ROTATION_ILLIQUID,TrendUp,AFTERNOON_TREND_TEST,TRANSITION,TRANSITION,NONE,55,60,HIGH_CONFLICT_STAGE_A_B_OR_PRICE_ACTION,UNCHANGED,0,-2.225,0,PM,56.0,SHORT,1.0,0.726027397260274,-2.31023102310231,40.0,5.0,50.0,0.9956693896367518,0.9913387792741092,0.0201173752777833,34,0.0,-4.442454123858829,-0.132013201320132,0.000581226387678,1,1,0,7263.25,3.7875,,,,False,FRESH,,,,,False,False,False,False,False,False,False,False,False,False,False,False
2026-05-01 14:46:25,2026-05-01 14:45:00,2026-05-01 14:45:00,ES,MEAN_REVERSION_MACRO,ROTATION_ILLIQUID,TrendUp,AFTERNOON_TREND_TEST,TRANSITION,TRANSITION,NONE,55,60,HIGH_CONFLICT_STAGE_A_B_OR_PRICE_ACTION,UNCHANGED,0,-2.225,0,PM,56.0,SHORT,1.0,0.726027397260274,-2.31023102310231,40.0,5.0,50.0,0.9967726266742212,0.9935452533493128,0.0156782379773244,35,0.0,-4.442454123858829,-0.132013201320132,0.000581226387678,1,1,0,7263.25,3.7875,,,,False,FRESH,,,,,False,False,False,False,False,False,False,False,False,False,False,False
2026-05-01 14:57:01,2026-05-01 14:55:00,2026-05-01 14:55:00,ES,MEAN_REVERSION_MACRO,ROTATION_ILLIQUID,TrendUp,AFTERNOON_TREND_TEST,TRANSITION,TRANSITION,NONE,55,60,HIGH_CONFLICT_STAGE_A_B_OR_PRICE_ACTION,UNCHANGED,0,-1.394,0,PM,56.0,SHORT,1.0,0.6153846153846154,-1.3793103448275863,50.0,6.0,50.0,0.9890745912038962,0.9781491824112436,0.0434337118844485,37,0.0,-4.560114902390447,-0.5642633228840126,0.0025517436915225,1,1,0,7261.5,3.9875,,,,False,FRESH,,,,,False,False,False,False,False,False,False,False,False,False,False,False
2026-05-01 15:06:14,2026-05-01 15:05:00,2026-05-01 15:00:00,ES,MEAN_REVERSION_MACRO,ROTATION_ILLIQUID,TrendUp,LATE_DAY_CONVICTION,TRANSITION,TRANSITION,NONE,52,50,HMM_TRANSITION_OR_RETURN_TO_OPEN,UNCHANGED,0,0.506,0,POWER_HOUR,40.21,NONE,0.3636363636363636,0.4736842105263157,0.4892966360856268,60.0,7.0,50.0,0.9366670987913006,0.8733341975858803,0.1702678076208593,38,0.0,-3.448613289991667,0.3669724770642201,0.0016629711751662,1,1,0,7265.25,4.0875,,,,False,FRESH,,,,,False,False,False,False,False,False,False,False,False,False,False,False
2026-05-01 15:06:23,2026-05-01 15:05:00,2026-05-01 15:05:00,ES,MEAN_REVERSION_MACRO,ROTATION_ILLIQUID,TrendUp,LATE_DAY_CONVICTION,TRANSITION,TRANSITION,NONE,52,50,HMM_TRANSITION_OR_RETURN_TO_OPEN,UNCHANGED,0,0.506,0,POWER_HOUR,40.21,NONE,0.3636363636363636,0.4736842105263157,0.4892966360856268,60.0,7.0,50.0,0.9652294789853288,0.9304589579684758,0.1088892595479841,39,0.0,-3.448613289991667,0.3669724770642201,0.0016629711751662,1,1,0,7265.25,4.0875,,,,False,FRESH,,,,,False,False,False,False,False,False,False,False,False,False,False,False
2026-05-01 15:10:49,2026-03-11 11:05:00,2026-03-11 11:05:00,ES,BRACKET_MACRO,ROTATION_LIQUID,TrendUp,MID_MORNING_DISCOVERY,TRANSITION,TRANSITION,NONE,50,100,MACRO_STALE_73685.8MIN,UNCHANGED,0,0.0,0,POST_IB_AM,77.96,LONG,0.8181818181818182,0.9365079365079364,0.8053691275167785,60.0,10.0,0.0,0.9998860327805786,0.9997720655631732,0.0008286389038949,20,0.5862068965517241,2.927020797699837,5.503355704697986,0.1344262295081967,0,1,0,6802.75,5.5875,,,,True,MACRO_STALE_73685.8MIN,,,,,False,False,False,False,False,False,False,False,False,False,False,False
2026-05-01 15:10:50,2026-05-01 15:05:00,2026-05-01 15:05:00,ES,MEAN_REVERSION_MACRO,ROTATION_ILLIQUID,TrendUp,LATE_DAY_CONVICTION,TRANSITION,TRANSITION,NONE,52,50,HMM_TRANSITION_OR_RETURN_TO_OPEN,UNCHANGED,0,0.0,0,POWER_HOUR,40.21,NONE,0.3636363636363636,0.4736842105263157,0.4733727810650888,60.0,7.0,50.0,0.9742055279838544,0.9484110559675398,0.0864207731446221,39,0.0,-3.336380313098448,0.3550295857988166,0.0016629711751662,1,1,0,7265.25,4.225,,,,False,FRESH,,,,,False,False,False,False,False,False,False,False,False,False,False,False
2026-05-01 15:13:53,2026-04-27 10:55:00,2026-04-27 10:55:00,ES,BRACKET_MACRO,ROTATION_ILLIQUID,TrendUp,POST_IB_MACRO,TRANSITION,TRANSITION,NONE,50,100,MACRO_STALE_6018.9MIN,UNCHANGED,0,0.0,0,POST_IB_AM,0.0,NONE,0.0,0.0,0.0,0.0,0.0,0.0,0.999953306788162,0.999906613578857,0.0003695554866297,11,0.0,-0.1859540506642848,0.5,0.0032377428307123,0,1,0,7190.0,7.0,,,,True,MACRO_STALE_6018.9MIN,,,,,False,False,False,False,False,False,False,False,False,False,False,False
2026-05-01 15:13:54,2026-05-01 15:05:00,2026-05-01 15:05:00,ES,MEAN_REVERSION_MACRO,ROTATION_ILLIQUID,TrendUp,LATE_DAY_CONVICTION,TRANSITION,TRANSITION,NONE,52,50,HMM_TRANSITION_OR_RETURN_TO_OPEN,UNCHANGED,0,0.0,0,POWER_HOUR,40.21,NONE,0.3636363636363636,0.4736842105263157,0.4733727810650888,60.0,7.0,50.0,0.9758682145021984,0.95173642900596,0.0820247524469309,39,0.0,-3.336380313098448,0.3550295857988166,0.0016629711751662,1,1,0,7265.25,4.225,,,,False,FRESH,,,,,False,False,False,False,False,False,False,False,False,False,False,False
2026-05-01 15:16:59,2026-04-29 13:15:00,2026-04-29 13:15:00,ES,BRACKET_MACRO,ROTATION_ILLIQUID,TrendUp,POST_LUNCH_ROTATION,TRANSITION,TRANSITION,NONE,50,100,MACRO_STALE_3002.0MIN,UNCHANGED,0,0.0,0,LUNCH,56.05,SHORT,0.3333333333333333,0.5348837209302325,-0.2242152466367712,90.0,10.0,0.0,0.999919722445232,0.9998394448875464,0.0006039794773245,17,0.0,-1.5203658859497364,-2.5560538116591927,0.0241423125794155,0,1,1,7149.75,5.575,,,,True,MACRO_STALE_3002.0MIN,,,,,False,False,False,False,False,False,False,False,False,False,False,False
2026-05-01 15:17:00,2026-05-01 15:15:00,2026-05-01 15:15:00,ES,BRACKET_MACRO,ROTATION_ILLIQUID,TrendUp,LATE_DAY_CONVICTION,TRANSITION,TRANSITION,NONE,50,20,NO_CLEAR_STAGE_C_ALIGNMENT,UNCHANGED,0,0.0,0,POWER_HOUR,74.0,NONE,1.0,0.3015873015873015,2.4260355029585803,70.0,8.0,50.0,0.9556599446872382,0.9113198893771172,0.1309244902220705,41,0.0,-1.7543703541819202,1.8934911242603552,0.008695652173913,0,1,0,7271.75,4.225,,,,False,FRESH,,,,,False,False,False,False,False,False,False,False,False,False,False,False
2026-05-01 15:26:22,2026-05-01 15:25:00,2026-05-01 15:20:00,ES,BRACKET_MACRO,ROTATION_ILLIQUID,TrendUp,LATE_DAY_CONVICTION,TRANSITION,TRANSITION,NONE,50,20,NO_CLEAR_STAGE_C_ALIGNMENT,UNCHANGED,0,0.0,0,POWER_HOUR,74.0,NONE,1.0,0.75,2.054380664652568,80.0,9.0,40.0,0.9899861563767106,0.979972312749954,0.040442448136021,42,0.0,-1.2800807406721542,2.416918429003021,0.0106809078771695,0,1,0,7273.75,4.1375,,,,False,FRESH,,,,,False,False,False,False,False,False,False,False,False,False,False,False
2026-05-01 15:26:31,2026-05-01 15:25:00,2026-05-01 15:25:00,ES,BRACKET_MACRO,ROTATION_ILLIQUID,TrendUp,LATE_DAY_CONVICTION,TRANSITION,TRANSITION,NONE,50,20,NO_CLEAR_STAGE_C_ALIGNMENT,UNCHANGED,0,0.0,0,POWER_HOUR,74.0,NONE,1.0,0.75,2.054380664652568,80.0,9.0,40.0,0.9967310382797804,0.993462076559426,0.0158500287078455,43,0.0,-1.2800807406721542,2.416918429003021,0.0106809078771695,0,1,0,7273.75,4.1375,,,,False,FRESH,,,,,False,False,False,False,False,False,False,False,False,False,False,False
2026-05-01 15:34:12,2026-01-29 15:15:00,2026-01-29 15:15:00,ES,BRACKET_MACRO,TREND_EXPANSION,TrendDown,LATE_DAY_CONVICTION,TRANSITION,TRANSITION,NONE,50,100,MACRO_STALE_132499.2MIN,UNCHANGED,0,0.0,0,POWER_HOUR,90.0,SHORT,1.0,1.0,-4.031413612565444,70.0,8.0,100.0,0.666200100892915,0.3324002017871507,0.4593808466888961,11,6.586956521739131,-4.571732708667772,-8.821989528795811,0.1216167448574521,0,1,1,6942.0,9.55,,,,True,MACRO_STALE_132499.2MIN,,,,,False,False,False,False,False,False,False,False,False,False,False,False
2026-05-01 15:34:13,2026-05-01 15:25:00,2026-05-01 15:25:00,ES,BRACKET_MACRO,ROTATION_ILLIQUID,TrendUp,LATE_DAY_CONVICTION,TRANSITION,TRANSITION,NONE,50,20,NO_CLEAR_STAGE_C_ALIGNMENT,UNCHANGED,0,0.0,0,POWER_HOUR,74.0,NONE,1.0,0.75,1.9825072886297377,80.0,9.0,38.6,0.99868027681084,0.997360553623087,0.0072632889618117,43,0.0,-1.235296574817735,2.332361516034985,0.0106809078771695,0,1,0,7273.75,4.2875,,,,False,FRESH,,,,,False,False,False,False,False,False,False,False,False,False,False,False
2026-05-01 15:35:47,2026-05-01 15:35:00,2026-05-01 15:30:00,ES,BRACKET_MACRO,ROTATION_ILLIQUID,TrendUp,LATE_DAY_CONVICTION,TRANSITION,TRANSITION,NONE,50,20,NO_CLEAR_STAGE_C_ALIGNMENT,UNCHANGED,0,0.0,0,POWER_HOUR,74.0,NONE,1.0,1.0,0.4664723032069971,90.0,10.0,37.91,0.9894319564335762,0.978863912869606,0.0422679083758736,44,0.0,-1.213224929997629,2.332361516034985,0.0104739460591777,0,1,0,7273.75,4.2875,,,,False,FRESH,,,,,False,False,False,False,False,False,False,False,False,False,False,False
2026-05-01 15:35:55,2026-05-01 15:35:00,2026-05-01 15:35:00,ES,BRACKET_MACRO,ROTATION_ILLIQUID,TrendUp,LATE_DAY_CONVICTION,TRANSITION,TRANSITION,NONE,50,20,NO_CLEAR_STAGE_C_ALIGNMENT,UNCHANGED,0,0.0,0,POWER_HOUR,74.0,NONE,1.0,1.0,0.4664723032069971,90.0,10.0,37.91,0.9959544470968844,0.9919088941949094,0.0189922936050922,45,0.0,-1.213224929997629,2.332361516034985,0.0104739460591777,0,1,0,7273.75,4.2875,,,,False,FRESH,,,,,False,False,False,False,False,False,False,False,False,False,False,False
2026-05-01 15:40:26,2026-03-11 11:05:00,2026-03-11 11:05:00,ES,BRACKET_MACRO,ROTATION_LIQUID,TrendUp,MID_MORNING_DISCOVERY,TRANSITION,TRANSITION,NONE,50,100,MACRO_STALE_73715.4MIN,UNCHANGED,0,0.0,0,POST_IB_AM,77.96,LONG,0.8181818181818182,0.9365079365079364,0.8053691275167785,60.0,10.0,0.0,0.9998860327805786,0.9997720655631732,0.0008286389038949,20,0.5862068965517241,2.927020797699837,5.503355704697986,0.1344262295081967,0,1,0,6802.75,5.5875,,,,True,MACRO_STALE_73715.4MIN,,,,,False,False,False,False,False,False,False,False,False,False,False,False
2026-05-01 15:40:28,2026-05-01 15:35:00,2026-05-01 15:35:00,ES,BRACKET_MACRO,ROTATION_ILLIQUID,TrendUp,LATE_DAY_CONVICTION,TRANSITION,TRANSITION,NONE,50,20,NO_CLEAR_STAGE_C_ALIGNMENT,UNCHANGED,0,0.0,0,POWER_HOUR,73.91,NONE,1.0,1.0,0.4584527220630373,90.0,10.0,37.26,0.999126481924329,0.9982529638473038,0.0050676887284347,45,0.0,-1.1923671948114234,2.2922636103151866,0.0104739460591777,0,1,0,7273.75,4.3625,,,,False,FRESH,,,,,False,False,False,False,False,False,False,False,False,False,False,False
2026-05-01 15:46:41,2026-05-01 15:45:00,2026-05-01 15:45:00,ES,BRACKET_MACRO,ROTATION_ILLIQUID,TrendUp,LATE_DAY_CONVICTION,TRANSITION,TRANSITION,NONE,50,20,NO_CLEAR_STAGE_C_ALIGNMENT,UNCHANGED,0,0.0,0,POWER_HOUR,74.0,SHORT,1.0,0.7435897435897436,-0.2958579881656805,100.0,11.0,46.94,0.996391662466484,0.9927833249338042,0.0172380008876765,47,0.0,-1.5022236902083164,2.071005917159764,0.0090229440577468,0,1,0,7272.5,4.225,,,,False,FRESH,,,,,False,False,False,False,False,False,False,False,False,False,False,False
2026-05-01 15:56:01,2026-05-01 15:55:00,2026-05-01 15:50:00,ES,MEAN_REVERSION_MACRO,ROTATION_ILLIQUID,TrendDown,LATE_DAY_CONVICTION,TRANSITION,TRANSITION,NONE,55,60,HIGH_CONFLICT_STAGE_A_B_OR_PRICE_ACTION,UNCHANGED,0,-2.199,1,POWER_HOUR,56.0,SHORT,1.0,0.6521739130434783,-2.1714285714285717,110.0,12.0,50.0,0.9507858122835748,0.9015716245653131,0.1415247295290774,1,0.0,-3.222897384621735,0.1142857142857142,0.000502512562814,1,1,0,7264.25,4.375,,,,False,FRESH,,,,,False,False,False,False,False,False,False,False,False,False,False,False
2026-05-01 15:56:10,2026-05-01 15:55:00,2026-05-01 15:55:00,ES,MEAN_REVERSION_MACRO,ROTATION_ILLIQUID,TrendDown,LATE_DAY_CONVICTION,TRANSITION,TRANSITION,NONE,55,60,HIGH_CONFLICT_STAGE_A_B_OR_PRICE_ACTION,UNCHANGED,0,-2.199,1,POWER_HOUR,56.0,SHORT,1.0,0.6521739130434783,-2.1714285714285717,110.0,12.0,50.0,0.6675479831192915,0.3350959662421174,0.4587059976048332,2,0.0,-3.222897384621735,0.1142857142857142,0.000502512562814,1,1,0,7264.25,4.375,,,,False,FRESH,,,,,False,False,False,False,False,False,False,False,False,False,False,False
2026-05-01 16:00:43,2026-05-01 16:00:00,2026-05-01 15:55:00,ES,MEAN_REVERSION_MACRO,ROTATION_ILLIQUID,TrendDown,CASH_CLOSE,TREND_COMPRESSION,TREND_COMPRESSION,SHORT,66,40,MICRO_TREND_INSIDE_MACRO_STRUCTURE,LOCKED_IMMEDIATE,0,-3.383,1,CLOSE,56.3,SHORT,1.0,1.0,-3.191489361702128,115.0,13.0,51.49,0.981148340780746,0.9622966815594324,0.0674717365426503,2,0.0297619047619047,-4.129758599973819,-1.3297872340425532,0.0061819980217606,1,1,0,7257.5,4.7,,,,False,FRESH,,,,,False,False,True,False,False,False,True,False,False,True,False,False
2026-05-01 16:00:53,2026-05-01 16:00:00,2026-05-01 16:00:00,ES,MEAN_REVERSION_MACRO,ROTATION_ILLIQUID,TrendDown,CASH_CLOSE,TREND_COMPRESSION,TREND_COMPRESSION,SHORT,66,40,MICRO_TREND_INSIDE_MACRO_STRUCTURE,UNCHANGED,0,-3.383,1,CLOSE,56.3,SHORT,1.0,1.0,-3.191489361702128,115.0,13.0,51.49,0.9998959863916094,0.9997919727809236,0.0007631249802776,3,0.0297619047619047,-4.129758599973819,-1.3297872340425532,0.0061819980217606,1,1,0,7257.5,4.7,,,,False,FRESH,,,,,False,False,True,False,False,False,True,False,False,True,False,False
2026-05-01 16:06:57,2026-04-27 10:55:00,2026-04-27 10:55:00,ES,BRACKET_MACRO,ROTATION_ILLIQUID,TrendUp,POST_IB_MACRO,TRANSITION,TRANSITION,NONE,50,100,MACRO_STALE_6071.9MIN,UNCHANGED,0,0.0,0,POST_IB_AM,0.0,NONE,0.0,0.0,0.0,0.0,0.0,0.0,0.999953306788162,0.9999066135788574,0.0003695554866275,11,0.0,-0.1859540506642848,0.5,0.0032377428307123,0,1,0,7190.0,7.0,,,,True,MACRO_STALE_6071.9MIN,,,,,False,False,False,False,False,False,False,False,False,False,False,False
2026-05-01 16:06:59,2026-05-01 16:00:00,2026-05-01 16:00:00,ES,MEAN_REVERSION_MACRO,ROTATION_ILLIQUID,TrendDown,CASH_CLOSE,TREND_COMPRESSION,TREND_COMPRESSION,SHORT,66,30,MICRO_TREND_INSIDE_MACRO_STRUCTURE,LOCKED_IMMEDIATE,0,0.0,0,CLOSE,56.3,SHORT,1.0,1.0,-3.191489361702128,115.0,13.0,51.49,0.9999975497442398,0.99999509948508,2.460222623110662e-05,3,0.0297619047619047,-4.129758599973819,-1.3297872340425532,0.0061819980217606,1,1,0,7257.5,4.7,,,,False,FRESH,,,,,False,False,True,False,False,False,True,False,False,True,False,False
2026-05-03 11:33:31,2026-05-01 16:00:00,2026-05-01 16:00:00,ES,MEAN_REVERSION_MACRO,ROTATION_ILLIQUID,TrendDown,CASH_CLOSE,TRANSITION,TRANSITION,NONE,50,100,MACRO_STALE_WRONG_SESSION_2D,UNCHANGED,0,0.0,0,CLOSE,56.3,SHORT,1.0,1.0,-3.191489361702128,115.0,13.0,51.49,0.9999975498461028,0.9999950996953824,2.4601220394724152e-05,3,0.0297619047619047,-4.129758599973819,-1.3297872340425532,0.0061819980217606,1,1,0,7257.5,4.7,,,,True,MACRO_STALE_WRONG_SESSION_2D,1,HYST_BLOCK_STALE_MACRO_STALE_WRONG_SESSION_2D,False,True,False,False,False,False,False,False,False,False,False,False,False,False
2026-05-03 12:40:42,2026-05-01 16:00:00,2026-05-01 16:00:00,ES,MEAN_REVERSION_MACRO,ROTATION_ILLIQUID,TrendDown,CASH_CLOSE,TRANSITION,TRANSITION,NONE,50,100,MACRO_STALE_WRONG_SESSION_2D,UNCHANGED,0,0.0,0,CLOSE,56.3,SHORT,1.0,1.0,-3.191489361702128,115.0,13.0,51.49,0.9999975498461028,0.9999950996953824,2.4601220394724152e-05,3,0.0297619047619047,-4.129758599973819,-1.3297872340425532,0.0061819980217606,1,1,0,7257.5,4.7,,,,True,MACRO_STALE_WRONG_SESSION_2D,1,HYST_BLOCK_STALE_MACRO_STALE_WRONG_SESSION_2D,False,True,False,False,False,False,False,False,False,False,False,False,False,False
2026-05-04 09:18:41,2026-05-01 16:00:00,2026-05-01 16:00:00,ES,MEAN_REVERSION_MACRO,ROTATION_ILLIQUID,TrendDown,CASH_CLOSE,TRANSITION,TRANSITION,NONE,50,100,MACRO_STALE_WRONG_SESSION_3D,UNCHANGED,0,0.0,0,CLOSE,56.3,SHORT,1.0,1.0,-3.191489361702128,115.0,13.0,51.49,0.9999975498461028,0.9999950996953824,2.4601220394724152e-05,3,0.0297619047619047,-4.129758599973819,-1.3297872340425532,0.0061819980217606,1,1,0,7257.5,4.7,,,,True,MACRO_STALE_WRONG_SESSION_3D,1,HYST_BLOCK_STALE_MACRO_STALE_WRONG_SESSION_3D,False,True,False,False,False,False,False,False,False,False,False,False,False,False
2026-05-04 09:19:51,2026-04-27 10:55:00,2026-04-27 10:55:00,ES,BRACKET_MACRO,ROTATION_ILLIQUID,TrendUp,POST_IB_MACRO,TRANSITION,TRANSITION,NONE,50,100,MACRO_STALE_WRONG_SESSION_7D,UNCHANGED,0,0.0,0,POST_IB_AM,0.0,NONE,0.0,0.0,0.0,0.0,0.0,0.0,0.999953306788162,0.999906613578857,0.0003695554866297,11,0.0,-0.1859540506642848,0.5,0.0032377428307123,0,1,0,7190.0,7.0,,,,True,MACRO_STALE_WRONG_SESSION_7D,1,HYST_BLOCK_STALE_MACRO_STALE_WRONG_SESSION_7D,False,True,False,False,False,False,False,False,False,False,False,False,False,False
2026-05-04 09:19:52,2026-05-01 16:00:00,2026-05-01 16:00:00,ES,MEAN_REVERSION_MACRO,ROTATION_ILLIQUID,TrendDown,CASH_CLOSE,TRANSITION,TRANSITION,NONE,50,100,MACRO_STALE_WRONG_SESSION_3D,UNCHANGED,0,0.0,0,CLOSE,56.3,SHORT,1.0,1.0,-3.191489361702128,115.0,13.0,51.49,0.9999975498461028,0.9999950996953824,2.4601220394570877e-05,3,0.0297619047619047,-4.129758599973819,-1.3297872340425532,0.0061819980217606,1,1,0,7257.5,4.7,,,,True,MACRO_STALE_WRONG_SESSION_3D,1,HYST_BLOCK_STALE_MACRO_STALE_WRONG_SESSION_3D,False,True,False,False,False,False,False,False,False,False,False,False,False,False
2026-05-04 09:30:18,2026-05-04 09:25:00,2026-05-04 09:25:00,ES,UNRESOLVED,TRANSITION,TrendDown,PREMARKET_CONTEXT,TRANSITION,TRANSITION,NONE,55,20,OPENING_OR_UNRESOLVED_UNRESOLVED,UNCHANGED,0,0.0,0,PREMARKET,0.0,NONE,0.0,0.0,0.0,0.0,0.0,0.0,0.9981470508626538,0.996367342551112,0.0099664910180186,3,0.0,0.0,0.0,0.0,0,0,0,7249.5,0.0,,,,False,FRESH,1,HYST_BLOCK_TRENDDOWN_AGE_1_OF_2,False,True,False,False,False,False,False,False,False,False,False,False,False,False
2026-05-04 09:36:07,2026-05-04 09:35:00,2026-05-04 09:30:00,ES,OPENING_AUCTION,ROTATION_ILLIQUID,TrendDown,OPENING_AUCTION,TRANSITION,TRANSITION,NONE,55,20,OPENING_OR_UNRESOLVED_OPENING_AUCTION,UNCHANGED,0,0.0,0,OPEN,0.0,NONE,0.0,0.0,0.0,0.0,0.0,0.0,0.9999268928462688,0.9998537856901162,0.0005549662954078,4,0.0,0.1290337728691016,-0.0769230769230769,0.0196078431372549,0,1,0,7249.0,6.5,,,,False,FRESH,2,HYST_PASSED_TRENDDOWN_AGE_2,True,True,False,False,False,True,False,False,False,False,False,False,False,False
2026-05-04 09:36:16,2026-05-04 09:35:00,2026-05-04 09:35:00,ES,OPENING_AUCTION,ROTATION_ILLIQUID,TrendUp,OPENING_AUCTION,TRANSITION,TRANSITION,NONE,55,20,OPENING_OR_UNRESOLVED_OPENING_AUCTION,UNCHANGED,0,0.0,1,OPEN,0.0,NONE,0.0,0.0,0.0,0.0,0.0,0.0,0.9877535041977932,0.9755070083938124,0.0476713951831093,1,0.0,0.1290337728691016,-0.0769230769230769,0.0196078431372549,0,1,0,7249.0,6.5,,,,False,FRESH,1,HYST_BLOCK_ES_TRENDUP_QUARANTINE,False,True,False,False,False,False,False,False,False,False,False,False,False,False
2026-05-04 09:40:39,2026-05-04 09:40:00,2026-05-04 09:35:00,ES,BALANCE_STRUCTURE,ROTATION_ILLIQUID,TrendUp,EARLY_TEST,ROTATION_ILLIQUID,TRANSITION,NONE,62,20,COMPRESSED_BALANCE_LOW_EDGE,PENDING_ROTATION_ILLIQUID_1_OF_2,1,-0.297,1,OPEN,23.54,NONE,1.0,0.0,-0.1956521739130434,0.0,0.0,0.0,0.5969005254929957,0.1938010509872433,0.4863674106417991,1,0.0,0.001415545798132,-0.1956521739130434,0.0309278350515463,0,1,0,7248.0,7.666666666666667,,,,False,FRESH,2,HYST_PASSED_TRENDUP_MACRO_CONFIRM,True,True,False,False,False,False,False,False,False,False,False,False,False,False
2026-05-04 09:40:48,2026-05-04 09:40:00,2026-05-04 09:40:00,ES,BALANCE_STRUCTURE,ROTATION_ILLIQUID,TrendUp,EARLY_TEST,ROTATION_ILLIQUID,ROTATION_ILLIQUID,NONE,62,20,COMPRESSED_BALANCE_LOW_EDGE,LOCKED_AFTER_2_CONFIRMATIONS,0,-0.297,1,OPEN,23.54,NONE,1.0,0.0,-0.1956521739130434,0.0,0.0,0.0,0.9982691643027104,0.9965383286020812,0.0091870693100429,2,0.0,0.001415545798132,-0.1956521739130434,0.0309278350515463,0,1,0,7248.0,7.666666666666667,,,,False,FRESH,3,HYST_PASSED_TRENDUP_MACRO_CONFIRM,True,True,False,False,False,False,False,False,False,False,False,False,False,False
2026-05-04 09:46:41,2026-05-04 09:45:00,2026-05-04 09:45:00,ES,BALANCE_STRUCTURE,ROTATION_ILLIQUID,TrendUp,FIRST_ACCEPTANCE,ROTATION_ILLIQUID,ROTATION_ILLIQUID,NONE,62,20,COMPRESSED_BALANCE_LOW_EDGE,UNCHANGED,0,0.034,1,EARLY_AM,0.0,LONG,0.1111111111111111,0.0,0.0317460317460317,0.0,0.0,0.0,0.9987292091524804,0.9974584183055596,0.007028639748287,3,0.0,0.1118332212259586,-0.0317460317460317,0.003831417624521,0,1,0,7249.25,7.875,,,,False,FRESH,4,HYST_PASSED_TRENDUP_MACRO_CONFIRM,True,True,False,False,False,False,False,False,False,False,False,False,False,False
2026-05-04 09:51:13,2026-05-04 09:50:00,2026-05-04 09:45:00,ES,BALANCE_STRUCTURE,ROTATION_ILLIQUID,TrendUp,EARLY_CONTINUATION,TREND_COMPRESSION,TREND_COMPRESSION,LONG,66,10,MICRO_TREND_INSIDE_MACRO_STRUCTURE,LOCKED_IMMEDIATE,0,0.749,1,EARLY_AM,40.7,LONG,1.0,0.5862068965517241,0.7666666666666667,0.0,1.0,0.0,0.9843213029955712,0.9686426059916255,0.05821795112704,3,0.0,0.5917463688382365,0.5666666666666667,0.0519877675840978,0,1,0,7253.75,7.5,,,,False,FRESH,5,HYST_PASSED_TRENDUP_MACRO_CONFIRM,True,True,True,False,True,False,False,False,True,False,True,False,True,False
2026-05-04 09:51:21,2026-05-04 09:50:00,2026-05-04 09:50:00,ES,BALANCE_STRUCTURE,ROTATION_ILLIQUID,TrendUp,EARLY_CONTINUATION,TREND_COMPRESSION,TREND_COMPRESSION,LONG,66,10,MICRO_TREND_INSIDE_MACRO_STRUCTURE,UNCHANGED,0,0.749,1,EARLY_AM,40.7,LONG,1.0,0.5862068965517241,0.7666666666666667,0.0,1.0,0.0,0.9964325258957052,0.9928650517907112,0.0170721471747929,4,0.0,0.5917463688382365,0.5666666666666667,0.0519877675840978,0,1,0,7253.75,7.5,,,,False,FRESH,6,HYST_PASSED_TRENDUP_MACRO_CONFIRM,True,True,True,False,True,False,False,False,True,False,True,False,True,False
2026-05-04 09:55:43,2026-05-04 09:55:00,2026-05-04 09:50:00,ES,BALANCE_STRUCTURE,ROTATION_ILLIQUID,TrendUp,EARLY_CONTINUATION,TRANSITION,TRANSITION,NONE,50,0,NO_CLEAR_STAGE_C_ALIGNMENT,LOCKED_IMMEDIATE,0,0.674,1,EARLY_AM,46.4,LONG,1.0,0.7241379310344828,0.7272727272727273,5.0,2.0,0.0,0.9774963228414656,0.954992645681832,0.0776380726109327,4,0.0,0.6133242618631233,0.6909090909090909,0.0497382198952879,0,1,0,7254.25,6.875,,,,False,FRESH,7,HYST_PASSED_TRENDUP_MACRO_CONFIRM,True,True,False,False,False,False,False,False,False,False,False,False,False,False
2026-05-04 09:55:51,2026-05-04 09:55:00,2026-05-04 09:55:00,ES,BALANCE_STRUCTURE,ROTATION_ILLIQUID,TrendUp,EARLY_CONTINUATION,TRANSITION,TRANSITION,NONE,50,0,NO_CLEAR_STAGE_C_ALIGNMENT,UNCHANGED,0,0.674,0,EARLY_AM,46.4,LONG,1.0,0.7241379310344828,0.7272727272727273,5.0,2.0,0.0,0.9994348579805028,0.998869715961266,0.0034562351533792,5,0.0,0.6133242618631233,0.6909090909090909,0.0497382198952879,0,1,0,7254.25,6.875,,,,False,FRESH,8,HYST_PASSED_TRENDUP_MACRO_CONFIRM,True,True,False,False,False,False,False,False,False,False,False,False,False,False
2026-05-04 10:01:43,2026-05-04 10:00:00,2026-05-04 10:00:00,ES,BALANCE_STRUCTURE,ROTATION_ILLIQUID,TrendUp,PRE_DECISION,TREND_COMPRESSION,TREND_COMPRESSION,LONG,65,0,DEVELOPING_INITIATIVE_PHASE_AWARE,LOCKED_IMMEDIATE,0,0.561,0,EARLY_AM,61.13,LONG,1.0,1.0,0.5714285714285714,10.0,3.0,0.0,0.999855985554967,0.9997119711120708,0.0010227970576075,6,0.0,1.039497147123127,1.1785714285714286,0.0762124711316397,0,1,0,7257.75,7.0,,,,False,FRESH,9,HYST_PASSED_TRENDUP_MACRO_CONFIRM,True,True,True,False,True,False,False,False,True,False,True,False,True,False
2026-05-04 10:04:42,2026-03-16 12:45:00,2026-03-16 12:45:00,ES,BRACKET_MACRO,TREND_COMPRESSION,TrendUp,LUNCH_AUCTION,TRANSITION,TRANSITION,NONE,50,100,MACRO_STALE_WRONG_SESSION_49D,UNCHANGED,0,0.0,0,LUNCH,72.3,LONG,1.0,0.5263157894736842,1.05515587529976,160.0,20.0,0.0,0.9998095549652104,0.9996191099294258,0.00131415600388,7,0.8301886792452831,3.534208003950507,7.098321342925659,0.0767236910316226,0,1,-1,6750.75,5.2125,,,,True,MACRO_STALE_WRONG_SESSION_49D,1,HYST_BLOCK_STALE_MACRO_STALE_WRONG_SESSION_49D,False,True,False,False,False,False,False,False,False,False,False,False,False,False
2026-05-04 10:04:44,2026-05-04 10:00:00,2026-05-04 10:00:00,ES,BALANCE_STRUCTURE,ROTATION_ILLIQUID,TrendUp,PRE_DECISION,TREND_COMPRESSION,TREND_COMPRESSION,LONG,65,0,DEVELOPING_INITIATIVE_PHASE_AWARE,LOCKED_IMMEDIATE,0,0.0,0,EARLY_AM,60.71,LONG,1.0,1.0,0.5517241379310345,10.0,3.0,0.0,0.9997038131457544,0.9994076262918228,0.0019494553917214,6,0.0,1.0036524179119843,1.137931034482759,0.0762124711316397,0,1,0,7257.75,7.25,,,,False,FRESH,1,HYST_PASSED_TRENDUP_MACRO_CONFIRM,True,True,True,False,True,False,False,False,True,False,True,False,True,False
2026-05-04 10:06:14,2026-05-04 10:05:00,2026-05-04 10:00:00,ES,BALANCE_STRUCTURE,ROTATION_ILLIQUID,TrendUp,END_FIRST_WINDOW,ROTATION_ILLIQUID,TREND_COMPRESSION,LONG,62,20,COMPRESSED_BALANCE_LOW_EDGE,PENDING_ROTATION_ILLIQUID_1_OF_2,1,0.0,0,EARLY_AM,8.89,NONE,0.2,0.2363636363636363,-0.2666666666666666,0.0,0.0,0.0,0.9995875252849584,0.9991750505723122,0.0026162867158232,6,0.0,0.2470520995686196,0.4571428571428571,0.0250521920668058,0,1,0,7252.5,6.5625,,,,False,FRESH,2,HYST_PASSED_TRENDUP_MACRO_CONFIRM,True,True,True,False,True,False,False,False,True,False,True,False,True,False
2026-05-04 10:06:22,2026-05-04 10:05:00,2026-05-04 10:05:00,ES,BALANCE_STRUCTURE,ROTATION_ILLIQUID,TrendUp,END_FIRST_WINDOW,ROTATION_ILLIQUID,ROTATION_ILLIQUID,NONE,62,20,COMPRESSED_BALANCE_LOW_EDGE,LOCKED_AFTER_2_CONFIRMATIONS,0,0.0,0,EARLY_AM,8.89,NONE,0.2,0.2363636363636363,-0.2666666666666666,0.0,0.0,0.0,0.9995654330947136,0.99913086618777,0.0027400563754767,7,0.0,0.2470520995686196,0.4571428571428571,0.0250521920668058,0,1,0,7252.5,6.5625,,,,False,FRESH,3,HYST_PASSED_TRENDUP_MACRO_CONFIRM,True,True,False,False,False,False,False,False,False,False,False,False,False,False
2026-05-04 10:10:44,2026-05-04 10:10:00,2026-05-04 10:05:00,ES,BRACKET_MACRO,ROTATION_ILLIQUID,TrendUp,PRE_IB_MATURATION,TRANSITION,TRANSITION,NONE,50,30,NO_CLEAR_STAGE_C_ALIGNMENT,LOCKED_IMMEDIATE,0,-1.035,0,EARLY_AM,39.0,SHORT,1.0,0.2888888888888888,-1.0077220077220077,0.0,0.0,0.0,0.996874609208366,0.9937492184144532,0.015255322948044,7,0.0,-0.0859511080076489,0.138996138996139,0.0070796460176991,0,1,0,7250.5,7.194444444444445,,,,False,FRESH,4,HYST_BLOCK_ES_TRENDUP_QUARANTINE,False,True,False,False,False,False,False,False,False,False,False,False,False,False
2026-05-04 10:10:53,2026-05-04 10:10:00,2026-05-04 10:10:00,ES,BRACKET_MACRO,ROTATION_ILLIQUID,TrendUp,PRE_IB_MATURATION,TRANSITION,TRANSITION,NONE,50,30,NO_CLEAR_STAGE_C_ALIGNMENT,UNCHANGED,0,-1.035,0,EARLY_AM,39.0,SHORT,1.0,0.2888888888888888,-1.0077220077220077,0.0,0.0,0.0,0.9996913635646382,0.99938272713157,0.0020222285628397,8,0.0,-0.0859511080076489,0.138996138996139,0.0070796460176991,0,1,0,7250.5,7.194444444444445,,,,False,FRESH,5,HYST_BLOCK_ES_TRENDUP_QUARANTINE,False,True,False,False,False,False,False,False,False,False,False,False,False,False
2026-05-04 10:15:17,2026-04-27 10:55:00,2026-04-27 10:55:00,ES,BRACKET_MACRO,ROTATION_ILLIQUID,TrendUp,POST_IB_MACRO,TRANSITION,TRANSITION,NONE,50,100,MACRO_STALE_WRONG_SESSION_7D,UNCHANGED,0,0.0,0,POST_IB_AM,0.0,NONE,0.0,0.0,0.0,0.0,0.0,0.0,0.999953306788162,0.9999066135788574,0.0003695554866275,11,0.0,-0.1859540506642848,0.5,0.0032377428307123,0,1,0,7190.0,7.0,,,,True,MACRO_STALE_WRONG_SESSION_7D,1,HYST_BLOCK_STALE_MACRO_STALE_WRONG_SESSION_7D,False,True,False,False,False,False,False,False,False,False,False,False,False,False
2026-05-04 10:15:18,2026-05-04 10:10:00,2026-05-04 10:10:00,ES,BRACKET_MACRO,ROTATION_ILLIQUID,TrendDown,PRE_IB_MATURATION,ROTATION_ILLIQUID,TRANSITION,NONE,62,20,COMPRESSED_BALANCE_LOW_EDGE,PENDING_ROTATION_ILLIQUID_1_OF_2,1,0.0,0,EARLY_AM,37.04,SHORT,1.0,0.2888888888888888,-0.8969072164948453,0.0,0.0,0.0,0.9589192632891193,0.917838526579718,0.1236127861916234,1,0.0,-0.0764994397731308,0.1237113402061855,0.0070796460176991,0,1,0,7250.5,8.083333333333334,,,,False,FRESH,1,HYST_BLOCK_TRENDDOWN_AGE_1_OF_2,False,True,False,False,False,False,False,False,False,False,False,False,False,False
2026-05-04 10:16:47,2026-04-27 10:55:00,2026-04-27 10:55:00,ES,BRACKET_MACRO,ROTATION_ILLIQUID,TrendUp,POST_IB_MACRO,TRANSITION,TRANSITION,NONE,50,100,MACRO_STALE_WRONG_SESSION_7D,UNCHANGED,0,0.0,0,POST_IB_AM,0.0,NONE,0.0,0.0,0.0,0.0,0.0,0.0,0.999953306788162,0.9999066135788574,0.0003695554866275,11,0.0,-0.1859540506642848,0.5,0.0032377428307123,0,1,0,7190.0,7.0,,,,True,MACRO_STALE_WRONG_SESSION_7D,1,HYST_BLOCK_STALE_MACRO_STALE_WRONG_SESSION_7D,False,True,False,False,False,False,False,False,False,False,False,False,False,False
2026-05-04 10:16:49,2026-05-04 10:15:00,2026-05-04 10:15:00,ES,BRACKET_MACRO,ROTATION_ILLIQUID,TrendUp,PRE_IB_MATURATION,TREND_COMPRESSION,TREND_COMPRESSION,LONG,66,0,MICRO_TREND_INSIDE_MACRO_STRUCTURE,LOCKED_IMMEDIATE,0,0.0,0,EARLY_AM,37.36,LONG,0.6363636363636364,0.2658227848101265,0.9210526315789476,0.0,1.0,0.0,0.9588954540744056,0.917790908151351,0.1236668859577389,1,0.0,1.0020175593943972,1.3157894736842106,0.0623052959501557,0,1,-1,7259.5,7.6,,,,False,FRESH,1,HYST_BLOCK_ES_TRENDUP_QUARANTINE,False,True,False,False,False,False,False,False,False,False,False,False,False,False
2026-05-04 10:21:19,2026-05-04 10:20:00,2026-05-04 10:15:00,ES,BRACKET_MACRO,ROTATION_ILLIQUID,TrendUp,PRE_IB_MATURATION,TREND_COMPRESSION,TREND_COMPRESSION,LONG,65,0,BRACKET_MACRO_WITH_INITIATIVE_EVIDENCE,UNCHANGED,0,0.0,0,EARLY_AM,57.5,LONG,1.0,0.3012048192771084,1.862068965517241,5.0,2.0,0.0,0.8269078853156514,0.6538157706298453,0.332364790807761,1,0.0,1.567501511718327,2.0,0.0832137733142037,0,1,-1,7264.0,7.25,,,,False,FRESH,2,HYST_BLOCK_ES_TRENDUP_QUARANTINE,False,True,False,False,False,False,False,False,False,False,False,False,False,False
2026-05-04 10:21:28,2026-05-04 10:20:00,2026-05-04 10:20:00,ES,BRACKET_MACRO,ROTATION_ILLIQUID,TrendUp,PRE_IB_MATURATION,TREND_COMPRESSION,TREND_COMPRESSION,LONG,65,0,BRACKET_MACRO_WITH_INITIATIVE_EVIDENCE,UNCHANGED,0,0.0,0,EARLY_AM,57.5,LONG,1.0,0.3012048192771084,1.862068965517241,5.0,2.0,0.0,0.8705555334460098,0.7411110668918305,0.2779563308568495,2,0.0,1.567501511718327,2.0,0.0832137733142037,0,1,-1,7264.0,7.25,,,,False,FRESH,3,HYST_BLOCK_ES_TRENDUP_QUARANTINE,False,True,False,False,False,False,False,False,False,False,False,False,False,False
2026-05-04 10:25:50,2026-05-04 10:25:00,2026-05-04 10:20:00,ES,BRACKET_MACRO,ROTATION_ILLIQUID,TrendUp,NEAR_IB_CONDITION,TREND_COMPRESSION,TREND_COMPRESSION,LONG,66,0,MICRO_TREND_INSIDE_MACRO_STRUCTURE,UNCHANGED,0,0.514,0,EARLY_AM,54.43,LONG,0.7142857142857143,0.6615384615384615,0.5325443786982248,10.0,3.0,0.0,0.6893258466470756,0.3786516932935119,0.4469750602502104,2,0.0,1.3860790511494545,1.952662721893491,0.0742240215924426,0,1,-1,7263.25,7.041666666666667,,,,False,FRESH,4,HYST_BLOCK_ES_TRENDUP_QUARANTINE,False,True,False,False,False,False,False,False,False,False,False,False,False,False
2026-05-04 10:25:58,2026-05-04 10:25:00,2026-05-04 10:25:00,ES,BRACKET_MACRO,ROTATION_ILLIQUID,TrendUp,NEAR_IB_CONDITION,TREND_COMPRESSION,TREND_COMPRESSION,LONG,66,0,MICRO_TREND_INSIDE_MACRO_STRUCTURE,UNCHANGED,0,0.514,0,EARLY_AM,54.43,LONG,0.7142857142857143,0.6615384615384615,0.5325443786982248,10.0,3.0,0.0,0.9979568284270522,0.9959136568546086,0.0106001724351507,3,0.0,1.3860790511494545,1.952662721893491,0.0742240215924426,0,1,-1,7263.25,7.041666666666667,,,,False,FRESH,5,HYST_BLOCK_ES_TRENDUP_QUARANTINE,False,True,False,False,False,False,False,False,False,False,False,False,False,False
2026-05-04 10:27:20,2026-03-05 11:45:00,2026-03-05 11:45:00,ES,BRACKET_MACRO,ROTATION_ILLIQUID,TrendUp,MID_MORNING_DISCOVERY,TRANSITION,TRANSITION,NONE,50,100,MACRO_STALE_WRONG_SESSION_60D,UNCHANGED,0,0.0,0,POST_IB_AM,30.59,NONE,1.0,0.1794871794871795,-0.4511278195488722,0.0,0.0,0.0,0.999864943358818,0.9997298867176424,0.0009654352073912,26,0.0,0.2113582697929449,-0.6516290726817043,0.0089285714285714,0,1,0,6873.25,4.9875,,,,True,MACRO_STALE_WRONG_SESSION_60D,1,HYST_BLOCK_STALE_MACRO_STALE_WRONG_SESSION_60D,False,True,False,False,False,False,False,False,False,False,False,False,False,False
2026-05-04 10:27:22,2026-05-04 10:25:00,2026-05-04 10:25:00,ES,BRACKET_MACRO,ROTATION_ILLIQUID,TrendUp,NEAR_IB_CONDITION,TREND_COMPRESSION,TREND_COMPRESSION,LONG,66,0,MICRO_TREND_INSIDE_MACRO_STRUCTURE,LOCKED_IMMEDIATE,0,0.0,0,EARLY_AM,54.43,LONG,0.7142857142857143,0.6615384615384615,0.5294117647058824,10.0,3.0,0.0,0.9979568284270522,0.9959136568546086,0.0106001724351507,3,0.0,1.3779256449662225,1.9411764705882355,0.0742240215924426,0,1,-1,7263.25,7.083333333333333,,,,False,FRESH,1,HYST_BLOCK_ES_TRENDUP_QUARANTINE,False,True,False,False,False,False,False,False,False,False,False,False,False,False
2026-05-04 10:31:53,2026-05-04 10:30:00,2026-05-04 10:30:00,ES,BRACKET_MACRO,ROTATION_ILLIQUID,TrendUp,NEAR_IB_CONDITION,TREND_COMPRESSION,TREND_COMPRESSION,LONG,66,0,MICRO_TREND_INSIDE_MACRO_STRUCTURE,UNCHANGED,0,0.0,0,EARLY_AM,68.31,NONE,1.0,0.7704918032786885,-0.25,15.0,4.0,0.0,0.9998628269471708,0.9997256538926098,0.0009790254436608,4,0.0,1.183637340396412,1.8214285714285716,0.0643939393939393,0,1,-1,7262.25,7.0,,,,False,FRESH,2,HYST_BLOCK_ES_TRENDUP_QUARANTINE,False,True,False,False,False,False,False,False,False,False,False,False,False,False
2026-05-04 10:33:22,2026-01-28 13:05:00,2026-01-28 13:05:00,ES,BRACKET_MACRO,ROTATION_ILLIQUID,TrendUp,POST_LUNCH_ROTATION,TRANSITION,TRANSITION,NONE,50,100,MACRO_STALE_WRONG_SESSION_96D,UNCHANGED,0,0.0,0,LUNCH,57.52,SHORT,1.0,0.1111111111111111,-0.4477611940298507,50.0,6.0,0.0,0.9999743945522346,0.9999487891081008,0.0002137525405921,11,0.3461538461538461,-1.377663377073742,-1.1194029850746268,0.0148809523809523,0,1,0,7024.75,3.35,,,,True,MACRO_STALE_WRONG_SESSION_96D,1,HYST_BLOCK_STALE_MACRO_STALE_WRONG_SESSION_96D,False,True,False,False,False,False,False,False,False,False,False,False,False,False
2026-05-04 10:33:24,2026-05-04 10:30:00,2026-05-04 10:30:00,ES,BRACKET_MACRO,ROTATION_ILLIQUID,TrendUp,NEAR_IB_CONDITION,TREND_COMPRESSION,TREND_COMPRESSION,LONG,66,0,MICRO_TREND_INSIDE_MACRO_STRUCTURE,LOCKED_IMMEDIATE,0,0.0,0,EARLY_AM,68.05,NONE,1.0,0.7704918032786885,-0.2452830188679245,15.0,4.0,0.0,0.9999127074455624,0.9998254148923118,0.0006514823935563,4,0.0,1.1613045603889325,1.7870619946091644,0.0643939393939393,0,1,-1,7262.25,7.134615384615385,,,,False,FRESH,1,HYST_BLOCK_ES_TRENDUP_QUARANTINE,False,True,False,False,False,False,False,False,False,False,False,False,False,False
2026-05-04 10:36:24,2026-05-04 10:35:00,2026-05-04 10:30:00,ES,BRACKET_MACRO,ROTATION_ILLIQUID,TrendUp,POST_IB_MACRO,TREND_COMPRESSION,TREND_COMPRESSION,LONG,66,0,DEVELOPING_INITIATIVE_PHASE_AWARE,UNCHANGED,0,0.0,0,POST_IB_AM,62.43,LONG,0.5789473684210527,0.65,0.3979328165374677,20.0,5.0,0.0,0.9996004928831718,0.999200985763974,0.0025432419415343,4,0.0,1.6426927677989072,2.3875968992248064,0.07773851590106,0,1,-1,7266.0,6.910714285714286,,,,False,FRESH,2,HYST_BLOCK_ES_TRENDUP_QUARANTINE,False,True,False,False,False,False,False,False,False,False,False,False,False,False
2026-05-04 10:36:33,2026-05-04 10:35:00,2026-05-04 10:35:00,ES,BRACKET_MACRO,ROTATION_ILLIQUID,TrendUp,POST_IB_MACRO,TREND_COMPRESSION,TREND_COMPRESSION,LONG,66,0,DEVELOPING_INITIATIVE_PHASE_AWARE,UNCHANGED,0,0.0,0,POST_IB_AM,62.43,LONG,0.5789473684210527,0.65,0.3979328165374677,20.0,5.0,0.0,0.9997552090609833,0.9995104181202792,0.0016448336389952,5,0.0,1.6426927677989072,2.3875968992248064,0.07773851590106,0,1,-1,7266.0,6.910714285714286,,,,False,FRESH,3,HYST_BLOCK_ES_TRENDUP_QUARANTINE,False,True,False,False,False,False,False,False,False,False,False,False,False,False
2026-05-04 10:46:59,2026-05-04 10:45:00,2026-05-04 10:45:00,ES,BRACKET_MACRO,ROTATION_ILLIQUID,TrendUp,POST_IB_MACRO,TREND_COMPRESSION,TREND_COMPRESSION,LONG,74,10,DEVELOPING_INITIATIVE_PHASE_AWARE,UNCHANGED,0,0.982,0,POST_IB_AM,74.81,LONG,1.0,0.5882352941176471,1.0261282660332542,30.0,6.0,0.0,0.9998416260119553,0.999683252021208,0.0011139201160069,7,0.0808080808080808,1.987614816519533,2.96437054631829,0.0839612486544671,0,1,-1,7269.0,6.578125,,,,False,FRESH,4,HYST_BLOCK_ES_TRENDUP_QUARANTINE,False,True,False,False,False,False,False,False,False,False,False,False,False,False
2026-05-04 10:56:07,2026-04-23 13:05:00,2026-04-23 13:05:00,ES,BRACKET_MACRO,TREND_EXPANSION,TrendUp,POST_LUNCH_ROTATION,TRANSITION,TRANSITION,NONE,50,100,MACRO_STALE_WRONG_SESSION_11D,UNCHANGED,0,0.0,0,LUNCH,47.64,NONE,0.4074074074074074,0.5428571428571428,-0.3928571428571428,80.0,9.0,0.0,0.999955201986556,0.999910403973332,0.0003558948696098,4,1.1304347826086956,0.6118877101563547,2.5357142857142856,0.0382543103448275,0,1,-1,7153.5,7.0,,,,True,MACRO_STALE_WRONG_SESSION_11D,1,HYST_BLOCK_STALE_MACRO_STALE_WRONG_SESSION_11D,False,True,False,False,False,False,False,False,False,False,False,False,False,False
2026-05-04 10:56:08,2026-05-04 10:55:00,2026-05-04 10:50:00,ES,BRACKET_MACRO,ROTATION_ILLIQUID,TrendUp,POST_IB_MACRO,TREND_COMPRESSION,TREND_COMPRESSION,LONG,73,0,DEVELOPING_INITIATIVE_PHASE_AWARE,LOCKED_IMMEDIATE,0,0.0,0,POST_IB_AM,73.37,LONG,1.0,0.7419354838709677,0.48,40.0,7.0,0.0,0.9998327469041788,0.9996654938078045,0.0011697893839272,8,0.0808080808080808,1.9579963349545144,3.12,0.0775347912524851,0,1,-1,7269.0,6.25,,,,False,FRESH,1,HYST_BLOCK_ES_TRENDUP_QUARANTINE,False,True,False,False,False,False,False,False,False,False,False,False,False,False
2026-05-04 10:56:17,2026-05-04 10:55:00,2026-05-04 10:55:00,ES,BRACKET_MACRO,ROTATION_ILLIQUID,TrendUp,POST_IB_MACRO,TREND_COMPRESSION,TREND_COMPRESSION,LONG,73,0,DEVELOPING_INITIATIVE_PHASE_AWARE,UNCHANGED,0,0.0,0,POST_IB_AM,73.37,LONG,1.0,0.7419354838709677,0.48,40.0,7.0,0.0,0.9998412105988348,0.9996824211970048,0.001116541830351,9,0.0808080808080808,1.9579963349545144,3.12,0.0775347912524851,0,1,-1,7269.0,6.25,,,,False,FRESH,2,HYST_BLOCK_ES_TRENDUP_QUARANTINE,False,True,False,False,False,False,False,False,False,False,False,False,False,False
2026-05-04 11:06:49,2026-05-04 11:05:00,2026-05-04 11:05:00,ES,BRACKET_MACRO,ROTATION_ILLIQUID,TrendDown,MID_MORNING_DISCOVERY,ROTATION_ILLIQUID,TREND_COMPRESSION,LONG,62,20,COMPRESSED_BALANCE_LOW_EDGE,PENDING_ROTATION_ILLIQUID_1_OF_2,1,0.0,1,POST_IB_AM,40.39,NONE,1.0,0.1940298507462686,-1.4705882352941178,0.0,0.0,0.0,0.8209535554009905,0.6419071108022626,0.3389932861438134,3,0.0,0.2048339765134615,1.397058823529412,0.0320675105485232,0,1,-1,7259.0,6.8,,,,False,FRESH,1,HYST_BLOCK_TRENDDOWN_AGE_1_OF_2,False,True,False,False,False,False,False,False,False,False,False,False,False,False
2026-05-04 11:16:01,2026-03-13 12:35:00,2026-03-13 12:35:00,ES,BRACKET_MACRO,ROTATION_LIQUID,TrendDown,LUNCH_AUCTION,TRANSITION,TRANSITION,NONE,50,100,MACRO_STALE_WRONG_SESSION_52D,UNCHANGED,0,0.0,0,LUNCH,41.31,LONG,0.3142857142857143,0.2653061224489796,0.4932735426008968,150.0,19.0,0.0,0.8396797366478095,0.6793594732936704,0.31753758801708,1,0.5384615384615384,2.321468085378849,5.829596412556054,0.0833867864015394,0,1,-1,6756.0,5.575,,,,True,MACRO_STALE_WRONG_SESSION_52D,1,HYST_BLOCK_STALE_MACRO_STALE_WRONG_SESSION_52D,False,True,False,False,False,False,False,False,False,False,False,False,False,False
2026-05-04 11:16:02,2026-05-04 11:15:00,2026-05-04 11:10:00,ES,MEAN_REVERSION_MACRO,ROTATION_ILLIQUID,TrendUp,MID_MORNING_DISCOVERY,TRANSITION,TRANSITION,NONE,52,50,HMM_TRANSITION_OR_RETURN_TO_OPEN,UNCHANGED,0,0.0,0,POST_IB_AM,29.65,SHORT,1.0,0.7,-2.595419847328244,0.0,1.0,0.0,0.7256867307156648,0.4513734614332113,0.4237930221652428,1,0.0,-0.8268413697749024,0.3816793893129771,0.0075642965204236,1,1,0,7252.0,6.55,,,,False,FRESH,1,HYST_BLOCK_ES_TRENDUP_QUARANTINE,False,True,False,False,False,False,False,False,False,False,False,False,False,False
2026-05-04 11:16:10,2026-05-04 11:15:00,2026-05-04 11:15:00,ES,MEAN_REVERSION_MACRO,ROTATION_ILLIQUID,TrendUp,MID_MORNING_DISCOVERY,TRANSITION,TRANSITION,NONE,52,50,HMM_TRANSITION_OR_RETURN_TO_OPEN,UNCHANGED,0,0.0,0,POST_IB_AM,29.65,SHORT,1.0,0.7,-2.595419847328244,0.0,1.0,0.0,0.9919639491141192,0.983927898228254,0.0337360658687315,2,0.0,-0.8268413697749024,0.3816793893129771,0.0075642965204236,1,1,0,7252.0,6.55,,,,False,FRESH,2,HYST_BLOCK_ES_TRENDUP_QUARANTINE,False,True,False,False,False,False,False,False,False,False,False,False,False,False
2026-05-04 11:26:48,2026-05-04 11:25:00,2026-05-04 11:25:00,ES,BRACKET_MACRO,ROTATION_LIQUID,TrendDown,MID_MORNING_DISCOVERY,TREND_COMPRESSION,TREND_COMPRESSION,SHORT,70,0,DEVELOPING_INITIATIVE_PHASE_AWARE,LOCKED_IMMEDIATE,0,0.0,1,POST_IB_AM,69.36,SHORT,1.0,1.0,-4.269293924466338,10.0,2.0,0.0,0.9999999998763088,0.999999999753485,2.111068616846495e-09,7,0.6363636363636364,-3.4422875872700813,-3.021346469622332,0.0567901234567901,0,1,0,7226.5,7.6125,,,,False,FRESH,1,HYST_BLOCK_TRENDDOWN_AGE_1_OF_2,False,True,False,False,False,False,False,False,False,False,False,False,False,False
2026-05-04 11:28:20,2026-03-16 12:45:00,2026-03-16 12:45:00,ES,BRACKET_MACRO,TREND_COMPRESSION,TrendUp,LUNCH_AUCTION,TRANSITION,TRANSITION,NONE,50,100,MACRO_STALE_WRONG_SESSION_49D,UNCHANGED,0,0.0,0,LUNCH,72.3,LONG,1.0,0.5263157894736842,1.05515587529976,160.0,20.0,0.0,0.9998095549652104,0.9996191099294258,0.00131415600388,7,0.8301886792452831,3.534208003950507,7.098321342925659,0.0767236910316226,0,1,-1,6750.75,5.2125,,,,True,MACRO_STALE_WRONG_SESSION_49D,1,HYST_BLOCK_STALE_MACRO_STALE_WRONG_SESSION_49D,False,True,False,False,False,False,False,False,False,False,False,False,False,False
2026-05-04 11:28:21,2026-05-04 11:25:00,2026-05-04 11:25:00,ES,BRACKET_MACRO,ROTATION_LIQUID,TrendDown,MID_MORNING_DISCOVERY,TREND_COMPRESSION,TREND_COMPRESSION,SHORT,70,0,DEVELOPING_INITIATIVE_PHASE_AWARE,LOCKED_IMMEDIATE,0,0.0,0,POST_IB_AM,69.36,SHORT,1.0,1.0,-4.120443740095087,10.0,2.0,0.0,0.9999999997235136,0.9999999994448836,4.621430757626172e-09,7,0.6363636363636364,-3.3539036868046748,-2.9160063391442157,0.0555220277610138,0,1,0,7226.5,7.8875,,,,False,FRESH,1,HYST_BLOCK_TRENDDOWN_AGE_1_OF_2,False,True,False,False,False,False,False,False,False,False,False,False,False,False
2026-05-04 11:36:01,2026-05-04 11:35:00,2026-05-04 11:30:00,ES,BRACKET_MACRO,ROTATION_ILLIQUID,TrendDown,MID_MORNING_DISCOVERY,TREND_COMPRESSION,TREND_COMPRESSION,SHORT,73,0,DEVELOPING_INITIATIVE_PHASE_AWARE,UNCHANGED,0,0.0,0,POST_IB_AM,73.98,SHORT,0.7435897435897436,0.8378378378378378,-2.71875,20.0,3.0,0.0,0.9972980002560724,0.9945960005134252,0.0134728475006535,8,0.4848484848484848,-2.3892871669222586,-2.40625,0.0427540255413659,0,1,0,7230.25,8.0,,,,False,FRESH,2,HYST_PASSED_TRENDDOWN_AGE_2,True,True,True,False,True,False,False,False,True,False,False,True,False,True
2026-05-04 11:36:09,2026-05-04 11:35:00,2026-05-04 11:35:00,ES,BRACKET_MACRO,ROTATION_ILLIQUID,TrendUp,MID_MORNING_DISCOVERY,TREND_COMPRESSION,TREND_COMPRESSION,SHORT,73,20,DEVELOPING_INITIATIVE_PHASE_AWARE,UNCHANGED,0,0.0,1,POST_IB_AM,73.98,SHORT,0.7435897435897436,0.8378378378378378,-2.71875,20.0,3.0,0.0,0.7915071094283811,0.5830142188565564,0.3692960309831264,1,0.4848484848484848,-2.3892871669222586,-2.40625,0.0427540255413659,0,1,0,7230.25,8.0,,,,False,FRESH,1,HYST_BLOCK_ES_TRENDUP_QUARANTINE,False,True,False,False,False,False,False,False,False,False,False,False,False,False
2026-05-04 11:45:11,2026-04-27 10:55:00,2026-04-27 10:55:00,ES,BRACKET_MACRO,ROTATION_ILLIQUID,TrendUp,POST_IB_MACRO,TRANSITION,TRANSITION,NONE,50,100,MACRO_STALE_WRONG_SESSION_7D,UNCHANGED,0,0.0,0,POST_IB_AM,0.0,NONE,0.0,0.0,0.0,0.0,0.0,0.0,0.999953306788162,0.9999066135788574,0.0003695554866275,11,0.0,-0.1859540506642848,0.5,0.0032377428307123,0,1,0,7190.0,7.0,,,,True,MACRO_STALE_WRONG_SESSION_7D,1,HYST_BLOCK_STALE_MACRO_STALE_WRONG_SESSION_7D,False,True,False,False,False,False,False,False,False,False,False,False,False,False
2026-05-04 11:45:12,2026-05-04 11:35:00,2026-05-04 11:35:00,ES,BRACKET_MACRO,ROTATION_ILLIQUID,TrendUp,MID_MORNING_DISCOVERY,TREND_COMPRESSION,TREND_COMPRESSION,SHORT,73,20,DEVELOPING_INITIATIVE_PHASE_AWARE,LOCKED_IMMEDIATE,0,0.0,0,POST_IB_AM,73.98,SHORT,0.7435897435897436,0.8378378378378378,-2.589285714285714,20.0,3.0,0.0,0.9849811043615866,0.9699622087209716,0.0562373836709286,1,0.4848484848484848,-2.4099461718731705,-2.2916666666666665,0.043234138124649,0,1,0,7230.25,8.4,,,,False,FRESH,1,HYST_BLOCK_ES_TRENDUP_QUARANTINE,False,True,False,False,False,False,False,False,False,False,False,False,False,False
2026-05-04 11:46:43,2026-05-04 11:45:00,2026-05-04 11:45:00,ES,BRACKET_MACRO,ROTATION_ILLIQUID,TrendUp,MID_MORNING_DISCOVERY,TRANSITION,TRANSITION,NONE,50,20,NO_CLEAR_STAGE_C_ALIGNMENT,LOCKED_IMMEDIATE,0,0.0,0,POST_IB_AM,78.04,NONE,1.0,0.6993464052287581,0.6764705882352942,30.0,4.0,0.0,0.9986197792809988,0.9972395585652944,0.0075515907396297,3,0.404040404040404,-1.824391032011751,-2.0294117647058822,0.0342601787487586,0,1,0,7232.25,8.5,,,,False,FRESH,2,HYST_BLOCK_ES_TRENDUP_QUARANTINE,False,True,False,False,False,False,False,False,False,False,False,False,False,False
2026-05-04 11:52:50,2026-04-27 10:55:00,2026-04-27 10:55:00,ES,BRACKET_MACRO,ROTATION_ILLIQUID,TrendUp,POST_IB_MACRO,TRANSITION,TRANSITION,NONE,50,100,MACRO_STALE_WRONG_SESSION_7D,UNCHANGED,0,0.0,0,POST_IB_AM,0.0,NONE,0.0,0.0,0.0,0.0,0.0,0.0,0.999953306788162,0.999906613578857,0.0003695554866297,11,0.0,-0.1859540506642848,0.5,0.0032377428307123,0,1,0,7190.0,7.0,,,,True,MACRO_STALE_WRONG_SESSION_7D,1,HYST_BLOCK_STALE_MACRO_STALE_WRONG_SESSION_7D,False,True,False,False,False,False,False,False,False,False,False,False,False,False
2026-05-04 11:52:52,2026-05-04 11:45:00,2026-05-04 11:45:00,ES,BRACKET_MACRO,ROTATION_ILLIQUID,TrendUp,MID_MORNING_DISCOVERY,TRANSITION,TRANSITION,NONE,50,20,NO_CLEAR_STAGE_C_ALIGNMENT,UNCHANGED,0,0.0,0,POST_IB_AM,78.04,NONE,1.0,0.6993464052287581,0.6647398843930635,30.0,4.0,0.0,0.9999734342818466,0.999946868560324,0.0002210633345518,3,0.404040404040404,-1.6929121500569335,-1.9942196531791907,0.0334951456310679,0,1,0,7232.25,8.65,,,,False,FRESH,1,HYST_BLOCK_ES_TRENDUP_QUARANTINE,False,True,False,False,False,False,False,False,False,False,False,False,False,False
2026-05-04 11:55:53,2026-05-04 11:55:00,2026-05-04 11:50:00,ES,BRACKET_MACRO,ROTATION_LIQUID,TrendUp,MID_MORNING_DISCOVERY,TREND_COMPRESSION,TREND_COMPRESSION,SHORT,70,20,DEVELOPING_INITIATIVE_PHASE_AWARE,LOCKED_IMMEDIATE,0,0.0,0,POST_IB_AM,68.83,SHORT,0.1111111111111111,0.6592592592592592,-0.0585651537335285,40.0,5.0,0.0,0.9995427591384752,0.9990855182799188,0.0028662424931454,4,0.5050505050505051,-1.9728555404181003,-2.3133235724743777,0.0357142857142857,0,1,0,7229.75,8.5375,,,,False,FRESH,2,HYST_BLOCK_ES_TRENDUP_QUARANTINE,False,True,False,False,False,False,False,False,False,False,False,False,False,False
2026-05-04 11:56:01,2026-05-04 11:55:00,2026-05-04 11:55:00,ES,BRACKET_MACRO,ROTATION_LIQUID,TrendUp,MID_MORNING_DISCOVERY,TREND_COMPRESSION,TREND_COMPRESSION,SHORT,70,20,DEVELOPING_INITIATIVE_PHASE_AWARE,UNCHANGED,0,0.0,0,POST_IB_AM,68.83,SHORT,0.1111111111111111,0.6592592592592592,-0.0585651537335285,40.0,5.0,0.0,0.999221018700788,0.9984420374049215,0.004583625917901,5,0.5050505050505051,-1.9728555404181003,-2.3133235724743777,0.0357142857142857,0,1,0,7229.75,8.5375,,,,False,FRESH,3,HYST_BLOCK_ES_TRENDUP_QUARANTINE,False,True,False,False,False,False,False,False,False,False,False,False,False,False
2026-05-04 12:05:01,2026-04-27 10:55:00,2026-04-27 10:55:00,ES,BRACKET_MACRO,ROTATION_ILLIQUID,TrendUp,POST_IB_MACRO,TRANSITION,TRANSITION,NONE,50,100,MACRO_STALE_WRONG_SESSION_7D,UNCHANGED,0,0.0,0,POST_IB_AM,0.0,NONE,0.0,0.0,0.0,0.0,0.0,0.0,0.999953306788162,0.9999066135788574,0.0003695554866275,11,0.0,-0.1859540506642848,0.5,0.0032377428307123,0,1,0,7190.0,7.0,,,,True,MACRO_STALE_WRONG_SESSION_7D,1,HYST_BLOCK_STALE_MACRO_STALE_WRONG_SESSION_7D,False,True,False,False,False,False,False,False,False,False,False,False,False,False
2026-05-04 12:05:03,2026-05-04 11:55:00,2026-05-04 11:55:00,ES,BRACKET_MACRO,ROTATION_LIQUID,TrendUp,MID_MORNING_DISCOVERY,TREND_COMPRESSION,TREND_COMPRESSION,SHORT,70,20,DEVELOPING_INITIATIVE_PHASE_AWARE,LOCKED_IMMEDIATE,0,0.0,0,POST_IB_AM,68.83,SHORT,0.1111111111111111,0.6592592592592592,-0.0575539568345323,40.0,5.0,0.0,0.9997178454786444,0.9994356909579704,0.0018669767371731,5,0.5050505050505051,-1.8970897438139875,-2.273381294964029,0.0347711267605633,0,1,0,7229.75,8.6875,,,,False,FRESH,1,HYST_BLOCK_ES_TRENDUP_QUARANTINE,False,True,False,False,False,False,False,False,False,False,False,False,False,False
2026-05-04 12:06:33,2026-05-04 12:05:00,2026-05-04 12:05:00,ES,BRACKET_MACRO,TREND_COMPRESSION,TrendUp,LUNCH_AUCTION,TRANSITION,TRANSITION,NONE,50,35,NO_CLEAR_STAGE_C_ALIGNMENT,LOCKED_IMMEDIATE,0,0.0,0,LUNCH,72.28,SHORT,1.0,0.2923076923076923,-1.1506849315068493,50.0,6.0,0.0,0.9822680014325909,0.9645360028632904,0.0642548125384845,7,0.8282828282828283,-2.6138474932684974,-3.041095890410959,0.0468552131701139,0,1,0,7221.75,9.125,,,,False,FRESH,2,HYST_BLOCK_ES_TRENDUP_QUARANTINE,False,True,False,False,False,False,False,False,False,False,False,False,False,False
2026-05-04 12:15:45,2026-05-04 12:15:00,2026-05-04 12:10:00,ES,BRACKET_MACRO,TREND_EXPANSION,TrendDown,LUNCH_AUCTION,TREND_EXPANSION,TREND_EXPANSION,SHORT,95,25,HMM_VWAP_VELOCITY_IB_EXPANSION,LOCKED_IMMEDIATE,0,-2.284,1,LUNCH,74.0,SHORT,1.0,0.8446601941747572,-2.103960396039604,60.0,7.0,0.0,0.9999999902938724,0.9999999805897024,1.3615791959550717e-07,3,1.3636363636363635,-3.344973099272213,-4.05940594059406,0.0625954198473282,0,1,0,7208.5,10.1,,,,False,FRESH,1,HYST_BLOCK_TRENDDOWN_AGE_1_OF_2,False,True,False,False,False,False,False,False,False,False,False,False,False,False
2026-05-04 12:15:53,2026-05-04 12:15:00,2026-05-04 12:15:00,ES,BRACKET_MACRO,TREND_EXPANSION,TrendDown,LUNCH_AUCTION,TREND_EXPANSION,TREND_EXPANSION,SHORT,95,25,HMM_VWAP_VELOCITY_IB_EXPANSION,UNCHANGED,0,-2.284,1,LUNCH,74.0,SHORT,1.0,0.8446601941747572,-2.103960396039604,60.0,7.0,0.0,0.6529541608888623,0.3059083217808604,0.4657010158005354,4,1.3636363636363635,-3.344973099272213,-4.05940594059406,0.0625954198473282,0,1,0,7208.5,10.1,,,,False,FRESH,2,HYST_PASSED_TRENDDOWN_AGE_2,True,True,False,True,True,False,False,True,False,False,False,True,False,False
2026-05-04 12:26:27,2026-05-04 12:25:00,2026-05-04 12:20:00,ES,BRACKET_MACRO,ROTATION_LIQUID,TrendDown,LUNCH_AUCTION,TREND_COMPRESSION,TREND_COMPRESSION,SHORT,66,15,MICRO_TREND_INSIDE_MACRO_STRUCTURE,LOCKED_IMMEDIATE,0,0.223,1,LUNCH,43.1,NONE,0.0782608695652174,0.2101910828025477,0.2033898305084746,70.0,8.0,0.0,0.9999991383814704,0.999998276759545,9.300834067712058e-06,5,0.7373737373737373,-1.461200166570689,-2.305084745762712,0.0353063343717549,0,1,0,7224.0,11.0625,,,,False,FRESH,3,HYST_PASSED_TRENDDOWN_AGE_3,True,True,False,False,True,False,False,False,True,False,False,True,False,False
2026-05-04 12:26:37,2026-05-04 12:25:00,2026-05-04 12:25:00,ES,BRACKET_MACRO,ROTATION_LIQUID,TrendDown,LUNCH_AUCTION,TREND_COMPRESSION,TREND_COMPRESSION,SHORT,66,15,MICRO_TREND_INSIDE_MACRO_STRUCTURE,UNCHANGED,0,0.223,1,LUNCH,43.1,NONE,0.0782608695652174,0.2101910828025477,0.2033898305084746,70.0,8.0,0.0,0.9990658301614584,0.9981316603238832,0.005374301722962,6,0.7373737373737373,-1.461200166570689,-2.305084745762712,0.0353063343717549,0,1,0,7224.0,11.0625,,,,False,FRESH,4,HYST_PASSED_TRENDDOWN_AGE_4,True,True,False,False,True,False,False,False,True,False,False,True,False,False
2026-05-04 12:29:32,2026-04-17 09:25:00,2026-04-17 09:25:00,ES,UNRESOLVED,TRANSITION,Balance,PREMARKET_CONTEXT,TRANSITION,TRANSITION,NONE,50,100,MACRO_STALE_WRONG_SESSION_17D,UNCHANGED,0,0.0,0,PREMARKET,0.0,NONE,0.0,0.0,0.0,0.0,0.0,0.0,0.99998596089095,0.9999719353948132,0.0001233615377321,114,0.0,0.0,0.0,0.0,0,0,0,7091.0,0.0,,,,True,MACRO_STALE_WRONG_SESSION_17D,1,HYST_BLOCK_STALE_MACRO_STALE_WRONG_SESSION_17D,False,True,False,False,False,False,False,False,False,False,False,False,False,False
2026-05-04 12:29:34,2026-05-04 12:25:00,2026-05-04 12:25:00,ES,BRACKET_MACRO,ROTATION_LIQUID,TrendDown,LUNCH_AUCTION,TREND_COMPRESSION,TREND_COMPRESSION,SHORT,66,15,MICRO_TREND_INSIDE_MACRO_STRUCTURE,LOCKED_IMMEDIATE,0,0.0,0,LUNCH,42.73,NONE,0.0782608695652174,0.2101910828025477,0.1978021978021978,70.0,8.0,0.0,0.9957260317710852,0.991452063541779,0.0198949283118379,6,0.7373737373737373,-1.4361839965151355,-2.241758241758242,0.0356394129979035,0,1,0,7224.0,11.375,,,,False,FRESH,1,HYST_BLOCK_TRENDDOWN_AGE_1_OF_2,False,True,False,False,False,False,False,False,False,False,False,False,False,False
2026-05-04 12:35:44,2026-05-04 12:35:00,2026-05-04 12:30:00,ES,BRACKET_MACRO,ROTATION_LIQUID,TrendUp,LUNCH_AUCTION,ROTATION_LIQUID,ROTATION_LIQUID,BOTH,64,35,BALANCED_TRADEABLE_RANGE,LOCKED_IMMEDIATE,0,0.0,1,LUNCH,70.87,NONE,1.0,0.1184210526315789,1.4839424141749724,80.0,9.0,0.0,0.9329005593013222,0.865801118602022,0.1775024462023028,1,0.6868686868686869,-1.2959195494418352,-2.148394241417497,0.0323010323010323,0,1,0,7225.25,11.2875,,,,False,FRESH,1,HYST_BLOCK_ES_TRENDUP_QUARANTINE,False,True,False,False,False,False,False,False,False,False,False,False,False,False
2026-05-04 12:35:54,2026-05-04 12:35:00,2026-05-04 12:35:00,ES,BRACKET_MACRO,ROTATION_LIQUID,TrendUp,LUNCH_AUCTION,ROTATION_LIQUID,ROTATION_LIQUID,BOTH,64,35,BALANCED_TRADEABLE_RANGE,UNCHANGED,0,0.0,1,LUNCH,70.87,NONE,1.0,0.1184210526315789,1.4839424141749724,80.0,9.0,0.0,0.99860646526317,0.9972129305253508,0.0076147787326463,2,0.6868686868686869,-1.2959195494418352,-2.148394241417497,0.0323010323010323,0,1,0,7225.25,11.2875,,,,False,FRESH,2,HYST_BLOCK_ES_TRENDUP_QUARANTINE,False,True,False,False,False,False,False,False,False,False,False,False,False,False
2026-05-04 12:43:25,2026-03-16 12:45:00,2026-03-16 12:45:00,ES,BRACKET_MACRO,TREND_COMPRESSION,TrendUp,LUNCH_AUCTION,TRANSITION,TRANSITION,NONE,50,100,MACRO_STALE_WRONG_SESSION_49D,UNCHANGED,0,0.0,0,LUNCH,72.3,LONG,1.0,0.5263157894736842,1.05515587529976,160.0,20.0,0.0,0.9998095549652104,0.9996191099294258,0.00131415600388,7,0.8301886792452831,3.534208003950507,7.098321342925659,0.0767236910316226,0,1,-1,6750.75,5.2125,,,,True,MACRO_STALE_WRONG_SESSION_49D,1,HYST_BLOCK_STALE_MACRO_STALE_WRONG_SESSION_49D,False,True,False,False,False,False,False,False,False,False,False,False,False,False
2026-05-04 12:43:26,2026-05-04 12:35:00,2026-05-04 12:35:00,ES,BRACKET_MACRO,ROTATION_LIQUID,TrendUp,LUNCH_AUCTION,ROTATION_LIQUID,ROTATION_LIQUID,BOTH,64,35,BALANCED_TRADEABLE_RANGE,LOCKED_IMMEDIATE,0,0.0,0,LUNCH,70.87,NONE,1.0,0.1184210526315789,1.4486486486486487,80.0,9.0,0.0,0.9997825610080934,0.9995651220168504,0.0014796331851043,2,0.6868686868686869,-1.2869773897679044,-2.097297297297297,0.0322687957418496,0,1,0,7225.25,11.5625,,,,False,FRESH,1,HYST_BLOCK_ES_TRENDUP_QUARANTINE,False,True,False,False,False,False,False,False,False,False,False,False,False,False
2026-05-04 12:46:29,2026-03-16 12:45:00,2026-03-16 12:45:00,ES,BRACKET_MACRO,TREND_COMPRESSION,TrendUp,LUNCH_AUCTION,TRANSITION,TRANSITION,NONE,50,100,MACRO_STALE_WRONG_SESSION_49D,UNCHANGED,0,0.0,0,LUNCH,72.3,LONG,1.0,0.5263157894736842,1.05515587529976,160.0,20.0,0.0,0.9998095549652104,0.9996191099294258,0.00131415600388,7,0.8301886792452831,3.534208003950507,7.098321342925659,0.0767236910316226,0,1,-1,6750.75,5.2125,,,,True,MACRO_STALE_WRONG_SESSION_49D,1,HYST_BLOCK_STALE_MACRO_STALE_WRONG_SESSION_49D,False,True,False,False,False,False,False,False,False,False,False,False,False,False
2026-05-04 12:46:31,2026-05-04 12:45:00,2026-05-04 12:40:00,ES,BRACKET_MACRO,TREND_COMPRESSION,TrendUp,LUNCH_AUCTION,TRANSITION,TRANSITION,NONE,50,35,NO_CLEAR_STAGE_C_ALIGNMENT,UNCHANGED,0,0.0,0,LUNCH,55.81,SHORT,0.696969696969697,0.0945945945945946,-0.5111111111111111,90.0,10.0,0.0,0.9996952568120137,0.9993905136232258,0.0019995105082806,3,0.9696969696969696,-1.850600142046056,-2.7777777777777777,0.0392711278667923,0,1,0,7218.25,11.25,,,,False,FRESH,1,HYST_BLOCK_ES_TRENDUP_QUARANTINE,False,True,False,False,False,False,False,False,False,False,False,False,False,False
2026-05-04 12:46:39,2026-05-04 12:45:00,2026-05-04 12:45:00,ES,BRACKET_MACRO,TREND_COMPRESSION,TrendUp,LUNCH_AUCTION,TRANSITION,TRANSITION,NONE,50,35,NO_CLEAR_STAGE_C_ALIGNMENT,UNCHANGED,0,0.0,0,LUNCH,55.81,SHORT,0.696969696969697,0.0945945945945946,-0.5111111111111111,90.0,10.0,0.0,0.9991069172035764,0.9982138344059917,0.0051669167139143,4,0.9696969696969696,-1.850600142046056,-2.7777777777777777,0.0392711278667923,0,1,0,7218.25,11.25,,,,False,FRESH,2,HYST_BLOCK_ES_TRENDUP_QUARANTINE,False,True,False,False,False,False,False,False,False,False,False,False,False,False
2026-05-04 12:49:32,2026-03-02 14:35:00,2026-03-02 14:35:00,ES,BRACKET_MACRO,ROTATION_LIQUID,TrendDown,AFTERNOON_TREND_TEST,TRANSITION,TRANSITION,NONE,50,100,MACRO_STALE_WRONG_SESSION_63D,UNCHANGED,0,0.0,0,PM,57.0,LONG,1.0,0.5714285714285714,2.9579375848032563,0.0,1.0,75.0,1.0,1.0,4.6055965280505326e-32,3,0.5,2.035753279513997,2.2523744911804613,0.0229345122962144,0,1,0,6836.0,9.2125,,,,True,MACRO_STALE_WRONG_SESSION_63D,1,HYST_BLOCK_STALE_MACRO_STALE_WRONG_SESSION_63D,False,True,False,False,False,False,False,False,False,False,False,False,False,False
2026-05-04 12:49:33,2026-05-04 12:45:00,2026-05-04 12:45:00,ES,BRACKET_MACRO,TREND_COMPRESSION,TrendUp,LUNCH_AUCTION,TRANSITION,TRANSITION,NONE,50,35,NO_CLEAR_STAGE_C_ALIGNMENT,UNCHANGED,0,0.0,0,LUNCH,55.8,SHORT,0.696969696969697,0.0945945945945946,-0.5105438401775805,90.0,10.0,0.0,0.9977014999481332,0.9954029998966268,0.0117293921062671,4,0.9696969696969696,-1.8820628252343743,-2.774694783573807,0.0394570707070707,0,1,0,7218.25,11.2625,,,,False,FRESH,1,HYST_BLOCK_ES_TRENDUP_QUARANTINE,False,True,False,False,False,False,False,False,False,False,False,False,False,False
2026-05-04 12:55:41,2026-05-04 12:55:00,2026-05-04 12:50:00,ES,BRACKET_MACRO,TREND_EXPANSION,TrendUp,LUNCH_AUCTION,TRANSITION,TRANSITION,NONE,50,35,NO_CLEAR_STAGE_C_ALIGNMENT,UNCHANGED,0,0.0,0,LUNCH,71.35,SHORT,1.0,0.2884615384615384,-0.8525345622119817,100.0,11.0,0.0,0.9994448774341972,0.9988897548700482,0.003402124307241,5,1.0606060606060606,-2.1423405013406764,-3.087557603686636,0.0403128760529482,0,1,0,7216.0,10.85,,,,False,FRESH,2,HYST_BLOCK_ES_TRENDUP_QUARANTINE,False,True,False,False,False,False,False,False,False,False,False,False,False,False
2026-05-04 12:55:50,2026-05-04 12:55:00,2026-05-04 12:55:00,ES,BRACKET_MACRO,TREND_EXPANSION,TrendUp,LUNCH_AUCTION,TRANSITION,TRANSITION,NONE,50,35,NO_CLEAR_STAGE_C_ALIGNMENT,UNCHANGED,0,0.0,0,LUNCH,71.35,SHORT,1.0,0.2884615384615384,-0.8525345622119817,100.0,11.0,0.0,0.9905755820659652,0.9811511641310964,0.0384763928688402,6,1.0606060606060606,-2.1423405013406764,-3.087557603686636,0.0403128760529482,0,1,0,7216.0,10.85,,,,False,FRESH,3,HYST_BLOCK_ES_TRENDUP_QUARANTINE,False,True,False,False,False,False,False,False,False,False,False,False,False,False
2026-05-04 12:58:44,2026-04-27 10:55:00,2026-04-27 10:55:00,ES,BRACKET_MACRO,ROTATION_ILLIQUID,TrendUp,POST_IB_MACRO,TRANSITION,TRANSITION,NONE,50,100,MACRO_STALE_WRONG_SESSION_7D,UNCHANGED,0,0.0,0,POST_IB_AM,0.0,NONE,0.0,0.0,0.0,0.0,0.0,0.0,0.999953306788162,0.9999066135788574,0.0003695554866275,11,0.0,-0.1859540506642848,0.5,0.0032377428307123,0,1,0,7190.0,7.0,,,,True,MACRO_STALE_WRONG_SESSION_7D,1,HYST_BLOCK_STALE_MACRO_STALE_WRONG_SESSION_7D,False,True,False,False,False,False,False,False,False,False,False,False,False,False
2026-05-04 12:58:45,2026-05-04 12:55:00,2026-05-04 12:55:00,ES,BRACKET_MACRO,TREND_EXPANSION,TrendUp,LUNCH_AUCTION,TRANSITION,TRANSITION,NONE,50,35,NO_CLEAR_STAGE_C_ALIGNMENT,UNCHANGED,0,0.0,0,LUNCH,71.19,SHORT,1.0,0.2884615384615384,-0.8437856328392246,100.0,11.0,0.0,0.991913199731324,0.9838263994658184,0.033912244229538,6,1.0606060606060606,-1.9956130292943264,-3.055872291904219,0.0400358530026889,0,1,0,7216.0,10.9625,,,,False,FRESH,1,HYST_BLOCK_ES_TRENDUP_QUARANTINE,False,True,False,False,False,False,False,False,False,False,False,False,False,False
2026-05-04 13:06:23,2026-05-04 13:05:00,2026-05-04 13:00:00,ES,BRACKET_MACRO,TREND_COMPRESSION,TrendUp,POST_LUNCH_ROTATION,TRANSITION,TRANSITION,NONE,50,35,NO_CLEAR_STAGE_C_ALIGNMENT,UNCHANGED,0,0.0,0,LUNCH,40.9,NONE,0.3076923076923077,0.2542372881355932,0.2007528230865746,110.0,12.0,0.0,0.9917367982496754,0.9834735964985758,0.0345228359946429,7,0.8888888888888888,-1.7379873313903924,-2.936010037641154,0.0338541666666666,0,1,0,7220.25,9.9625,,,,False,FRESH,2,HYST_BLOCK_ES_TRENDUP_QUARANTINE,False,True,False,False,False,False,False,False,False,False,False,False,False,False
2026-05-04 13:06:31,2026-05-04 13:05:00,2026-05-04 13:05:00,ES,BRACKET_MACRO,TREND_COMPRESSION,TrendUp,POST_LUNCH_ROTATION,TRANSITION,TRANSITION,NONE,50,35,NO_CLEAR_STAGE_C_ALIGNMENT,UNCHANGED,0,0.0,0,LUNCH,40.9,NONE,0.3076923076923077,0.2542372881355932,0.2007528230865746,110.0,12.0,0.0,0.9979360705689694,0.9958721411350344,0.0106928013206088,8,0.8888888888888888,-1.7379873313903924,-2.936010037641154,0.0338541666666666,0,1,0,7220.25,9.9625,,,,False,FRESH,3,HYST_BLOCK_ES_TRENDUP_QUARANTINE,False,True,False,False,False,False,False,False,False,False,False,False,False,False
2026-05-04 13:07:53,2026-02-12 11:15:00,2026-02-12 11:15:00,ES,BRACKET_MACRO,ROTATION_ILLIQUID,TrendUp,MID_MORNING_DISCOVERY,TRANSITION,TRANSITION,NONE,50,100,MACRO_STALE_WRONG_SESSION_81D,UNCHANGED,0,0.0,0,POST_IB_AM,43.59,LONG,1.0,0.6666666666666666,1.497326203208556,0.0,1.0,0.0,0.9999869927242012,0.9999739854503236,0.0001149388258161,22,0.0,0.478922231428286,-0.320855614973262,0.0075566750629722,0,1,0,6982.0,2.3375,,,,True,MACRO_STALE_WRONG_SESSION_81D,1,HYST_BLOCK_STALE_MACRO_STALE_WRONG_SESSION_81D,False,True,False,False,False,False,False,False,False,False,False,False,False,False
2026-05-04 13:07:55,2026-05-04 13:05:00,2026-05-04 13:05:00,ES,BRACKET_MACRO,TREND_COMPRESSION,TrendUp,POST_LUNCH_ROTATION,TRANSITION,TRANSITION,NONE,50,35,NO_CLEAR_STAGE_C_ALIGNMENT,UNCHANGED,0,0.0,0,LUNCH,40.96,NONE,0.3076923076923077,0.2542372881355932,0.2025316455696202,110.0,12.0,0.0,0.9979360705689694,0.9958721411350344,0.0106928013206088,8,0.8888888888888888,-1.7454168582145386,-2.962025316455696,0.0336981566820276,0,1,0,7220.25,9.875,,,,False,FRESH,1,HYST_BLOCK_ES_TRENDUP_QUARANTINE,False,True,False,False,False,False,False,False,False,False,False,False,False,False
2026-05-04 13:10:57,2026-03-16 12:45:00,2026-03-16 12:45:00,ES,BRACKET_MACRO,TREND_COMPRESSION,TrendUp,LUNCH_AUCTION,TRANSITION,TRANSITION,NONE,50,100,MACRO_STALE_WRONG_SESSION_49D,UNCHANGED,0,0.0,0,LUNCH,72.3,LONG,1.0,0.5263157894736842,1.05515587529976,160.0,20.0,0.0,0.9998095549652104,0.9996191099294258,0.00131415600388,7,0.8301886792452831,3.534208003950507,7.098321342925659,0.0767236910316226,0,1,-1,6750.75,5.2125,,,,True,MACRO_STALE_WRONG_SESSION_49D,1,HYST_BLOCK_STALE_MACRO_STALE_WRONG_SESSION_49D,False,True,False,False,False,False,False,False,False,False,False,False,False,False
2026-05-04 13:10:59,2026-05-04 13:05:00,2026-05-04 13:05:00,ES,BRACKET_MACRO,TREND_COMPRESSION,TrendUp,POST_LUNCH_ROTATION,TRANSITION,TRANSITION,NONE,50,35,NO_CLEAR_STAGE_C_ALIGNMENT,UNCHANGED,0,0.0,0,LUNCH,40.95,NONE,0.3076923076923077,0.2542372881355932,0.202275600505689,110.0,12.0,0.0,0.996932976766869,0.9938659535328016,0.0150121978425991,8,0.8888888888888888,-1.7747796055740943,-2.9582806573957017,0.0339032164589973,0,1,0,7220.25,9.8875,,,,False,FRESH,1,HYST_BLOCK_ES_TRENDUP_QUARANTINE,False,True,False,False,False,False,False,False,False,False,False,False,False,False
2026-05-04 13:15:34,2026-05-04 13:15:00,2026-05-04 13:10:00,ES,BRACKET_MACRO,ROTATION_LIQUID,TrendUp,POST_LUNCH_ROTATION,ROTATION_LIQUID,ROTATION_LIQUID,BOTH,64,35,BALANCED_TRADEABLE_RANGE,LOCKED_IMMEDIATE,0,0.0,0,LUNCH,69.2,NONE,1.0,0.072463768115942,0.8791208791208791,120.0,13.0,0.0,0.9896892612063228,0.9793785224157442,0.0414230848051499,9,0.7373737373737373,-1.4513189435549243,-2.8021978021978025,0.0285394515948517,0,1,0,7224.0,9.1,,,,False,FRESH,2,HYST_BLOCK_ES_TRENDUP_QUARANTINE,False,True,False,False,False,False,False,False,False,False,False,False,False,False
2026-05-04 13:15:43,2026-05-04 13:15:00,2026-05-04 13:15:00,ES,BRACKET_MACRO,ROTATION_LIQUID,TrendUp,POST_LUNCH_ROTATION,ROTATION_LIQUID,ROTATION_LIQUID,BOTH,64,35,BALANCED_TRADEABLE_RANGE,UNCHANGED,0,0.0,0,LUNCH,69.2,NONE,1.0,0.072463768115942,0.8791208791208791,120.0,13.0,0.0,0.9989543674359564,0.9979087348740048,0.0059304874476283,10,0.7373737373737373,-1.4513189435549243,-2.8021978021978025,0.0285394515948517,0,1,0,7224.0,9.1,,,,False,FRESH,3,HYST_BLOCK_ES_TRENDUP_QUARANTINE,False,True,False,False,False,False,False,False,False,False,False,False,False,False
2026-05-04 13:26:19,2026-05-04 13:25:00,2026-05-04 13:20:00,ES,BRACKET_MACRO,ROTATION_ILLIQUID,TrendDown,POST_LUNCH_ROTATION,TRANSITION,TRANSITION,NONE,50,45,NO_CLEAR_STAGE_C_ALIGNMENT,LOCKED_IMMEDIATE,0,1.522,1,LUNCH,56.62,NONE,1.0,0.7831325301204819,1.565934065934066,130.0,14.0,0.0,0.6123356134786975,0.2246712269539732,0.4816378712442383,2,0.3131313131313131,-0.2990533154773472,-1.6483516483516485,0.0162999185004074,0,1,0,7234.5,9.1,,,,False,FRESH,1,HYST_BLOCK_TRENDDOWN_AGE_1_OF_2,False,True,False,False,False,False,False,False,False,False,False,False,False,False
2026-05-04 13:26:28,2026-05-04 13:25:00,2026-05-04 13:25:00,ES,BRACKET_MACRO,ROTATION_ILLIQUID,TrendUp,POST_LUNCH_ROTATION,TRANSITION,TRANSITION,NONE,50,45,NO_CLEAR_STAGE_C_ALIGNMENT,UNCHANGED,0,1.522,2,LUNCH,56.62,NONE,1.0,0.7831325301204819,1.565934065934066,130.0,14.0,0.0,0.8435476155085194,0.6870952310205305,0.3128772872191493,2,0.3131313131313131,-0.2990533154773472,-1.6483516483516485,0.0162999185004074,0,1,0,7234.5,9.1,,,,False,FRESH,1,HYST_BLOCK_ES_TRENDUP_QUARANTINE,False,True,False,False,False,False,False,False,False,False,False,False,False,False
2026-05-04 13:35:38,2026-05-04 13:35:00,2026-05-04 13:30:00,ES,BRACKET_MACRO,ROTATION_ILLIQUID,TrendUp,POST_LUNCH_ROTATION,TRANSITION,TRANSITION,NONE,50,30,NO_CLEAR_STAGE_C_ALIGNMENT,UNCHANGED,0,0.757,2,PM,63.55,NONE,0.4736842105263157,0.6629213483146067,0.7883211678832117,140.0,15.0,35.36,0.9973866004405548,0.994773200879738,0.0130940004897484,3,0.4646464646464646,-0.7724888004503003,-2.18978102189781,0.0199309061918681,0,1,0,7230.75,8.5625,,,,False,FRESH,2,HYST_BLOCK_ES_TRENDUP_QUARANTINE,False,True,False,False,False,False,False,False,False,False,False,False,False,False
2026-05-04 13:35:47,2026-05-04 13:35:00,2026-05-04 13:35:00,ES,BRACKET_MACRO,ROTATION_ILLIQUID,TrendUp,POST_LUNCH_ROTATION,TRANSITION,TRANSITION,NONE,50,30,NO_CLEAR_STAGE_C_ALIGNMENT,UNCHANGED,0,0.757,2,PM,63.55,NONE,0.4736842105263157,0.6629213483146067,0.7883211678832117,140.0,15.0,35.36,0.9992800923220332,0.9985601846447628,0.0042769988995121,4,0.4646464646464646,-0.7724888004503003,-2.18978102189781,0.0199309061918681,0,1,0,7230.75,8.5625,,,,False,FRESH,3,HYST_BLOCK_ES_TRENDUP_QUARANTINE,False,True,False,False,False,False,False,False,False,False,False,False,False,False
2026-05-04 13:46:34,2026-05-04 13:45:00,2026-05-04 13:45:00,ES,BRACKET_MACRO,ROTATION_ILLIQUID,TrendUp,POST_LUNCH_ROTATION,TREND_COMPRESSION,TREND_COMPRESSION,SHORT,65,20,BRACKET_MACRO_WITH_INITIATIVE_EVIDENCE,LOCKED_IMMEDIATE,0,-0.357,1,PM,62.97,SHORT,0.6666666666666666,0.6,-0.3980099502487562,150.0,16.0,33.15,0.998757040063878,0.997514080124666,0.0068945760686851,6,0.4343434343434343,-0.7395989353395487,-2.388059701492537,0.0185519196083483,0,1,0,7231.5,7.5375,,,,False,FRESH,4,HYST_BLOCK_ES_TRENDUP_QUARANTINE,False,True,False,False,False,False,False,False,False,False,False,False,False,False
2026-05-04 13:54:25,2026-03-16 12:45:00,2026-03-16 12:45:00,ES,BRACKET_MACRO,TREND_COMPRESSION,TrendUp,LUNCH_AUCTION,TRANSITION,TRANSITION,NONE,50,100,MACRO_STALE_WRONG_SESSION_49D,UNCHANGED,0,0.0,0,LUNCH,72.3,LONG,1.0,0.5263157894736842,1.05515587529976,160.0,20.0,0.0,0.9998095549652104,0.9996191099294258,0.00131415600388,7,0.8301886792452831,3.534208003950507,7.098321342925659,0.0767236910316226,0,1,-1,6750.75,5.2125,,,,True,MACRO_STALE_WRONG_SESSION_49D,1,HYST_BLOCK_STALE_MACRO_STALE_WRONG_SESSION_49D,False,True,False,False,False,False,False,False,False,False,False,False,False,False
2026-05-04 13:54:27,2026-05-04 13:45:00,2026-05-04 13:45:00,ES,BRACKET_MACRO,ROTATION_ILLIQUID,TrendUp,POST_LUNCH_ROTATION,TREND_COMPRESSION,TREND_COMPRESSION,SHORT,65,20,BRACKET_MACRO_WITH_INITIATIVE_EVIDENCE,LOCKED_IMMEDIATE,0,0.0,0,PM,63.2,SHORT,0.6666666666666666,0.6,-0.3993344425956738,150.0,16.0,34.03,0.9998220967041616,0.999644193411161,0.0012363554699746,6,0.4343434343434343,-0.759260024544873,-2.396006655574044,0.0185998450012916,0,1,0,7231.5,7.5125,,,,False,FRESH,1,HYST_BLOCK_ES_TRENDUP_QUARANTINE,False,True,False,False,False,False,False,False,False,False,False,False,False,False
2026-05-04 13:56:00,2026-05-04 13:55:00,2026-05-04 13:50:00,ES,BRACKET_MACRO,ROTATION_ILLIQUID,TrendUp,POST_LUNCH_ROTATION,TRANSITION,TRANSITION,NONE,50,20,NO_CLEAR_STAGE_C_ALIGNMENT,LOCKED_IMMEDIATE,0,0.0,0,PM,70.79,NONE,1.0,0.5522388059701493,0.3861003861003861,160.0,17.0,26.13,0.9992771157520292,0.9985542315023272,0.0042925304754889,7,0.3636363636363636,-0.6131835137748427,-2.50965250965251,0.0163029847002758,0,1,0,7233.25,6.475,,,,False,FRESH,2,HYST_BLOCK_ES_TRENDUP_QUARANTINE,False,True,False,False,False,False,False,False,False,False,False,False,False,False
2026-05-04 13:56:10,2026-05-04 13:55:00,2026-05-04 13:55:00,ES,BRACKET_MACRO,ROTATION_ILLIQUID,TrendUp,POST_LUNCH_ROTATION,TRANSITION,TRANSITION,NONE,50,20,NO_CLEAR_STAGE_C_ALIGNMENT,UNCHANGED,0,0.0,0,PM,70.79,NONE,1.0,0.5522388059701493,0.3861003861003861,160.0,17.0,26.13,0.9994151470736568,0.998830294149906,0.0035623133065085,8,0.3636363636363636,-0.6131835137748427,-2.50965250965251,0.0163029847002758,0,1,0,7233.25,6.475,,,,False,FRESH,3,HYST_BLOCK_ES_TRENDUP_QUARANTINE,False,True,False,False,False,False,False,False,False,False,False,False,False,False
2026-05-04 14:06:58,2026-05-04 14:05:00,2026-05-04 14:05:00,ES,BRACKET_MACRO,ROTATION_ILLIQUID,TrendUp,AFTERNOON_TREND_TEST,TRANSITION,TRANSITION,NONE,50,30,NO_CLEAR_STAGE_C_ALIGNMENT,UNCHANGED,0,1.1,0,PM,43.56,LONG,1.0,0.3617021276595745,1.2526997840172789,0.0,1.0,12.67,0.9994855065053814,0.9989710130121862,0.0031813405203829,10,0.1414141414141414,0.3552227486808446,-1.857451403887689,0.0106779240129128,0,1,0,7238.75,5.7875,,,,False,FRESH,4,HYST_BLOCK_ES_TRENDUP_QUARANTINE,False,True,False,False,False,False,False,False,False,False,False,False,False,False
2026-05-04 14:16:22,2026-05-04 14:15:00,2026-05-04 14:10:00,ES,BRACKET_MACRO,ROTATION_ILLIQUID,TrendUp,AFTERNOON_TREND_TEST,TRANSITION,TRANSITION,NONE,50,20,NO_CLEAR_STAGE_C_ALIGNMENT,UNCHANGED,0,0.129,0,PM,19.09,NONE,0.073170731707317,0.2549019607843137,0.1431980906921241,0.0,1.0,24.78,0.9998680044910876,0.9997360089786836,0.0009457361833771,11,0.3333333333333333,-0.5946761207241228,-2.959427207637232,0.0149397590361445,0,1,0,7234.0,5.2375,,,,False,FRESH,5,HYST_BLOCK_ES_TRENDUP_QUARANTINE,False,True,False,False,False,False,False,False,False,False,False,False,False,False
2026-05-04 14:16:31,2026-05-04 14:15:00,2026-05-04 14:15:00,ES,BRACKET_MACRO,ROTATION_ILLIQUID,TrendUp,AFTERNOON_TREND_TEST,TRANSITION,TRANSITION,NONE,50,20,NO_CLEAR_STAGE_C_ALIGNMENT,UNCHANGED,0,0.129,0,PM,19.09,NONE,0.073170731707317,0.2549019607843137,0.1431980906921241,0.0,1.0,24.78,0.9987994027246332,0.9975988054457758,0.0066896443702496,12,0.3333333333333333,-0.5946761207241228,-2.959427207637232,0.0149397590361445,0,1,0,7234.0,5.2375,,,,False,FRESH,6,HYST_BLOCK_ES_TRENDUP_QUARANTINE,False,True,False,False,False,False,False,False,False,False,False,False,False,False
2026-05-04 14:21:03,2026-03-16 12:45:00,2026-03-16 12:45:00,ES,BRACKET_MACRO,TREND_COMPRESSION,TrendUp,LUNCH_AUCTION,TRANSITION,TRANSITION,NONE,50,100,MACRO_STALE_WRONG_SESSION_49D,UNCHANGED,0,0.0,0,LUNCH,72.3,LONG,1.0,0.5263157894736842,1.05515587529976,160.0,20.0,0.0,0.9998095549652104,0.9996191099294258,0.00131415600388,7,0.8301886792452831,3.534208003950507,7.098321342925659,0.0767236910316226,0,1,-1,6750.75,5.2125,,,,True,MACRO_STALE_WRONG_SESSION_49D,1,HYST_BLOCK_STALE_MACRO_STALE_WRONG_SESSION_49D,False,True,False,False,False,False,False,False,False,False,False,False,False,False
2026-05-04 14:21:04,2026-05-04 14:15:00,2026-05-04 14:15:00,ES,BRACKET_MACRO,ROTATION_ILLIQUID,TrendUp,AFTERNOON_TREND_TEST,TRANSITION,TRANSITION,NONE,50,20,NO_CLEAR_STAGE_C_ALIGNMENT,UNCHANGED,0,0.0,0,PM,18.69,NONE,0.073170731707317,0.2549019607843137,0.1398601398601398,0.0,1.0,24.28,0.998985506432388,0.997971012865874,0.0057760128112698,12,0.3333333333333333,-0.5827856505746108,-2.8904428904428907,0.0150998538723818,0,1,0,7234.0,5.3625,,,,False,FRESH,1,HYST_BLOCK_ES_TRENDUP_QUARANTINE,False,True,False,False,False,False,False,False,False,False,False,False,False,False
2026-05-04 14:25:45,2026-05-04 14:25:00,2026-05-04 14:20:00,ES,BRACKET_MACRO,ROTATION_LIQUID,TrendUp,AFTERNOON_TREND_TEST,TREND_COMPRESSION,TREND_COMPRESSION,SHORT,70,40,BRACKET_MACRO_WITH_INITIATIVE_EVIDENCE,LOCKED_IMMEDIATE,0,0.0,0,PM,69.46,SHORT,1.0,0.2658227848101265,-2.386634844868736,10.0,2.0,82.32,0.5112328651319911,0.0224657302636391,0.4998179493784218,13,0.6464646464646465,-2.0510227407087687,-4.439140811455848,0.022393450517698,0,1,0,7226.25,5.2375,,,,False,FRESH,2,HYST_BLOCK_ES_TRENDUP_QUARANTINE,False,True,False,False,False,False,False,False,False,False,False,False,False,False
2026-05-04 14:25:54,2026-05-04 14:25:00,2026-05-04 14:25:00,ES,BRACKET_MACRO,ROTATION_LIQUID,TrendUp,AFTERNOON_TREND_TEST,TREND_COMPRESSION,TREND_COMPRESSION,SHORT,70,30,BRACKET_MACRO_WITH_INITIATIVE_EVIDENCE,UNCHANGED,0,0.0,0,PM,69.46,SHORT,1.0,0.2658227848101265,-2.386634844868736,10.0,2.0,82.32,0.7883194351053736,0.5766388702112629,0.3723414108726595,14,0.6464646464646465,-2.0510227407087687,-4.439140811455848,0.022393450517698,0,1,0,7226.25,5.2375,,,,False,FRESH,3,HYST_BLOCK_ES_TRENDUP_QUARANTINE,False,True,False,False,False,False,False,False,False,False,False,False,False,False
2026-05-04 14:36:42,2026-05-04 14:35:00,2026-05-04 14:35:00,ES,BRACKET_MACRO,ROTATION_LIQUID,TrendUp,AFTERNOON_TREND_TEST,TREND_COMPRESSION,TREND_COMPRESSION,SHORT,78,40,BRACKET_MACRO_WITH_INITIATIVE_EVIDENCE,UNCHANGED,0,-1.599,0,PM,80.77,SHORT,1.0,0.4133333333333333,-1.588785046728972,20.0,3.0,83.84,0.9971324671587962,0.9942649343174652,0.0141750734436148,16,0.6767676767676768,-2.0534504007084133,-4.485981308411216,0.0223255813953488,0,1,0,7225.5,5.35,,,,False,FRESH,4,HYST_BLOCK_ES_TRENDUP_QUARANTINE,False,True,False,False,False,False,False,False,False,False,False,False,False,False
2026-05-04 14:46:07,2026-05-04 14:45:00,2026-05-04 14:40:00,ES,BRACKET_MACRO,TREND_COMPRESSION,TrendUp,AFTERNOON_TREND_TEST,TREND_COMPRESSION,TREND_COMPRESSION,SHORT,78,40,BRACKET_MACRO_WITH_INITIATIVE_EVIDENCE,UNCHANGED,0,-1.245,0,PM,83.09,SHORT,1.0,1.0,-1.2807881773399017,30.0,4.0,95.45,0.998351926743824,0.9967038534874212,0.0088060752282794,17,0.9090909090909092,-3.3066782634018925,-5.862068965517241,0.0272810637322329,0,1,0,7219.75,5.075,,,,False,FRESH,5,HYST_BLOCK_ES_TRENDUP_QUARANTINE,False,True,False,False,False,False,False,False,False,False,False,False,False,False
2026-05-04 14:46:16,2026-05-04 14:45:00,2026-05-04 14:45:00,ES,BRACKET_MACRO,TREND_COMPRESSION,TrendUp,AFTERNOON_TREND_TEST,TREND_COMPRESSION,TREND_COMPRESSION,SHORT,78,40,BRACKET_MACRO_WITH_INITIATIVE_EVIDENCE,UNCHANGED,0,-1.245,0,PM,83.09,SHORT,1.0,1.0,-1.2807881773399017,30.0,4.0,95.45,0.9966842324051988,0.9933684648105112,0.0160429137171648,18,0.9090909090909092,-3.3066782634018925,-5.862068965517241,0.0272810637322329,0,1,0,7219.75,5.075,,,,False,FRESH,6,HYST_BLOCK_ES_TRENDUP_QUARANTINE,False,True,False,False,False,False,False,False,False,False,False,False,False,False
2026-05-04 14:52:25,2026-04-27 10:55:00,2026-04-27 10:55:00,ES,BRACKET_MACRO,ROTATION_ILLIQUID,TrendUp,POST_IB_MACRO,TRANSITION,TRANSITION,NONE,50,100,MACRO_STALE_WRONG_SESSION_7D,UNCHANGED,0,0.0,0,POST_IB_AM,0.0,NONE,0.0,0.0,0.0,0.0,0.0,0.0,0.999953306788162,0.9999066135788574,0.0003695554866275,11,0.0,-0.1859540506642848,0.5,0.0032377428307123,0,1,0,7190.0,7.0,,,,True,MACRO_STALE_WRONG_SESSION_7D,1,HYST_BLOCK_STALE_MACRO_STALE_WRONG_SESSION_7D,False,True,False,False,False,False,False,False,False,False,False,False,False,False
2026-05-04 14:52:27,2026-05-04 14:45:00,2026-05-04 14:45:00,ES,BRACKET_MACRO,TREND_COMPRESSION,TrendUp,AFTERNOON_TREND_TEST,TREND_COMPRESSION,TREND_COMPRESSION,SHORT,78,30,BRACKET_MACRO_WITH_INITIATIVE_EVIDENCE,LOCKED_IMMEDIATE,0,0.0,0,PM,83.09,SHORT,1.0,1.0,-1.2009237875288683,30.0,4.0,95.45,0.9997715231425408,0.999543046288476,0.0015465820557553,18,0.9090909090909092,-3.062181318911981,-5.496535796766744,0.0267415730337078,0,1,0,7219.75,5.4125,,,,False,FRESH,1,HYST_BLOCK_ES_TRENDUP_QUARANTINE,False,True,False,False,False,False,False,False,False,False,False,False,False,False
2026-05-04 14:55:33,2026-05-04 14:55:00,2026-05-04 14:50:00,ES,BRACKET_MACRO,TREND_COMPRESSION,TrendUp,AFTERNOON_TREND_TEST,TREND_COMPRESSION,TREND_COMPRESSION,SHORT,77,30,BRACKET_MACRO_WITH_INITIATIVE_EVIDENCE,UNCHANGED,0,0.0,0,PM,79.79,SHORT,0.7692307692307693,0.9,-1.0498687664041997,40.0,5.0,93.94,0.9933330609035016,0.986666121805278,0.0288899634444482,19,0.8787878787878788,-3.246927880796633,-6.089238845144357,0.0257491675915649,0,1,0,7220.5,4.7625,,,,False,FRESH,2,HYST_BLOCK_ES_TRENDUP_QUARANTINE,False,True,False,False,False,False,False,False,False,False,False,False,False,False
2026-05-04 14:55:42,2026-05-04 14:55:00,2026-05-04 14:55:00,ES,BRACKET_MACRO,TREND_COMPRESSION,TrendUp,AFTERNOON_TREND_TEST,TREND_COMPRESSION,TREND_COMPRESSION,SHORT,77,30,BRACKET_MACRO_WITH_INITIATIVE_EVIDENCE,UNCHANGED,0,0.0,0,PM,79.79,SHORT,0.7692307692307693,0.9,-1.0498687664041997,40.0,5.0,93.94,0.9969205298703944,0.9938410597420696,0.0150641112332212,20,0.8787878787878788,-3.246927880796633,-6.089238845144357,0.0257491675915649,0,1,0,7220.5,4.7625,,,,False,FRESH,3,HYST_BLOCK_ES_TRENDUP_QUARANTINE,False,True,False,False,False,False,False,False,False,False,False,False,False,False
2026-05-04 15:06:31,2026-05-04 15:05:00,2026-05-04 15:00:00,ES,BRACKET_MACRO,TREND_COMPRESSION,TrendUp,LATE_DAY_CONVICTION,TRANSITION,TRANSITION,NONE,50,40,NO_CLEAR_STAGE_C_ALIGNMENT,LOCKED_IMMEDIATE,0,0.6,0,POWER_HOUR,76.9,NONE,1.0,0.3684210526315789,0.6201550387596899,50.0,6.0,89.39,0.9908662847724162,0.9817325695467986,0.037496955233185,21,0.7878787878787878,-2.738495384090773,-5.529715762273901,0.0232861806311207,0,1,0,7222.75,4.8375,,,,False,FRESH,4,HYST_BLOCK_ES_TRENDUP_QUARANTINE,False,True,False,False,False,False,False,False,False,False,False,False,False,False
2026-05-04 15:06:40,2026-05-04 15:05:00,2026-05-04 15:05:00,ES,BRACKET_MACRO,TREND_COMPRESSION,TrendUp,LATE_DAY_CONVICTION,TRANSITION,TRANSITION,NONE,50,40,NO_CLEAR_STAGE_C_ALIGNMENT,UNCHANGED,0,0.6,0,POWER_HOUR,76.9,NONE,1.0,0.3684210526315789,0.6201550387596899,50.0,6.0,89.39,0.9811946795852676,0.96238935916804,0.0673395894752057,22,0.7878787878787878,-2.738495384090773,-5.529715762273901,0.0232861806311207,0,1,0,7222.75,4.8375,,,,False,FRESH,5,HYST_BLOCK_ES_TRENDUP_QUARANTINE,False,True,False,False,False,False,False,False,False,False,False,False,False,False
2026-05-04 15:09:38,2026-03-18 13:45:00,2026-03-18 13:45:00,ES,BRACKET_MACRO,TREND_EXPANSION,TrendDown,POST_LUNCH_ROTATION,TRANSITION,TRANSITION,NONE,50,100,MACRO_STALE_WRONG_SESSION_47D,UNCHANGED,0,0.0,0,PM,79.16,NONE,0.8947368421052632,0.92,0.8395061728395061,180.0,19.0,61.93,0.7504643775208915,0.5009287550449726,0.4052706367627177,4,7.2,-0.9908533001876936,-5.654320987654321,0.0823148813803019,0,1,0,6750.25,10.125,,,,True,MACRO_STALE_WRONG_SESSION_47D,1,HYST_BLOCK_STALE_MACRO_STALE_WRONG_SESSION_47D,False,True,False,False,False,False,False,False,False,False,False,False,False,False
2026-05-04 15:09:40,2026-05-04 15:05:00,2026-05-04 15:05:00,ES,BRACKET_MACRO,TREND_COMPRESSION,TrendDown,LATE_DAY_CONVICTION,TREND_COMPRESSION,TREND_COMPRESSION,SHORT,66,20,MICRO_TREND_INSIDE_MACRO_STRUCTURE,LOCKED_IMMEDIATE,0,0.0,0,POWER_HOUR,76.45,NONE,1.0,0.3684210526315789,0.5985037406483791,50.0,6.0,89.39,0.9312424142630318,0.8624848285286913,0.1806350030730968,1,0.7878787878787878,-2.5769337882842875,-5.3366583541147135,0.0232709873858199,0,1,0,7222.75,5.0125,,,,False,FRESH,1,HYST_BLOCK_TRENDDOWN_AGE_1_OF_2,False,True,False,False,False,False,False,False,False,False,False,False,False,False
2026-05-04 15:15:52,2026-05-04 15:15:00,2026-05-04 15:10:00,ES,BRACKET_MACRO,ROTATION_LIQUID,TrendUp,LATE_DAY_CONVICTION,ROTATION_LIQUID,ROTATION_LIQUID,BOTH,64,40,BALANCED_TRADEABLE_RANGE,LOCKED_IMMEDIATE,0,0.0,1,POWER_HOUR,79.15,NONE,1.0,0.2580645161290322,1.92,60.0,7.0,62.29,0.692037165460731,0.384074330921745,0.4454039442770353,1,0.5151515151515151,-1.3156224367202958,-4.266666666666667,0.016967126193001,0,1,0,7229.5,4.6875,,,,False,FRESH,1,HYST_BLOCK_ES_TRENDUP_QUARANTINE,False,True,False,False,False,False,False,False,False,False,False,False,False,False
2026-05-04 15:16:02,2026-05-04 15:15:00,2026-05-04 15:15:00,ES,BRACKET_MACRO,ROTATION_LIQUID,TrendUp,LATE_DAY_CONVICTION,ROTATION_LIQUID,ROTATION_LIQUID,BOTH,64,40,BALANCED_TRADEABLE_RANGE,UNCHANGED,0,0.0,1,POWER_HOUR,79.15,NONE,1.0,0.2580645161290322,1.92,60.0,7.0,62.29,0.9078856943836668,0.8157713887683807,0.2217439976852927,2,0.5151515151515151,-1.3156224367202958,-4.266666666666667,0.016967126193001,0,1,0,7229.5,4.6875,,,,False,FRESH,2,HYST_BLOCK_ES_TRENDUP_QUARANTINE,False,True,False,False,False,False,False,False,False,False,False,False,False,False
2026-05-04 15:26:54,2026-05-04 15:25:00,2026-05-04 15:25:00,ES,BRACKET_MACRO,ROTATION_LIQUID,TrendUp,LATE_DAY_CONVICTION,TRANSITION,TRANSITION,NONE,50,50,NO_CLEAR_STAGE_C_ALIGNMENT,LOCKED_IMMEDIATE,0,1.079,1,POWER_HOUR,71.76,NONE,0.6363636363636364,0.7333333333333333,1.0714285714285714,70.0,8.0,77.22,0.9964521087608588,0.9929042175226966,0.0169925456964249,4,0.5757575757575758,-1.5680694231708243,-4.387755102040816,0.0178016973711446,0,1,0,7228.0,4.9,,,,False,FRESH,3,HYST_BLOCK_ES_TRENDUP_QUARANTINE,False,True,False,False,False,False,False,False,False,False,False,False,False,False
2026-05-04 15:36:20,2026-05-04 15:35:00,2026-05-04 15:30:00,ES,BRACKET_MACRO,ROTATION_LIQUID,TrendUp,LATE_DAY_CONVICTION,TREND_COMPRESSION,TREND_COMPRESSION,SHORT,71,40,BRACKET_MACRO_WITH_INITIATIVE_EVIDENCE,LOCKED_IMMEDIATE,0,-0.103,1,POWER_HOUR,71.53,SHORT,0.2,0.7391304347826086,-0.0992555831265508,80.0,9.0,64.82,0.9983587497380476,0.996717499473715,0.0087745338317474,5,0.5353535353535354,-1.3509213912315066,-4.069478908188586,0.0168447000821692,0,1,0,7229.0,5.0375,,,,False,FRESH,4,HYST_BLOCK_ES_TRENDUP_QUARANTINE,False,True,False,False,False,False,False,False,False,False,False,False,False,False
2026-05-04 15:36:30,2026-05-04 15:35:00,2026-05-04 15:35:00,ES,BRACKET_MACRO,ROTATION_LIQUID,TrendUp,LATE_DAY_CONVICTION,TREND_COMPRESSION,TREND_COMPRESSION,SHORT,71,40,BRACKET_MACRO_WITH_INITIATIVE_EVIDENCE,UNCHANGED,0,-0.103,0,POWER_HOUR,71.53,SHORT,0.2,0.7391304347826086,-0.0992555831265508,80.0,9.0,64.82,0.9970880336898332,0.9941760673823968,0.0143623755895786,6,0.5353535353535354,-1.3509213912315066,-4.069478908188586,0.0168447000821692,0,1,0,7229.0,5.0375,,,,False,FRESH,5,HYST_BLOCK_ES_TRENDUP_QUARANTINE,False,True,False,False,False,False,False,False,False,False,False,False,False,False
2026-05-04 15:45:48,2026-05-04 15:45:00,2026-05-04 15:40:00,ES,BRACKET_MACRO,ROTATION_LIQUID,TrendUp,LATE_DAY_CONVICTION,TREND_COMPRESSION,TREND_COMPRESSION,SHORT,63,40,BRACKET_MACRO_WITH_INITIATIVE_EVIDENCE,UNCHANGED,0,-0.309,0,POWER_HOUR,59.82,SHORT,0.4285714285714285,0.3191489361702128,-0.3243243243243243,90.0,10.0,81.82,0.9980093623043004,0.9960187246099916,0.0103650631191846,7,0.6363636363636364,-1.8362487131217256,-4.972972972972973,0.0185858585858585,0,1,0,7226.5,4.625,,,,False,FRESH,6,HYST_BLOCK_ES_TRENDUP_QUARANTINE,False,True,False,False,False,False,False,False,False,False,False,False,False,False
2026-05-04 15:45:56,2026-05-04 15:45:00,2026-05-04 15:45:00,ES,BRACKET_MACRO,ROTATION_LIQUID,TrendUp,LATE_DAY_CONVICTION,TREND_COMPRESSION,TREND_COMPRESSION,SHORT,63,40,BRACKET_MACRO_WITH_INITIATIVE_EVIDENCE,UNCHANGED,0,-0.309,0,POWER_HOUR,59.82,SHORT,0.4285714285714285,0.3191489361702128,-0.3243243243243243,90.0,10.0,81.82,0.9955797310645078,0.9911594621271792,0.020468391073296,8,0.6363636363636364,-1.8362487131217256,-4.972972972972973,0.0185858585858585,0,1,0,7226.5,4.625,,,,False,FRESH,7,HYST_BLOCK_ES_TRENDUP_QUARANTINE,False,True,False,False,False,False,False,False,False,False,False,False,False,False
2026-05-04 15:50:33,2026-03-16 12:45:00,2026-03-16 12:45:00,ES,BRACKET_MACRO,TREND_COMPRESSION,TrendUp,LUNCH_AUCTION,TRANSITION,TRANSITION,NONE,50,100,MACRO_STALE_WRONG_SESSION_49D,UNCHANGED,0,0.0,0,LUNCH,72.3,LONG,1.0,0.5263157894736842,1.05515587529976,160.0,20.0,0.0,0.9998095549652104,0.9996191099294258,0.00131415600388,7,0.8301886792452831,3.534208003950507,7.098321342925659,0.0767236910316226,0,1,-1,6750.75,5.2125,,,,True,MACRO_STALE_WRONG_SESSION_49D,1,HYST_BLOCK_STALE_MACRO_STALE_WRONG_SESSION_49D,False,True,False,False,False,False,False,False,False,False,False,False,False,False
2026-05-04 15:50:35,2026-05-04 15:45:00,2026-05-04 15:45:00,ES,BRACKET_MACRO,ROTATION_LIQUID,TrendUp,LATE_DAY_CONVICTION,TREND_COMPRESSION,TREND_COMPRESSION,SHORT,62,40,BRACKET_MACRO_WITH_INITIATIVE_EVIDENCE,LOCKED_IMMEDIATE,0,0.0,0,POWER_HOUR,59.14,SHORT,0.4285714285714285,0.3191489361702128,-0.3092783505154639,90.0,10.0,81.82,0.9977893671442396,0.995578734291972,0.0113432259059107,8,0.6363636363636364,-1.8154145869926448,-4.742268041237113,0.0187220187220187,0,1,0,7226.5,4.85,,,,False,FRESH,1,HYST_BLOCK_ES_TRENDUP_QUARANTINE,False,True,False,False,False,False,False,False,False,False,False,False,False,False
2026-05-04 15:55:18,2026-03-16 12:45:00,2026-03-16 12:45:00,ES,BRACKET_MACRO,TREND_COMPRESSION,TrendUp,LUNCH_AUCTION,TRANSITION,TRANSITION,NONE,50,100,MACRO_STALE_WRONG_SESSION_49D,UNCHANGED,0,0.0,0,LUNCH,72.3,LONG,1.0,0.5263157894736842,1.05515587529976,160.0,20.0,0.0,0.9998095549652104,0.9996191099294258,0.00131415600388,7,0.8301886792452831,3.534208003950507,7.098321342925659,0.0767236910316226,0,1,-1,6750.75,5.2125,,,,True,MACRO_STALE_WRONG_SESSION_49D,1,HYST_BLOCK_STALE_MACRO_STALE_WRONG_SESSION_49D,False,True,False,False,False,False,False,False,False,False,False,False,False,False
2026-05-04 15:55:19,2026-05-04 15:45:00,2026-05-04 15:45:00,ES,BRACKET_MACRO,ROTATION_LIQUID,TrendUp,LATE_DAY_CONVICTION,TREND_COMPRESSION,TREND_COMPRESSION,SHORT,62,40,BRACKET_MACRO_WITH_INITIATIVE_EVIDENCE,LOCKED_IMMEDIATE,0,0.0,0,POWER_HOUR,58.82,SHORT,0.4285714285714285,0.3191489361702128,-0.3022670025188916,90.0,10.0,81.82,0.9977750307183668,0.9955500614377252,0.0114064026277379,8,0.6363636363636364,-1.833666796953529,-4.634760705289672,0.0185633575464083,0,1,0,7226.5,4.9625,,,,False,FRESH,1,HYST_BLOCK_ES_TRENDUP_QUARANTINE,False,True,False,False,False,False,False,False,False,False,False,False,False,False
2026-05-04 15:56:55,2026-05-04 15:55:00,2026-05-04 15:55:00,ES,BRACKET_MACRO,ROTATION_LIQUID,TrendUp,LATE_DAY_CONVICTION,TREND_COMPRESSION,TREND_COMPRESSION,SHORT,76,40,BRACKET_MACRO_WITH_INITIATIVE_EVIDENCE,UNCHANGED,0,0.0,0,POWER_HOUR,79.01,SHORT,1.0,0.6923076923076923,-0.7920792079207921,100.0,11.0,84.85,0.9944625161862076,0.9889250323747364,0.0247393925477086,10,0.696969696969697,-1.9686001271507525,-4.851485148514851,0.0195296931048226,0,1,0,7225.0,5.05,,,,False,FRESH,2,HYST_BLOCK_ES_TRENDUP_QUARANTINE,False,True,False,False,False,False,False,False,False,False,False,False,False,False
2026-05-04 16:01:40,2026-05-04 16:00:00,2026-05-04 16:00:00,ES,BRACKET_MACRO,ROTATION_ILLIQUID,TrendUp,CASH_CLOSE,TRANSITION,TRANSITION,NONE,50,30,NO_CLEAR_STAGE_C_ALIGNMENT,LOCKED_IMMEDIATE,0,0.899,0,CLOSE,59.35,NONE,0.6,0.2727272727272727,0.9,105.0,12.0,33.52,0.9864805245023476,0.9729617595792852,0.051661556375078,11,0.4545454545454545,-0.7373899391264785,-3.7,0.014592782488661,0,1,0,7231.0,5.0,,,,False,FRESH,3,HYST_BLOCK_ES_TRENDUP_QUARANTINE,False,True,False,False,False,False,False,False,False,False,False,False,False,False
