SnapshotTimestamp,MacroTimestamp,MicroTimestamp,Instrument,MacroRegime,MacroPlaybook,HMM_Micro,Phase,CandidateRegime,FinalRegime,FinalDirection,RegimeConfidence,ConflictScore,ReasonCode,PersistenceStatus,PendingCount,Velocity3CP,HMMFlipCount,PhaseBucket,DevelopingInitiativeScore,InitiativeDirection,RollingEfficiency10m,RollingEfficiency20m,LocalNetMove10mAtr,SameSideVwapMinutes,VwapHoldCount,LateExtensionPenalty,HMMStateProb,HMMStateMargin,HMMStateEntropy,HMMStateAge,IBExtensionPct,CloseVsVwapAtr,NetMoveAtr,DirectionalEfficiency,ReturnedToOpenFlag,TwoSidedTradeFlag,ValueBreakAcceptFlag,LastPrice,Atr5m,Adx5m,Chop5m,Rvol5m,StaleDataFlag,StaleReason,HMMStateAgeBars,AsymHysteresisReason,AsymHysteresisGateOpen,AsymHysteresisEnabled,AllowMomo,AllowAdxx,AllowPine,AllowEsScalper,AllowBracketSniper,AllowExpansionBot,AllowCompressionBot,AllowFadeBot,AllowLong,AllowShort,AllowMomoLong,AllowMomoShort
2026-04-24 16:34:18,2026-04-24 16:00:00,2026-04-24 16:00:00,NQ,BRACKET_MACRO,TREND_EXPANSION,Transition,CASH_CLOSE,TRANSITION,TRANSITION,NONE,50,100,MACRO_STALE_34.3MIN,UNCHANGED,0,0.0,0,,,,,,,,,,,,,,1.215328467153285,5.434114393297388,10.655080213903744,0.0180984172400481,0,1,0,27433.75,18.7,,,,True,MACRO_STALE_34.3MIN,,,,,False,False,False,False,False,False,False,False,False,False,False,False
2026-04-27 11:26:24,2026-04-24 16:00:00,2026-04-24 16:00:00,NQ,BRACKET_MACRO,TREND_EXPANSION,Transition,CASH_CLOSE,TRANSITION,TRANSITION,NONE,50,100,MACRO_STALE_4046.3MIN,UNCHANGED,0,0.0,0,CLOSE,84.0,LONG,1.0,1.0,0.2303523035230352,75.0,9.0,100.0,0.9999970771647864,0.9999942894384056,2.9370156488644734e-05,1,2.1301020408163267,3.7189895152975816,8.035230352303524,0.0508859999141888,0,1,0,27396.0,36.9,,,,True,MACRO_STALE_4046.3MIN,,,,,False,False,False,False,False,False,False,False,False,False,False,False
2026-04-27 11:42:55,2026-04-27 11:25:00,2026-04-24 20:30:00,NQ,BRACKET_MACRO,ROTATION_ILLIQUID,Transition,MID_MORNING_DISCOVERY,TRANSITION,TRANSITION,NONE,50,100,MICRO_STALE_3792.9MIN,UNCHANGED,0,0.0,0,POST_IB_AM,73.26,SHORT,1.0,1.0,-0.4627575277337559,20.0,3.0,0.0,0.9999998466228252,0.9999996932720788,1.8463127071530013e-06,6,0.0,-1.136216714514494,-2.0475435816164818,0.0096102350490925,0,1,-1,27321.75,39.4375,,,,True,MICRO_STALE_3792.9MIN,,,,,False,False,False,False,False,False,False,False,False,False,False,False
2026-04-27 11:59:36,2026-04-27 11:45:00,2026-04-27 11:10:00,NQ,MEAN_REVERSION_MACRO,ROTATION_ILLIQUID,TrendUp,MID_MORNING_DISCOVERY,TRANSITION,TRANSITION,NONE,50,100,MICRO_STALE_49.6MIN,UNCHANGED,0,0.0,1,POST_IB_AM,22.05,LONG,1.0,0.4612546125461255,1.492087415222306,0.0,0.0,0.0,0.999810575522704,0.9996211510316616,0.0013078480402445,13,0.0,0.1760488841206747,-0.9419743782969104,0.0034326513799258,1,1,0,27371.25,33.175,,,,True,MICRO_STALE_49.6MIN,,,,,False,False,False,False,False,False,False,False,False,False,False,False
2026-04-27 12:25:28,2026-04-27 12:15:00,2026-04-27 12:10:00,NQ,MEAN_REVERSION_MACRO,ROTATION_ILLIQUID,TrendUp,LUNCH_AUCTION,TRANSITION,TRANSITION,NONE,50,100,MICRO_STALE_15.4MIN,UNCHANGED,0,1.603,1,LUNCH,10.42,LONG,0.9722222222222222,0.4482758620689655,0.6466512702078522,0.0,1.0,0.0,0.9991266820710294,0.998253364123263,0.0050666720812962,25,0.0,0.3530736793516587,-1.0161662817551964,0.0027502062654699,1,1,0,27375.0,27.0625,,,,True,MICRO_STALE_15.4MIN,,,,,False,False,False,False,False,False,False,False,False,False,False,False
2026-04-27 12:34:12,2026-04-27 12:15:00,2026-04-27 12:15:00,NQ,MEAN_REVERSION_MACRO,ROTATION_ILLIQUID,TrendUp,LUNCH_AUCTION,TRANSITION,TRANSITION,NONE,50,100,MICRO_STALE_19.1MIN,UNCHANGED,0,0.0,0,LUNCH,10.42,LONG,0.9722222222222222,0.4482758620689655,0.6466512702078522,0.0,1.0,0.0,0.999952353915494,0.9999047078121563,0.0003764028428437,26,0.0,0.3530736793516587,-1.0161662817551964,0.0027502062654699,1,1,0,27375.0,27.0625,,,,True,MICRO_STALE_19.1MIN,,,,,False,False,False,False,False,False,False,False,False,False,False,False
2026-04-27 12:35:18,2026-04-27 12:15:00,2026-04-27 12:15:00,NQ,MEAN_REVERSION_MACRO,ROTATION_ILLIQUID,TrendUp,LUNCH_AUCTION,TRANSITION,TRANSITION,NONE,50,100,MACRO_STALE_20.2MIN,UNCHANGED,0,0.0,0,LUNCH,10.42,LONG,0.9722222222222222,0.4482758620689655,0.6466512702078522,0.0,1.0,0.0,0.999952353915494,0.9999047078121563,0.0003764028428437,26,0.0,0.3530736793516587,-1.0161662817551964,0.0027502062654699,1,1,0,27375.0,27.0625,,,,True,MACRO_STALE_20.2MIN,,,,,False,False,False,False,False,False,False,False,False,False,False,False
2026-04-27 12:43:50,2024-05-13 13:35:00,2024-05-13 13:35:00,NQ,BRACKET_MACRO,ROTATION_ILLIQUID,TrendDown,POST_LUNCH_ROTATION,TRANSITION,TRANSITION,NONE,50,100,MACRO_STALE_1028108.8MIN,UNCHANGED,0,0.0,0,PM,42.62,SHORT,0.6875,0.6345177664974619,-2.5551684088269457,0.0,1.0,50.0,0.9999546205327936,0.9999092410928144,0.000360091865403,2,0.0,-2.075908517197754,-0.1161440185830429,0.0015356265356265,0,1,0,18292.0,10.7625,,,,True,MACRO_STALE_1028108.8MIN,,,,,False,False,False,False,False,False,False,False,False,False,False,False
2026-04-27 12:43:53,2026-04-27 12:35:00,2026-04-27 12:25:00,NQ,MEAN_REVERSION_MACRO,ROTATION_ILLIQUID,TrendUp,LUNCH_AUCTION,TRANSITION,TRANSITION,NONE,55,65,HIGH_CONFLICT_STAGE_A_B_OR_PRICE_ACTION,UNCHANGED,0,0.0,0,LUNCH,40.93,LONG,0.8024691358024691,0.8823529411764706,0.6874669487043892,20.0,3.0,0.0,0.9998007740934878,0.9996015481805935,0.00136826945915,28,0.0,1.0681288701867562,-0.4759386567953464,0.0010733964649476,1,1,0,27391.25,23.6375,,,,False,FRESH,,,,,False,False,False,False,False,False,False,False,False,False,False,False
2026-04-27 12:43:57,2026-04-27 12:35:00,2026-04-27 12:35:00,NQ,MEAN_REVERSION_MACRO,ROTATION_ILLIQUID,TrendUp,LUNCH_AUCTION,TRANSITION,TRANSITION,NONE,55,65,HIGH_CONFLICT_STAGE_A_B_OR_PRICE_ACTION,UNCHANGED,0,0.0,0,LUNCH,40.93,LONG,0.8024691358024691,0.8823529411764706,0.6874669487043892,20.0,3.0,0.0,0.9999858142533696,0.9999716284903568,0.0001244650325727,30,0.0,1.0681288701867562,-0.4759386567953464,0.0010733964649476,1,1,0,27391.25,23.6375,,,,False,FRESH,,,,,False,False,False,False,False,False,False,False,False,False,False,False
2026-04-27 12:47:46,2026-04-27 12:45:00,2026-04-27 12:40:00,NQ,MEAN_REVERSION_MACRO,ROTATION_ILLIQUID,TrendUp,LUNCH_AUCTION,TRANSITION,TRANSITION,NONE,55,65,HIGH_CONFLICT_STAGE_A_B_OR_PRICE_ACTION,UNCHANGED,0,0.0,0,LUNCH,46.0,LONG,1.0,0.9069767441860463,1.083916083916084,30.0,4.0,0.0,0.9998722685361006,0.9997445370768212,0.0009182104599105,31,0.0,1.3856999179891285,-0.2913752913752914,0.0020598170882425,1,1,0,27396.25,21.45,,,,False,FRESH,,,,,False,False,False,False,False,False,False,False,False,False,False,False
2026-04-27 12:47:50,2026-04-27 12:45:00,2026-04-27 12:45:00,NQ,MEAN_REVERSION_MACRO,ROTATION_ILLIQUID,TrendUp,LUNCH_AUCTION,TRANSITION,TRANSITION,NONE,55,65,HIGH_CONFLICT_STAGE_A_B_OR_PRICE_ACTION,UNCHANGED,0,0.0,0,LUNCH,46.0,LONG,1.0,0.9069767441860463,1.083916083916084,30.0,4.0,0.0,0.9996980515469716,0.9993961030962346,0.0019831804140229,32,0.0,1.3856999179891285,-0.2913752913752914,0.0020598170882425,1,1,0,27396.25,21.45,,,,False,FRESH,,,,,False,False,False,False,False,False,False,False,False,False,False,False
2026-04-27 12:55:42,2026-04-27 12:55:00,2026-04-27 12:50:00,NQ,MEAN_REVERSION_MACRO,ROTATION_ILLIQUID,TrendUp,LUNCH_AUCTION,TRANSITION,TRANSITION,NONE,55,65,HIGH_CONFLICT_STAGE_A_B_OR_PRICE_ACTION,UNCHANGED,0,0.034,0,LUNCH,30.48,LONG,0.081081081081081,0.576271186440678,0.037243947858473,40.0,5.0,0.0,0.9998173757207802,0.9996347514400856,0.0012657138350783,33,0.0,1.23888835782577,-0.521415270018622,0.0033810980518435,1,1,0,27392.0,20.1375,,,,False,FRESH,,,,,False,False,False,False,False,False,False,False,False,False,False,False
2026-04-27 12:55:48,2026-04-27 12:55:00,2026-04-27 12:55:00,NQ,MEAN_REVERSION_MACRO,ROTATION_ILLIQUID,TrendUp,LUNCH_AUCTION,TRANSITION,TRANSITION,NONE,55,65,HIGH_CONFLICT_STAGE_A_B_OR_PRICE_ACTION,UNCHANGED,0,0.034,0,LUNCH,30.48,LONG,0.081081081081081,0.576271186440678,0.037243947858473,40.0,5.0,0.0,0.9998358112478948,0.999671622498168,0.0011505472225935,34,0.0,1.23888835782577,-0.521415270018622,0.0033810980518435,1,1,0,27392.0,20.1375,,,,False,FRESH,,,,,False,False,False,False,False,False,False,False,False,False,False,False
2026-04-27 12:57:44,2026-03-09 12:25:00,2026-03-09 12:25:00,NQ,BRACKET_MACRO,ROTATION_ILLIQUID,TrendUp,LUNCH_AUCTION,TRANSITION,TRANSITION,NONE,50,100,MACRO_STALE_70592.7MIN,UNCHANGED,0,0.0,0,LUNCH,64.0,LONG,1.0,1.0,1.103665746945211,20.0,3.0,0.0,0.9999206115617496,0.999841223121098,0.00059792790375,10,0.0,1.4553901021171076,1.5530153724871896,0.0167988402831073,0,1,0,24453.75,31.7125,,,,True,MACRO_STALE_70592.7MIN,,,,,False,False,False,False,False,False,False,False,False,False,False,False
2026-04-27 12:57:45,2026-04-27 12:55:00,2026-04-27 12:55:00,NQ,MEAN_REVERSION_MACRO,ROTATION_ILLIQUID,TrendUp,LUNCH_AUCTION,TRANSITION,TRANSITION,NONE,55,65,HIGH_CONFLICT_STAGE_A_B_OR_PRICE_ACTION,UNCHANGED,0,0.0,0,LUNCH,30.2,LONG,0.081081081081081,0.576271186440678,0.0365408038976857,40.0,5.0,0.0,0.999683404235148,0.9993668084676742,0.0020685634591508,34,0.0,1.215498869949644,-0.5115712545676006,0.0033810980518435,1,1,0,27392.0,20.525,,,,False,FRESH,,,,,False,False,False,False,False,False,False,False,False,False,False,False
2026-04-27 13:02:38,2026-03-09 12:25:00,2026-03-09 12:25:00,NQ,BRACKET_MACRO,ROTATION_ILLIQUID,TrendUp,LUNCH_AUCTION,TRANSITION,TRANSITION,NONE,50,100,MACRO_STALE_70597.6MIN,UNCHANGED,0,0.0,0,LUNCH,64.0,LONG,1.0,1.0,1.103665746945211,20.0,3.0,0.0,0.9999206115617496,0.999841223121098,0.00059792790375,10,0.0,1.4553901021171076,1.5530153724871896,0.0167988402831073,0,1,0,24453.75,31.7125,,,,True,MACRO_STALE_70597.6MIN,,,,,False,False,False,False,False,False,False,False,False,False,False,False
2026-04-27 13:02:39,2026-04-27 12:55:00,2026-04-27 12:55:00,NQ,MEAN_REVERSION_MACRO,ROTATION_ILLIQUID,TrendUp,LUNCH_AUCTION,TRANSITION,TRANSITION,NONE,55,65,HIGH_CONFLICT_STAGE_A_B_OR_PRICE_ACTION,UNCHANGED,0,0.0,0,LUNCH,30.06,LONG,0.081081081081081,0.576271186440678,0.036210018105009,40.0,5.0,0.0,0.9997824154914956,0.9995648309795676,0.0014805184066926,34,0.0,1.2044955609277703,-0.5069402534701267,0.0033810980518435,1,1,0,27392.0,20.7125,,,,False,FRESH,,,,,False,False,False,False,False,False,False,False,False,False,False,False
2026-04-27 13:05:40,2026-04-27 13:05:00,2026-04-27 13:00:00,NQ,MEAN_REVERSION_MACRO,ROTATION_ILLIQUID,TrendUp,POST_LUNCH_ROTATION,TRANSITION,TRANSITION,NONE,55,65,HIGH_CONFLICT_STAGE_A_B_OR_PRICE_ACTION,UNCHANGED,0,0.0,0,LUNCH,38.39,LONG,0.1707317073170731,0.746268656716418,0.0944669365721997,50.0,6.0,0.0,0.9997376201041118,0.999475240211763,0.0017498850988361,35,0.0,1.6413771568162194,-0.242914979757085,0.0014133165829145,1,1,0,27398.0,18.525,,,,False,FRESH,,,,,False,False,False,False,False,False,False,False,False,False,False,False
2026-04-27 13:05:45,2026-04-27 13:05:00,2026-04-27 13:05:00,NQ,MEAN_REVERSION_MACRO,ROTATION_ILLIQUID,TrendUp,POST_LUNCH_ROTATION,TRANSITION,TRANSITION,NONE,55,65,HIGH_CONFLICT_STAGE_A_B_OR_PRICE_ACTION,UNCHANGED,0,0.0,0,LUNCH,38.39,LONG,0.1707317073170731,0.746268656716418,0.0944669365721997,50.0,6.0,0.0,0.9998615182919288,0.9997230365838063,0.0009874169610188,36,0.0,1.6413771568162194,-0.242914979757085,0.0014133165829145,1,1,0,27398.0,18.525,,,,False,FRESH,,,,,False,False,False,False,False,False,False,False,False,False,False,False
2026-04-27 13:15:39,2026-04-27 13:15:00,2026-04-27 13:10:00,NQ,MEAN_REVERSION_MACRO,ROTATION_ILLIQUID,TrendUp,POST_LUNCH_ROTATION,TRANSITION,TRANSITION,NONE,55,55,HIGH_CONFLICT_STAGE_A_B_OR_PRICE_ACTION,UNCHANGED,0,1.119,0,LUNCH,46.0,LONG,1.0,0.7213114754098361,1.1988716502115655,60.0,7.0,0.0,0.999756285377818,0.999512570754217,0.0016383762821969,37,0.0,2.5412334360101254,0.6064880112834978,0.0032957768069287,1,1,0,27413.25,17.725,,,,False,FRESH,,,,,False,False,False,False,False,False,False,False,False,False,False,False
2026-04-27 13:15:44,2026-04-27 13:15:00,2026-04-27 13:15:00,NQ,MEAN_REVERSION_MACRO,ROTATION_ILLIQUID,TrendUp,POST_LUNCH_ROTATION,TRANSITION,TRANSITION,NONE,55,55,HIGH_CONFLICT_STAGE_A_B_OR_PRICE_ACTION,UNCHANGED,0,1.119,0,LUNCH,46.0,LONG,1.0,0.7213114754098361,1.1988716502115655,60.0,7.0,0.0,0.999738363504876,0.9994767270082908,0.0017454627368352,38,0.0,2.5412334360101254,0.6064880112834978,0.0032957768069287,1,1,0,27413.25,17.725,,,,False,FRESH,,,,,False,False,False,False,False,False,False,False,False,False,False,False
2026-04-27 13:25:41,2026-04-27 13:25:00,2026-04-27 13:20:00,NQ,MEAN_REVERSION_MACRO,ROTATION_ILLIQUID,TrendDown,POST_LUNCH_ROTATION,TRANSITION,TRANSITION,NONE,55,65,HIGH_CONFLICT_STAGE_A_B_OR_PRICE_ACTION,UNCHANGED,0,0.176,1,LUNCH,6.68,LONG,0.1192660550458715,0.1333333333333333,0.1690507152145643,70.0,8.0,0.0,0.9986666248175634,0.9973332496315416,0.0073285195534286,2,0.0,1.6563984115076824,-0.0650195058517555,0.0003696857670979,1,1,0,27401.25,19.225,,,,False,FRESH,,,,,False,False,False,False,False,False,False,False,False,False,False,False
2026-04-27 13:25:45,2026-04-27 13:25:00,2026-04-27 13:25:00,NQ,MEAN_REVERSION_MACRO,ROTATION_ILLIQUID,TrendUp,POST_LUNCH_ROTATION,TRANSITION,TRANSITION,NONE,55,65,HIGH_CONFLICT_STAGE_A_B_OR_PRICE_ACTION,UNCHANGED,0,0.176,2,LUNCH,6.68,LONG,0.1192660550458715,0.1333333333333333,0.1690507152145643,70.0,8.0,0.0,0.9680951538114207,0.936190307620867,0.1019282056754792,1,0.0,1.6563984115076824,-0.0650195058517555,0.0003696857670979,1,1,0,27401.25,19.225,,,,False,FRESH,,,,,False,False,False,False,False,False,False,False,False,False,False,False
2026-04-27 13:35:42,2026-04-27 13:35:00,2026-04-27 13:30:00,NQ,MEAN_REVERSION_MACRO,ROTATION_ILLIQUID,TrendUp,POST_LUNCH_ROTATION,TREND_COMPRESSION,TREND_COMPRESSION,LONG,66,40,MICRO_TREND_INSIDE_MACRO_STRUCTURE,LOCKED_IMMEDIATE,0,1.305,2,PM,45.97,LONG,0.5076923076923077,0.6571428571428571,1.2406015037593985,80.0,9.0,51.29,0.6623007650819666,0.3246015301612416,0.4612999979257994,2,0.0219780219780219,3.3660164577977274,1.7794486215538847,0.0102320219051736,1,1,0,27438.0,19.95,,,,False,FRESH,,,,,False,False,True,False,False,False,True,False,True,False,False,False
2026-04-27 13:35:46,2026-04-27 13:35:00,2026-04-27 13:35:00,NQ,MEAN_REVERSION_MACRO,ROTATION_ILLIQUID,TrendUp,POST_LUNCH_ROTATION,TREND_COMPRESSION,TREND_COMPRESSION,LONG,66,40,MICRO_TREND_INSIDE_MACRO_STRUCTURE,UNCHANGED,0,1.305,2,PM,45.97,LONG,0.5076923076923077,0.6571428571428571,1.2406015037593985,80.0,9.0,51.29,0.9797457716995716,0.9594915434018016,0.0714327959006342,3,0.0219780219780219,3.3660164577977274,1.7794486215538847,0.0102320219051736,1,1,0,27438.0,19.95,,,,False,FRESH,,,,,False,False,True,False,False,False,True,False,True,False,False,False
2026-04-27 13:45:42,2026-04-27 13:45:00,2026-04-27 13:40:00,NQ,MEAN_REVERSION_MACRO,ROTATION_ILLIQUID,TrendUp,POST_LUNCH_ROTATION,TREND_COMPRESSION,TREND_COMPRESSION,LONG,66,40,MICRO_TREND_INSIDE_MACRO_STRUCTURE,UNCHANGED,0,1.496,1,PM,45.27,LONG,0.6424581005586593,0.4444444444444444,1.5561569688768606,90.0,10.0,50.0,0.9993844771257676,0.998768954254277,0.0037264218943477,4,0.0,3.146501470869194,1.4884979702300405,0.0077683615819209,1,1,0,27430.0,18.475,,,,False,FRESH,,,,,False,False,True,False,False,False,True,False,True,False,False,False
2026-04-27 13:45:47,2026-04-27 13:45:00,2026-04-27 13:45:00,NQ,MEAN_REVERSION_MACRO,ROTATION_ILLIQUID,TrendUp,POST_LUNCH_ROTATION,TREND_COMPRESSION,TREND_COMPRESSION,LONG,66,40,MICRO_TREND_INSIDE_MACRO_STRUCTURE,UNCHANGED,0,1.496,0,PM,45.27,LONG,0.6424581005586593,0.4444444444444444,1.5561569688768606,90.0,10.0,50.0,0.9972124285913212,0.9944248571849964,0.0138367488709274,5,0.0,3.146501470869194,1.4884979702300405,0.0077683615819209,1,1,0,27430.0,18.475,,,,False,FRESH,,,,,False,False,True,False,False,False,True,False,True,False,False,False
2026-04-27 13:47:43,2026-02-24 14:45:00,2026-02-24 14:45:00,NQ,BRACKET_MACRO,TREND_COMPRESSION,TrendDown,AFTERNOON_TREND_TEST,TRANSITION,TRANSITION,NONE,50,100,MACRO_STALE_89222.7MIN,UNCHANGED,0,0.0,0,PM,38.84,LONG,0.3123209169054441,0.1604729729729729,2.310137760508654,0.0,1.0,87.36,1.0,1.0,2.122327973220812e-55,4,0.6350877192982456,2.7254662864628054,2.338396326386436,0.0279089376053962,0,1,-1,24910.75,35.3875,,,,True,MACRO_STALE_89222.7MIN,,,,,False,False,False,False,False,False,False,False,False,False,False,False
2026-04-27 13:47:45,2026-04-27 13:45:00,2026-04-27 13:45:00,NQ,MEAN_REVERSION_MACRO,ROTATION_ILLIQUID,TrendUp,POST_LUNCH_ROTATION,TREND_COMPRESSION,TREND_COMPRESSION,LONG,66,30,MICRO_TREND_INSIDE_MACRO_STRUCTURE,LOCKED_IMMEDIATE,0,0.0,0,PM,45.27,LONG,0.6424581005586593,0.4444444444444444,1.544660846205507,90.0,10.0,50.0,0.9984491802046396,0.9968983604059516,0.0083545213693305,5,0.0,3.123256664838596,1.4775016789791806,0.0077683615819209,1,1,0,27430.0,18.6125,,,,False,FRESH,,,,,False,False,True,False,False,False,True,False,True,False,False,False
2026-04-27 13:55:43,2026-04-27 13:55:00,2026-04-27 13:50:00,NQ,MEAN_REVERSION_MACRO,ROTATION_ILLIQUID,TrendUp,POST_LUNCH_ROTATION,TREND_COMPRESSION,TREND_COMPRESSION,LONG,66,30,MICRO_TREND_INSIDE_MACRO_STRUCTURE,UNCHANGED,0,0.0,0,PM,51.78,NONE,1.0,0.1713147410358565,-0.7655502392344496,100.0,11.0,50.0,0.9995680148023464,0.9991360296013144,0.002725635219586,6,0.0,2.8011980838264,1.1756664388243334,0.0059622850804215,1,1,0,27424.0,18.2875,,,,False,FRESH,,,,,False,False,True,False,False,False,True,False,True,False,False,False
2026-04-27 13:55:47,2026-04-27 13:55:00,2026-04-27 13:55:00,NQ,MEAN_REVERSION_MACRO,ROTATION_ILLIQUID,TrendUp,POST_LUNCH_ROTATION,TREND_COMPRESSION,TREND_COMPRESSION,LONG,66,30,MICRO_TREND_INSIDE_MACRO_STRUCTURE,UNCHANGED,0,0.0,0,PM,51.78,NONE,1.0,0.1713147410358565,-0.7655502392344496,100.0,11.0,50.0,0.9985925247327744,0.9971850494657784,0.0076808416549138,7,0.0,2.8011980838264,1.1756664388243334,0.0059622850804215,1,1,0,27424.0,18.2875,,,,False,FRESH,,,,,False,False,True,False,False,False,True,False,True,False,False,False
2026-04-27 14:05:45,2026-04-27 14:05:00,2026-04-27 14:00:00,NQ,MEAN_REVERSION_MACRO,ROTATION_ILLIQUID,TrendUp,AFTERNOON_TREND_TEST,TREND_COMPRESSION,TREND_COMPRESSION,LONG,66,30,MICRO_TREND_INSIDE_MACRO_STRUCTURE,UNCHANGED,0,-0.437,0,PM,56.0,NONE,1.0,0.3933649289099526,-0.4453723034098817,110.0,12.0,50.0,0.999194174723233,0.99838834944674,0.0047218778230876,8,0.0,2.704073004448066,1.0855949895615866,0.0053133514986376,1,1,0,27422.0,17.9625,,,,False,FRESH,,,,,True,False,True,False,False,False,True,False,True,False,True,False
2026-04-27 14:05:50,2026-04-27 14:05:00,2026-04-27 14:05:00,NQ,MEAN_REVERSION_MACRO,ROTATION_ILLIQUID,TrendUp,AFTERNOON_TREND_TEST,TREND_COMPRESSION,TREND_COMPRESSION,LONG,66,30,MICRO_TREND_INSIDE_MACRO_STRUCTURE,UNCHANGED,0,-0.437,0,PM,56.0,NONE,1.0,0.3933649289099526,-0.4453723034098817,110.0,12.0,50.0,0.99901947577769,0.9980389515573146,0.0056067093771584,9,0.0,2.704073004448066,1.0855949895615866,0.0053133514986376,1,1,0,27422.0,17.9625,,,,False,FRESH,,,,,True,False,True,False,False,False,True,False,True,False,True,False
2026-04-27 14:15:45,2026-04-27 14:15:00,2026-04-27 14:10:00,NQ,MEAN_REVERSION_MACRO,ROTATION_ILLIQUID,TrendUp,AFTERNOON_TREND_TEST,TREND_COMPRESSION,TREND_COMPRESSION,LONG,66,30,MICRO_TREND_INSIDE_MACRO_STRUCTURE,UNCHANGED,0,0.322,0,PM,34.25,LONG,0.5897435897435898,0.3473684210526316,0.3314121037463977,120.0,13.0,50.0,0.9994499261509394,0.9988998523032232,0.0033748090116624,10,0.0,3.208824788093453,1.5706051873198843,0.0072992700729927,1,1,0,27429.75,17.35,,,,False,FRESH,,,,,True,False,True,False,False,False,True,False,True,False,True,False
2026-04-27 14:15:50,2026-04-27 14:15:00,2026-04-27 14:15:00,NQ,MEAN_REVERSION_MACRO,ROTATION_ILLIQUID,TrendUp,AFTERNOON_TREND_TEST,TREND_COMPRESSION,TREND_COMPRESSION,LONG,66,30,MICRO_TREND_INSIDE_MACRO_STRUCTURE,UNCHANGED,0,0.322,0,PM,34.25,LONG,0.5897435897435898,0.3473684210526316,0.3314121037463977,120.0,13.0,50.0,0.9989062225975432,0.9978124451945962,0.00616801360613,11,0.0,3.208824788093453,1.5706051873198843,0.0072992700729927,1,1,0,27429.75,17.35,,,,False,FRESH,,,,,True,False,True,False,False,False,True,False,True,False,True,False
2026-04-27 14:25:40,2026-04-27 14:25:00,2026-04-27 14:20:00,NQ,MEAN_REVERSION_MACRO,ROTATION_ILLIQUID,TrendUp,AFTERNOON_TREND_TEST,TREND_COMPRESSION,TREND_COMPRESSION,LONG,66,30,MICRO_TREND_INSIDE_MACRO_STRUCTURE,UNCHANGED,0,0.602,0,PM,49.13,LONG,1.0,0.1351351351351351,0.6185567010309277,130.0,14.0,50.0,0.9993025411754156,0.9986050823527568,0.0041595733309551,12,0.0,3.4039075808657966,1.7673048600883652,0.0079181788188716,1,1,0,27432.5,16.975,,,,False,FRESH,,,,,True,False,True,False,False,False,True,False,True,False,True,False
2026-04-27 14:25:45,2026-04-27 14:25:00,2026-04-27 14:25:00,NQ,MEAN_REVERSION_MACRO,ROTATION_ILLIQUID,TrendUp,AFTERNOON_TREND_TEST,TREND_COMPRESSION,TREND_COMPRESSION,LONG,66,30,MICRO_TREND_INSIDE_MACRO_STRUCTURE,UNCHANGED,0,0.602,0,PM,49.13,LONG,1.0,0.1351351351351351,0.6185567010309277,130.0,14.0,50.0,0.9988667217949146,0.9977334435918916,0.0063617475528223,13,0.0,3.4039075808657966,1.7673048600883652,0.0079181788188716,1,1,0,27432.5,16.975,,,,False,FRESH,,,,,True,False,True,False,False,False,True,False,True,False,True,False
2026-04-27 14:35:42,2026-04-27 14:35:00,2026-04-27 14:30:00,NQ,MEAN_REVERSION_MACRO,ROTATION_ILLIQUID,TrendUp,AFTERNOON_TREND_TEST,TREND_COMPRESSION,TREND_COMPRESSION,LONG,66,30,MICRO_TREND_INSIDE_MACRO_STRUCTURE,UNCHANGED,0,-0.324,0,PM,28.95,NONE,0.5,0.0120481927710843,-0.3303303303303304,140.0,15.0,50.0,0.9992629714945276,0.9985259429906296,0.0043662140592995,14,0.0,2.93793555903308,1.3063063063063065,0.0056434872859366,1,1,0,27424.25,16.65,,,,False,FRESH,,,,,True,False,True,False,False,False,True,False,True,False,True,False
2026-04-27 14:35:46,2026-04-27 14:35:00,2026-04-27 14:35:00,NQ,MEAN_REVERSION_MACRO,ROTATION_ILLIQUID,TrendUp,AFTERNOON_TREND_TEST,TREND_COMPRESSION,TREND_COMPRESSION,LONG,66,30,MICRO_TREND_INSIDE_MACRO_STRUCTURE,UNCHANGED,0,-0.324,0,PM,28.95,NONE,0.5,0.0120481927710843,-0.3303303303303304,140.0,15.0,50.0,0.9988506220313312,0.9977012440614108,0.0064404225642756,15,0.0,2.93793555903308,1.3063063063063065,0.0056434872859366,1,1,0,27424.25,16.65,,,,False,FRESH,,,,,True,False,True,False,False,False,True,False,True,False,True,False
2026-04-27 14:45:42,2026-04-27 14:45:00,2026-04-27 14:40:00,NQ,MEAN_REVERSION_MACRO,ROTATION_ILLIQUID,TrendUp,AFTERNOON_TREND_TEST,TREND_COMPRESSION,TREND_COMPRESSION,LONG,66,40,MICRO_TREND_INSIDE_MACRO_STRUCTURE,UNCHANGED,0,-1.252,0,PM,56.0,NONE,1.0,0.3333333333333333,-1.2593703148425786,150.0,16.0,50.0,0.971912861359286,0.9438257227177362,0.092353160295012,16,0.0,2.134134579609854,0.5397301349325337,0.0022984102662325,1,1,0,27411.5,16.675,,,,False,FRESH,,,,,True,False,True,False,False,False,True,False,True,False,True,False
2026-04-27 14:45:46,2026-04-27 14:45:00,2026-04-27 14:45:00,NQ,MEAN_REVERSION_MACRO,ROTATION_ILLIQUID,TrendUp,AFTERNOON_TREND_TEST,TREND_COMPRESSION,TREND_COMPRESSION,LONG,66,40,MICRO_TREND_INSIDE_MACRO_STRUCTURE,UNCHANGED,0,-1.252,0,PM,56.0,NONE,1.0,0.3333333333333333,-1.2593703148425786,150.0,16.0,50.0,0.9926142053052806,0.9852284106081428,0.0314575223951117,17,0.0,2.134134579609854,0.5397301349325337,0.0022984102662325,1,1,0,27411.5,16.675,,,,False,FRESH,,,,,True,False,True,False,False,False,True,False,True,False,True,False
2026-04-27 14:55:43,2026-04-27 14:55:00,2026-04-27 14:50:00,NQ,MEAN_REVERSION_MACRO,ROTATION_ILLIQUID,TrendUp,AFTERNOON_TREND_TEST,TRANSITION,TRANSITION,NONE,55,60,HIGH_CONFLICT_STAGE_A_B_OR_PRICE_ACTION,LOCKED_IMMEDIATE,0,-1.914,0,PM,54.42,NONE,1.0,0.8698224852071006,-1.996805111821086,160.0,17.0,33.26,0.9801873966537348,0.9603747933089316,0.0701935341405324,18,0.0,1.0643368665278277,-0.6070287539936102,0.0023794614902943,1,1,0,27393.0,15.65,,,,False,FRESH,,,,,False,False,False,False,False,False,False,False,False,False,False,False
2026-04-27 14:55:47,2026-04-27 14:55:00,2026-04-27 14:55:00,NQ,MEAN_REVERSION_MACRO,ROTATION_ILLIQUID,TrendUp,AFTERNOON_TREND_TEST,TRANSITION,TRANSITION,NONE,55,60,HIGH_CONFLICT_STAGE_A_B_OR_PRICE_ACTION,UNCHANGED,0,-1.914,0,PM,54.42,NONE,1.0,0.8698224852071006,-1.996805111821086,160.0,17.0,33.26,0.9940420273414666,0.9880840546807768,0.0263025174000654,19,0.0,1.0643368665278277,-0.6070287539936102,0.0023794614902943,1,1,0,27393.0,15.65,,,,False,FRESH,,,,,False,False,False,False,False,False,False,False,False,False,False,False
2026-04-27 15:05:36,2026-04-27 15:05:00,2026-04-27 15:00:00,NQ,MEAN_REVERSION_MACRO,ROTATION_ILLIQUID,TrendUp,LATE_DAY_CONVICTION,TRANSITION,TRANSITION,NONE,55,60,HIGH_CONFLICT_STAGE_A_B_OR_PRICE_ACTION,UNCHANGED,0,-0.755,0,POWER_HOUR,47.24,NONE,0.4653465346534653,0.7081081081081081,-0.8195292066259808,170.0,18.0,50.0,0.9807512037798494,0.9615024075610124,0.0686008616103442,20,0.0,1.6091464572375922,-0.1918047079337402,0.0006758832565284,1,1,0,27399.75,14.3375,,,,False,FRESH,,,,,False,False,False,False,False,False,False,False,False,False,False,False
2026-04-27 15:05:42,2026-04-27 15:05:00,2026-04-27 15:05:00,NQ,MEAN_REVERSION_MACRO,ROTATION_ILLIQUID,TrendUp,LATE_DAY_CONVICTION,TRANSITION,TRANSITION,NONE,55,60,HIGH_CONFLICT_STAGE_A_B_OR_PRICE_ACTION,UNCHANGED,0,-0.755,0,POWER_HOUR,47.24,NONE,0.4653465346534653,0.7081081081081081,-0.8195292066259808,170.0,18.0,50.0,0.9493432426282088,0.8986864852545823,0.1445901457641831,21,0.0,1.6091464572375922,-0.1918047079337402,0.0006758832565284,1,1,0,27399.75,14.3375,,,,False,FRESH,,,,,False,False,False,False,False,False,False,False,False,False,False,False
2026-04-27 15:15:38,2026-04-27 15:15:00,2026-04-27 15:10:00,NQ,MEAN_REVERSION_MACRO,ROTATION_ILLIQUID,TrendUp,LATE_DAY_CONVICTION,TREND_COMPRESSION,TREND_COMPRESSION,LONG,66,40,MICRO_TREND_INSIDE_MACRO_STRUCTURE,LOCKED_IMMEDIATE,0,1.423,0,POWER_HOUR,56.0,LONG,1.0,0.2019230769230769,1.509090909090909,180.0,19.0,50.0,0.8360359440639068,0.6720718881243689,0.3218545265368344,22,0.0,2.6727510305013062,0.8181818181818182,0.0027188689505165,1,1,0,27413.75,13.75,,,,False,FRESH,,,,,True,False,True,False,False,False,True,False,True,False,True,False
2026-04-27 15:15:44,2026-04-27 15:15:00,2026-04-27 15:15:00,NQ,MEAN_REVERSION_MACRO,ROTATION_ILLIQUID,TrendUp,LATE_DAY_CONVICTION,TREND_COMPRESSION,TREND_COMPRESSION,LONG,66,40,MICRO_TREND_INSIDE_MACRO_STRUCTURE,UNCHANGED,0,1.423,0,POWER_HOUR,56.0,LONG,1.0,0.2019230769230769,1.509090909090909,180.0,19.0,50.0,0.9126607463436052,0.8253214926876387,0.2137628380134531,23,0.0,2.6727510305013062,0.8181818181818182,0.0027188689505165,1,1,0,27413.75,13.75,,,,False,FRESH,,,,,True,False,True,False,False,False,True,False,True,False,True,False
2026-04-27 15:25:39,2026-04-27 15:25:00,2026-04-27 15:20:00,NQ,MEAN_REVERSION_MACRO,ROTATION_ILLIQUID,TrendUp,LATE_DAY_CONVICTION,TREND_COMPRESSION,TREND_COMPRESSION,LONG,66,40,MICRO_TREND_INSIDE_MACRO_STRUCTURE,UNCHANGED,0,1.598,0,POWER_HOUR,56.0,LONG,1.0,0.2210526315789473,1.6270566727605118,190.0,20.0,50.0,0.9961371368160912,0.9922742736348537,0.0182636532101799,24,0.0,3.239555239204265,1.4259597806215722,0.0046409234247634,1,1,0,27422.0,13.675,,,,False,FRESH,,,,,True,False,True,False,False,False,True,False,True,False,True,False
2026-04-27 15:25:44,2026-04-27 15:25:00,2026-04-27 15:25:00,NQ,MEAN_REVERSION_MACRO,ROTATION_ILLIQUID,TrendUp,LATE_DAY_CONVICTION,TREND_COMPRESSION,TREND_COMPRESSION,LONG,66,40,MICRO_TREND_INSIDE_MACRO_STRUCTURE,UNCHANGED,0,1.598,0,POWER_HOUR,56.0,LONG,1.0,0.2210526315789473,1.6270566727605118,190.0,20.0,50.0,0.9874258843962832,0.9748517687946084,0.0487057470921487,25,0.0,3.239555239204265,1.4259597806215722,0.0046409234247634,1,1,0,27422.0,13.675,,,,False,FRESH,,,,,True,False,True,False,False,False,True,False,True,False,True,False
2026-04-27 15:35:41,2026-04-27 15:35:00,2026-04-27 15:30:00,NQ,MEAN_REVERSION_MACRO,ROTATION_ILLIQUID,TrendUp,LATE_DAY_CONVICTION,TREND_COMPRESSION,TREND_COMPRESSION,LONG,66,40,MICRO_TREND_INSIDE_MACRO_STRUCTURE,UNCHANGED,0,1.177,0,POWER_HOUR,56.0,LONG,1.0,1.0,1.198501872659176,200.0,21.0,50.0,0.9980903721685556,0.9961807443359516,0.0100005390127731,26,0.0,3.84624214296374,2.041198501872659,0.0063993424528855,1,1,0,27429.75,13.35,,,,False,FRESH,,,,,True,False,True,False,False,False,True,False,True,False,True,False
2026-04-27 15:35:46,2026-04-27 15:35:00,2026-04-27 15:35:00,NQ,MEAN_REVERSION_MACRO,ROTATION_ILLIQUID,TrendUp,LATE_DAY_CONVICTION,TREND_COMPRESSION,TREND_COMPRESSION,LONG,66,40,MICRO_TREND_INSIDE_MACRO_STRUCTURE,UNCHANGED,0,1.177,0,POWER_HOUR,56.0,LONG,1.0,1.0,1.198501872659176,200.0,21.0,50.0,0.9894164871748852,0.9788329743497484,0.0423185528294847,27,0.0,3.84624214296374,2.041198501872659,0.0063993424528855,1,1,0,27429.75,13.35,,,,False,FRESH,,,,,True,False,True,False,False,False,True,False,True,False,True,False
2026-04-27 15:45:42,2026-04-27 15:45:00,2026-04-27 15:40:00,NQ,MEAN_REVERSION_MACRO,ROTATION_ILLIQUID,TrendUp,LATE_DAY_CONVICTION,TREND_COMPRESSION,TREND_COMPRESSION,LONG,66,30,MICRO_TREND_INSIDE_MACRO_STRUCTURE,UNCHANGED,0,0.548,0,POWER_HOUR,55.5,LONG,0.9375,0.9834710743801652,0.5357142857142857,210.0,22.0,50.0,0.9955084489492247,0.9910168978987538,0.0207465209316354,28,0.0,3.5965324750021472,1.9285714285714288,0.0062219149671621,1,1,0,27429.5,14.0,,,,False,FRESH,,,,,True,False,True,False,False,False,True,False,True,False,True,False
2026-04-27 15:45:47,2026-04-27 15:45:00,2026-04-27 15:45:00,NQ,MEAN_REVERSION_MACRO,ROTATION_ILLIQUID,TrendUp,LATE_DAY_CONVICTION,TREND_COMPRESSION,TREND_COMPRESSION,LONG,66,30,MICRO_TREND_INSIDE_MACRO_STRUCTURE,UNCHANGED,0,0.548,0,POWER_HOUR,55.5,LONG,0.9375,0.9834710743801652,0.5357142857142857,210.0,22.0,50.0,0.9749562990706856,0.94991259813967,0.0844459260034037,29,0.0,3.5965324750021472,1.9285714285714288,0.0062219149671621,1,1,0,27429.5,14.0,,,,False,FRESH,,,,,True,False,True,False,False,False,True,False,True,False,True,False
2026-04-27 15:55:43,2026-04-27 15:55:00,2026-04-27 15:50:00,NQ,MEAN_REVERSION_MACRO,ROTATION_ILLIQUID,TrendUp,LATE_DAY_CONVICTION,TREND_COMPRESSION,TREND_COMPRESSION,LONG,66,30,MICRO_TREND_INSIDE_MACRO_STRUCTURE,UNCHANGED,0,0.633,0,POWER_HOUR,55.73,LONG,0.9473684210526316,0.9803921568627452,0.5882352941176471,220.0,23.0,51.62,0.988185942579181,0.976371885160312,0.0462962837642487,30,0.0274725274725274,3.773592605969444,2.369281045751634,0.0081685538842882,1,1,0,27438.75,15.3,,,,False,FRESH,,,,,True,False,True,False,False,False,True,False,True,False,True,False
2026-04-27 15:55:48,2026-04-27 15:55:00,2026-04-27 15:55:00,NQ,MEAN_REVERSION_MACRO,ROTATION_ILLIQUID,TrendUp,LATE_DAY_CONVICTION,TREND_COMPRESSION,TREND_COMPRESSION,LONG,66,30,MICRO_TREND_INSIDE_MACRO_STRUCTURE,UNCHANGED,0,0.633,0,POWER_HOUR,55.73,LONG,0.9473684210526316,0.9803921568627452,0.5882352941176471,220.0,23.0,51.62,0.9922716737720556,0.9845433475464808,0.0326627433343477,31,0.0274725274725274,3.773592605969444,2.369281045751634,0.0081685538842882,1,1,0,27438.75,15.3,,,,False,FRESH,,,,,True,False,True,False,False,False,True,False,True,False,True,False
2026-04-27 15:57:40,2026-04-01 14:15:00,2026-04-01 14:15:00,NQ,BRACKET_MACRO,TREND_EXPANSION,TrendDown,AFTERNOON_TREND_TEST,TRANSITION,TRANSITION,NONE,50,100,MACRO_STALE_37542.7MIN,UNCHANGED,0,0.0,0,PM,68.68,LONG,1.0,0.0630975143403441,1.19382964453387,10.0,2.0,51.84,0.9665396521061692,0.9330793042129752,0.1057294869611802,10,1.1320754716981132,0.8295005445541194,2.494969818913481,0.0320045884714654,0,1,0,24165.75,55.9125,,,,True,MACRO_STALE_37542.7MIN,,,,,False,False,False,False,False,False,False,False,False,False,False,False
2026-04-27 15:57:41,2026-04-27 15:55:00,2026-04-27 15:55:00,NQ,MEAN_REVERSION_MACRO,ROTATION_ILLIQUID,TrendUp,LATE_DAY_CONVICTION,TREND_COMPRESSION,TREND_COMPRESSION,LONG,66,30,MICRO_TREND_INSIDE_MACRO_STRUCTURE,LOCKED_IMMEDIATE,0,0.0,0,POWER_HOUR,55.73,LONG,0.9473684210526316,0.9803921568627452,0.5863192182410424,220.0,23.0,51.62,0.9975876304246456,0.9951752608457612,0.0122262349816314,31,0.0274725274725274,3.7613007733767096,2.3615635179153096,0.0081685538842882,1,1,0,27438.75,15.35,,,,False,FRESH,,,,,True,False,True,False,False,False,True,False,True,False,True,False
2026-04-27 16:00:47,2026-04-27 16:00:00,2026-04-27 15:55:00,NQ,BRACKET_MACRO,ROTATION_ILLIQUID,TrendUp,CASH_CLOSE,TREND_COMPRESSION,TREND_COMPRESSION,LONG,66,0,MICRO_TREND_INSIDE_MACRO_STRUCTURE,UNCHANGED,0,0.0,0,CLOSE,74.82,LONG,1.0,0.9782608695652174,0.9584664536741214,225.0,24.0,54.09,0.9910817982398986,0.9821635964834315,0.0367665092285294,31,0.0695970695970696,3.944443721423605,2.68370607028754,0.0093682038699604,0,1,0,27444.5,15.65,,,,False,FRESH,,,,,False,False,True,False,False,False,True,False,True,False,False,False
2026-04-27 16:00:52,2026-04-27 16:00:00,2026-04-27 16:00:00,NQ,BRACKET_MACRO,ROTATION_ILLIQUID,TrendUp,CASH_CLOSE,TREND_COMPRESSION,TREND_COMPRESSION,LONG,66,0,MICRO_TREND_INSIDE_MACRO_STRUCTURE,UNCHANGED,0,0.0,0,CLOSE,74.82,LONG,1.0,0.9782608695652174,0.9584664536741214,225.0,24.0,54.09,0.6256088445162238,0.2512179814607382,0.4769952595066902,32,0.0695970695970696,3.944443721423605,2.68370607028754,0.0093682038699604,0,1,0,27444.5,15.65,,,,False,FRESH,,,,,False,False,True,False,False,False,True,False,True,False,False,False
2026-04-28 08:42:34,2026-04-27 16:00:00,2026-04-27 16:00:00,NQ,BRACKET_MACRO,ROTATION_ILLIQUID,TrendDown,CASH_CLOSE,TRANSITION,TRANSITION,NONE,50,100,MACRO_STALE_1002.6MIN,UNCHANGED,0,0.0,0,CLOSE,74.82,LONG,1.0,0.9782608695652174,0.9584664536741214,225.0,24.0,54.09,0.987094013521106,0.9741880270423908,0.0497471625206745,1,0.0695970695970696,3.944443721423605,2.68370607028754,0.0093682038699604,0,1,0,27444.5,15.65,,,,True,MACRO_STALE_1002.6MIN,,,,,False,False,False,False,False,False,False,False,False,False,False,False
2026-04-28 08:59:26,2026-02-24 09:35:00,2026-02-24 09:35:00,NQ,OPENING_AUCTION,ROTATION_ILLIQUID,TrendUp,OPENING_AUCTION,TRANSITION,TRANSITION,NONE,50,100,MACRO_STALE_90684.4MIN,UNCHANGED,0,0.0,0,OPEN,0.0,SHORT,0.0,0.0,0.0,0.0,1.0,0.0,0.9999542122319408,0.9999084244671153,0.0003630360875886,2,0.0,-0.4274900982834343,-1.011764705882353,0.5548387096774193,0,1,0,24806.5,21.25,,,,True,MACRO_STALE_90684.4MIN,,,,,False,False,False,False,False,False,False,False,False,False,False,False
2026-04-28 08:59:27,2026-04-27 16:00:00,2026-04-27 16:00:00,NQ,BRACKET_MACRO,ROTATION_ILLIQUID,TrendDown,CASH_CLOSE,TRANSITION,TRANSITION,NONE,50,100,MACRO_STALE_1019.5MIN,UNCHANGED,0,0.0,0,CLOSE,74.82,LONG,1.0,0.9782608695652174,0.9584664536741214,225.0,24.0,54.09,0.9871032782134092,0.974206556429918,0.0497181751448273,1,0.0695970695970696,3.944443721423605,2.68370607028754,0.0093682038699604,0,1,0,27444.5,15.65,,,,True,MACRO_STALE_1019.5MIN,,,,,False,False,False,False,False,False,False,False,False,False,False,False
2026-04-28 09:24:29,2026-03-09 12:25:00,2026-03-09 12:25:00,NQ,BRACKET_MACRO,ROTATION_ILLIQUID,TrendUp,LUNCH_AUCTION,TRANSITION,TRANSITION,NONE,50,100,MACRO_STALE_71819.5MIN,UNCHANGED,0,0.0,0,LUNCH,64.0,LONG,1.0,1.0,1.103665746945211,20.0,3.0,0.0,0.9999206115617496,0.999841223121098,0.00059792790375,10,0.0,1.4553901021171076,1.5530153724871896,0.0167988402831073,0,1,0,24453.75,31.7125,,,,True,MACRO_STALE_71819.5MIN,,,,,False,False,False,False,False,False,False,False,False,False,False,False
2026-04-28 09:24:30,2026-04-27 16:00:00,2026-04-27 16:00:00,NQ,BRACKET_MACRO,ROTATION_ILLIQUID,TrendDown,CASH_CLOSE,TRANSITION,TRANSITION,NONE,50,100,MACRO_STALE_1044.5MIN,UNCHANGED,0,0.0,0,CLOSE,74.82,LONG,1.0,0.9782608695652174,0.9584664536741214,225.0,24.0,54.09,0.9871032782134092,0.974206556429918,0.0497181751448273,1,0.0695970695970696,3.944443721423605,2.68370607028754,0.0093682038699604,0,1,0,27444.5,15.65,,,,True,MACRO_STALE_1044.5MIN,,,,,False,False,False,False,False,False,False,False,False,False,False,False
2026-04-28 09:29:07,2026-03-09 12:25:00,2026-03-09 12:25:00,NQ,BRACKET_MACRO,ROTATION_ILLIQUID,TrendUp,LUNCH_AUCTION,TRANSITION,TRANSITION,NONE,50,100,MACRO_STALE_71824.1MIN,UNCHANGED,0,0.0,0,LUNCH,64.0,LONG,1.0,1.0,1.103665746945211,20.0,3.0,0.0,0.9999206115617496,0.999841223121098,0.00059792790375,10,0.0,1.4553901021171076,1.5530153724871896,0.0167988402831073,0,1,0,24453.75,31.7125,,,,True,MACRO_STALE_71824.1MIN,,,,,False,False,False,False,False,False,False,False,False,False,False,False
2026-04-28 09:29:09,2026-04-27 16:00:00,2026-04-27 16:00:00,NQ,BRACKET_MACRO,ROTATION_ILLIQUID,TrendDown,CASH_CLOSE,TRANSITION,TRANSITION,NONE,50,100,MACRO_STALE_1049.1MIN,UNCHANGED,0,0.0,0,CLOSE,74.82,LONG,1.0,0.9782608695652174,0.9584664536741214,225.0,24.0,54.09,0.9871032782134092,0.974206556429824,0.0497181751450541,1,0.0695970695970696,3.944443721423605,2.68370607028754,0.0093682038699604,0,1,0,27444.5,15.65,,,,True,MACRO_STALE_1049.1MIN,,,,,False,False,False,False,False,False,False,False,False,False,False,False
2026-04-28 09:30:43,2026-04-28 09:25:00,2026-04-28 09:25:00,NQ,UNRESOLVED,TRANSITION,Balance,PREMARKET_CONTEXT,TRANSITION,TRANSITION,NONE,55,0,OPENING_OR_UNRESOLVED_UNRESOLVED,UNCHANGED,0,0.0,0,PREMARKET,0.0,NONE,0.0,0.0,0.0,0.0,0.0,0.0,0.9999999546125774,0.9999999135131644,5.96589439725833e-07,7,0.0,0.0,0.0,0.0,0,0,0,27140.25,0.0,,,,False,FRESH,,,,,False,False,False,False,False,False,False,False,False,False,False,False
2026-04-28 09:37:04,2026-04-28 09:35:00,2026-04-28 09:35:00,NQ,OPENING_AUCTION,ROTATION_ILLIQUID,TrendUp,OPENING_AUCTION,TRANSITION,TRANSITION,NONE,55,20,OPENING_OR_UNRESOLVED_OPENING_AUCTION,UNCHANGED,0,0.0,1,OPEN,0.0,NONE,0.0,0.0,0.0,0.0,0.0,0.0,0.9015632867663262,0.8031265735300794,0.2320102064099908,1,0.0,0.2302387394660156,-0.0030721966205837,0.0008888888888888,0,1,0,27139.5,81.375,,,,False,FRESH,,,,,False,False,False,False,False,False,False,False,False,False,False,False
2026-04-28 09:41:54,2026-04-28 09:40:00,2026-04-28 09:40:00,NQ,BALANCE_STRUCTURE,ROTATION_ILLIQUID,TrendUp,EARLY_TEST,ROTATION_ILLIQUID,TRANSITION,NONE,62,30,COMPRESSED_BALANCE_LOW_EDGE,PENDING_ROTATION_ILLIQUID_1_OF_2,1,0.534,1,OPEN,30.84,LONG,0.9464285714285714,0.0,0.3984962406015037,0.0,1.0,0.0,0.513534669945506,0.0270693398929899,0.4997356843197552,1,0.0,0.4520285405322324,0.4060150375939849,0.0678391959798995,0,1,0,27166.75,66.5,,,,False,FRESH,,,,,False,False,False,False,False,False,False,False,False,False,False,False
2026-04-28 09:46:42,2026-04-28 09:45:00,2026-04-28 09:45:00,NQ,BALANCE_STRUCTURE,ROTATION_ILLIQUID,TrendDown,FIRST_ACCEPTANCE,TRANSITION,TRANSITION,NONE,50,30,NO_CLEAR_STAGE_C_ALIGNMENT,UNCHANGED,0,1.006,2,EARLY_AM,52.79,LONG,1.0,0.0,1.0297723292469352,5.0,2.0,0.0,0.999998122193518,0.9999962443848276,1.9214875036961512e-05,4,0.0,0.7964371203632671,1.0262697022767076,0.1377527033380348,0,1,0,27213.0,71.375,,,,False,FRESH,,,,,False,False,False,False,False,False,False,False,False,False,False,False
2026-04-28 09:51:29,2026-04-28 09:50:00,2026-04-28 09:45:00,NQ,BALANCE_STRUCTURE,ROTATION_ILLIQUID,TrendDown,EARLY_CONTINUATION,TRANSITION,TRANSITION,NONE,50,30,NO_CLEAR_STAGE_C_ALIGNMENT,UNCHANGED,0,0.894,2,EARLY_AM,59.3,LONG,1.0,0.9831460674157304,0.912490650710546,10.0,3.0,0.0,0.99999999965803,0.9999999993175293,5.601329913245532e-09,4,0.0,0.8827944695158615,1.3163799551234108,0.1348659003831417,0,1,0,27227.75,66.85,,,,False,FRESH,,,,,False,False,False,False,False,False,False,False,False,False,False,False
2026-04-28 09:51:38,2026-04-28 09:50:00,2026-04-28 09:50:00,NQ,BALANCE_STRUCTURE,ROTATION_ILLIQUID,TrendDown,EARLY_CONTINUATION,TRANSITION,TRANSITION,NONE,50,30,NO_CLEAR_STAGE_C_ALIGNMENT,UNCHANGED,0,0.894,2,EARLY_AM,59.3,LONG,1.0,0.9831460674157304,0.912490650710546,10.0,3.0,0.0,0.999103840307774,0.998207680618619,0.0051824937033524,5,0.0,0.8827944695158615,1.3163799551234108,0.1348659003831417,0,1,0,27227.75,66.85,,,,False,FRESH,,,,,False,False,False,False,False,False,False,False,False,False,False,False
2026-04-28 09:56:19,2026-04-28 09:55:00,2026-04-28 09:50:00,NQ,BALANCE_STRUCTURE,ROTATION_ILLIQUID,TrendDown,EARLY_CONTINUATION,ROTATION_ILLIQUID,TRANSITION,NONE,62,20,COMPRESSED_BALANCE_LOW_EDGE,PENDING_ROTATION_ILLIQUID_1_OF_2,1,-0.387,2,EARLY_AM,20.0,NONE,0.4684684684684684,0.3682170542635659,-0.4091803278688525,0.0,0.0,0.0,1.0,0.999999999998914,2.1584403389363605e-11,5,0.0,0.2133744325727743,0.7436065573770492,0.0635294117647058,0,1,0,27187.0,63.54166666666666,,,,False,FRESH,,,,,False,False,False,False,False,False,False,False,False,False,False,False
2026-04-28 09:56:29,2026-04-28 09:55:00,2026-04-28 09:55:00,NQ,BALANCE_STRUCTURE,ROTATION_ILLIQUID,TrendDown,EARLY_CONTINUATION,ROTATION_ILLIQUID,ROTATION_ILLIQUID,NONE,62,20,COMPRESSED_BALANCE_LOW_EDGE,LOCKED_AFTER_2_CONFIRMATIONS,0,-0.387,1,EARLY_AM,20.0,NONE,0.4684684684684684,0.3682170542635659,-0.4091803278688525,0.0,0.0,0.0,0.8733676837666534,0.7467353675354693,0.2740647133875578,6,0.0,0.2133744325727743,0.7436065573770492,0.0635294117647058,0,1,0,27187.0,63.54166666666666,,,,False,FRESH,,,,,False,False,False,False,False,False,False,False,False,False,False,False
2026-04-28 10:01:06,2026-04-28 10:00:00,2026-04-28 09:55:00,NQ,BALANCE_STRUCTURE,ROTATION_ILLIQUID,TrendUp,PRE_DECISION,ROTATION_ILLIQUID,ROTATION_ILLIQUID,NONE,62,0,COMPRESSED_BALANCE_LOW_EDGE,UNCHANGED,0,-0.39,2,EARLY_AM,18.73,NONE,0.4488888888888889,0.3049040511727079,-0.39453125,0.0,1.0,0.0,0.5562408269758023,0.112481653950666,0.4954270398331344,1,0.0,0.4466501609819602,0.98046875,0.0718168812589413,0,1,0,27202.5,64.0,,,,False,FRESH,,,,,False,False,False,False,False,False,False,False,False,False,False,False
2026-04-28 10:01:16,2026-04-28 10:00:00,2026-04-28 10:00:00,NQ,BALANCE_STRUCTURE,ROTATION_ILLIQUID,TrendUp,PRE_DECISION,ROTATION_ILLIQUID,ROTATION_ILLIQUID,NONE,62,0,COMPRESSED_BALANCE_LOW_EDGE,UNCHANGED,0,-0.39,2,EARLY_AM,18.73,NONE,0.4488888888888889,0.3049040511727079,-0.39453125,0.0,1.0,0.0,0.7426396992756321,0.4852793985540586,0.4113684240193859,2,0.0,0.4466501609819602,0.98046875,0.0718168812589413,0,1,0,27202.5,64.0,,,,False,FRESH,,,,,False,False,False,False,False,False,False,False,False,False,False,False
2026-04-28 10:05:56,2026-04-28 10:05:00,2026-04-28 10:00:00,NQ,BALANCE_STRUCTURE,ROTATION_ILLIQUID,TrendUp,END_FIRST_WINDOW,ROTATION_ILLIQUID,ROTATION_ILLIQUID,NONE,62,30,COMPRESSED_BALANCE_LOW_EDGE,UNCHANGED,0,-0.024,2,EARLY_AM,9.1,NONE,0.0461538461538461,0.3125,-0.0238213399503722,0.0,0.0,0.0,0.5451132400756411,0.0902264801545832,0.4970598238157001,2,0.0,0.1599143919290595,0.7265508684863523,0.0464467005076142,0,1,0,27185.5,62.96875,,,,False,FRESH,,,,,False,False,False,False,False,False,False,False,False,False,False,False
2026-04-28 10:06:06,2026-04-28 10:05:00,2026-04-28 10:05:00,NQ,BALANCE_STRUCTURE,ROTATION_ILLIQUID,TrendUp,END_FIRST_WINDOW,ROTATION_ILLIQUID,ROTATION_ILLIQUID,NONE,62,20,COMPRESSED_BALANCE_LOW_EDGE,UNCHANGED,0,-0.024,1,EARLY_AM,9.1,NONE,0.0461538461538461,0.3125,-0.0238213399503722,0.0,0.0,0.0,0.9993923283907318,0.9987846567846012,0.0036845186794793,3,0.0,0.1599143919290595,0.7265508684863523,0.0464467005076142,0,1,0,27185.5,62.96875,,,,False,FRESH,,,,,False,False,False,False,False,False,False,False,False,False,False,False
2026-04-28 10:10:46,2026-04-27 11:05:00,2026-04-27 11:05:00,NQ,BRACKET_MACRO,ROTATION_ILLIQUID,TrendUp,MID_MORNING_DISCOVERY,TRANSITION,TRANSITION,NONE,50,100,MACRO_STALE_1385.8MIN,UNCHANGED,0,0.0,0,POST_IB_AM,0.0,NONE,0.0,0.0,0.0,0.0,0.0,0.0,0.99993148899788,0.9998629779991718,0.0005232853141934,12,0.0,-0.6331706827849902,-1.353546291283162,0.0083197444174514,0,1,0,27340.0,46.175,,,,True,MACRO_STALE_1385.8MIN,,,,,False,False,False,False,False,False,False,False,False,False,False,False
2026-04-28 10:10:47,2026-04-28 10:10:00,2026-04-28 10:05:00,NQ,BRACKET_MACRO,ROTATION_ILLIQUID,TrendUp,PRE_IB_MATURATION,TREND_COMPRESSION,TREND_COMPRESSION,LONG,66,0,MICRO_TREND_INSIDE_MACRO_STRUCTURE,LOCKED_IMMEDIATE,0,0.0,0,EARLY_AM,15.84,LONG,0.3732718894009216,0.0452488687782805,0.3360995850622407,0.0,1.0,0.0,0.9418093441899364,0.8836186883764076,0.1601101141151762,3,0.0,0.7368291802500245,1.3775933609958506,0.0762867647058823,0,1,0,27222.75,60.25,,,,False,FRESH,,,,,True,False,True,False,False,False,True,False,True,False,True,False
2026-04-28 10:10:56,2026-04-28 10:10:00,2026-04-28 10:10:00,NQ,BRACKET_MACRO,ROTATION_ILLIQUID,TrendUp,PRE_IB_MATURATION,TREND_COMPRESSION,TREND_COMPRESSION,LONG,66,0,MICRO_TREND_INSIDE_MACRO_STRUCTURE,UNCHANGED,0,0.0,0,EARLY_AM,15.84,LONG,0.3732718894009216,0.0452488687782805,0.3360995850622407,0.0,1.0,0.0,0.9978045926300596,0.99560918526226,0.0112760577461305,4,0.0,0.7368291802500245,1.3775933609958506,0.0762867647058823,0,1,0,27222.75,60.25,,,,False,FRESH,,,,,True,False,True,False,False,False,True,False,True,False,True,False
2026-04-28 10:15:34,2026-04-28 10:15:00,2026-04-28 10:10:00,NQ,BRACKET_MACRO,ROTATION_ILLIQUID,TrendUp,PRE_IB_MATURATION,TREND_COMPRESSION,TREND_COMPRESSION,LONG,66,0,MICRO_TREND_INSIDE_MACRO_STRUCTURE,UNCHANGED,0,0.0,0,EARLY_AM,17.38,LONG,0.3545454545454545,0.2057142857142857,0.3412073490813648,5.0,2.0,0.0,0.9958447231116732,0.9916894462217912,0.0194270271547647,4,0.0,0.4370074059243418,1.141732283464567,0.0555555555555555,0,1,0,27205.0,57.15,,,,False,FRESH,,,,,True,False,True,False,False,False,True,False,True,False,True,False
2026-04-28 10:15:44,2026-04-28 10:15:00,2026-04-28 10:15:00,NQ,BRACKET_MACRO,ROTATION_ILLIQUID,TrendUp,PRE_IB_MATURATION,TREND_COMPRESSION,TREND_COMPRESSION,LONG,66,0,MICRO_TREND_INSIDE_MACRO_STRUCTURE,UNCHANGED,0,0.0,0,EARLY_AM,17.38,LONG,0.3545454545454545,0.2057142857142857,0.3412073490813648,5.0,2.0,0.0,0.9995786892782887,0.9991573785537706,0.0026658897042245,5,0.0,0.4370074059243418,1.141732283464567,0.0555555555555555,0,1,0,27205.0,57.15,,,,False,FRESH,,,,,True,False,True,False,False,False,True,False,True,False,True,False
2026-04-28 10:22:02,2026-04-28 10:20:00,2026-04-28 10:20:00,NQ,BRACKET_MACRO,ROTATION_ILLIQUID,TrendUp,PRE_IB_MATURATION,TRANSITION,TRANSITION,NONE,50,30,NO_CLEAR_STAGE_C_ALIGNMENT,LOCKED_IMMEDIATE,0,-0.654,0,EARLY_AM,32.75,NONE,1.0,0.1924119241192411,-0.6677316293929713,0.0,0.0,0.0,0.9986457855434844,0.9972915710872656,0.0074278973039892,6,0.0,0.0623155784681071,0.7907348242811502,0.0353634577603143,0,1,0,27184.75,56.90909090909091,,,,False,FRESH,,,,,False,False,False,False,False,False,False,False,False,False,False,False
2026-04-28 10:26:52,2026-04-28 10:25:00,2026-04-28 10:25:00,NQ,MEAN_REVERSION_MACRO,ROTATION_ILLIQUID,TrendUp,NEAR_IB_CONDITION,TRANSITION,TRANSITION,NONE,55,60,HIGH_CONFLICT_STAGE_A_B_OR_PRICE_ACTION,UNCHANGED,0,-0.683,0,EARLY_AM,17.87,SHORT,1.0,0.2010723860589812,-0.707787201233616,0.0,1.0,0.0,0.981192646548511,0.9623852930948176,0.067345388963154,7,0.0,-0.2680375615270189,0.4996144949884348,0.0199078341013824,1,1,0,27166.75,54.04166666666666,,,,False,FRESH,,,,,False,False,False,False,False,False,False,False,False,False,False,False
2026-04-28 10:31:42,2026-04-28 10:30:00,2026-04-28 10:30:00,NQ,MEAN_REVERSION_MACRO,ROTATION_ILLIQUID,TrendUp,NEAR_IB_CONDITION,ROTATION_ILLIQUID,TRANSITION,NONE,62,50,COMPRESSED_BALANCE_LOW_EDGE,PENDING_ROTATION_ILLIQUID_1_OF_2,1,-0.296,0,EARLY_AM,20.77,SHORT,0.8227848101265823,0.9393939393939394,-0.3024337866857551,0.0,0.0,0.0,0.9979850447670784,0.9959700895345804,0.0104740164502304,8,0.0,-0.2215722082376512,0.535075161059413,0.0196749358426005,1,1,0,27168.5,53.73076923076923,,,,False,FRESH,,,,,False,False,False,False,False,False,False,False,False,False,False,False
2026-04-28 10:36:35,2026-04-28 10:35:00,2026-04-28 10:30:00,NQ,MEAN_REVERSION_MACRO,ROTATION_ILLIQUID,TrendUp,POST_IB_MACRO,TRANSITION,TRANSITION,NONE,52,50,HMM_TRANSITION_OR_RETURN_TO_OPEN,UNCHANGED,0,-0.407,0,POST_IB_AM,25.74,SHORT,0.8627450980392157,0.9450980392156862,-0.4045977011494253,0.0,1.0,0.0,0.937680242654294,0.8753604853076051,0.1682927389883488,8,0.0,-0.6333938720468807,0.0919540229885057,0.0031897926634768,1,1,0,27144.75,54.375,,,,False,FRESH,,,,,False,False,False,False,False,False,False,False,False,False,False,False
2026-04-28 10:36:45,2026-04-28 10:35:00,2026-04-28 10:35:00,NQ,MEAN_REVERSION_MACRO,ROTATION_ILLIQUID,TrendDown,POST_IB_MACRO,TRANSITION,TRANSITION,NONE,52,50,HMM_TRANSITION_OR_RETURN_TO_OPEN,UNCHANGED,0,-0.407,1,POST_IB_AM,25.74,SHORT,0.8627450980392157,0.9450980392156862,-0.4045977011494253,0.0,1.0,0.0,0.7057927836982217,0.4115855673953434,0.4370470746451499,1,0.0,-0.6333938720468807,0.0919540229885057,0.0031897926634768,1,1,0,27144.75,54.375,,,,False,FRESH,,,,,False,False,False,False,False,False,False,False,False,False,False,False
2026-04-28 10:44:43,2026-04-27 11:05:00,2026-04-27 11:05:00,NQ,BRACKET_MACRO,ROTATION_ILLIQUID,TrendUp,MID_MORNING_DISCOVERY,TRANSITION,TRANSITION,NONE,50,100,MACRO_STALE_1419.7MIN,UNCHANGED,0,0.0,0,POST_IB_AM,0.0,NONE,0.0,0.0,0.0,0.0,0.0,0.0,0.99993148899788,0.9998629779991718,0.0005232853141934,12,0.0,-0.6331706827849902,-1.353546291283162,0.0083197444174514,0,1,0,27340.0,46.175,,,,True,MACRO_STALE_1419.7MIN,,,,,False,False,False,False,False,False,False,False,False,False,False,False
2026-04-28 10:44:44,2026-04-28 10:35:00,2026-04-28 10:35:00,NQ,MEAN_REVERSION_MACRO,ROTATION_ILLIQUID,TrendDown,POST_IB_MACRO,TRANSITION,TRANSITION,NONE,52,50,HMM_TRANSITION_OR_RETURN_TO_OPEN,UNCHANGED,0,0.0,0,POST_IB_AM,25.31,SHORT,0.8627450980392157,0.9450980392156862,-0.3810702134240643,0.0,1.0,0.0,1.0,1.0,2.284859637704338e-25,1,0.0,-0.5965618126763846,0.0866068666872873,0.0031897926634768,1,1,0,27144.75,57.73214285714285,,,,False,FRESH,,,,,False,False,False,False,False,False,False,False,False,False,False,False
2026-04-28 10:46:18,2026-04-01 12:15:00,2026-04-01 12:15:00,NQ,BRACKET_MACRO,TREND_EXPANSION,TrendUp,LUNCH_AUCTION,TRANSITION,TRANSITION,NONE,50,100,MACRO_STALE_38791.3MIN,UNCHANGED,0,0.0,0,LUNCH,74.0,NONE,1.0,0.1076923076923077,-1.030195381882771,90.0,10.0,0.0,0.9999236593394772,0.9998473186795171,0.000577128854453,18,1.1547169811320754,1.8764024864142448,6.678507992895204,0.0869967607589079,0,1,0,24167.25,21.1125,,,,True,MACRO_STALE_38791.3MIN,,,,,False,False,False,False,False,False,False,False,False,False,False,False
2026-04-28 10:46:20,2026-04-28 10:45:00,2026-04-28 10:40:00,NQ,MEAN_REVERSION_MACRO,ROTATION_ILLIQUID,TrendDown,POST_IB_MACRO,TRANSITION,TRANSITION,NONE,52,30,HMM_TRANSITION_OR_RETURN_TO_OPEN,UNCHANGED,0,0.0,0,POST_IB_AM,44.05,SHORT,1.0,0.9595375722543352,-1.2047377326565143,10.0,2.0,0.0,1.0,0.999999999999703,5.9187766009016224e-12,2,0.0,-1.1184841765667188,-0.6858432036097011,0.0203480589022757,1,1,0,27101.75,55.40625,,,,False,FRESH,,,,,False,False,False,False,False,False,False,False,False,False,False,False
2026-04-28 10:46:28,2026-04-28 10:45:00,2026-04-28 10:45:00,NQ,MEAN_REVERSION_MACRO,ROTATION_ILLIQUID,TrendDown,POST_IB_MACRO,TRANSITION,TRANSITION,NONE,52,30,HMM_TRANSITION_OR_RETURN_TO_OPEN,UNCHANGED,0,0.0,0,POST_IB_AM,44.05,SHORT,1.0,0.9595375722543352,-1.2047377326565143,10.0,2.0,0.0,0.9738943129677212,0.947788625934863,0.0872346305207595,3,0.0,-1.1184841765667188,-0.6858432036097011,0.0203480589022757,1,1,0,27101.75,55.40625,,,,False,FRESH,,,,,False,False,False,False,False,False,False,False,False,False,False,False
2026-04-28 10:49:34,2026-04-27 11:05:00,2026-04-27 11:05:00,NQ,BRACKET_MACRO,ROTATION_ILLIQUID,TrendUp,MID_MORNING_DISCOVERY,TRANSITION,TRANSITION,NONE,50,100,MACRO_STALE_1424.6MIN,UNCHANGED,0,0.0,0,POST_IB_AM,0.0,NONE,0.0,0.0,0.0,0.0,0.0,0.0,0.99993148899788,0.9998629779991718,0.0005232853141934,12,0.0,-0.6331706827849902,-1.353546291283162,0.0083197444174514,0,1,0,27340.0,46.175,,,,True,MACRO_STALE_1424.6MIN,,,,,False,False,False,False,False,False,False,False,False,False,False,False
2026-04-28 10:49:35,2026-04-28 10:45:00,2026-04-28 10:45:00,NQ,MEAN_REVERSION_MACRO,ROTATION_ILLIQUID,TrendDown,POST_IB_MACRO,TRANSITION,TRANSITION,NONE,52,30,HMM_TRANSITION_OR_RETURN_TO_OPEN,UNCHANGED,0,0.0,0,POST_IB_AM,43.59,SHORT,1.0,0.9595375722543352,-1.162448979591837,10.0,2.0,0.0,0.9573410579910484,0.9146821159832224,0.1271766291255794,3,0.0,-1.0792230993484584,-0.6617687074829932,0.0203480589022757,1,1,0,27101.75,57.421875,,,,False,FRESH,,,,,False,False,False,False,False,False,False,False,False,False,False,False
2026-04-28 10:54:24,2026-03-09 12:25:00,2026-03-09 12:25:00,NQ,BRACKET_MACRO,ROTATION_ILLIQUID,TrendUp,LUNCH_AUCTION,TRANSITION,TRANSITION,NONE,50,100,MACRO_STALE_71909.4MIN,UNCHANGED,0,0.0,0,LUNCH,64.0,LONG,1.0,1.0,1.103665746945211,20.0,3.0,0.0,0.9999206115617496,0.999841223121098,0.00059792790375,10,0.0,1.4553901021171076,1.5530153724871896,0.0167988402831073,0,1,0,24453.75,31.7125,,,,True,MACRO_STALE_71909.4MIN,,,,,False,False,False,False,False,False,False,False,False,False,False,False
2026-04-28 10:54:25,2026-04-28 10:45:00,2026-04-28 10:45:00,NQ,MEAN_REVERSION_MACRO,ROTATION_ILLIQUID,TrendDown,POST_IB_MACRO,TRANSITION,TRANSITION,NONE,52,30,HMM_TRANSITION_OR_RETURN_TO_OPEN,UNCHANGED,0,0.0,0,POST_IB_AM,43.59,SHORT,1.0,0.9595375722543352,-1.162448979591837,10.0,2.0,0.0,0.999273783916629,0.9985475678310168,0.0043099053036761,3,0.0,-1.0792230993484584,-0.6617687074829932,0.0203480589022757,1,1,0,27101.75,57.421875,,,,False,FRESH,,,,,False,False,False,False,False,False,False,False,False,False,False,False
2026-04-28 10:56:01,2026-04-28 10:55:00,2026-04-28 10:50:00,NQ,BRACKET_MACRO,ROTATION_ILLIQUID,TrendDown,POST_IB_MACRO,TREND_COMPRESSION,TREND_COMPRESSION,SHORT,72,0,DEVELOPING_INITIATIVE_PHASE_AWARE,LOCKED_IMMEDIATE,0,0.0,0,POST_IB_AM,76.58,SHORT,1.0,0.9753954305799648,-2.08223928659896,20.0,3.0,0.0,0.9999423353839326,0.9998846707681616,0.0004476102662285,4,0.219047619047619,-2.1781323012306566,-1.993064156551895,0.0518621649843369,0,1,0,27028.0,56.06944444444444,,,,False,FRESH,,,,,True,False,True,False,False,False,True,False,False,True,False,True
2026-04-28 10:56:11,2026-04-28 10:55:00,2026-04-28 10:55:00,NQ,BRACKET_MACRO,ROTATION_ILLIQUID,TrendUp,POST_IB_MACRO,TREND_COMPRESSION,TREND_COMPRESSION,SHORT,72,20,DEVELOPING_INITIATIVE_PHASE_AWARE,UNCHANGED,0,0.0,1,POST_IB_AM,76.58,SHORT,1.0,0.9753954305799648,-2.08223928659896,20.0,3.0,0.0,0.5551206495304408,0.1102412990639506,0.4956077578845986,1,0.219047619047619,-2.1781323012306566,-1.993064156551895,0.0518621649843369,0,1,0,27028.0,56.06944444444444,,,,False,FRESH,,,,,True,False,True,False,False,False,True,False,False,True,False,True
2026-04-28 10:59:17,2026-03-09 12:25:00,2026-03-09 12:25:00,NQ,BRACKET_MACRO,ROTATION_ILLIQUID,TrendUp,LUNCH_AUCTION,TRANSITION,TRANSITION,NONE,50,100,MACRO_STALE_71914.3MIN,UNCHANGED,0,0.0,0,LUNCH,64.0,LONG,1.0,1.0,1.103665746945211,20.0,3.0,0.0,0.9999206115617496,0.999841223121098,0.00059792790375,10,0.0,1.4553901021171076,1.5530153724871896,0.0167988402831073,0,1,0,24453.75,31.7125,,,,True,MACRO_STALE_71914.3MIN,,,,,False,False,False,False,False,False,False,False,False,False,False,False
2026-04-28 10:59:18,2026-04-28 10:55:00,2026-04-28 10:55:00,NQ,BRACKET_MACRO,ROTATION_ILLIQUID,TrendDown,POST_IB_MACRO,TREND_COMPRESSION,TREND_COMPRESSION,SHORT,72,0,DEVELOPING_INITIATIVE_PHASE_AWARE,LOCKED_IMMEDIATE,0,0.0,0,POST_IB_AM,76.58,SHORT,1.0,0.9753954305799648,-2.008122312470139,20.0,3.0,0.0,0.7530667122332142,0.5061334244671084,0.4031906097490811,5,0.219047619047619,-2.1006020305944006,-1.9221213569039657,0.0518621649843369,0,1,0,27028.0,58.138888888888886,,,,False,FRESH,,,,,True,False,True,False,False,False,True,False,False,True,False,True
2026-04-28 11:05:42,2026-04-28 11:05:00,2026-04-28 11:00:00,NQ,BRACKET_MACRO,ROTATION_ILLIQUID,TrendDown,MID_MORNING_DISCOVERY,TRANSITION,TRANSITION,NONE,50,0,NO_CLEAR_STAGE_C_ALIGNMENT,LOCKED_IMMEDIATE,0,0.0,0,POST_IB_AM,54.6,SHORT,0.1368015414258188,0.4300254452926209,-0.3110624315443592,30.0,4.0,0.0,0.9999651324873208,0.9999302649728804,0.0002833059949722,6,0.0,-1.0024392847462658,-0.976998904709748,0.0228624154193151,0,1,0,27084.0,57.0625,,,,False,FRESH,,,,,False,False,False,False,False,False,False,False,False,False,False,False
2026-04-28 11:05:52,2026-04-28 11:05:00,2026-04-28 11:05:00,NQ,BRACKET_MACRO,ROTATION_ILLIQUID,TrendDown,MID_MORNING_DISCOVERY,TRANSITION,TRANSITION,NONE,50,0,NO_CLEAR_STAGE_C_ALIGNMENT,UNCHANGED,0,0.0,0,POST_IB_AM,54.6,SHORT,0.1368015414258188,0.4300254452926209,-0.3110624315443592,30.0,4.0,0.0,0.998393331483922,0.9967866629701926,0.0086143520100369,7,0.0,-1.0024392847462658,-0.976998904709748,0.0228624154193151,0,1,0,27084.0,57.0625,,,,False,FRESH,,,,,False,False,False,False,False,False,False,False,False,False,False,False
2026-04-28 11:16:55,2026-04-28 11:15:00,2026-04-28 11:15:00,NQ,BRACKET_MACRO,ROTATION_ILLIQUID,TrendUp,MID_MORNING_DISCOVERY,TRANSITION,TRANSITION,NONE,50,30,NO_CLEAR_STAGE_C_ALIGNMENT,UNCHANGED,0,1.2,1,POST_IB_AM,68.5,NONE,1.0,0.2638700947225981,1.2420091324200913,40.0,5.0,0.0,0.996308657514922,0.9926173150313234,0.0175738682581715,2,0.0,-0.7288035763794137,-0.7990867579908676,0.0164288396545249,0,1,0,27096.0,54.75,,,,False,FRESH,,,,,False,False,False,False,False,False,False,False,False,False,False,False
2026-04-28 11:20:06,2026-03-09 12:25:00,2026-03-09 12:25:00,NQ,BRACKET_MACRO,ROTATION_ILLIQUID,TrendUp,LUNCH_AUCTION,TRANSITION,TRANSITION,NONE,50,100,MACRO_STALE_71935.1MIN,UNCHANGED,0,0.0,0,LUNCH,64.0,LONG,1.0,1.0,1.103665746945211,20.0,3.0,0.0,0.9999206115617496,0.999841223121098,0.00059792790375,10,0.0,1.4553901021171076,1.5530153724871896,0.0167988402831073,0,1,0,24453.75,31.7125,,,,True,MACRO_STALE_71935.1MIN,,,,,False,False,False,False,False,False,False,False,False,False,False,False
2026-04-28 11:20:07,2026-04-28 11:15:00,2026-04-28 11:15:00,NQ,BRACKET_MACRO,ROTATION_ILLIQUID,TrendUp,MID_MORNING_DISCOVERY,TRANSITION,TRANSITION,NONE,50,20,NO_CLEAR_STAGE_C_ALIGNMENT,UNCHANGED,0,0.0,0,POST_IB_AM,68.44,NONE,1.0,0.2638700947225981,1.232721504645366,40.0,5.0,0.0,0.9948661460571518,0.9897322921119216,0.0232171547887086,2,0.0,-0.723353651607032,-0.7931112621799229,0.0164288396545249,0,1,0,27096.0,55.1625,,,,False,FRESH,,,,,False,False,False,False,False,False,False,False,False,False,False,False
2026-04-28 11:26:33,2026-04-28 11:25:00,2026-04-28 11:20:00,NQ,BRACKET_MACRO,ROTATION_ILLIQUID,TrendUp,MID_MORNING_DISCOVERY,TRANSITION,TRANSITION,NONE,50,20,NO_CLEAR_STAGE_C_ALIGNMENT,UNCHANGED,0,0.0,0,POST_IB_AM,54.91,SHORT,0.4866310160427807,0.2294617563739376,-0.4327151688064669,50.0,6.0,0.0,0.5760131534122676,0.1520263068275377,0.4916316983590443,3,0.0380952380952381,-1.3640292429120844,-1.493105087969567,0.027433164424253,0,1,0,27061.25,52.575,,,,False,FRESH,,,,,False,False,False,False,False,False,False,False,False,False,False,False
2026-04-28 11:26:42,2026-04-28 11:25:00,2026-04-28 11:25:00,NQ,BRACKET_MACRO,ROTATION_ILLIQUID,TrendUp,MID_MORNING_DISCOVERY,TRANSITION,TRANSITION,NONE,50,20,NO_CLEAR_STAGE_C_ALIGNMENT,UNCHANGED,0,0.0,0,POST_IB_AM,54.91,SHORT,0.4866310160427807,0.2294617563739376,-0.4327151688064669,50.0,6.0,0.0,0.9945185015511993,0.9890370030997232,0.0245295621882459,4,0.0380952380952381,-1.3640292429120844,-1.493105087969567,0.027433164424253,0,1,0,27061.25,52.575,,,,False,FRESH,,,,,False,False,False,False,False,False,False,False,False,False,False,False
2026-04-28 11:36:19,2026-04-28 11:35:00,2026-04-28 11:30:00,NQ,BRACKET_MACRO,ROTATION_ILLIQUID,TrendUp,MID_MORNING_DISCOVERY,TREND_COMPRESSION,TREND_COMPRESSION,SHORT,72,30,DEVELOPING_INITIATIVE_PHASE_AWARE,LOCKED_IMMEDIATE,0,-1.402,0,POST_IB_AM,76.91,SHORT,1.0,0.0371681415929203,-1.4964249233912157,60.0,7.0,0.0,0.7078013010368628,0.4156026020710215,0.4357722700143941,5,0.2476190476190476,-2.151480011442102,-2.390194075587334,0.0384457405734001,0,1,0,27022.75,48.95,,,,False,FRESH,,,,,True,False,True,False,False,False,True,False,False,True,False,True
2026-04-28 11:36:30,2026-04-28 11:35:00,2026-04-28 11:35:00,NQ,BRACKET_MACRO,ROTATION_ILLIQUID,TrendUp,MID_MORNING_DISCOVERY,TREND_COMPRESSION,TREND_COMPRESSION,SHORT,72,30,DEVELOPING_INITIATIVE_PHASE_AWARE,UNCHANGED,0,-1.402,0,POST_IB_AM,76.91,SHORT,1.0,0.0371681415929203,-1.4964249233912157,60.0,7.0,0.0,0.9882664876770784,0.976532975354639,0.0460388940921565,6,0.2476190476190476,-2.151480011442102,-2.390194075587334,0.0384457405734001,0,1,0,27022.75,48.95,,,,False,FRESH,,,,,True,False,True,False,False,False,True,False,False,True,False,True
2026-04-28 11:41:12,2026-03-09 12:25:00,2026-03-09 12:25:00,NQ,BRACKET_MACRO,ROTATION_ILLIQUID,TrendUp,LUNCH_AUCTION,TRANSITION,TRANSITION,NONE,50,100,MACRO_STALE_71956.2MIN,UNCHANGED,0,0.0,0,LUNCH,64.0,LONG,1.0,1.0,1.103665746945211,20.0,3.0,0.0,0.9999206115617496,0.999841223121098,0.00059792790375,10,0.0,1.4553901021171076,1.5530153724871896,0.0167988402831073,0,1,0,24453.75,31.7125,,,,True,MACRO_STALE_71956.2MIN,,,,,False,False,False,False,False,False,False,False,False,False,False,False
2026-04-28 11:41:13,2026-04-28 11:35:00,2026-04-28 11:35:00,NQ,BRACKET_MACRO,ROTATION_ILLIQUID,TrendUp,MID_MORNING_DISCOVERY,TREND_COMPRESSION,TREND_COMPRESSION,SHORT,72,20,DEVELOPING_INITIATIVE_PHASE_AWARE,LOCKED_IMMEDIATE,0,0.0,0,POST_IB_AM,76.91,SHORT,1.0,0.0371681415929203,-1.4490603363006924,60.0,7.0,0.0,0.9771892807484744,0.9543785614997335,0.0784718199735658,6,0.2476190476190476,-2.083381732148188,-2.314540059347181,0.0384457405734001,0,1,0,27022.75,50.55,,,,False,FRESH,,,,,True,False,True,False,False,False,True,False,False,True,False,True
2026-04-28 11:45:59,2026-04-28 11:45:00,2026-04-28 11:40:00,NQ,BRACKET_MACRO,ROTATION_ILLIQUID,TrendUp,MID_MORNING_DISCOVERY,TRANSITION,TRANSITION,NONE,50,20,NO_CLEAR_STAGE_C_ALIGNMENT,LOCKED_IMMEDIATE,0,0.0,0,POST_IB_AM,59.11,SHORT,0.4325581395348837,0.4577114427860697,-0.4898604161179879,70.0,8.0,0.0,0.9994627860903212,0.9989255721810176,0.0033050804985448,7,0.164625850340136,-1.8199387422432545,-2.14379773505399,0.0317547007880159,0,1,0,27038.0,47.4625,,,,False,FRESH,,,,,False,False,False,False,False,False,False,False,False,False,False,False
2026-04-28 11:46:08,2026-04-28 11:45:00,2026-04-28 11:45:00,NQ,BRACKET_MACRO,ROTATION_ILLIQUID,TrendUp,MID_MORNING_DISCOVERY,TRANSITION,TRANSITION,NONE,50,20,NO_CLEAR_STAGE_C_ALIGNMENT,UNCHANGED,0,0.0,0,POST_IB_AM,59.11,SHORT,0.4325581395348837,0.4577114427860697,-0.4898604161179879,70.0,8.0,0.0,0.998987417669986,0.9979748353380344,0.0057665092703094,8,0.164625850340136,-1.8199387422432545,-2.14379773505399,0.0317547007880159,0,1,0,27038.0,47.4625,,,,False,FRESH,,,,,False,False,False,False,False,False,False,False,False,False,False,False
2026-04-28 11:50:47,2026-03-09 12:25:00,2026-03-09 12:25:00,NQ,BRACKET_MACRO,ROTATION_ILLIQUID,TrendUp,LUNCH_AUCTION,TRANSITION,TRANSITION,NONE,50,100,MACRO_STALE_71965.8MIN,UNCHANGED,0,0.0,0,LUNCH,64.0,LONG,1.0,1.0,1.103665746945211,20.0,3.0,0.0,0.9999206115617496,0.999841223121098,0.00059792790375,10,0.0,1.4553901021171076,1.5530153724871896,0.0167988402831073,0,1,0,24453.75,31.7125,,,,True,MACRO_STALE_71965.8MIN,,,,,False,False,False,False,False,False,False,False,False,False,False,False
2026-04-28 11:50:48,2026-04-28 11:45:00,2026-04-28 11:45:00,NQ,BRACKET_MACRO,ROTATION_ILLIQUID,TrendUp,MID_MORNING_DISCOVERY,TRANSITION,TRANSITION,NONE,50,20,NO_CLEAR_STAGE_C_ALIGNMENT,UNCHANGED,0,0.0,0,POST_IB_AM,58.64,SHORT,0.4325581395348837,0.4577114427860697,-0.4765564950038432,70.0,8.0,0.0,0.9996595640053152,0.9993191280096176,0.0022064981566036,8,0.164625850340136,-1.7705117612855843,-2.085575198565206,0.0317547007880159,0,1,0,27038.0,48.7875,,,,False,FRESH,,,,,False,False,False,False,False,False,False,False,False,False,False,False
2026-04-28 11:55:38,2026-04-28 11:55:00,2026-04-28 11:50:00,NQ,BRACKET_MACRO,ROTATION_ILLIQUID,TrendUp,MID_MORNING_DISCOVERY,TRANSITION,TRANSITION,NONE,50,20,NO_CLEAR_STAGE_C_ALIGNMENT,UNCHANGED,0,0.0,0,POST_IB_AM,75.89,NONE,1.0,0.6414565826330533,0.3349908400942161,80.0,9.0,0.0,0.9988858419834716,0.9977716839689372,0.0062680978310933,9,0.1605442176870748,-1.7265452605358702,-2.11462967809474,0.0300617605476597,0,1,0,27038.75,47.7625,,,,False,FRESH,,,,,False,False,False,False,False,False,False,False,False,False,False,False
2026-04-28 11:55:47,2026-04-28 11:55:00,2026-04-28 11:55:00,NQ,BRACKET_MACRO,ROTATION_ILLIQUID,TrendUp,MID_MORNING_DISCOVERY,TRANSITION,TRANSITION,NONE,50,20,NO_CLEAR_STAGE_C_ALIGNMENT,UNCHANGED,0,0.0,0,POST_IB_AM,75.89,NONE,1.0,0.6414565826330533,0.3349908400942161,80.0,9.0,0.0,0.9994459041278192,0.9988918082549144,0.0033965722464252,10,0.1605442176870748,-1.7265452605358702,-2.11462967809474,0.0300617605476597,0,1,0,27038.75,47.7625,,,,False,FRESH,,,,,False,False,False,False,False,False,False,False,False,False,False,False
2026-04-28 12:05:35,2026-04-28 12:05:00,2026-04-28 12:00:00,NQ,BRACKET_MACRO,ROTATION_ILLIQUID,TrendUp,LUNCH_AUCTION,TRANSITION,TRANSITION,NONE,50,35,NO_CLEAR_STAGE_C_ALIGNMENT,UNCHANGED,0,0.517,0,LUNCH,55.67,NONE,1.0,0.019108280254777,0.5251989389920424,90.0,10.0,0.0,0.9836479506923091,0.9672959013835548,0.0602182157599678,11,0.0299319727891156,-1.188737817697038,-1.63395225464191,0.0219639164230193,0,1,0,27062.75,47.125,,,,False,FRESH,,,,,False,False,False,False,False,False,False,False,False,False,False,False
2026-04-28 12:05:44,2026-04-28 12:05:00,2026-04-28 12:05:00,NQ,BRACKET_MACRO,ROTATION_ILLIQUID,TrendUp,LUNCH_AUCTION,TRANSITION,TRANSITION,NONE,50,35,NO_CLEAR_STAGE_C_ALIGNMENT,UNCHANGED,0,0.517,0,LUNCH,55.67,NONE,1.0,0.019108280254777,0.5251989389920424,90.0,10.0,0.0,0.996676774728605,0.993353549457944,0.0160736021407484,12,0.0299319727891156,-1.188737817697038,-1.63395225464191,0.0219639164230193,0,1,0,27062.75,47.125,,,,False,FRESH,,,,,False,False,False,False,False,False,False,False,False,False,False,False
2026-04-28 12:16:46,2026-04-27 14:35:00,2026-04-27 14:35:00,NQ,MEAN_REVERSION_MACRO,ROTATION_ILLIQUID,TrendUp,AFTERNOON_TREND_TEST,TRANSITION,TRANSITION,NONE,50,100,MACRO_STALE_1301.8MIN,UNCHANGED,0,0.0,0,PM,28.93,NONE,0.5,0.0120481927710843,-0.3295880149812734,140.0,15.0,50.0,0.9998957873639605,0.9997915747283236,0.000764441473586,15,0.0,2.9313334566532294,1.303370786516854,0.0056434872859366,1,1,0,27424.25,16.6875,,,,True,MACRO_STALE_1301.8MIN,,,,,False,False,False,False,False,False,False,False,False,False,False,False
2026-04-28 12:16:48,2026-04-28 12:15:00,2026-04-28 12:15:00,NQ,BRACKET_MACRO,ROTATION_ILLIQUID,TrendUp,LUNCH_AUCTION,TRANSITION,TRANSITION,NONE,50,35,NO_CLEAR_STAGE_C_ALIGNMENT,UNCHANGED,0,0.0,0,LUNCH,62.69,NONE,1.0,1.0,0.7390165842304336,100.0,11.0,0.0,0.9990165961938524,0.9980331923881572,0.0056210938051693,14,0.0,-1.087995950833793,-1.6118708175734653,0.0189362865736942,0,1,0,27070.5,42.9625,,,,False,FRESH,,,,,False,False,False,False,False,False,False,False,False,False,False,False
2026-04-28 12:26:36,2026-04-28 12:25:00,2026-04-28 12:25:00,NQ,BRACKET_MACRO,ROTATION_ILLIQUID,TrendUp,LUNCH_AUCTION,TRANSITION,TRANSITION,NONE,50,35,NO_CLEAR_STAGE_C_ALIGNMENT,UNCHANGED,0,0.0,0,LUNCH,60.77,NONE,1.0,1.0,0.4137931034482758,110.0,12.0,0.0,0.99971421851996,0.9994284370364362,0.0018883424180439,16,0.0,-0.9228162294917712,-1.5172413793103448,0.0160286130613326,0,1,0,27079.25,39.875,,,,False,FRESH,,,,,False,False,False,False,False,False,False,False,False,False,False,False
2026-04-28 12:36:24,2026-04-28 12:35:00,2026-04-28 12:30:00,NQ,BRACKET_MACRO,ROTATION_ILLIQUID,TrendUp,LUNCH_AUCTION,TRANSITION,TRANSITION,NONE,50,45,NO_CLEAR_STAGE_C_ALIGNMENT,UNCHANGED,0,-0.766,0,LUNCH,52.09,SHORT,0.6335078534031413,0.0188679245283018,-0.8497191011235955,120.0,13.0,0.0,0.99914777245988,0.9982955449164376,0.0049593480607809,17,0.1523809523809524,-2.0914381458481053,-2.794943820224719,0.0255128205128205,0,1,0,27040.25,35.6,,,,False,FRESH,,,,,False,False,False,False,False,False,False,False,False,False,False,False
2026-04-28 12:36:34,2026-04-28 12:35:00,2026-04-28 12:35:00,NQ,BRACKET_MACRO,ROTATION_ILLIQUID,TrendUp,LUNCH_AUCTION,TRANSITION,TRANSITION,NONE,50,45,NO_CLEAR_STAGE_C_ALIGNMENT,UNCHANGED,0,-0.766,0,LUNCH,52.09,SHORT,0.6335078534031413,0.0188679245283018,-0.8497191011235955,120.0,13.0,0.0,0.9867540240844632,0.973508048168716,0.0508075876257868,18,0.1523809523809524,-2.0914381458481053,-2.794943820224719,0.0255128205128205,0,1,0,27040.25,35.6,,,,False,FRESH,,,,,False,False,False,False,False,False,False,False,False,False,False,False
2026-04-28 12:39:38,2026-02-13 14:55:00,2026-02-13 14:55:00,NQ,BRACKET_MACRO,ROTATION_LIQUID,TrendDown,AFTERNOON_TREND_TEST,TRANSITION,TRANSITION,NONE,50,100,MACRO_STALE_106424.6MIN,UNCHANGED,0,0.0,0,PM,17.01,LONG,0.5675675675675675,0.2883435582822086,0.137863121614968,0.0,0.0,0.79,0.9999998062048876,0.9999996124112512,2.3004933832907835e-06,25,0.5979381443298969,0.0148397987943572,-0.8829804693911046,0.0114805172634543,0,1,0,24730.5,76.1625,,,,True,MACRO_STALE_106424.6MIN,,,,,False,False,False,False,False,False,False,False,False,False,False,False
2026-04-28 12:39:40,2026-04-28 12:35:00,2026-04-28 12:35:00,NQ,BRACKET_MACRO,ROTATION_ILLIQUID,TrendUp,LUNCH_AUCTION,TRANSITION,TRANSITION,NONE,50,35,NO_CLEAR_STAGE_C_ALIGNMENT,UNCHANGED,0,0.0,0,LUNCH,51.85,SHORT,0.6335078534031413,0.0188679245283018,-0.8365019011406843,120.0,13.0,0.0,0.9937985716105596,0.9875971432215293,0.0271975924294535,18,0.1523809523809524,-2.05890627009174,-2.751469063256136,0.0255128205128205,0,1,0,27040.25,36.1625,,,,False,FRESH,,,,,False,False,False,False,False,False,False,False,False,False,False,False
2026-04-28 13:02:25,2026-04-28 12:55:00,2026-04-28 12:40:00,NQ,BRACKET_MACRO,ROTATION_ILLIQUID,TrendUp,LUNCH_AUCTION,TRANSITION,TRANSITION,NONE,50,35,NO_CLEAR_STAGE_C_ALIGNMENT,UNCHANGED,0,0.0,0,LUNCH,62.95,NONE,1.0,0.5757575757575758,0.052102716784518,140.0,15.0,0.0,0.9966666432413316,0.99333328648145,0.0161152739349386,19,0.1428571428571428,-2.1275234580420634,-2.91030889467808,0.0245556741820008,0,1,0,27042.0,33.5875,,,,False,FRESH,,,,,False,False,False,False,False,False,False,False,False,False,False,False
2026-04-28 13:05:39,2026-04-28 13:05:00,2026-04-28 13:00:00,NQ,BRACKET_MACRO,ROTATION_ILLIQUID,TrendDown,POST_LUNCH_ROTATION,TREND_COMPRESSION,TREND_COMPRESSION,SHORT,66,15,MICRO_TREND_INSIDE_MACRO_STRUCTURE,LOCKED_IMMEDIATE,0,0.567,1,LUNCH,58.29,NONE,1.0,0.3448275862068966,0.5614320585842147,150.0,16.0,0.0,0.9101715912933344,0.8203431825835195,0.2179484041122646,1,0.0489795918367346,-1.7457608043073278,-2.620016273393002,0.0198814522104223,0,1,0,27059.25,30.725,,,,False,FRESH,,,,,False,False,True,False,False,False,True,False,False,True,False,False
2026-04-28 13:05:50,2026-04-28 13:05:00,2026-04-28 13:05:00,NQ,BRACKET_MACRO,ROTATION_ILLIQUID,TrendUp,POST_LUNCH_ROTATION,TRANSITION,TRANSITION,NONE,50,35,NO_CLEAR_STAGE_C_ALIGNMENT,LOCKED_IMMEDIATE,0,0.567,2,LUNCH,58.29,NONE,1.0,0.3448275862068966,0.5614320585842147,150.0,16.0,0.0,0.95911188959976,0.9182237791990486,0.1231747146722432,1,0.0489795918367346,-1.7457608043073278,-2.620016273393002,0.0198814522104223,0,1,0,27059.25,30.725,,,,False,FRESH,,,,,False,False,False,False,False,False,False,False,False,False,False,False
2026-04-28 13:16:19,2026-04-28 13:15:00,2026-04-28 13:10:00,NQ,BRACKET_MACRO,ROTATION_ILLIQUID,TrendUp,POST_LUNCH_ROTATION,TRANSITION,TRANSITION,NONE,50,45,NO_CLEAR_STAGE_C_ALIGNMENT,UNCHANGED,0,0.934,2,LUNCH,64.0,NONE,1.0,1.0,1.0065075921908897,160.0,17.0,0.0,0.9990753395191192,0.9981506790347712,0.0053264218694803,2,0.0,-1.41943975591324,-2.386117136659436,0.016528428897704,0,1,0,27071.0,28.8125,,,,False,FRESH,,,,,False,False,False,False,False,False,False,False,False,False,False,False
2026-04-28 13:16:28,2026-04-28 13:15:00,2026-04-28 13:15:00,NQ,BRACKET_MACRO,ROTATION_ILLIQUID,TrendUp,POST_LUNCH_ROTATION,TRANSITION,TRANSITION,NONE,50,45,NO_CLEAR_STAGE_C_ALIGNMENT,UNCHANGED,0,0.934,2,LUNCH,64.0,NONE,1.0,1.0,1.0065075921908897,160.0,17.0,0.0,0.9996888785331208,0.9993777570626904,0.0020367108150697,3,0.0,-1.41943975591324,-2.386117136659436,0.016528428897704,0,1,0,27071.0,28.8125,,,,False,FRESH,,,,,False,False,False,False,False,False,False,False,False,False,False,False
2026-04-28 13:26:02,2026-04-28 13:25:00,2026-04-28 13:20:00,NQ,BRACKET_MACRO,ROTATION_ILLIQUID,TrendUp,POST_LUNCH_ROTATION,TRANSITION,TRANSITION,NONE,50,35,NO_CLEAR_STAGE_C_ALIGNMENT,UNCHANGED,0,0.293,1,LUNCH,56.78,NONE,0.5666666666666667,0.7984496124031008,0.3079710144927536,170.0,18.0,0.0,0.9997865625045966,0.999573125009712,0.001455263776261,4,0.0027210884353741,-1.5696894074516012,-2.608695652173913,0.016893477240732,0,1,0,27067.75,27.6,,,,False,FRESH,,,,,False,False,False,False,False,False,False,False,False,False,False,False
2026-04-28 13:26:13,2026-04-28 13:25:00,2026-04-28 13:25:00,NQ,BRACKET_MACRO,ROTATION_ILLIQUID,TrendUp,POST_LUNCH_ROTATION,TRANSITION,TRANSITION,NONE,50,35,NO_CLEAR_STAGE_C_ALIGNMENT,UNCHANGED,0,0.293,0,LUNCH,56.78,NONE,0.5666666666666667,0.7984496124031008,0.3079710144927536,170.0,18.0,0.0,0.9995881156601008,0.999176231320465,0.002612967683009,5,0.0027210884353741,-1.5696894074516012,-2.608695652173913,0.016893477240732,0,1,0,27067.75,27.6,,,,False,FRESH,,,,,False,False,False,False,False,False,False,False,False,False,False,False
2026-04-28 13:35:51,2026-04-28 13:35:00,2026-04-28 13:30:00,NQ,MEAN_REVERSION_MACRO,ROTATION_ILLIQUID,TrendUp,POST_LUNCH_ROTATION,TRANSITION,TRANSITION,NONE,55,60,HIGH_CONFLICT_STAGE_A_B_OR_PRICE_ACTION,UNCHANGED,0,1.148,0,PM,42.52,NONE,0.8300653594771242,0.9033457249070632,1.1941701927597557,180.0,19.0,9.16,0.9383151142879412,0.8766302285724692,0.1670486456532458,6,0.0,-0.2930158144202421,-1.391631405735778,0.0084838062482086,1,1,0,27102.75,26.5875,,,,False,FRESH,,,,,False,False,False,False,False,False,False,False,False,False,False,False
2026-04-28 13:36:00,2026-04-28 13:35:00,2026-04-28 13:35:00,NQ,MEAN_REVERSION_MACRO,ROTATION_ILLIQUID,TrendUp,POST_LUNCH_ROTATION,TRANSITION,TRANSITION,NONE,55,60,HIGH_CONFLICT_STAGE_A_B_OR_PRICE_ACTION,UNCHANGED,0,1.148,0,PM,42.52,NONE,0.8300653594771242,0.9033457249070632,1.1941701927597557,180.0,19.0,9.16,0.9430230981094996,0.8860461962170753,0.1576627877311945,7,0.0,-0.2930158144202421,-1.391631405735778,0.0084838062482086,1,1,0,27102.75,26.5875,,,,False,FRESH,,,,,False,False,False,False,False,False,False,False,False,False,False,False
2026-04-28 13:45:40,2026-04-28 13:45:00,2026-04-28 13:40:00,NQ,MEAN_REVERSION_MACRO,ROTATION_ILLIQUID,TrendUp,POST_LUNCH_ROTATION,TRANSITION,TRANSITION,NONE,55,60,HIGH_CONFLICT_STAGE_A_B_OR_PRICE_ACTION,UNCHANGED,0,1.932,0,PM,23.78,LONG,1.0,0.9015151515151516,2.0379620379620382,0.0,1.0,10.12,0.9974671363064744,0.994934272616035,0.0127477525896627,8,0.0,0.3239991861000935,-0.8391608391608392,0.0047169811320754,1,1,0,27118.75,25.025,,,,False,FRESH,,,,,False,False,False,False,False,False,False,False,False,False,False,False
2026-04-28 13:45:51,2026-04-28 13:45:00,2026-04-28 13:45:00,NQ,MEAN_REVERSION_MACRO,ROTATION_ILLIQUID,TrendUp,POST_LUNCH_ROTATION,TRANSITION,TRANSITION,NONE,55,60,HIGH_CONFLICT_STAGE_A_B_OR_PRICE_ACTION,UNCHANGED,0,1.932,0,PM,23.78,LONG,1.0,0.9015151515151516,2.0379620379620382,0.0,1.0,10.12,0.9978860168896256,0.9957720337813984,0.0109155406660536,9,0.0,0.3239991861000935,-0.8391608391608392,0.0047169811320754,1,1,0,27118.75,25.025,,,,False,FRESH,,,,,False,False,False,False,False,False,False,False,False,False,False,False
2026-04-28 13:57:09,2026-04-28 13:55:00,2026-04-28 13:55:00,NQ,MEAN_REVERSION_MACRO,ROTATION_ILLIQUID,TrendUp,POST_LUNCH_ROTATION,TRANSITION,TRANSITION,NONE,55,60,HIGH_CONFLICT_STAGE_A_B_OR_PRICE_ACTION,UNCHANGED,0,1.099,0,PM,40.44,LONG,1.0,0.9015151515151516,1.1490683229813663,10.0,2.0,25.29,0.999344089638308,0.9986881792791822,0.0039408522695979,11,0.0,0.8094033537958047,-0.3830227743271222,0.0020368841178089,1,1,0,27130.5,24.15,,,,False,FRESH,,,,,False,False,False,False,False,False,False,False,False,False,False,False
2026-04-28 13:58:47,2026-04-27 11:05:00,2026-04-27 11:05:00,NQ,BRACKET_MACRO,ROTATION_ILLIQUID,TrendUp,MID_MORNING_DISCOVERY,TRANSITION,TRANSITION,NONE,50,100,MACRO_STALE_1613.8MIN,UNCHANGED,0,0.0,0,POST_IB_AM,0.0,NONE,0.0,0.0,0.0,0.0,0.0,0.0,0.99993148899788,0.9998629779991718,0.0005232853141934,12,0.0,-0.6331706827849902,-1.353546291283162,0.0083197444174514,0,1,0,27340.0,46.175,,,,True,MACRO_STALE_1613.8MIN,,,,,False,False,False,False,False,False,False,False,False,False,False,False
2026-04-28 13:58:48,2026-04-28 13:55:00,2026-04-28 13:55:00,NQ,MEAN_REVERSION_MACRO,ROTATION_ILLIQUID,TrendUp,POST_LUNCH_ROTATION,TRANSITION,TRANSITION,NONE,52,50,HMM_TRANSITION_OR_RETURN_TO_OPEN,UNCHANGED,0,0.0,0,PM,40.35,LONG,1.0,0.9015151515151516,1.1378780112762683,10.0,2.0,25.05,0.9995596257405616,0.999119251478842,0.0027724553334621,11,0.0,0.8015209018623756,-0.3792926704254228,0.0020368841178089,1,1,0,27130.5,24.3875,,,,False,FRESH,,,,,False,False,False,False,False,False,False,False,False,False,False,False
2026-04-28 14:02:03,2026-04-27 11:05:00,2026-04-27 11:05:00,NQ,BRACKET_MACRO,ROTATION_ILLIQUID,TrendUp,MID_MORNING_DISCOVERY,TRANSITION,TRANSITION,NONE,50,100,MACRO_STALE_1617.0MIN,UNCHANGED,0,0.0,0,POST_IB_AM,0.0,NONE,0.0,0.0,0.0,0.0,0.0,0.0,0.99993148899788,0.9998629779991718,0.0005232853141934,12,0.0,-0.6331706827849902,-1.353546291283162,0.0083197444174514,0,1,0,27340.0,46.175,,,,True,MACRO_STALE_1617.0MIN,,,,,False,False,False,False,False,False,False,False,False,False,False,False
2026-04-28 14:02:04,2026-04-28 13:55:00,2026-04-28 13:55:00,NQ,MEAN_REVERSION_MACRO,ROTATION_ILLIQUID,TrendUp,POST_LUNCH_ROTATION,TRANSITION,TRANSITION,NONE,52,50,HMM_TRANSITION_OR_RETURN_TO_OPEN,UNCHANGED,0,0.0,0,PM,40.35,LONG,1.0,0.9015151515151516,1.1378780112762683,10.0,2.0,25.05,0.999938780780626,0.9998775615640686,0.0004725605248018,11,0.0,0.8015209018623756,-0.3792926704254228,0.0020368841178089,1,1,0,27130.5,24.3875,,,,False,FRESH,,,,,False,False,False,False,False,False,False,False,False,False,False,False
2026-04-28 14:04:36,2026-04-28 13:55:00,2026-04-28 13:55:00,NQ,MEAN_REVERSION_MACRO,ROTATION_ILLIQUID,TrendUp,POST_LUNCH_ROTATION,TRANSITION,TRANSITION,NONE,52,50,HMM_TRANSITION_OR_RETURN_TO_OPEN,UNCHANGED,0,0.0,0,PM,40.35,LONG,1.0,0.9015151515151516,1.1378780112762683,10.0,2.0,25.05,0.9999435915791212,0.9998871831602067,0.0004387555233056,11,0.0,0.8015209018623756,-0.3792926704254228,0.0020368841178089,1,1,0,27130.5,24.3875,,,,False,FRESH,,,,,False,False,False,False,False,False,False,False,False,False,False,False
2026-04-28 14:06:05,2026-04-28 14:05:00,2026-04-28 14:05:00,NQ,MEAN_REVERSION_MACRO,ROTATION_ILLIQUID,TrendUp,AFTERNOON_TREND_TEST,TRANSITION,TRANSITION,NONE,52,50,HMM_TRANSITION_OR_RETURN_TO_OPEN,UNCHANGED,0,0.0,0,PM,50.22,LONG,0.8431372549019608,0.9686274509803922,0.4666304937601736,20.0,3.0,24.54,0.9987982850264968,0.9975965700562252,0.0066950649698395,13,0.0,0.7851783010309394,-0.4449267498643516,0.0022206575312787,1,1,0,27129.5,23.0375,,,,False,FRESH,,,,,False,False,False,False,False,False,False,False,False,False,False,False
2026-04-28 14:16:34,2026-04-28 14:15:00,2026-04-28 14:15:00,NQ,MEAN_REVERSION_MACRO,ROTATION_ILLIQUID,TrendUp,AFTERNOON_TREND_TEST,TRANSITION,TRANSITION,NONE,52,50,HMM_TRANSITION_OR_RETURN_TO_OPEN,UNCHANGED,0,0.429,0,PM,54.49,LONG,0.8333333333333334,0.949685534591195,0.44296788482835,30.0,4.0,39.89,0.99910901440125,0.9982180288029904,0.0051562951070858,15,0.0,1.2763510686269013,0.0332225913621262,0.0001598891435271,1,1,0,27140.5,22.575,,,,False,FRESH,,,,,False,False,False,False,False,False,False,False,False,False,False,False
2026-04-28 14:26:08,2026-04-28 14:25:00,2026-04-28 14:20:00,NQ,MEAN_REVERSION_MACRO,ROTATION_ILLIQUID,TrendUp,AFTERNOON_TREND_TEST,TREND_COMPRESSION,TREND_COMPRESSION,LONG,66,40,MICRO_TREND_INSIDE_MACRO_STRUCTURE,LOCKED_IMMEDIATE,0,1.81,0,PM,56.0,LONG,1.0,0.9627906976744186,1.8354784555120316,40.0,5.0,50.0,0.9898117839712928,0.9796235679447948,0.0410191608681971,16,0.0,2.559549284032606,1.3766088416340236,0.00640625,1,1,0,27170.5,22.3375,,,,False,FRESH,,,,,True,False,True,False,False,False,True,False,True,False,True,False
2026-04-28 14:26:18,2026-04-28 14:25:00,2026-04-28 14:25:00,NQ,MEAN_REVERSION_MACRO,ROTATION_ILLIQUID,TrendUp,AFTERNOON_TREND_TEST,TREND_COMPRESSION,TREND_COMPRESSION,LONG,66,40,MICRO_TREND_INSIDE_MACRO_STRUCTURE,UNCHANGED,0,1.81,0,PM,56.0,LONG,1.0,0.9627906976744186,1.8354784555120316,40.0,5.0,50.0,0.9987484010414032,0.9974968020843265,0.0069362386076366,17,0.0,2.559549284032606,1.3766088416340236,0.00640625,1,1,0,27170.5,22.3375,,,,False,FRESH,,,,,True,False,True,False,False,False,True,False,True,False,True,False
2026-04-28 14:35:38,2026-04-28 14:35:00,2026-04-28 14:30:00,NQ,MEAN_REVERSION_MACRO,ROTATION_ILLIQUID,TrendUp,AFTERNOON_TREND_TEST,TREND_COMPRESSION,TREND_COMPRESSION,LONG,66,40,MICRO_TREND_INSIDE_MACRO_STRUCTURE,UNCHANGED,0,0.773,0,PM,40.93,LONG,0.4035087719298245,0.4977168949771689,0.7840909090909091,50.0,6.0,50.0,0.9986486398622934,0.9972972797279214,0.0074142994645318,18,0.0,1.9612584541036169,0.8181818181818182,0.0036828644501278,1,1,0,27157.75,22.0,,,,False,FRESH,,,,,True,False,True,False,False,False,True,False,True,False,True,False
2026-04-28 14:35:47,2026-04-28 14:35:00,2026-04-28 14:35:00,NQ,MEAN_REVERSION_MACRO,ROTATION_ILLIQUID,TrendUp,AFTERNOON_TREND_TEST,TREND_COMPRESSION,TREND_COMPRESSION,LONG,66,40,MICRO_TREND_INSIDE_MACRO_STRUCTURE,UNCHANGED,0,0.773,0,PM,40.93,LONG,0.4035087719298245,0.4977168949771689,0.7840909090909091,50.0,6.0,50.0,0.9990512545321454,0.998102509063592,0.0054475549929689,19,0.0,1.9612584541036169,0.8181818181818182,0.0036828644501278,1,1,0,27157.75,22.0,,,,False,FRESH,,,,,True,False,True,False,False,False,True,False,True,False,True,False
2026-04-28 14:46:42,2026-04-28 14:45:00,2026-04-28 14:45:00,NQ,MEAN_REVERSION_MACRO,ROTATION_ILLIQUID,TrendUp,AFTERNOON_TREND_TEST,TREND_COMPRESSION,TREND_COMPRESSION,LONG,66,30,MICRO_TREND_INSIDE_MACRO_STRUCTURE,UNCHANGED,0,0.372,0,PM,45.73,LONG,0.2388059701492537,0.6577181208053692,0.396039603960396,60.0,7.0,50.0,0.9995285351230142,0.999057070245366,0.0029449857866284,21,0.0,3.124838368179247,1.9183168316831685,0.0077893361475451,1,1,0,27178.5,20.2,,,,False,FRESH,,,,,True,False,True,False,False,False,True,False,True,False,True,False
2026-04-28 14:56:12,2026-04-28 14:55:00,2026-04-28 14:50:00,NQ,BRACKET_MACRO,ROTATION_ILLIQUID,TrendUp,AFTERNOON_TREND_TEST,TREND_COMPRESSION,TREND_COMPRESSION,LONG,66,10,MICRO_TREND_INSIDE_MACRO_STRUCTURE,UNCHANGED,0,1.7,0,PM,74.0,LONG,1.0,0.6709677419354839,1.816993464052288,70.0,8.0,50.0,0.999234035381526,0.9984680707653296,0.004516348361201,22,0.0,3.9850063997281264,2.758169934640523,0.0104533069110725,0,1,0,27192.5,19.125,,,,False,FRESH,,,,,True,False,True,False,False,False,True,False,True,False,True,False
2026-04-28 14:56:22,2026-04-28 14:55:00,2026-04-28 14:55:00,NQ,BRACKET_MACRO,ROTATION_ILLIQUID,TrendUp,AFTERNOON_TREND_TEST,TREND_COMPRESSION,TREND_COMPRESSION,LONG,66,10,MICRO_TREND_INSIDE_MACRO_STRUCTURE,UNCHANGED,0,1.7,0,PM,74.0,LONG,1.0,0.6709677419354839,1.816993464052288,70.0,8.0,50.0,0.9968644176413852,0.9937288352837124,0.0152976937376083,23,0.0,3.9850063997281264,2.758169934640523,0.0104533069110725,0,1,0,27192.5,19.125,,,,False,FRESH,,,,,True,False,True,False,False,False,True,False,True,False,True,False
2026-04-28 15:05:41,2026-04-27 11:05:00,2026-04-27 11:05:00,NQ,BRACKET_MACRO,ROTATION_ILLIQUID,TrendUp,MID_MORNING_DISCOVERY,TRANSITION,TRANSITION,NONE,50,100,MACRO_STALE_1680.7MIN,UNCHANGED,0,0.0,0,POST_IB_AM,0.0,NONE,0.0,0.0,0.0,0.0,0.0,0.0,0.99993148899788,0.9998629779991718,0.0005232853141934,12,0.0,-0.6331706827849902,-1.353546291283162,0.0083197444174514,0,1,0,27340.0,46.175,,,,True,MACRO_STALE_1680.7MIN,,,,,False,False,False,False,False,False,False,False,False,False,False,False
2026-04-28 15:05:42,2026-04-28 15:05:00,2026-04-28 15:00:00,NQ,BRACKET_MACRO,ROTATION_ILLIQUID,TrendUp,LATE_DAY_CONVICTION,TREND_COMPRESSION,TREND_COMPRESSION,LONG,66,0,MICRO_TREND_INSIDE_MACRO_STRUCTURE,LOCKED_IMMEDIATE,0,0.0,0,POWER_HOUR,74.0,LONG,1.0,0.569620253164557,1.4023144996596324,80.0,9.0,50.0,0.9933693291516518,0.9867386583000004,0.0287589794597484,24,0.0,4.708856093850436,3.512593601089176,0.0125596339207477,0,1,0,27204.25,18.3625,,,,False,FRESH,,,,,True,False,True,False,False,False,True,False,True,False,True,False
2026-04-28 15:05:50,2026-04-28 15:05:00,2026-04-28 15:05:00,NQ,BRACKET_MACRO,ROTATION_ILLIQUID,TrendUp,LATE_DAY_CONVICTION,TREND_COMPRESSION,TREND_COMPRESSION,LONG,66,0,MICRO_TREND_INSIDE_MACRO_STRUCTURE,UNCHANGED,0,0.0,0,POWER_HOUR,74.0,LONG,1.0,0.569620253164557,1.4023144996596324,80.0,9.0,50.0,0.9951721943819056,0.9903443887656346,0.0220476796398365,25,0.0,4.708856093850436,3.512593601089176,0.0125596339207477,0,1,0,27204.25,18.3625,,,,False,FRESH,,,,,True,False,True,False,False,False,True,False,True,False,True,False
2026-04-28 15:16:50,2026-04-28 15:15:00,2026-04-28 15:15:00,NQ,BRACKET_MACRO,ROTATION_ILLIQUID,TrendUp,LATE_DAY_CONVICTION,TREND_COMPRESSION,TREND_COMPRESSION,LONG,66,0,MICRO_TREND_INSIDE_MACRO_STRUCTURE,UNCHANGED,0,0.0,0,POWER_HOUR,74.0,LONG,1.0,1.0,0.7692307692307692,90.0,10.0,50.0,0.9986590119247384,0.997318023851249,0.0073648507698931,27,0.0,4.563830853110694,3.520208604954368,0.0129229885607619,0,1,0,27207.25,19.175,,,,False,FRESH,,,,,True,False,True,False,False,False,True,False,True,False,True,False
2026-04-28 15:26:20,2026-04-27 14:35:00,2026-04-27 14:35:00,NQ,MEAN_REVERSION_MACRO,ROTATION_ILLIQUID,TrendUp,AFTERNOON_TREND_TEST,TRANSITION,TRANSITION,NONE,50,100,MACRO_STALE_1491.3MIN,UNCHANGED,0,0.0,0,PM,28.93,NONE,0.5,0.0120481927710843,-0.3295880149812734,140.0,15.0,50.0,0.9998957873639605,0.9997915747283236,0.000764441473586,15,0.0,2.9313334566532294,1.303370786516854,0.0056434872859366,1,1,0,27424.25,16.6875,,,,True,MACRO_STALE_1491.3MIN,,,,,False,False,False,False,False,False,False,False,False,False,False,False
2026-04-28 15:26:21,2026-04-28 15:25:00,2026-04-28 15:20:00,NQ,BRACKET_MACRO,ROTATION_ILLIQUID,TrendUp,LATE_DAY_CONVICTION,TREND_COMPRESSION,TREND_COMPRESSION,LONG,66,0,MICRO_TREND_INSIDE_MACRO_STRUCTURE,LOCKED_IMMEDIATE,0,0.0,0,POWER_HOUR,67.08,NONE,0.7692307692307693,0.1111111111111111,-1.0464355788096795,100.0,11.0,50.0,0.8973367835554789,0.7946735671114818,0.2386906923182687,28,0.0,3.302146767578185,2.3283191628515367,0.0083615182262307,0,1,0,27184.25,19.1125,,,,False,FRESH,,,,,True,False,True,False,False,False,True,False,True,False,True,False
2026-04-28 15:26:29,2026-04-28 15:25:00,2026-04-28 15:25:00,NQ,BRACKET_MACRO,ROTATION_ILLIQUID,TrendUp,LATE_DAY_CONVICTION,TREND_COMPRESSION,TREND_COMPRESSION,LONG,66,0,MICRO_TREND_INSIDE_MACRO_STRUCTURE,UNCHANGED,0,0.0,0,POWER_HOUR,67.08,NONE,0.7692307692307693,0.1111111111111111,-1.0464355788096795,100.0,11.0,50.0,0.7761796727707644,0.552359345538529,0.3835411043724518,29,0.0,3.302146767578185,2.3283191628515367,0.0083615182262307,0,1,0,27184.25,19.1125,,,,False,FRESH,,,,,True,False,True,False,False,False,True,False,True,False,True,False
2026-04-28 15:35:55,2026-04-28 15:35:00,2026-04-28 15:30:00,NQ,MEAN_REVERSION_MACRO,ROTATION_ILLIQUID,TrendUp,LATE_DAY_CONVICTION,TREND_COMPRESSION,TREND_COMPRESSION,LONG,66,30,MICRO_TREND_INSIDE_MACRO_STRUCTURE,UNCHANGED,0,0.0,0,POWER_HOUR,56.0,NONE,1.0,0.38860103626943,-1.818181818181818,110.0,12.0,50.0,0.992137287538895,0.9842745750783248,0.0331325486326356,30,0.0,2.8140208590564457,1.8453188602442332,0.0062916358253145,1,1,0,27173.75,18.425,,,,False,FRESH,,,,,True,False,True,False,False,False,True,False,True,False,True,False
2026-04-28 15:36:05,2026-04-28 15:35:00,2026-04-28 15:35:00,NQ,MEAN_REVERSION_MACRO,ROTATION_ILLIQUID,TrendUp,LATE_DAY_CONVICTION,TREND_COMPRESSION,TREND_COMPRESSION,LONG,66,30,MICRO_TREND_INSIDE_MACRO_STRUCTURE,UNCHANGED,0,0.0,0,POWER_HOUR,56.0,NONE,1.0,0.38860103626943,-1.818181818181818,110.0,12.0,50.0,0.9651525761445487,0.9303051522872754,0.1090735681126606,31,0.0,2.8140208590564457,1.8453188602442332,0.0062916358253145,1,1,0,27173.75,18.425,,,,False,FRESH,,,,,True,False,True,False,False,False,True,False,True,False,True,False
2026-04-28 15:39:06,2026-03-30 11:55:00,2026-03-30 11:55:00,NQ,BRACKET_MACRO,TREND_EXPANSION,TrendUp,MID_MORNING_DISCOVERY,TRANSITION,TRANSITION,NONE,50,100,MACRO_STALE_41984.1MIN,UNCHANGED,0,0.0,0,POST_IB_AM,81.4,LONG,1.0,0.9213483146067416,0.3272888102609464,60.0,7.0,0.0,0.9999634610994618,0.9999269222003624,0.0002956522375228,6,1.5669291338582678,0.9769958650046552,2.2379478107032287,0.0379253485234597,0,1,0,23471.5,28.2625,,,,True,MACRO_STALE_41984.1MIN,,,,,False,False,False,False,False,False,False,False,False,False,False,False
2026-04-28 15:39:07,2026-04-28 15:35:00,2026-04-28 15:35:00,NQ,MEAN_REVERSION_MACRO,ROTATION_ILLIQUID,TrendUp,LATE_DAY_CONVICTION,TREND_COMPRESSION,TREND_COMPRESSION,LONG,66,30,MICRO_TREND_INSIDE_MACRO_STRUCTURE,LOCKED_IMMEDIATE,0,0.0,0,POWER_HOUR,56.0,NONE,1.0,0.38860103626943,-1.7866666666666666,110.0,12.0,50.0,0.9908718023847808,0.9817436047663178,0.037478300793842,31,0.0,2.764492548451526,1.8133333333333328,0.0062916358253145,1,1,0,27173.75,18.75,,,,False,FRESH,,,,,True,False,True,False,False,False,True,False,True,False,True,False
2026-04-28 15:47:02,2026-04-28 15:45:00,2026-04-28 15:45:00,NQ,MEAN_REVERSION_MACRO,ROTATION_ILLIQUID,TrendUp,LATE_DAY_CONVICTION,TREND_COMPRESSION,TREND_COMPRESSION,LONG,66,30,MICRO_TREND_INSIDE_MACRO_STRUCTURE,UNCHANGED,0,0.0,0,POWER_HOUR,44.43,NONE,0.3548387096774194,0.6144578313253012,-0.2958977807666442,120.0,13.0,50.0,0.9265398550163249,0.853079710034528,0.1893527711115626,33,0.0,3.013334199116035,2.0981842636180232,0.0071115973741794,1,1,0,27178.75,18.5875,,,,False,FRESH,,,,,True,False,True,False,False,False,True,False,True,False,True,False
2026-04-28 15:56:32,2026-04-28 15:55:00,2026-04-28 15:50:00,NQ,MEAN_REVERSION_MACRO,ROTATION_ILLIQUID,TrendUp,LATE_DAY_CONVICTION,TREND_COMPRESSION,TREND_COMPRESSION,LONG,66,30,MICRO_TREND_INSIDE_MACRO_STRUCTURE,UNCHANGED,0,-0.333,0,POWER_HOUR,49.97,NONE,0.3846153846153846,0.7989949748743719,-0.3304692663582286,130.0,14.0,50.0,0.9959699142667394,0.9919398285347896,0.018930839664306,34,0.0,2.3019123060867064,1.4672835426305353,0.0049708911777877,1,1,0,27167.5,18.9125,,,,False,FRESH,,,,,True,False,True,False,False,False,True,False,True,False,True,False
2026-04-28 15:56:42,2026-04-28 15:55:00,2026-04-28 15:55:00,NQ,MEAN_REVERSION_MACRO,ROTATION_ILLIQUID,TrendUp,LATE_DAY_CONVICTION,TREND_COMPRESSION,TREND_COMPRESSION,LONG,66,30,MICRO_TREND_INSIDE_MACRO_STRUCTURE,UNCHANGED,0,-0.333,0,POWER_HOUR,49.97,NONE,0.3846153846153846,0.7989949748743719,-0.3304692663582286,130.0,14.0,50.0,0.9956748519005354,0.991349703801309,0.0200959471819824,35,0.0,2.3019123060867064,1.4672835426305353,0.0049708911777877,1,1,0,27167.5,18.9125,,,,False,FRESH,,,,,True,False,True,False,False,False,True,False,True,False,True,False
2026-04-28 16:01:19,2026-04-28 16:00:00,2026-04-28 15:55:00,NQ,MEAN_REVERSION_MACRO,ROTATION_ILLIQUID,TrendUp,CASH_CLOSE,TREND_COMPRESSION,TREND_COMPRESSION,LONG,66,30,MICRO_TREND_INSIDE_MACRO_STRUCTURE,UNCHANGED,0,-0.505,0,CLOSE,44.15,NONE,0.7307692307692307,0.5263157894736842,-0.5006587615283267,135.0,15.0,50.0,0.871672741916509,0.7433454838361105,0.2764163862517969,35,0.0,2.2984384247078067,1.55467720685112,0.0052175451008135,1,1,0,27169.25,18.975,,,,False,FRESH,,,,,False,False,True,False,False,False,True,False,True,False,False,False
2026-04-28 16:01:28,2026-04-28 16:00:00,2026-04-28 16:00:00,NQ,MEAN_REVERSION_MACRO,ROTATION_ILLIQUID,TrendDown,CASH_CLOSE,TRANSITION,TRANSITION,NONE,52,50,HMM_TRANSITION_OR_RETURN_TO_OPEN,LOCKED_IMMEDIATE,0,-0.505,1,CLOSE,44.15,NONE,0.7307692307692307,0.5263157894736842,-0.5006587615283267,135.0,15.0,50.0,0.659929789291943,0.3198595791620439,0.4624429467886344,2,0.0,2.2984384247078067,1.55467720685112,0.0052175451008135,1,1,0,27169.25,18.975,,,,False,FRESH,,,,,False,False,False,False,False,False,False,False,False,False,False,False
2026-04-28 16:07:35,2026-04-27 11:05:00,2026-04-27 11:05:00,NQ,BRACKET_MACRO,ROTATION_ILLIQUID,TrendUp,MID_MORNING_DISCOVERY,TRANSITION,TRANSITION,NONE,50,100,MACRO_STALE_1742.6MIN,UNCHANGED,0,0.0,0,POST_IB_AM,0.0,NONE,0.0,0.0,0.0,0.0,0.0,0.0,0.99993148899788,0.9998629779991718,0.0005232853141934,12,0.0,-0.6331706827849902,-1.353546291283162,0.0083197444174514,0,1,0,27340.0,46.175,,,,True,MACRO_STALE_1742.6MIN,,,,,False,False,False,False,False,False,False,False,False,False,False,False
2026-04-28 16:07:36,2026-04-28 16:00:00,2026-04-28 16:00:00,NQ,MEAN_REVERSION_MACRO,ROTATION_ILLIQUID,TrendDown,CASH_CLOSE,TRANSITION,TRANSITION,NONE,52,50,HMM_TRANSITION_OR_RETURN_TO_OPEN,UNCHANGED,0,0.0,0,CLOSE,44.15,NONE,0.7307692307692307,0.5263157894736842,-0.5006587615283267,135.0,15.0,50.0,0.9994867859141132,0.9989735718301348,0.0031743514499017,2,0.0,2.2984384247078067,1.55467720685112,0.0052175451008135,1,1,0,27169.25,18.975,,,,False,FRESH,,,,,False,False,False,False,False,False,False,False,False,False,False,False
2026-04-28 16:41:57,2026-04-27 11:05:00,2026-04-27 11:05:00,NQ,BRACKET_MACRO,ROTATION_ILLIQUID,TrendUp,MID_MORNING_DISCOVERY,TRANSITION,TRANSITION,NONE,50,100,MACRO_STALE_1776.9MIN,UNCHANGED,0,0.0,0,POST_IB_AM,0.0,NONE,0.0,0.0,0.0,0.0,0.0,0.0,0.99993148899788,0.9998629779991712,0.0005232853141965,12,0.0,-0.6331706827849902,-1.353546291283162,0.0083197444174514,0,1,0,27340.0,46.175,,,,True,MACRO_STALE_1776.9MIN,,,,,False,False,False,False,False,False,False,False,False,False,False,False
2026-04-28 16:41:59,2026-04-28 16:00:00,2026-04-28 16:00:00,NQ,MEAN_REVERSION_MACRO,ROTATION_ILLIQUID,TrendDown,CASH_CLOSE,TRANSITION,TRANSITION,NONE,50,100,MACRO_STALE_42.0MIN,UNCHANGED,0,0.0,0,CLOSE,44.15,NONE,0.7307692307692307,0.5263157894736842,-0.5006587615283267,135.0,15.0,50.0,0.9994867935281312,0.9989735870623212,0.0031743098294185,2,0.0,2.2976727867576834,1.55467720685112,0.0052175451008135,1,1,0,27169.25,18.975,,,,True,MACRO_STALE_42.0MIN,,,,,False,False,False,False,False,False,False,False,False,False,False,False
2026-04-29 09:18:11,2026-04-28 16:00:00,2026-04-28 16:00:00,NQ,MEAN_REVERSION_MACRO,ROTATION_ILLIQUID,TrendDown,CASH_CLOSE,TRANSITION,TRANSITION,NONE,50,100,MACRO_STALE_1038.2MIN,UNCHANGED,0,0.0,0,CLOSE,44.15,NONE,0.7307692307692307,0.5263157894736842,-0.5006587615283267,135.0,15.0,50.0,0.9994867935281312,0.9989735870623176,0.0031743098294362,2,0.0,2.2984384247078067,1.55467720685112,0.0052175451008135,1,1,0,27169.25,18.975,,,,True,MACRO_STALE_1038.2MIN,,,,,False,False,False,False,False,False,False,False,False,False,False,False
2026-04-29 09:30:43,2026-04-29 09:25:00,2026-04-29 09:25:00,NQ,UNRESOLVED,TRANSITION,Balance,PREMARKET_CONTEXT,TRANSITION,TRANSITION,NONE,55,0,OPENING_OR_UNRESOLVED_UNRESOLVED,UNCHANGED,0,0.0,0,PREMARKET,0.0,NONE,0.0,0.0,0.0,0.0,0.0,0.0,0.9939061839509552,0.987812688083622,0.0268053299960169,3,0.0,0.0,0.0,0.0,0,0,0,27217.5,0.0,,,,False,FRESH,,,,,False,False,False,False,False,False,False,False,False,False,False,False
2026-04-29 09:35:39,2026-04-29 09:35:00,2026-04-29 09:30:00,NQ,OPENING_AUCTION,ROTATION_ILLIQUID,TrendDown,OPENING_AUCTION,TRANSITION,TRANSITION,NONE,55,20,OPENING_OR_UNRESOLVED_OPENING_AUCTION,UNCHANGED,0,0.0,1,OPEN,0.0,SHORT,0.0,0.0,0.0,0.0,1.0,0.0,1.0,1.0,4.789137040917482e-30,1,0.0,-0.3062257699134421,-1.2686230248306998,0.3561470215462611,0,1,0,27147.0,55.375,,,,False,FRESH,,,,,False,False,False,False,False,False,False,False,False,False,False,False
2026-04-29 09:35:44,2026-04-29 09:35:00,2026-04-29 09:35:00,NQ,OPENING_AUCTION,ROTATION_ILLIQUID,TrendDown,OPENING_AUCTION,TRANSITION,TRANSITION,NONE,55,20,OPENING_OR_UNRESOLVED_OPENING_AUCTION,UNCHANGED,0,0.0,1,OPEN,0.0,SHORT,0.0,0.0,0.0,0.0,1.0,0.0,0.6631553561272644,0.3263107122511256,0.4608835963029783,2,0.0,-0.3062257699134421,-1.2686230248306998,0.3561470215462611,0,1,0,27147.0,55.375,,,,False,FRESH,,,,,False,False,False,False,False,False,False,False,False,False,False,False
2026-04-29 09:40:44,2026-04-29 09:40:00,2026-04-29 09:35:00,NQ,BALANCE_STRUCTURE,ROTATION_ILLIQUID,TrendDown,EARLY_TEST,TRANSITION,TRANSITION,NONE,50,30,NO_CLEAR_STAGE_C_ALIGNMENT,UNCHANGED,0,-0.892,1,OPEN,14.08,NONE,0.3177570093457944,0.0,-0.5862068965517241,0.0,1.0,0.0,0.9999998648854762,0.9999997297713504,1.6390706310035611e-06,2,0.0,0.3426018471281136,-0.5818965517241379,0.1030534351145038,0,1,0,27183.5,58.0,,,,False,FRESH,,,,,False,False,False,False,False,False,False,False,False,False,False,False
2026-04-29 09:40:49,2026-04-29 09:40:00,2026-04-29 09:40:00,NQ,BALANCE_STRUCTURE,ROTATION_ILLIQUID,TrendDown,EARLY_TEST,TRANSITION,TRANSITION,NONE,50,40,NO_CLEAR_STAGE_C_ALIGNMENT,UNCHANGED,0,-0.892,1,OPEN,14.08,NONE,0.3177570093457944,0.0,-0.5862068965517241,0.0,1.0,0.0,0.5075467987345996,0.0150935974682129,0.4999178293793911,3,0.0,0.3426018471281136,-0.5818965517241379,0.1030534351145038,0,1,0,27183.5,58.0,,,,False,FRESH,,,,,False,False,False,False,False,False,False,False,False,False,False,False
2026-04-29 09:45:37,2026-04-29 09:45:00,2026-04-29 09:40:00,NQ,BALANCE_STRUCTURE,ROTATION_ILLIQUID,TrendDown,FIRST_ACCEPTANCE,ROTATION_ILLIQUID,TRANSITION,NONE,62,20,COMPRESSED_BALANCE_LOW_EDGE,PENDING_ROTATION_ILLIQUID_1_OF_2,1,0.608,1,EARLY_AM,29.97,LONG,0.8481012658227848,0.0,0.6457831325301204,0.0,0.0,0.0,0.9929544035650218,0.9859088071303336,0.0302490817537116,3,0.0,0.2486581016420976,-0.708433734939759,0.0848729792147806,0,1,0,27180.5,51.875,,,,False,FRESH,,,,,False,False,False,False,False,False,False,False,False,False,False,False
2026-04-29 09:45:43,2026-04-29 09:45:00,2026-04-29 09:45:00,NQ,BALANCE_STRUCTURE,ROTATION_ILLIQUID,TrendUp,FIRST_ACCEPTANCE,ROTATION_ILLIQUID,ROTATION_ILLIQUID,NONE,62,20,COMPRESSED_BALANCE_LOW_EDGE,LOCKED_AFTER_2_CONFIRMATIONS,0,0.608,2,EARLY_AM,29.97,LONG,0.8481012658227848,0.0,0.6457831325301204,0.0,0.0,0.0,0.8443606894989019,0.6887213789969647,0.3118872898609794,1,0.0,0.2486581016420976,-0.708433734939759,0.0848729792147806,0,1,0,27180.5,51.875,,,,False,FRESH,,,,,False,False,False,False,False,False,False,False,False,False,False,False
2026-04-29 09:47:43,2026-04-27 11:05:00,2026-04-27 11:05:00,NQ,BRACKET_MACRO,ROTATION_ILLIQUID,TrendUp,MID_MORNING_DISCOVERY,TRANSITION,TRANSITION,NONE,50,100,MACRO_STALE_2802.7MIN,UNCHANGED,0,0.0,0,POST_IB_AM,0.0,NONE,0.0,0.0,0.0,0.0,0.0,0.0,0.99993148899788,0.9998629779991718,0.0005232853141934,12,0.0,-0.6331706827849902,-1.353546291283162,0.0083197444174514,0,1,0,27340.0,46.175,,,,True,MACRO_STALE_2802.7MIN,,,,,False,False,False,False,False,False,False,False,False,False,False,False
2026-04-29 09:47:44,2026-04-29 09:45:00,2026-04-29 09:45:00,NQ,BALANCE_STRUCTURE,ROTATION_ILLIQUID,TrendUp,FIRST_ACCEPTANCE,ROTATION_ILLIQUID,TRANSITION,NONE,62,20,COMPRESSED_BALANCE_LOW_EDGE,PENDING_ROTATION_ILLIQUID_1_OF_2,1,0.0,0,EARLY_AM,28.84,LONG,0.8481012658227848,0.0,0.5955555555555555,0.0,0.0,0.0,0.9431886578874268,0.8863773157727033,0.1573274407111961,1,0.0,0.2293180270699344,-0.6533333333333333,0.0848729792147806,0,1,0,27180.5,56.25,,,,False,FRESH,,,,,False,False,False,False,False,False,False,False,False,False,False,False
2026-04-29 09:50:49,2026-04-29 09:50:00,2026-04-29 09:45:00,NQ,BALANCE_STRUCTURE,ROTATION_ILLIQUID,TrendDown,EARLY_CONTINUATION,ROTATION_ILLIQUID,ROTATION_ILLIQUID,NONE,62,20,COMPRESSED_BALANCE_LOW_EDGE,LOCKED_AFTER_2_CONFIRMATIONS,0,0.0,0,EARLY_AM,36.1,NONE,1.0,0.3378684807256236,-0.0653266331658291,0.0,0.0,0.0,0.722868522287227,0.4457370445735184,0.4257563719339579,4,0.0,0.2244716849540484,-0.7437185929648241,0.0677345537757437,0,1,0,27180.25,49.75,,,,False,FRESH,,,,,False,False,False,False,False,False,False,False,False,False,False,False
2026-04-29 09:50:59,2026-04-29 09:50:00,2026-04-29 09:50:00,NQ,BALANCE_STRUCTURE,ROTATION_ILLIQUID,TrendUp,EARLY_CONTINUATION,ROTATION_ILLIQUID,ROTATION_ILLIQUID,NONE,62,20,COMPRESSED_BALANCE_LOW_EDGE,UNCHANGED,0,0.0,1,EARLY_AM,36.1,NONE,1.0,0.3378684807256236,-0.0653266331658291,0.0,0.0,0.0,0.9925563688398223,0.985112737680817,0.0316618198693265,2,0.0,0.2244716849540484,-0.7437185929648241,0.0677345537757437,0,1,0,27180.25,49.75,,,,False,FRESH,,,,,False,False,False,False,False,False,False,False,False,False,False,False
2026-04-29 09:56:50,2026-04-29 09:55:00,2026-04-29 09:55:00,NQ,BALANCE_STRUCTURE,ROTATION_ILLIQUID,TrendUp,EARLY_CONTINUATION,TRANSITION,TRANSITION,NONE,50,30,NO_CLEAR_STAGE_C_ALIGNMENT,LOCKED_IMMEDIATE,0,0.877,1,EARLY_AM,49.32,LONG,0.9891891891891892,0.924198250728863,0.9051937345424568,0.0,1.0,0.0,0.7461318839095366,0.4922637678210206,0.4086757883556608,1,0.0,0.9978700409043184,0.178070898598516,0.0130861504907306,0,1,0,27226.25,50.54166666666666,,,,False,FRESH,,,,,False,False,False,False,False,False,False,False,False,False,False,False
2026-04-29 10:01:20,2026-04-29 10:00:00,2026-04-29 09:55:00,NQ,BALANCE_STRUCTURE,ROTATION_ILLIQUID,TrendDown,PRE_DECISION,TRANSITION,TRANSITION,NONE,50,30,NO_CLEAR_STAGE_C_ALIGNMENT,UNCHANGED,0,0.825,2,EARLY_AM,44.53,LONG,0.7692307692307693,0.665158371040724,0.8846761453396524,5.0,2.0,0.0,0.856030946073667,0.712061892145891,0.2972698796823263,6,0.0,0.8593731055775828,0.0663507109004739,0.0040147206423553,0,1,0,27220.25,45.21428571428572,,,,False,FRESH,,,,,False,False,False,False,False,False,False,False,False,False,False,False
2026-04-29 10:01:29,2026-04-29 10:00:00,2026-04-29 10:00:00,NQ,BALANCE_STRUCTURE,ROTATION_ILLIQUID,TrendUp,PRE_DECISION,TRANSITION,TRANSITION,NONE,50,50,NO_CLEAR_STAGE_C_ALIGNMENT,UNCHANGED,0,0.825,3,EARLY_AM,44.53,LONG,0.7692307692307693,0.665158371040724,0.8846761453396524,5.0,2.0,0.0,0.9130967286774712,0.8261934573561279,0.2130239944559394,2,0.0,0.8593731055775828,0.0663507109004739,0.0040147206423553,0,1,0,27220.25,45.21428571428572,,,,False,FRESH,,,,,False,False,False,False,False,False,False,False,False,False,False,False
2026-04-29 10:05:49,2026-04-29 10:05:00,2026-04-29 10:00:00,NQ,BALANCE_STRUCTURE,ROTATION_ILLIQUID,TrendDown,END_FIRST_WINDOW,ROTATION_ILLIQUID,TRANSITION,NONE,62,20,COMPRESSED_BALANCE_LOW_EDGE,PENDING_ROTATION_ILLIQUID_1_OF_2,1,-0.508,2,EARLY_AM,45.17,NONE,1.0,0.3096085409252669,-0.5210312075983717,10.0,3.0,0.0,0.9419009263056018,0.8838018526136966,0.1599261356357511,7,0.0,0.4104043128229697,-0.3256445047489824,0.017688679245283,0,1,0,27202.25,46.0625,,,,False,FRESH,,,,,False,False,False,False,False,False,False,False,False,False,False,False
2026-04-29 10:05:58,2026-04-29 10:05:00,2026-04-29 10:05:00,NQ,BALANCE_STRUCTURE,ROTATION_ILLIQUID,TrendUp,END_FIRST_WINDOW,ROTATION_ILLIQUID,ROTATION_ILLIQUID,NONE,62,40,COMPRESSED_BALANCE_LOW_EDGE,LOCKED_AFTER_2_CONFIRMATIONS,0,-0.508,3,EARLY_AM,45.17,NONE,1.0,0.3096085409252669,-0.5210312075983717,10.0,3.0,0.0,0.9774518370343496,0.9549036740718356,0.0777590606685195,1,0.0,0.4104043128229697,-0.3256445047489824,0.017688679245283,0,1,0,27202.25,46.0625,,,,False,FRESH,,,,,False,False,False,False,False,False,False,False,False,False,False,False
2026-04-29 10:10:18,2026-03-24 09:35:00,2026-03-24 09:35:00,NQ,OPENING_AUCTION,ROTATION_ILLIQUID,TrendUp,OPENING_AUCTION,TRANSITION,TRANSITION,NONE,50,100,MACRO_STALE_51875.3MIN,UNCHANGED,0,0.0,0,OPEN,0.0,SHORT,0.0,0.0,0.0,0.0,0.0,0.0,0.9985616369768952,0.9971232739542696,0.0078268620468802,2,0.0,-0.0805227476228808,-0.1063829787234042,0.03003003003003,0,1,0,24357.75,23.5,,,,True,MACRO_STALE_51875.3MIN,,,,,False,False,False,False,False,False,False,False,False,False,False,False
2026-04-29 10:10:20,2026-04-29 10:05:00,2026-04-29 10:05:00,NQ,BALANCE_STRUCTURE,ROTATION_ILLIQUID,TrendUp,END_FIRST_WINDOW,ROTATION_ILLIQUID,TRANSITION,NONE,62,20,COMPRESSED_BALANCE_LOW_EDGE,PENDING_ROTATION_ILLIQUID_1_OF_2,1,0.0,0,EARLY_AM,44.5,NONE,1.0,0.3096085409252669,-0.4964447317388494,10.0,3.0,0.0,0.9482555477103652,0.8965110954217448,0.1468807754489906,1,0.0,0.391038110601847,-0.3102779573367809,0.017688679245283,0,1,0,27202.25,48.34375,,,,False,FRESH,,,,,False,False,False,False,False,False,False,False,False,False,False,False
2026-04-29 10:11:49,2026-04-29 10:10:00,2026-04-29 10:10:00,NQ,BRACKET_MACRO,ROTATION_ILLIQUID,TrendUp,PRE_IB_MATURATION,ROTATION_ILLIQUID,ROTATION_ILLIQUID,NONE,62,20,COMPRESSED_BALANCE_LOW_EDGE,LOCKED_AFTER_2_CONFIRMATIONS,0,0.0,0,EARLY_AM,33.97,NONE,1.0,0.0952380952380952,-0.7164179104477613,0.0,0.0,0.0,0.9822272242173404,0.9644544484374244,0.0643728626099415,2,0.0,0.0920429726736088,-0.6492537313432836,0.0310243380583043,0,1,0,27188.25,44.66666666666666,,,,False,FRESH,,,,,False,False,False,False,False,False,False,False,False,False,False,False
2026-04-29 10:16:19,2026-04-27 14:35:00,2026-04-27 14:35:00,NQ,MEAN_REVERSION_MACRO,ROTATION_ILLIQUID,TrendUp,AFTERNOON_TREND_TEST,TRANSITION,TRANSITION,NONE,50,100,MACRO_STALE_2621.3MIN,UNCHANGED,0,0.0,0,PM,28.93,NONE,0.5,0.0120481927710843,-0.3295880149812734,140.0,15.0,50.0,0.9998957873639605,0.9997915747283236,0.000764441473586,15,0.0,2.9313334566532294,1.303370786516854,0.0056434872859366,1,1,0,27424.25,16.6875,,,,True,MACRO_STALE_2621.3MIN,,,,,False,False,False,False,False,False,False,False,False,False,False,False
2026-04-29 10:16:20,2026-04-29 10:15:00,2026-04-29 10:10:00,NQ,BRACKET_MACRO,ROTATION_ILLIQUID,TrendUp,PRE_IB_MATURATION,TRANSITION,TRANSITION,NONE,50,20,NO_CLEAR_STAGE_C_ALIGNMENT,UNCHANGED,0,0.0,0,EARLY_AM,12.83,LONG,0.3170731707317073,0.1692307692307692,0.2966343411294923,0.0,1.0,0.0,0.9705474906334752,0.9410949812693136,0.0958193725005501,2,0.0,0.6839283984855743,-0.0456360524814603,0.0019792182088075,0,1,0,27215.25,43.825,,,,False,FRESH,,,,,False,False,False,False,False,False,False,False,False,False,False,False
2026-04-29 10:16:28,2026-04-29 10:15:00,2026-04-29 10:15:00,NQ,BRACKET_MACRO,ROTATION_ILLIQUID,TrendUp,PRE_IB_MATURATION,TRANSITION,TRANSITION,NONE,50,20,NO_CLEAR_STAGE_C_ALIGNMENT,UNCHANGED,0,0.0,0,EARLY_AM,12.83,LONG,0.3170731707317073,0.1692307692307692,0.2966343411294923,0.0,1.0,0.0,0.999341270022074,0.9986825400431067,0.0039557541955647,3,0.0,0.6839283984855743,-0.0456360524814603,0.0019792182088075,0,1,0,27215.25,43.825,,,,False,FRESH,,,,,False,False,False,False,False,False,False,False,False,False,False,False
2026-04-29 10:20:50,2026-04-29 10:20:00,2026-04-29 10:15:00,NQ,BRACKET_MACRO,ROTATION_ILLIQUID,TrendUp,PRE_IB_MATURATION,TRANSITION,TRANSITION,NONE,50,20,NO_CLEAR_STAGE_C_ALIGNMENT,UNCHANGED,0,0.0,0,EARLY_AM,49.59,LONG,1.0,0.0229007633587786,0.8015225666122893,5.0,2.0,0.0,0.9985664651623908,0.9971329303257116,0.007804068887717,3,0.0,0.8278348155931061,0.1076672104404567,0.00421151146467,0,1,0,27221.75,41.79545454545455,,,,False,FRESH,,,,,False,False,False,False,False,False,False,False,False,False,False,False
2026-04-29 10:21:00,2026-04-29 10:20:00,2026-04-29 10:20:00,NQ,BRACKET_MACRO,ROTATION_ILLIQUID,TrendUp,PRE_IB_MATURATION,TRANSITION,TRANSITION,NONE,50,20,NO_CLEAR_STAGE_C_ALIGNMENT,UNCHANGED,0,0.0,0,EARLY_AM,49.59,LONG,1.0,0.0229007633587786,0.8015225666122893,5.0,2.0,0.0,0.9965249254370604,0.993049850872609,0.0166958667254099,4,0.0,0.8278348155931061,0.1076672104404567,0.00421151146467,0,1,0,27221.75,41.79545454545455,,,,False,FRESH,,,,,False,False,False,False,False,False,False,False,False,False,False,False
2026-04-29 10:26:51,2026-04-29 10:25:00,2026-04-29 10:25:00,NQ,BRACKET_MACRO,ROTATION_ILLIQUID,TrendUp,NEAR_IB_CONDITION,TREND_COMPRESSION,TREND_COMPRESSION,LONG,68,10,DEVELOPING_INITIATIVE_PHASE_AWARE,LOCKED_IMMEDIATE,0,0.672,0,EARLY_AM,68.94,LONG,1.0,0.5971223021582733,0.6843421710855427,10.0,3.0,0.0,0.9994319052155732,0.9988638104290494,0.0034721572389331,5,0.0,1.2969469149329564,0.6363181590795397,0.0233428760184981,0,1,1,27243.75,41.645833333333336,,,,False,FRESH,,,,,True,False,True,False,False,False,True,False,True,False,True,False
2026-04-29 10:28:23,2026-04-27 11:05:00,2026-04-27 11:05:00,NQ,BRACKET_MACRO,ROTATION_ILLIQUID,TrendUp,MID_MORNING_DISCOVERY,TRANSITION,TRANSITION,NONE,50,100,MACRO_STALE_2843.4MIN,UNCHANGED,0,0.0,0,POST_IB_AM,0.0,NONE,0.0,0.0,0.0,0.0,0.0,0.0,0.99993148899788,0.9998629779991718,0.0005232853141934,12,0.0,-0.6331706827849902,-1.353546291283162,0.0083197444174514,0,1,0,27340.0,46.175,,,,True,MACRO_STALE_2843.4MIN,,,,,False,False,False,False,False,False,False,False,False,False,False,False
2026-04-29 10:28:24,2026-04-29 10:25:00,2026-04-29 10:25:00,NQ,BRACKET_MACRO,ROTATION_ILLIQUID,TrendUp,NEAR_IB_CONDITION,TREND_COMPRESSION,TREND_COMPRESSION,LONG,68,0,DEVELOPING_INITIATIVE_PHASE_AWARE,LOCKED_IMMEDIATE,0,0.0,0,EARLY_AM,68.8,LONG,1.0,0.5971223021582733,0.6792452830188679,10.0,3.0,0.0,0.9991158846310756,0.998231769264855,0.0051214746918216,5,0.0,1.2872874294692056,0.631578947368421,0.0233428760184981,0,1,1,27243.75,41.958333333333336,,,,False,FRESH,,,,,True,False,True,False,False,False,True,False,True,False,True,False
2026-04-29 10:31:24,2026-04-29 10:30:00,2026-04-29 10:25:00,NQ,BRACKET_MACRO,ROTATION_ILLIQUID,TrendDown,NEAR_IB_CONDITION,TREND_COMPRESSION,TREND_COMPRESSION,LONG,71,20,DEVELOPING_INITIATIVE_PHASE_AWARE,UNCHANGED,0,0.0,0,EARLY_AM,74.5,LONG,1.0,1.0,1.1470588235294117,15.0,4.0,0.0,0.6979114655099201,0.3958229310230025,0.4419144722013413,1,0.0,1.7881881506401822,1.2563025210084031,0.0425225965488907,0,1,1,27269.0,41.19230769230769,,,,False,FRESH,,,,,True,False,True,False,False,False,True,False,True,False,True,False
2026-04-29 10:31:32,2026-04-29 10:30:00,2026-04-29 10:30:00,NQ,BRACKET_MACRO,ROTATION_ILLIQUID,TrendUp,NEAR_IB_CONDITION,TREND_COMPRESSION,TREND_COMPRESSION,LONG,71,0,DEVELOPING_INITIATIVE_PHASE_AWARE,UNCHANGED,0,0.0,1,EARLY_AM,74.5,LONG,1.0,1.0,1.1470588235294117,15.0,4.0,0.0,0.770923820409235,0.5418476408151334,0.3881986988288298,6,0.0,1.7881881506401822,1.2563025210084031,0.0425225965488907,0,1,1,27269.0,41.19230769230769,,,,False,FRESH,,,,,True,False,True,False,False,False,True,False,True,False,True,False
2026-04-29 10:35:55,2026-04-29 10:35:00,2026-04-29 10:30:00,NQ,BRACKET_MACRO,ROTATION_ILLIQUID,TrendDown,POST_IB_MACRO,TREND_COMPRESSION,TREND_COMPRESSION,LONG,75,30,DEVELOPING_INITIATIVE_PHASE_AWARE,UNCHANGED,0,1.019,0,POST_IB_AM,80.67,LONG,1.0,1.0,1.036123348017621,20.0,5.0,0.0,0.757458458430798,0.5149169168585616,0.3996206449677131,2,0.0572831423895253,2.078779296994136,1.6898678414096917,0.0528753377074488,0,1,1,27285.75,40.535714285714285,,,,False,FRESH,,,,,True,False,True,False,False,False,True,False,True,False,True,False
2026-04-29 10:36:03,2026-04-29 10:35:00,2026-04-29 10:35:00,NQ,BRACKET_MACRO,ROTATION_ILLIQUID,TrendUp,POST_IB_MACRO,TREND_COMPRESSION,TREND_COMPRESSION,LONG,75,10,DEVELOPING_INITIATIVE_PHASE_AWARE,UNCHANGED,0,1.019,1,POST_IB_AM,80.67,LONG,1.0,1.0,1.036123348017621,20.0,5.0,0.0,0.8378446901223872,0.6756893802444401,0.319720448786019,7,0.0572831423895253,2.078779296994136,1.6898678414096917,0.0528753377074488,0,1,1,27285.75,40.535714285714285,,,,False,FRESH,,,,,True,False,True,False,False,False,True,False,True,False,True,False
2026-04-29 10:41:58,2026-03-09 12:25:00,2026-03-09 12:25:00,NQ,BRACKET_MACRO,ROTATION_ILLIQUID,TrendUp,LUNCH_AUCTION,TRANSITION,TRANSITION,NONE,50,100,MACRO_STALE_73337.0MIN,UNCHANGED,0,0.0,0,LUNCH,64.0,LONG,1.0,1.0,1.103665746945211,20.0,3.0,0.0,0.9999206115617496,0.999841223121098,0.00059792790375,10,0.0,1.4553901021171076,1.5530153724871896,0.0167988402831073,0,1,0,24453.75,31.7125,,,,True,MACRO_STALE_73337.0MIN,,,,,False,False,False,False,False,False,False,False,False,False,False,False
2026-04-29 10:42:00,2026-04-29 10:35:00,2026-04-29 10:35:00,NQ,BRACKET_MACRO,ROTATION_ILLIQUID,TrendDown,POST_IB_MACRO,TREND_COMPRESSION,TREND_COMPRESSION,LONG,75,20,DEVELOPING_INITIATIVE_PHASE_AWARE,LOCKED_IMMEDIATE,0,0.0,0,POST_IB_AM,80.67,LONG,1.0,1.0,0.9903157894736844,20.0,5.0,0.0,0.8743435354592279,0.7486870709190757,0.2727022671241356,3,0.0572831423895253,1.9868753701796584,1.615157894736842,0.0528753377074488,0,1,1,27285.75,42.410714285714285,,,,False,FRESH,,,,,True,False,True,False,False,False,True,False,True,False,True,False
2026-04-29 10:45:00,2026-03-09 12:25:00,2026-03-09 12:25:00,NQ,BRACKET_MACRO,ROTATION_ILLIQUID,TrendUp,LUNCH_AUCTION,TRANSITION,TRANSITION,NONE,50,100,MACRO_STALE_73340.0MIN,UNCHANGED,0,0.0,0,LUNCH,64.0,LONG,1.0,1.0,1.103665746945211,20.0,3.0,0.0,0.9999206115617496,0.999841223121098,0.00059792790375,10,0.0,1.4553901021171076,1.5530153724871896,0.0167988402831073,0,1,0,24453.75,31.7125,,,,True,MACRO_STALE_73340.0MIN,,,,,False,False,False,False,False,False,False,False,False,False,False,False
2026-04-29 10:45:02,2026-04-29 10:35:00,2026-04-29 10:35:00,NQ,BRACKET_MACRO,ROTATION_ILLIQUID,TrendDown,POST_IB_MACRO,TREND_COMPRESSION,TREND_COMPRESSION,LONG,75,20,DEVELOPING_INITIATIVE_PHASE_AWARE,LOCKED_IMMEDIATE,0,0.0,0,POST_IB_AM,80.67,LONG,1.0,1.0,0.9903157894736844,20.0,5.0,0.0,0.8848807452097942,0.7697614904166241,0.2575833217712033,3,0.0572831423895253,1.9868753701796584,1.615157894736842,0.0528753377074488,0,1,1,27285.75,42.410714285714285,,,,False,FRESH,,,,,True,False,True,False,False,False,True,False,True,False,True,False
2026-04-29 10:46:31,2026-03-09 12:25:00,2026-03-09 12:25:00,NQ,BRACKET_MACRO,ROTATION_ILLIQUID,TrendUp,LUNCH_AUCTION,TRANSITION,TRANSITION,NONE,50,100,MACRO_STALE_73341.5MIN,UNCHANGED,0,0.0,0,LUNCH,64.0,LONG,1.0,1.0,1.103665746945211,20.0,3.0,0.0,0.9999206115617496,0.999841223121098,0.00059792790375,10,0.0,1.4553901021171076,1.5530153724871896,0.0167988402831073,0,1,0,24453.75,31.7125,,,,True,MACRO_STALE_73341.5MIN,,,,,False,False,False,False,False,False,False,False,False,False,False,False
2026-04-29 10:46:33,2026-04-29 10:45:00,2026-04-29 10:45:00,NQ,BRACKET_MACRO,ROTATION_ILLIQUID,TrendUp,POST_IB_MACRO,TREND_COMPRESSION,TREND_COMPRESSION,LONG,76,0,DEVELOPING_INITIATIVE_PHASE_AWARE,LOCKED_IMMEDIATE,0,0.0,0,POST_IB_AM,82.2,LONG,1.0,1.0,0.903325599381284,30.0,6.0,0.0,0.9996799915952268,0.9993599831902364,0.0020883855328008,2,0.1865793780687397,2.273884020262176,2.184068058778036,0.0609987903922585,0,1,1,27305.5,40.40625,,,,False,FRESH,,,,,True,False,True,False,False,False,True,False,True,False,True,False
2026-04-29 10:55:39,2026-04-29 10:55:00,2026-04-29 10:50:00,NQ,BRACKET_MACRO,ROTATION_ILLIQUID,TrendUp,POST_IB_MACRO,TREND_COMPRESSION,TREND_COMPRESSION,LONG,74,0,DEVELOPING_INITIATIVE_PHASE_AWARE,UNCHANGED,0,0.0,0,POST_IB_AM,78.71,LONG,0.6989247311827957,0.89272030651341,0.4265402843601896,40.0,7.0,0.0,0.9995960308546352,0.9991920617120084,0.0025684097311137,3,0.1636661211129296,2.1602447817240304,2.224571636893912,0.0538693786747179,0,1,1,27302.0,38.09722222222222,,,,False,FRESH,,,,,True,False,True,False,False,False,True,False,True,False,True,False
2026-04-29 10:55:48,2026-04-29 10:55:00,2026-04-29 10:55:00,NQ,BRACKET_MACRO,ROTATION_ILLIQUID,TrendUp,POST_IB_MACRO,TREND_COMPRESSION,TREND_COMPRESSION,LONG,74,0,DEVELOPING_INITIATIVE_PHASE_AWARE,UNCHANGED,0,0.0,0,POST_IB_AM,78.71,LONG,0.6989247311827957,0.89272030651341,0.4265402843601896,40.0,7.0,0.0,0.9998088048189075,0.9996176096353308,0.0013187901250963,4,0.1636661211129296,2.1602447817240304,2.224571636893912,0.0538693786747179,0,1,1,27302.0,38.09722222222222,,,,False,FRESH,,,,,True,False,True,False,False,False,True,False,True,False,True,False
2026-04-29 11:06:17,2026-04-29 11:05:00,2026-04-29 11:00:00,NQ,BRACKET_MACRO,ROTATION_ILLIQUID,TrendUp,MID_MORNING_DISCOVERY,TREND_COMPRESSION,TREND_COMPRESSION,LONG,66,0,MICRO_TREND_INSIDE_MACRO_STRUCTURE,UNCHANGED,0,-0.553,0,POST_IB_AM,72.97,NONE,1.0,0.264069264069264,-0.5786249149081008,50.0,8.0,0.0,0.9997245415085608,0.9994490830147752,0.0018274431226187,5,0.0474631751227495,1.618809919792685,1.8243703199455408,0.039504716981132,0,1,1,27284.25,36.725,,,,False,FRESH,,,,,True,False,True,False,False,False,True,False,True,False,True,False
2026-04-29 11:06:26,2026-04-29 11:05:00,2026-04-29 11:05:00,NQ,BRACKET_MACRO,ROTATION_ILLIQUID,TrendUp,MID_MORNING_DISCOVERY,TREND_COMPRESSION,TREND_COMPRESSION,LONG,66,0,MICRO_TREND_INSIDE_MACRO_STRUCTURE,UNCHANGED,0,-0.553,0,POST_IB_AM,72.97,NONE,1.0,0.264069264069264,-0.5786249149081008,50.0,8.0,0.0,0.999295975647862,0.998591951292145,0.0041939695763307,6,0.0474631751227495,1.618809919792685,1.8243703199455408,0.039504716981132,0,1,1,27284.25,36.725,,,,False,FRESH,,,,,True,False,True,False,False,False,True,False,True,False,True,False
2026-04-29 11:15:32,2026-04-29 11:15:00,2026-04-29 11:10:00,NQ,BRACKET_MACRO,ROTATION_ILLIQUID,TrendUp,MID_MORNING_DISCOVERY,TRANSITION,TRANSITION,NONE,50,30,NO_CLEAR_STAGE_C_ALIGNMENT,LOCKED_IMMEDIATE,0,-1.997,0,POST_IB_AM,39.22,NONE,1.0,0.58311345646438,-2.194934765924789,0.0,0.0,0.0,0.992837781793506,0.9856755635897464,0.0306646577370378,7,0.0,0.1049279125758639,0.4067536454336147,0.0072513339718155,0,1,0,27230.5,32.575,,,,False,FRESH,,,,,False,False,False,False,False,False,False,False,False,False,False,False
2026-04-29 11:15:41,2026-04-29 11:15:00,2026-04-29 11:15:00,NQ,BRACKET_MACRO,ROTATION_ILLIQUID,TrendDown,MID_MORNING_DISCOVERY,TRANSITION,TRANSITION,NONE,50,30,NO_CLEAR_STAGE_C_ALIGNMENT,UNCHANGED,0,-1.997,1,POST_IB_AM,39.22,NONE,1.0,0.58311345646438,-2.194934765924789,0.0,0.0,0.0,0.9740044538402832,0.9480089076824596,0.0869469173101302,2,0.0,0.1049279125758639,0.4067536454336147,0.0072513339718155,0,1,0,27230.5,32.575,,,,False,FRESH,,,,,False,False,False,False,False,False,False,False,False,False,False,False
2026-04-29 11:18:35,2026-04-27 11:05:00,2026-04-27 11:05:00,NQ,BRACKET_MACRO,ROTATION_ILLIQUID,TrendUp,MID_MORNING_DISCOVERY,TRANSITION,TRANSITION,NONE,50,100,MACRO_STALE_2893.6MIN,UNCHANGED,0,0.0,0,POST_IB_AM,0.0,NONE,0.0,0.0,0.0,0.0,0.0,0.0,0.99993148899788,0.9998629779991718,0.0005232853141934,12,0.0,-0.6331706827849902,-1.353546291283162,0.0083197444174514,0,1,0,27340.0,46.175,,,,True,MACRO_STALE_2893.6MIN,,,,,False,False,False,False,False,False,False,False,False,False,False,False
2026-04-29 11:18:36,2026-04-29 11:15:00,2026-04-29 11:15:00,NQ,BRACKET_MACRO,ROTATION_ILLIQUID,TrendDown,MID_MORNING_DISCOVERY,ROTATION_ILLIQUID,TRANSITION,NONE,62,20,COMPRESSED_BALANCE_LOW_EDGE,PENDING_ROTATION_ILLIQUID_1_OF_2,1,0.0,0,POST_IB_AM,39.17,NONE,1.0,0.58311345646438,-2.089116143170197,0.0,0.0,0.0,0.8799892847102329,0.7599785694204813,0.2646958326362866,2,0.0,0.0998692988212933,0.3871439006574141,0.0072513339718155,0,1,0,27230.5,34.225,,,,False,FRESH,,,,,False,False,False,False,False,False,False,False,False,False,False,False
2026-04-29 11:20:05,2026-02-13 14:55:00,2026-02-13 14:55:00,NQ,BRACKET_MACRO,ROTATION_LIQUID,TrendDown,AFTERNOON_TREND_TEST,TRANSITION,TRANSITION,NONE,50,100,MACRO_STALE_107785.1MIN,UNCHANGED,0,0.0,0,PM,17.01,LONG,0.5675675675675675,0.2883435582822086,0.137863121614968,0.0,0.0,0.79,0.9999998062048876,0.9999996124112512,2.3004933832907835e-06,25,0.5979381443298969,0.0148397987943572,-0.8829804693911046,0.0114805172634543,0,1,0,24730.5,76.1625,,,,True,MACRO_STALE_107785.1MIN,,,,,False,False,False,False,False,False,False,False,False,False,False,False
2026-04-29 11:20:06,2026-04-29 11:15:00,2026-04-29 11:15:00,NQ,BRACKET_MACRO,ROTATION_ILLIQUID,TrendDown,MID_MORNING_DISCOVERY,ROTATION_ILLIQUID,TRANSITION,NONE,62,20,COMPRESSED_BALANCE_LOW_EDGE,PENDING_ROTATION_ILLIQUID_1_OF_2,1,0.0,0,POST_IB_AM,39.16,NONE,1.0,0.58311345646438,-2.0868296242247357,0.0,0.0,0.0,0.9797720576893976,0.9595441153817686,0.0713592336592113,2,0.0,0.0997599927663996,0.3867201751185698,0.0072513339718155,0,1,0,27230.5,34.2625,,,,False,FRESH,,,,,False,False,False,False,False,False,False,False,False,False,False,False
2026-04-29 11:23:07,2026-03-09 12:25:00,2026-03-09 12:25:00,NQ,BRACKET_MACRO,ROTATION_ILLIQUID,TrendUp,LUNCH_AUCTION,TRANSITION,TRANSITION,NONE,50,100,MACRO_STALE_73378.1MIN,UNCHANGED,0,0.0,0,LUNCH,64.0,LONG,1.0,1.0,1.103665746945211,20.0,3.0,0.0,0.9999206115617496,0.999841223121098,0.00059792790375,10,0.0,1.4553901021171076,1.5530153724871896,0.0167988402831073,0,1,0,24453.75,31.7125,,,,True,MACRO_STALE_73378.1MIN,,,,,False,False,False,False,False,False,False,False,False,False,False,False
2026-04-29 11:23:08,2026-04-29 11:15:00,2026-04-29 11:15:00,NQ,BRACKET_MACRO,ROTATION_ILLIQUID,TrendDown,MID_MORNING_DISCOVERY,ROTATION_ILLIQUID,TRANSITION,NONE,62,20,COMPRESSED_BALANCE_LOW_EDGE,PENDING_ROTATION_ILLIQUID_1_OF_2,1,0.0,0,POST_IB_AM,39.16,NONE,1.0,0.58311345646438,-2.0868296242247357,0.0,0.0,0.0,0.8343481602102517,0.6686963204216809,0.3238303545202164,2,0.0,0.0997599927663996,0.3867201751185698,0.0072513339718155,0,1,0,27230.5,34.2625,,,,False,FRESH,,,,,False,False,False,False,False,False,False,False,False,False,False,False
2026-04-29 11:24:39,2026-04-27 11:05:00,2026-04-27 11:05:00,NQ,BRACKET_MACRO,ROTATION_ILLIQUID,TrendUp,MID_MORNING_DISCOVERY,TRANSITION,TRANSITION,NONE,50,100,MACRO_STALE_2899.6MIN,UNCHANGED,0,0.0,0,POST_IB_AM,0.0,NONE,0.0,0.0,0.0,0.0,0.0,0.0,0.99993148899788,0.9998629779991718,0.0005232853141934,12,0.0,-0.6331706827849902,-1.353546291283162,0.0083197444174514,0,1,0,27340.0,46.175,,,,True,MACRO_STALE_2899.6MIN,,,,,False,False,False,False,False,False,False,False,False,False,False,False
2026-04-29 11:24:40,2026-04-29 11:15:00,2026-04-29 11:15:00,NQ,BRACKET_MACRO,ROTATION_ILLIQUID,TrendDown,MID_MORNING_DISCOVERY,ROTATION_ILLIQUID,TRANSITION,NONE,62,20,COMPRESSED_BALANCE_LOW_EDGE,PENDING_ROTATION_ILLIQUID_1_OF_2,1,0.0,0,POST_IB_AM,39.16,NONE,1.0,0.58311345646438,-2.0868296242247357,0.0,0.0,0.0,0.8368820982184149,0.6737641964381347,0.3208583305351833,2,0.0,0.0997599927663996,0.3867201751185698,0.0072513339718155,0,1,0,27230.5,34.2625,,,,False,FRESH,,,,,False,False,False,False,False,False,False,False,False,False,False,False
2026-04-29 11:26:09,2026-04-29 11:25:00,2026-04-29 11:20:00,NQ,BRACKET_MACRO,ROTATION_ILLIQUID,TrendUp,MID_MORNING_DISCOVERY,TREND_COMPRESSION,TREND_COMPRESSION,LONG,66,0,MICRO_TREND_INSIDE_MACRO_STRUCTURE,LOCKED_IMMEDIATE,0,0.0,1,POST_IB_AM,38.15,NONE,0.2011173184357542,0.3544018058690745,-0.5585725368502715,0.0,1.0,0.0,0.9718388391556928,0.9436776783121672,0.092542320001388,1,0.0,1.1585964808872102,1.5205585725368502,0.0250575300434671,0,1,1,27266.25,32.225,,,,False,FRESH,,,,,True,False,True,False,False,False,True,False,True,False,True,False
2026-04-29 11:26:18,2026-04-29 11:25:00,2026-04-29 11:25:00,NQ,BRACKET_MACRO,ROTATION_ILLIQUID,TrendUp,MID_MORNING_DISCOVERY,TREND_COMPRESSION,TREND_COMPRESSION,LONG,66,0,MICRO_TREND_INSIDE_MACRO_STRUCTURE,UNCHANGED,0,0.0,1,POST_IB_AM,38.15,NONE,0.2011173184357542,0.3544018058690745,-0.5585725368502715,0.0,1.0,0.0,0.99647804959651,0.9929560991954536,0.0168869794508252,2,0.0,1.1585964808872102,1.5205585725368502,0.0250575300434671,0,1,1,27266.25,32.225,,,,False,FRESH,,,,,True,False,True,False,False,False,True,False,True,False,True,False
2026-04-29 11:36:46,2026-03-09 12:25:00,2026-03-09 12:25:00,NQ,BRACKET_MACRO,ROTATION_ILLIQUID,TrendUp,LUNCH_AUCTION,TRANSITION,TRANSITION,NONE,50,100,MACRO_STALE_73391.8MIN,UNCHANGED,0,0.0,0,LUNCH,64.0,LONG,1.0,1.0,1.103665746945211,20.0,3.0,0.0,0.9999206115617496,0.999841223121098,0.00059792790375,10,0.0,1.4553901021171076,1.5530153724871896,0.0167988402831073,0,1,0,24453.75,31.7125,,,,True,MACRO_STALE_73391.8MIN,,,,,False,False,False,False,False,False,False,False,False,False,False,False
2026-04-29 11:36:47,2026-04-29 11:35:00,2026-04-29 11:35:00,NQ,BRACKET_MACRO,ROTATION_ILLIQUID,TrendUp,MID_MORNING_DISCOVERY,TREND_COMPRESSION,TREND_COMPRESSION,LONG,68,0,DEVELOPING_INITIATIVE_PHASE_AWARE,LOCKED_IMMEDIATE,0,0.0,0,POST_IB_AM,69.75,LONG,1.0,0.1193737769080234,1.7828843106180663,10.0,2.0,0.0,0.9997111808657186,0.999422361731481,0.0019062110136261,4,0.0638297872340425,1.7361832625497753,2.202852614896989,0.0330991784736278,0,1,1,27286.75,31.55,,,,False,FRESH,,,,,True,False,True,False,False,False,True,False,True,False,True,False
2026-04-29 11:45:51,2026-04-29 11:45:00,2026-04-29 11:40:00,NQ,BRACKET_MACRO,ROTATION_ILLIQUID,TrendUp,MID_MORNING_DISCOVERY,TREND_COMPRESSION,TREND_COMPRESSION,LONG,66,0,MICRO_TREND_INSIDE_MACRO_STRUCTURE,UNCHANGED,0,0.0,0,POST_IB_AM,51.38,LONG,0.4017094017094017,0.0526315789473684,0.4029147021003,20.0,3.0,0.0,0.9999080320578068,0.9998160641138372,0.0006829143163376,5,0.0065466448445171,1.502732870839158,2.083154736390913,0.0274762550881953,0,1,1,27278.0,29.1625,,,,False,FRESH,,,,,True,False,True,False,False,False,True,False,True,False,True,False
2026-04-29 11:46:00,2026-04-29 11:45:00,2026-04-29 11:45:00,NQ,BRACKET_MACRO,ROTATION_ILLIQUID,TrendUp,MID_MORNING_DISCOVERY,TREND_COMPRESSION,TREND_COMPRESSION,LONG,66,0,MICRO_TREND_INSIDE_MACRO_STRUCTURE,UNCHANGED,0,0.0,0,POST_IB_AM,51.38,LONG,0.4017094017094017,0.0526315789473684,0.4029147021003,20.0,3.0,0.0,0.9998371874521292,0.9996743749025664,0.0011418921699622,6,0.0065466448445171,1.502732870839158,2.083154736390913,0.0274762550881953,0,1,1,27278.0,29.1625,,,,False,FRESH,,,,,True,False,True,False,False,False,True,False,True,False,True,False
2026-04-29 11:56:28,2026-04-29 11:55:00,2026-04-29 11:50:00,NQ,BRACKET_MACRO,ROTATION_ILLIQUID,TrendDown,MID_MORNING_DISCOVERY,TRANSITION,TRANSITION,NONE,50,30,NO_CLEAR_STAGE_C_ALIGNMENT,LOCKED_IMMEDIATE,0,-2.2,1,POST_IB_AM,44.2,SHORT,1.0,0.0927419354838709,-2.1397552309514407,0.0,1.0,0.0,0.9999999520223366,0.999999904042236,6.178783857412666e-07,1,0.0,-0.5312327197679128,0.0552704303197789,0.0007215750953509,0,1,0,27219.0,31.6625,,,,False,FRESH,,,,,False,False,False,False,False,False,False,False,False,False,False,False
2026-04-29 11:56:37,2026-04-29 11:55:00,2026-04-29 11:55:00,NQ,BRACKET_MACRO,ROTATION_ILLIQUID,TrendDown,MID_MORNING_DISCOVERY,TRANSITION,TRANSITION,NONE,50,30,NO_CLEAR_STAGE_C_ALIGNMENT,UNCHANGED,0,-2.2,1,POST_IB_AM,44.2,SHORT,1.0,0.0927419354838709,-2.1397552309514407,0.0,1.0,0.0,0.7179537802229589,0.4359075604428091,0.4291119844968133,2,0.0,-0.5312327197679128,0.0552704303197789,0.0007215750953509,0,1,0,27219.0,31.6625,,,,False,FRESH,,,,,False,False,False,False,False,False,False,False,False,False,False,False
2026-04-29 12:05:35,2026-04-29 12:05:00,2026-04-29 12:00:00,NQ,BRACKET_MACRO,ROTATION_ILLIQUID,TrendDown,LUNCH_AUCTION,TRANSITION,TRANSITION,NONE,55,55,HIGH_CONFLICT_STAGE_A_B_OR_PRICE_ACTION,UNCHANGED,0,-0.859,1,LUNCH,15.98,NONE,0.2861035422343324,0.1198347107438016,-0.8495145631067962,0.0,1.0,0.0,0.5148760109027631,0.0297520218049264,0.4996806906727853,3,0.0,0.5233892366171841,1.116504854368932,0.013255210834694,0,1,1,27251.75,30.9,,,,False,FRESH,,,,,False,False,False,False,False,False,False,False,False,False,False,False
2026-04-29 12:05:44,2026-04-29 12:05:00,2026-04-29 12:05:00,NQ,BRACKET_MACRO,ROTATION_ILLIQUID,TrendUp,LUNCH_AUCTION,TREND_COMPRESSION,TREND_COMPRESSION,LONG,66,25,MICRO_TREND_INSIDE_MACRO_STRUCTURE,LOCKED_IMMEDIATE,0,-0.859,2,LUNCH,15.98,NONE,0.2861035422343324,0.1198347107438016,-0.8495145631067962,0.0,1.0,0.0,0.9486881012615316,0.8973762025260349,0.1459719424300687,2,0.0,0.5233892366171841,1.116504854368932,0.013255210834694,0,1,1,27251.75,30.9,,,,False,FRESH,,,,,False,False,True,False,False,False,True,False,True,False,False,False
2026-04-29 12:16:12,2026-04-29 12:15:00,2026-04-29 12:10:00,NQ,BRACKET_MACRO,ROTATION_ILLIQUID,TrendUp,LUNCH_AUCTION,TREND_COMPRESSION,TREND_COMPRESSION,LONG,66,25,MICRO_TREND_INSIDE_MACRO_STRUCTURE,UNCHANGED,0,0.911,1,LUNCH,41.53,LONG,0.7466666666666667,0.3776722090261282,0.943952802359882,10.0,2.0,0.0,0.9973435224395244,0.994687044881714,0.0132784653134381,3,0.0,0.3543983430454628,1.0029498525073746,0.0108894582723279,0,1,1,27247.0,29.6625,,,,False,FRESH,,,,,False,False,True,False,False,False,True,False,True,False,False,False
2026-04-29 12:16:22,2026-04-29 12:15:00,2026-04-29 12:15:00,NQ,BRACKET_MACRO,ROTATION_ILLIQUID,TrendUp,LUNCH_AUCTION,TREND_COMPRESSION,TREND_COMPRESSION,LONG,66,25,MICRO_TREND_INSIDE_MACRO_STRUCTURE,UNCHANGED,0,0.911,1,LUNCH,41.53,LONG,0.7466666666666667,0.3776722090261282,0.943952802359882,10.0,2.0,0.0,0.9993607768350896,0.9987215536715632,0.003852478642863,4,0.0,0.3543983430454628,1.0029498525073746,0.0108894582723279,0,1,1,27247.0,29.6625,,,,False,FRESH,,,,,False,False,True,False,False,False,True,False,True,False,False,False
2026-04-29 12:26:51,2026-04-29 12:25:00,2026-04-29 12:25:00,NQ,BRACKET_MACRO,ROTATION_ILLIQUID,TrendUp,LUNCH_AUCTION,TRANSITION,TRANSITION,NONE,50,45,NO_CLEAR_STAGE_C_ALIGNMENT,LOCKED_IMMEDIATE,0,-0.983,1,LUNCH,33.44,SHORT,1.0,0.4609053497942387,-0.9842845326716294,0.0,1.0,0.0,0.9854310327178942,0.970862065434566,0.0548746848225323,6,0.0,-0.4659454523942926,0.1571546732837055,0.0016606939952801,0,1,0,27222.0,30.225,,,,False,FRESH,,,,,False,False,False,False,False,False,False,False,False,False,False,False
2026-04-29 12:35:56,2026-04-29 12:35:00,2026-04-29 12:30:00,NQ,BRACKET_MACRO,ROTATION_ILLIQUID,TrendDown,LUNCH_AUCTION,TREND_COMPRESSION,TREND_COMPRESSION,SHORT,66,25,MICRO_TREND_INSIDE_MACRO_STRUCTURE,LOCKED_IMMEDIATE,0,-2.696,1,LUNCH,53.0,SHORT,1.0,0.453027139874739,-2.600790513833992,10.0,2.0,0.0,0.9846186822402688,0.9692373644791562,0.0573278595376472,1,0.0,-2.1606081137485416,-1.6600790513833992,0.0173927447407652,0,1,0,27164.75,31.625,,,,False,FRESH,,,,,False,False,True,False,False,False,True,False,False,True,False,False
2026-04-29 12:36:06,2026-04-29 12:35:00,2026-04-29 12:35:00,NQ,BRACKET_MACRO,ROTATION_ILLIQUID,TrendDown,LUNCH_AUCTION,TREND_COMPRESSION,TREND_COMPRESSION,SHORT,66,25,MICRO_TREND_INSIDE_MACRO_STRUCTURE,UNCHANGED,0,-2.696,1,LUNCH,53.0,SHORT,1.0,0.453027139874739,-2.600790513833992,10.0,2.0,0.0,0.9614253255582716,0.9228506511146972,0.1178592598098203,2,0.0,-2.1606081137485416,-1.6600790513833992,0.0173927447407652,0,1,0,27164.75,31.625,,,,False,FRESH,,,,,False,False,True,False,False,False,True,False,False,True,False,False
2026-04-29 12:45:04,2026-04-27 11:05:00,2026-04-27 11:05:00,NQ,BRACKET_MACRO,ROTATION_ILLIQUID,TrendUp,MID_MORNING_DISCOVERY,TRANSITION,TRANSITION,NONE,50,100,MACRO_STALE_2980.1MIN,UNCHANGED,0,0.0,0,POST_IB_AM,0.0,NONE,0.0,0.0,0.0,0.0,0.0,0.0,0.99993148899788,0.9998629779991718,0.0005232853141934,12,0.0,-0.6331706827849902,-1.353546291283162,0.0083197444174514,0,1,0,27340.0,46.175,,,,True,MACRO_STALE_2980.1MIN,,,,,False,False,False,False,False,False,False,False,False,False,False,False
2026-04-29 12:45:05,2026-04-29 12:35:00,2026-04-29 12:35:00,NQ,BRACKET_MACRO,ROTATION_ILLIQUID,TrendDown,LUNCH_AUCTION,TREND_COMPRESSION,TREND_COMPRESSION,SHORT,66,15,MICRO_TREND_INSIDE_MACRO_STRUCTURE,LOCKED_IMMEDIATE,0,0.0,0,LUNCH,53.0,SHORT,1.0,0.453027139874739,-2.5563325563325567,10.0,2.0,0.0,0.5800089104768623,0.160017820954008,0.4907248727570556,2,0.0,-2.123674641718652,-1.6317016317016315,0.0173927447407652,0,1,0,27164.75,32.175,,,,False,FRESH,,,,,False,False,True,False,False,False,True,False,False,True,False,False
2026-04-29 12:46:35,2026-04-29 12:45:00,2026-04-29 12:45:00,NQ,BRACKET_MACRO,ROTATION_ILLIQUID,TrendUp,LUNCH_AUCTION,TRANSITION,TRANSITION,NONE,50,35,NO_CLEAR_STAGE_C_ALIGNMENT,LOCKED_IMMEDIATE,0,0.0,1,LUNCH,40.2,SHORT,0.1683673469387755,0.3620352250489236,-0.5196850393700787,20.0,3.0,0.0,0.6223530570797376,0.2447061141583107,0.4781815826443767,3,0.0,-0.8003186673845126,-0.3700787401574803,0.0037157087516799,0,1,0,27205.5,31.75,,,,False,FRESH,,,,,False,False,False,False,False,False,False,False,False,False,False,False
2026-04-29 12:55:45,2026-04-29 12:55:00,2026-04-29 12:50:00,NQ,BRACKET_MACRO,ROTATION_ILLIQUID,TrendUp,LUNCH_AUCTION,TRANSITION,TRANSITION,NONE,50,45,NO_CLEAR_STAGE_C_ALIGNMENT,UNCHANGED,0,1.281,1,LUNCH,58.86,NONE,0.9520958083832336,0.3427419354838709,1.3630518645520788,30.0,4.0,0.0,0.9846381490668322,0.9692762981350328,0.0572694469657225,4,0.0,-0.8830220945033955,-0.4372053150450064,0.0038952111815473,0,1,0,27204.5,29.1625,,,,False,FRESH,,,,,False,False,False,False,False,False,False,False,False,False,False,False
2026-04-29 12:55:54,2026-04-29 12:55:00,2026-04-29 12:55:00,NQ,BRACKET_MACRO,ROTATION_ILLIQUID,TrendUp,LUNCH_AUCTION,TRANSITION,TRANSITION,NONE,50,45,NO_CLEAR_STAGE_C_ALIGNMENT,UNCHANGED,0,1.281,1,LUNCH,58.86,NONE,0.9520958083832336,0.3427419354838709,1.3630518645520788,30.0,4.0,0.0,0.9990656115196688,0.998131223042106,0.0053754017578131,5,0.0,-0.8830220945033955,-0.4372053150450064,0.0038952111815473,0,1,0,27204.5,29.1625,,,,False,FRESH,,,,,False,False,False,False,False,False,False,False,False,False,False,False
2026-04-29 13:06:13,2026-04-29 13:05:00,2026-04-29 13:00:00,NQ,BRACKET_MACRO,ROTATION_ILLIQUID,TrendUp,POST_LUNCH_ROTATION,TRANSITION,TRANSITION,NONE,50,35,NO_CLEAR_STAGE_C_ALIGNMENT,UNCHANGED,0,-0.603,1,LUNCH,64.0,SHORT,1.0,0.2989247311827957,-0.6113902847571189,40.0,5.0,0.0,0.9987775823727824,0.9975551647486116,0.0067953339626087,6,0.0,-1.4006759701105829,-1.0050251256281406,0.008811219619649,0,1,0,27187.25,29.85,,,,False,FRESH,,,,,False,False,False,False,False,False,False,False,False,False,False,False
2026-04-29 13:06:22,2026-04-29 13:05:00,2026-04-29 13:05:00,NQ,BRACKET_MACRO,ROTATION_ILLIQUID,TrendUp,POST_LUNCH_ROTATION,TRANSITION,TRANSITION,NONE,50,35,NO_CLEAR_STAGE_C_ALIGNMENT,UNCHANGED,0,-0.603,0,LUNCH,64.0,SHORT,1.0,0.2989247311827957,-0.6113902847571189,40.0,5.0,0.0,0.9889558769464276,0.9779117538939132,0.0438190835217075,7,0.0,-1.4006759701105829,-1.0050251256281406,0.008811219619649,0,1,0,27187.25,29.85,,,,False,FRESH,,,,,False,False,False,False,False,False,False,False,False,False,False,False
2026-04-29 13:16:55,2026-04-29 13:15:00,2026-04-29 13:15:00,NQ,BRACKET_MACRO,ROTATION_ILLIQUID,TrendUp,POST_LUNCH_ROTATION,TRANSITION,TRANSITION,NONE,50,35,NO_CLEAR_STAGE_C_ALIGNMENT,UNCHANGED,0,0.025,0,LUNCH,44.78,NONE,0.0212765957446808,0.525974025974026,0.024906600249066,50.0,6.0,0.0,0.9870285550740404,0.9740571101481312,0.0499518306243728,9,0.0,-0.7714603051503657,-0.398505603985056,0.0034227039361095,0,1,0,27205.25,30.1125,,,,False,FRESH,,,,,False,False,False,False,False,False,False,False,False,False,False,False
2026-04-29 13:26:04,2026-04-29 13:25:00,2026-04-29 13:20:00,NQ,BRACKET_MACRO,ROTATION_ILLIQUID,TrendUp,POST_LUNCH_ROTATION,TRANSITION,TRANSITION,NONE,50,45,NO_CLEAR_STAGE_C_ALIGNMENT,UNCHANGED,0,0.707,0,LUNCH,52.2,NONE,1.0,0.0759493670886076,0.7039337474120083,60.0,7.0,0.0,0.9992544495282952,0.998508899059358,0.0044105138482185,10,0.0,-0.6456246344037846,-0.2898550724637681,0.0024182961376355,0,1,0,27208.5,30.1875,,,,False,FRESH,,,,,False,False,False,False,False,False,False,False,False,False,False,False
2026-04-29 13:26:13,2026-04-29 13:25:00,2026-04-29 13:25:00,NQ,BRACKET_MACRO,ROTATION_ILLIQUID,TrendUp,POST_LUNCH_ROTATION,TRANSITION,TRANSITION,NONE,50,45,NO_CLEAR_STAGE_C_ALIGNMENT,UNCHANGED,0,0.707,0,LUNCH,52.2,NONE,1.0,0.0759493670886076,0.7039337474120083,60.0,7.0,0.0,0.9985745534634664,0.9971491069242536,0.0077658588733505,11,0.0,-0.6456246344037846,-0.2898550724637681,0.0024182961376355,0,1,0,27208.5,30.1875,,,,False,FRESH,,,,,False,False,False,False,False,False,False,False,False,False,False,False
2026-04-29 13:36:43,2026-04-29 13:35:00,2026-04-29 13:35:00,NQ,BRACKET_MACRO,ROTATION_ILLIQUID,TrendUp,POST_LUNCH_ROTATION,ROTATION_ILLIQUID,TRANSITION,NONE,62,20,COMPRESSED_BALANCE_LOW_EDGE,PENDING_ROTATION_ILLIQUID_1_OF_2,1,0.376,0,PM,54.5,NONE,1.0,0.254054054054054,0.3989120580235721,70.0,8.0,12.93,0.9986368377465644,0.9972736754965028,0.007470496011485,13,0.0,-0.4138069731604577,-0.0362647325475974,0.0002674511901577,0,1,0,27216.25,27.575,,,,False,FRESH,,,,,False,False,False,False,False,False,False,False,False,False,False,False
2026-04-29 13:45:51,2026-04-29 13:45:00,2026-04-29 13:40:00,NQ,BRACKET_MACRO,ROTATION_ILLIQUID,TrendUp,POST_LUNCH_ROTATION,ROTATION_ILLIQUID,ROTATION_ILLIQUID,NONE,62,20,COMPRESSED_BALANCE_LOW_EDGE,LOCKED_AFTER_2_CONFIRMATIONS,0,0.412,0,PM,63.37,NONE,1.0,1.0,0.4414587332053742,80.0,9.0,9.03,0.995768284454323,0.9915365689097606,0.0197286383434418,14,0.0,-0.2889459791479072,0.1055662188099808,0.0007205082858452,0,1,0,27220.0,26.05,,,,False,FRESH,,,,,False,False,False,False,False,False,False,False,False,False,False,False
2026-04-29 13:46:01,2026-04-29 13:45:00,2026-04-29 13:45:00,NQ,BRACKET_MACRO,ROTATION_ILLIQUID,TrendUp,POST_LUNCH_ROTATION,ROTATION_ILLIQUID,ROTATION_ILLIQUID,NONE,62,20,COMPRESSED_BALANCE_LOW_EDGE,UNCHANGED,0,0.412,0,PM,63.37,NONE,1.0,1.0,0.4414587332053742,80.0,9.0,9.03,0.9957319057690832,0.991463811539758,0.0198718287350304,15,0.0,-0.2889459791479072,0.1055662188099808,0.0007205082858452,0,1,0,27220.0,26.05,,,,False,FRESH,,,,,False,False,False,False,False,False,False,False,False,False,False,False
2026-04-29 13:48:55,2026-04-27 11:05:00,2026-04-27 11:05:00,NQ,BRACKET_MACRO,ROTATION_ILLIQUID,TrendUp,MID_MORNING_DISCOVERY,TRANSITION,TRANSITION,NONE,50,100,MACRO_STALE_3043.9MIN,UNCHANGED,0,0.0,0,POST_IB_AM,0.0,NONE,0.0,0.0,0.0,0.0,0.0,0.0,0.99993148899788,0.9998629779991718,0.0005232853141934,12,0.0,-0.6331706827849902,-1.353546291283162,0.0083197444174514,0,1,0,27340.0,46.175,,,,True,MACRO_STALE_3043.9MIN,,,,,False,False,False,False,False,False,False,False,False,False,False,False
2026-04-29 13:48:56,2026-04-29 13:45:00,2026-04-29 13:45:00,NQ,BRACKET_MACRO,ROTATION_ILLIQUID,TrendUp,POST_LUNCH_ROTATION,ROTATION_ILLIQUID,TRANSITION,NONE,62,20,COMPRESSED_BALANCE_LOW_EDGE,PENDING_ROTATION_ILLIQUID_1_OF_2,1,0.0,0,PM,63.35,NONE,1.0,1.0,0.438512869399428,80.0,9.0,8.97,0.9965567033963014,0.9931134067913976,0.0165660480767528,15,0.0,-0.2870178362937267,0.1048617731172545,0.0007205082858452,0,1,0,27220.0,26.225,,,,False,FRESH,,,,,False,False,False,False,False,False,False,False,False,False,False,False
2026-04-29 13:56:32,2026-04-29 13:55:00,2026-04-29 13:55:00,NQ,BRACKET_MACRO,ROTATION_ILLIQUID,TrendUp,POST_LUNCH_ROTATION,ROTATION_ILLIQUID,ROTATION_ILLIQUID,NONE,62,20,COMPRESSED_BALANCE_LOW_EDGE,LOCKED_AFTER_2_CONFIRMATIONS,0,0.0,0,PM,40.68,LONG,1.0,1.0,0.6704980842911877,0.0,0.0,7.17,0.9967338164024904,0.9934676328064008,0.015838564997013,17,0.0,0.2292973545546475,0.632183908045977,0.0041952707856598,0,1,0,27233.75,26.1,,,,False,FRESH,,,,,False,False,False,False,False,False,False,False,False,False,False,False
2026-04-29 14:05:41,2026-04-29 14:05:00,2026-04-29 14:00:00,NQ,BRACKET_MACRO,ROTATION_ILLIQUID,TrendDown,AFTERNOON_TREND_TEST,TRANSITION,TRANSITION,NONE,50,0,NO_CLEAR_STAGE_C_ALIGNMENT,LOCKED_IMMEDIATE,0,-0.649,1,PM,23.48,SHORT,0.3854748603351955,0.1022222222222222,-0.6284153005464481,0.0,1.0,28.41,0.9998587497553294,0.9997174995098096,0.0010051404296005,1,0.0,-0.9090498717007048,-0.5282331511839709,0.0035587188612099,0,1,0,27202.75,27.45,,,,False,FRESH,,,,,False,False,False,False,False,False,False,False,False,False,False,False
2026-04-29 14:05:51,2026-04-29 14:05:00,2026-04-29 14:05:00,NQ,BRACKET_MACRO,ROTATION_ILLIQUID,TrendDown,AFTERNOON_TREND_TEST,TRANSITION,TRANSITION,NONE,50,0,NO_CLEAR_STAGE_C_ALIGNMENT,UNCHANGED,0,-0.649,1,PM,23.48,SHORT,0.3854748603351955,0.1022222222222222,-0.6284153005464481,0.0,1.0,28.41,0.7270359337546184,0.4540718675126931,0.4228429022231217,2,0.0,-0.9090498717007048,-0.5282331511839709,0.0035587188612099,0,1,0,27202.75,27.45,,,,False,FRESH,,,,,False,False,False,False,False,False,False,False,False,False,False,False
2026-04-29 14:11:46,2026-03-04 12:45:00,2026-03-04 12:45:00,NQ,BRACKET_MACRO,ROTATION_ILLIQUID,TrendDown,LUNCH_AUCTION,TRANSITION,TRANSITION,NONE,50,100,MACRO_STALE_80726.8MIN,UNCHANGED,0,0.0,0,LUNCH,38.01,NONE,0.2727272727272727,0.2954990215264187,0.540761982793937,20.0,3.0,0.0,0.9989333936339876,0.9978667872686894,0.0060341558231803,7,0.0,-0.7834483159448986,2.6546497337156905,0.0268012242534535,0,1,0,24783.75,30.5125,,,,True,MACRO_STALE_80726.8MIN,,,,,False,False,False,False,False,False,False,False,False,False,False,False
2026-04-29 14:11:47,2026-04-29 14:05:00,2026-04-29 14:05:00,NQ,BRACKET_MACRO,ROTATION_ILLIQUID,TrendDown,AFTERNOON_TREND_TEST,TRANSITION,TRANSITION,NONE,50,20,NO_CLEAR_STAGE_C_ALIGNMENT,UNCHANGED,0,0.0,0,PM,22.19,SHORT,0.3854748603351955,0.1022222222222222,-0.5915130732961852,0.0,1.0,26.74,0.999182274092942,0.9983645481862908,0.0047829606202849,2,0.0,-0.8556680318280101,-0.4972138876982426,0.0035587188612099,0,1,0,27202.75,29.1625,,,,False,FRESH,,,,,False,False,False,False,False,False,False,False,False,False,False,False
2026-04-29 14:14:50,2026-04-27 11:05:00,2026-04-27 11:05:00,NQ,BRACKET_MACRO,ROTATION_ILLIQUID,TrendUp,MID_MORNING_DISCOVERY,TRANSITION,TRANSITION,NONE,50,100,MACRO_STALE_3069.8MIN,UNCHANGED,0,0.0,0,POST_IB_AM,0.0,NONE,0.0,0.0,0.0,0.0,0.0,0.0,0.99993148899788,0.9998629779991718,0.0005232853141934,12,0.0,-0.6331706827849902,-1.353546291283162,0.0083197444174514,0,1,0,27340.0,46.175,,,,True,MACRO_STALE_3069.8MIN,,,,,False,False,False,False,False,False,False,False,False,False,False,False
2026-04-29 14:14:51,2026-04-29 14:05:00,2026-04-29 14:05:00,NQ,BRACKET_MACRO,ROTATION_ILLIQUID,TrendDown,AFTERNOON_TREND_TEST,TRANSITION,TRANSITION,NONE,50,20,NO_CLEAR_STAGE_C_ALIGNMENT,UNCHANGED,0,0.0,0,PM,22.19,SHORT,0.3854748603351955,0.1022222222222222,-0.5915130732961852,0.0,1.0,26.74,0.9991177698169194,0.9982355396359428,0.0051119132747906,2,0.0,-0.8556680318280101,-0.4972138876982426,0.0035587188612099,0,1,0,27202.75,29.1625,,,,False,FRESH,,,,,False,False,False,False,False,False,False,False,False,False,False,False
2026-04-29 14:16:20,2026-04-29 14:15:00,2026-04-29 14:10:00,NQ,BRACKET_MACRO,ROTATION_ILLIQUID,TrendDown,AFTERNOON_TREND_TEST,TRANSITION,TRANSITION,NONE,50,0,NO_CLEAR_STAGE_C_ALIGNMENT,UNCHANGED,0,0.0,0,PM,63.0,SHORT,1.0,0.4142259414225941,-1.5062388591800355,10.0,2.0,38.96,0.9994537137414904,0.9989074274818098,0.0033542949135019,3,0.0,-1.246794974099892,-0.9180035650623886,0.006060962692715,0,1,0,27191.5,28.05,,,,False,FRESH,,,,,False,False,False,False,False,False,False,False,False,False,False,False
2026-04-29 14:16:30,2026-04-29 14:15:00,2026-04-29 14:15:00,NQ,BRACKET_MACRO,ROTATION_ILLIQUID,TrendUp,AFTERNOON_TREND_TEST,TRANSITION,TRANSITION,NONE,50,20,NO_CLEAR_STAGE_C_ALIGNMENT,UNCHANGED,0,0.0,1,PM,63.0,SHORT,1.0,0.4142259414225941,-1.5062388591800355,10.0,2.0,38.96,0.8646093841018966,0.7292187682015623,0.2860193838238979,1,0.0,-1.246794974099892,-0.9180035650623886,0.006060962692715,0,1,0,27191.5,28.05,,,,False,FRESH,,,,,False,False,False,False,False,False,False,False,False,False,False,False
2026-04-29 14:19:24,2026-04-27 11:05:00,2026-04-27 11:05:00,NQ,BRACKET_MACRO,ROTATION_ILLIQUID,TrendUp,MID_MORNING_DISCOVERY,TRANSITION,TRANSITION,NONE,50,100,MACRO_STALE_3074.4MIN,UNCHANGED,0,0.0,0,POST_IB_AM,0.0,NONE,0.0,0.0,0.0,0.0,0.0,0.0,0.99993148899788,0.9998629779991718,0.0005232853141934,12,0.0,-0.6331706827849902,-1.353546291283162,0.0083197444174514,0,1,0,27340.0,46.175,,,,True,MACRO_STALE_3074.4MIN,,,,,False,False,False,False,False,False,False,False,False,False,False,False
2026-04-29 14:19:25,2026-04-29 14:15:00,2026-04-29 14:15:00,NQ,BRACKET_MACRO,ROTATION_ILLIQUID,TrendDown,AFTERNOON_TREND_TEST,TRANSITION,TRANSITION,NONE,50,0,NO_CLEAR_STAGE_C_ALIGNMENT,UNCHANGED,0,0.0,0,PM,62.64,SHORT,1.0,0.4142259414225941,-1.4124529878813203,10.0,2.0,36.54,0.6612726792413235,0.3225453584852906,0.4617978142880181,4,0.0,-1.1691633605851055,-0.8608441287087337,0.006060962692715,0,1,0,27191.5,29.9125,,,,False,FRESH,,,,,False,False,False,False,False,False,False,False,False,False,False,False
2026-04-29 14:25:29,2026-03-09 12:25:00,2026-03-09 12:25:00,NQ,BRACKET_MACRO,ROTATION_ILLIQUID,TrendUp,LUNCH_AUCTION,TRANSITION,TRANSITION,NONE,50,100,MACRO_STALE_73560.5MIN,UNCHANGED,0,0.0,0,LUNCH,64.0,LONG,1.0,1.0,1.103665746945211,20.0,3.0,0.0,0.9999206115617496,0.999841223121098,0.00059792790375,10,0.0,1.4553901021171076,1.5530153724871896,0.0167988402831073,0,1,0,24453.75,31.7125,,,,True,MACRO_STALE_73560.5MIN,,,,,False,False,False,False,False,False,False,False,False,False,False,False
2026-04-29 14:25:31,2026-04-29 14:15:00,2026-04-29 14:15:00,NQ,BRACKET_MACRO,ROTATION_ILLIQUID,TrendDown,AFTERNOON_TREND_TEST,TRANSITION,TRANSITION,NONE,50,0,NO_CLEAR_STAGE_C_ALIGNMENT,UNCHANGED,0,0.0,0,PM,62.58,SHORT,1.0,0.4142259414225941,-1.405990016638935,10.0,2.0,36.37,0.999761929557054,0.999523859117584,0.0016044575382217,4,0.0,-1.163813611431014,-0.8569051580698835,0.006060962692715,0,1,0,27191.5,30.05,,,,False,FRESH,,,,,False,False,False,False,False,False,False,False,False,False,False,False
2026-04-29 14:27:02,2026-04-29 14:25:00,2026-04-29 14:25:00,NQ,BRACKET_MACRO,ROTATION_ILLIQUID,TrendUp,AFTERNOON_TREND_TEST,ROTATION_ILLIQUID,TRANSITION,NONE,62,20,COMPRESSED_BALANCE_LOW_EDGE,PENDING_ROTATION_ILLIQUID_1_OF_2,1,0.0,1,PM,18.82,NONE,0.4972067039106145,0.0558659217877094,0.7432150313152401,0.0,0.0,1.4,0.5923487487965409,0.1846974975939126,0.4876253507704945,1,0.0,-0.0448024757585579,0.2588726513569937,0.0017593643586833,0,1,0,27225.0,29.9375,,,,False,FRESH,,,,,False,False,False,False,False,False,False,False,False,False,False,False
2026-04-29 14:36:15,2026-04-29 14:35:00,2026-04-29 14:30:00,NQ,BRACKET_MACRO,ROTATION_ILLIQUID,TrendUp,AFTERNOON_TREND_TEST,TRANSITION,TRANSITION,NONE,50,20,NO_CLEAR_STAGE_C_ALIGNMENT,UNCHANGED,0,0.467,1,PM,23.75,NONE,0.2641509433962264,0.2965879265091863,0.4666666666666667,0.0,1.0,21.17,0.9217440094098146,0.8434880188211958,0.1980020274194921,2,0.0,-0.6773207412454212,-0.3916666666666666,0.0025922453256852,0,1,0,27205.5,30.0,,,,False,FRESH,,,,,False,False,False,False,False,False,False,False,False,False,False,False
2026-04-29 14:36:24,2026-04-29 14:35:00,2026-04-29 14:35:00,NQ,BRACKET_MACRO,ROTATION_ILLIQUID,TrendUp,AFTERNOON_TREND_TEST,TRANSITION,TRANSITION,NONE,50,20,NO_CLEAR_STAGE_C_ALIGNMENT,UNCHANGED,0,0.467,1,PM,23.75,NONE,0.2641509433962264,0.2965879265091863,0.4666666666666667,0.0,1.0,21.17,0.861659428386687,0.7233188567740994,0.2899381826351955,3,0.0,-0.6773207412454212,-0.3916666666666666,0.0025922453256852,0,1,0,27205.5,30.0,,,,False,FRESH,,,,,False,False,False,False,False,False,False,False,False,False,False,False
2026-04-29 14:46:58,2026-04-29 14:45:00,2026-04-29 14:45:00,NQ,BRACKET_MACRO,ROTATION_ILLIQUID,TrendUp,AFTERNOON_TREND_TEST,TRANSITION,TRANSITION,NONE,50,30,NO_CLEAR_STAGE_C_ALIGNMENT,UNCHANGED,0,-1.057,1,PM,60.71,SHORT,1.0,0.1354838709677419,-0.9928003031451308,10.0,2.0,31.7,0.9630052064946574,0.9260104129862574,0.1141697723417819,2,0.0,-1.0144911201395237,-0.7578628268283442,0.0052249333820993,0,1,0,27192.25,32.9875,,,,False,FRESH,,,,,False,False,False,False,False,False,False,False,False,False,False,False
2026-04-29 14:56:11,2026-04-29 14:55:00,2026-04-29 14:50:00,NQ,BRACKET_MACRO,ROTATION_ILLIQUID,TrendUp,AFTERNOON_TREND_TEST,TREND_COMPRESSION,TREND_COMPRESSION,LONG,66,10,MICRO_TREND_INSIDE_MACRO_STRUCTURE,LOCKED_IMMEDIATE,0,1.523,0,PM,43.42,LONG,0.6501650165016502,0.4912621359223301,1.4479970599044467,0.0,1.0,26.55,0.7285139756032767,0.4570279512100986,0.4217944575804166,3,0.0,0.8496963079947181,1.102535832414553,0.0075471698113207,0,1,1,27254.75,34.0125,,,,False,FRESH,,,,,True,False,True,False,False,False,True,False,True,False,True,False
2026-04-29 14:56:20,2026-04-29 14:55:00,2026-04-29 14:55:00,NQ,BRACKET_MACRO,ROTATION_ILLIQUID,TrendUp,AFTERNOON_TREND_TEST,TREND_COMPRESSION,TREND_COMPRESSION,LONG,66,10,MICRO_TREND_INSIDE_MACRO_STRUCTURE,UNCHANGED,0,1.523,0,PM,43.42,LONG,0.6501650165016502,0.4912621359223301,1.4479970599044467,0.0,1.0,26.55,0.6949363001043817,0.3898726002104957,0.4436964654604862,4,0.0,0.8496963079947181,1.102535832414553,0.0075471698113207,0,1,1,27254.75,34.0125,,,,False,FRESH,,,,,True,False,True,False,False,False,True,False,True,False,True,False
2026-04-29 15:06:54,2026-04-29 15:05:00,2026-04-29 15:05:00,NQ,BRACKET_MACRO,ROTATION_ILLIQUID,TrendDown,LATE_DAY_CONVICTION,TRANSITION,TRANSITION,NONE,50,40,NO_CLEAR_STAGE_C_ALIGNMENT,LOCKED_IMMEDIATE,0,2.685,1,POWER_HOUR,69.6,LONG,1.0,0.4770459081836327,2.5438294946717086,10.0,2.0,51.94,0.5152945830789676,0.0305891661572052,0.4996624659635659,4,0.0507364975450081,1.5684625607981335,1.8563080096253008,0.0131990614000782,0,1,1,27284.75,36.3625,,,,False,FRESH,,,,,False,False,False,False,False,False,False,False,False,False,False,False
2026-04-29 15:16:04,2026-04-29 15:15:00,2026-04-29 15:10:00,NQ,BRACKET_MACRO,ROTATION_ILLIQUID,TrendUp,LATE_DAY_CONVICTION,TREND_COMPRESSION,TREND_COMPRESSION,LONG,66,30,MICRO_TREND_INSIDE_MACRO_STRUCTURE,LOCKED_IMMEDIATE,0,1.791,2,POWER_HOUR,83.22,LONG,1.0,0.8103756708407871,1.7391304347826089,20.0,3.0,66.08,0.9530164053444448,0.9060328106908948,0.1367212977839051,2,0.2733224222585925,2.423292144098923,2.758152173913044,0.0192681885055289,0,1,1,27318.75,36.8,,,,False,FRESH,,,,,True,False,True,False,False,False,True,False,True,False,True,False
2026-04-29 15:16:14,2026-04-29 15:15:00,2026-04-29 15:15:00,NQ,BRACKET_MACRO,ROTATION_ILLIQUID,TrendUp,LATE_DAY_CONVICTION,TREND_COMPRESSION,TREND_COMPRESSION,LONG,66,30,MICRO_TREND_INSIDE_MACRO_STRUCTURE,UNCHANGED,0,1.791,2,POWER_HOUR,83.22,LONG,1.0,0.8103756708407871,1.7391304347826089,20.0,3.0,66.08,0.9002171528876514,0.8004343057747805,0.2341534285150359,3,0.2733224222585925,2.423292144098923,2.758152173913044,0.0192681885055289,0,1,1,27318.75,36.8,,,,False,FRESH,,,,,True,False,True,False,False,False,True,False,True,False,True,False
2026-04-29 15:23:44,2026-04-27 11:05:00,2026-04-27 11:05:00,NQ,BRACKET_MACRO,ROTATION_ILLIQUID,TrendUp,MID_MORNING_DISCOVERY,TRANSITION,TRANSITION,NONE,50,100,MACRO_STALE_3138.7MIN,UNCHANGED,0,0.0,0,POST_IB_AM,0.0,NONE,0.0,0.0,0.0,0.0,0.0,0.0,0.99993148899788,0.9998629779991712,0.0005232853141965,12,0.0,-0.6331706827849902,-1.353546291283162,0.0083197444174514,0,1,0,27340.0,46.175,,,,True,MACRO_STALE_3138.7MIN,,,,,False,False,False,False,False,False,False,False,False,False,False,False
2026-04-29 15:23:45,2026-04-29 15:15:00,2026-04-29 15:15:00,NQ,BRACKET_MACRO,ROTATION_ILLIQUID,TrendUp,LATE_DAY_CONVICTION,TREND_COMPRESSION,TREND_COMPRESSION,LONG,66,20,MICRO_TREND_INSIDE_MACRO_STRUCTURE,LOCKED_IMMEDIATE,0,0.0,0,POWER_HOUR,83.22,LONG,1.0,0.8103756708407871,1.695364238410596,20.0,3.0,66.08,0.9938107654205968,0.987621530839928,0.0271529287197837,3,0.2733224222585925,2.3623086331878245,2.6887417218543046,0.0192681885055289,0,1,1,27318.75,37.75,,,,False,FRESH,,,,,True,False,True,False,False,False,True,False,True,False,True,False
2026-04-29 15:26:47,2026-04-29 15:25:00,2026-04-29 15:25:00,NQ,BRACKET_MACRO,ROTATION_ILLIQUID,TrendUp,LATE_DAY_CONVICTION,TREND_COMPRESSION,TREND_COMPRESSION,LONG,66,20,MICRO_TREND_INSIDE_MACRO_STRUCTURE,UNCHANGED,0,0.0,0,POWER_HOUR,83.23,LONG,1.0,1.0,0.913942628418946,30.0,4.0,66.17,0.9928322755552578,0.9856645511116436,0.0306842446680586,5,0.2749590834697217,2.3286982337479443,2.715143428952635,0.0188373599925946,0,1,1,27319.0,37.475,,,,False,FRESH,,,,,True,False,True,False,False,False,True,False,True,False,True,False
2026-04-29 15:35:59,2026-04-29 15:35:00,2026-04-29 15:30:00,NQ,BRACKET_MACRO,ROTATION_ILLIQUID,TrendDown,LATE_DAY_CONVICTION,TRANSITION,TRANSITION,NONE,50,30,NO_CLEAR_STAGE_C_ALIGNMENT,LOCKED_IMMEDIATE,0,-1.047,1,POWER_HOUR,79.54,NONE,0.9875776397515528,0.2326139088729016,-1.0274636510500808,40.0,5.0,37.43,0.9977274079891488,0.9954548159789034,0.0116157859671267,1,0.0130932896890343,1.179485595883254,1.5961227786752827,0.0111704052098408,0,1,1,27279.0,38.6875,,,,False,FRESH,,,,,False,False,False,False,False,False,False,False,False,False,False,False
2026-04-29 15:36:09,2026-04-29 15:35:00,2026-04-29 15:35:00,NQ,BRACKET_MACRO,ROTATION_ILLIQUID,TrendDown,LATE_DAY_CONVICTION,TRANSITION,TRANSITION,NONE,50,30,NO_CLEAR_STAGE_C_ALIGNMENT,UNCHANGED,0,-1.047,1,POWER_HOUR,79.54,NONE,0.9875776397515528,0.2326139088729016,-1.0274636510500808,40.0,5.0,37.43,0.9243483552236088,0.8486967104473816,0.1933345105164096,2,0.0130932896890343,1.179485595883254,1.5961227786752827,0.0111704052098408,0,1,1,27279.0,38.6875,,,,False,FRESH,,,,,False,False,False,False,False,False,False,False,False,False,False,False
2026-04-29 15:46:44,2026-04-29 15:45:00,2026-04-29 15:45:00,NQ,BRACKET_MACRO,ROTATION_ILLIQUID,TrendUp,LATE_DAY_CONVICTION,TREND_COMPRESSION,TREND_COMPRESSION,LONG,66,10,MICRO_TREND_INSIDE_MACRO_STRUCTURE,LOCKED_IMMEDIATE,0,-1.105,2,POWER_HOUR,79.85,NONE,1.0,0.0957095709570957,-1.1369863013698631,50.0,6.0,37.12,0.87802322813071,0.7560464562636026,0.2675082338646931,3,0.0032733224222585,1.1834215467286613,1.6506849315068493,0.0106864136218517,0,1,1,27277.5,36.5,,,,False,FRESH,,,,,True,False,True,False,False,False,True,False,True,False,True,False
2026-04-29 15:55:56,2026-04-29 15:55:00,2026-04-29 15:50:00,NQ,BRACKET_MACRO,ROTATION_ILLIQUID,TrendUp,LATE_DAY_CONVICTION,TREND_COMPRESSION,TREND_COMPRESSION,LONG,66,20,MICRO_TREND_INSIDE_MACRO_STRUCTURE,UNCHANGED,0,0.446,2,POWER_HOUR,71.13,LONG,0.8441558441558441,0.3949579831932773,0.4765395894428152,60.0,7.0,57.03,0.9966688771675882,0.9933377543386256,0.016106087481945,4,0.1194762684124386,1.7503441328843967,2.287390029325513,0.0135440180586907,0,1,1,27295.25,34.1,,,,False,FRESH,,,,,True,False,True,False,False,False,True,False,True,False,True,False
2026-04-29 15:56:05,2026-04-29 15:55:00,2026-04-29 15:55:00,NQ,BRACKET_MACRO,ROTATION_ILLIQUID,TrendUp,LATE_DAY_CONVICTION,TREND_COMPRESSION,TREND_COMPRESSION,LONG,66,20,MICRO_TREND_INSIDE_MACRO_STRUCTURE,UNCHANGED,0,0.446,1,POWER_HOUR,71.13,LONG,0.8441558441558441,0.3949579831932773,0.4765395894428152,60.0,7.0,57.03,0.9940398152798062,0.988079630558816,0.0263106821954018,5,0.1194762684124386,1.7503441328843967,2.287390029325513,0.0135440180586907,0,1,1,27295.25,34.1,,,,False,FRESH,,,,,True,False,True,False,False,False,True,False,True,False,True,False
2026-04-29 16:00:31,2026-03-09 12:25:00,2026-03-09 12:25:00,NQ,BRACKET_MACRO,ROTATION_ILLIQUID,TrendUp,LUNCH_AUCTION,TRANSITION,TRANSITION,NONE,50,100,MACRO_STALE_73655.5MIN,UNCHANGED,0,0.0,0,LUNCH,64.0,LONG,1.0,1.0,1.103665746945211,20.0,3.0,0.0,0.9999206115617496,0.999841223121098,0.00059792790375,10,0.0,1.4553901021171076,1.5530153724871896,0.0167988402831073,0,1,0,24453.75,31.7125,,,,True,MACRO_STALE_73655.5MIN,,,,,False,False,False,False,False,False,False,False,False,False,False,False
2026-04-29 16:00:32,2026-04-29 16:00:00,2026-04-29 15:55:00,NQ,BRACKET_MACRO,ROTATION_ILLIQUID,TrendUp,CASH_CLOSE,TREND_COMPRESSION,TREND_COMPRESSION,LONG,66,20,MICRO_TREND_INSIDE_MACRO_STRUCTURE,LOCKED_IMMEDIATE,0,0.0,0,CLOSE,84.62,LONG,1.0,0.1782178217821782,1.6357388316151202,65.0,8.0,73.11,0.9955864653473592,0.9911729306912886,0.0204420722776758,5,0.392798690671031,2.720856661218838,3.2920962199312718,0.0204133816322181,0,1,1,27337.0,36.375,,,,False,FRESH,,,,,False,False,True,False,False,False,True,False,True,False,False,False
2026-04-29 16:00:41,2026-04-29 16:00:00,2026-04-29 16:00:00,NQ,BRACKET_MACRO,ROTATION_ILLIQUID,Transition,CASH_CLOSE,TRANSITION,TRANSITION,NONE,52,45,HMM_TRANSITION_OR_RETURN_TO_OPEN,LOCKED_IMMEDIATE,0,0.0,1,CLOSE,84.62,LONG,1.0,0.1782178217821782,1.6357388316151202,65.0,8.0,73.11,0.9374580977832716,0.874931354894225,0.1688288448230535,1,0.392798690671031,2.720856661218838,3.2920962199312718,0.0204133816322181,0,1,1,27337.0,36.375,,,,False,FRESH,,,,,False,False,False,False,False,False,False,False,False,False,False,False
2026-04-30 08:35:43,2026-04-29 16:00:00,2026-04-29 16:00:00,NQ,BRACKET_MACRO,ROTATION_ILLIQUID,TrendDown,CASH_CLOSE,TRANSITION,TRANSITION,NONE,50,100,MACRO_STALE_995.7MIN,UNCHANGED,0,0.0,0,CLOSE,84.62,LONG,1.0,0.1782178217821782,1.6357388316151202,65.0,8.0,73.11,1.0,1.0,3.8896004303138647e-25,1,0.392798690671031,2.720856661218838,3.2920962199312718,0.0204133816322181,0,1,1,27337.0,36.375,,,,True,MACRO_STALE_995.7MIN,,,,,False,False,False,False,False,False,False,False,False,False,False,False
2026-04-30 08:37:43,2026-04-27 11:05:00,2026-04-27 11:05:00,NQ,BRACKET_MACRO,ROTATION_ILLIQUID,TrendUp,MID_MORNING_DISCOVERY,TRANSITION,TRANSITION,NONE,50,100,MACRO_STALE_4172.7MIN,UNCHANGED,0,0.0,0,POST_IB_AM,0.0,NONE,0.0,0.0,0.0,0.0,0.0,0.0,0.99993148899788,0.9998629779991718,0.0005232853141934,12,0.0,-0.6331706827849902,-1.353546291283162,0.0083197444174514,0,1,0,27340.0,46.175,,,,True,MACRO_STALE_4172.7MIN,,,,,False,False,False,False,False,False,False,False,False,False,False,False
2026-04-30 08:37:44,2026-04-29 16:00:00,2026-04-29 16:00:00,NQ,BRACKET_MACRO,ROTATION_ILLIQUID,TrendDown,CASH_CLOSE,TRANSITION,TRANSITION,NONE,50,100,MACRO_STALE_997.7MIN,UNCHANGED,0,0.0,0,CLOSE,84.62,LONG,1.0,0.1782178217821782,1.6357388316151202,65.0,8.0,73.11,1.0,1.0,3.41580819753748e-25,1,0.392798690671031,2.720856661218838,3.2920962199312718,0.0204133816322181,0,1,1,27337.0,36.375,,,,True,MACRO_STALE_997.7MIN,,,,,False,False,False,False,False,False,False,False,False,False,False,False
2026-04-30 08:44:19,2026-04-27 11:05:00,2026-04-27 11:05:00,NQ,BRACKET_MACRO,ROTATION_ILLIQUID,TrendUp,MID_MORNING_DISCOVERY,TRANSITION,TRANSITION,NONE,50,100,MACRO_STALE_4179.3MIN,UNCHANGED,0,0.0,0,POST_IB_AM,0.0,NONE,0.0,0.0,0.0,0.0,0.0,0.0,0.99993148899788,0.9998629779991718,0.0005232853141934,12,0.0,-0.6331706827849902,-1.353546291283162,0.0083197444174514,0,1,0,27340.0,46.175,,,,True,MACRO_STALE_4179.3MIN,,,,,False,False,False,False,False,False,False,False,False,False,False,False
2026-04-30 08:44:20,2026-04-29 16:00:00,2026-04-29 16:00:00,NQ,BRACKET_MACRO,ROTATION_ILLIQUID,TrendDown,CASH_CLOSE,TRANSITION,TRANSITION,NONE,50,100,MACRO_STALE_1004.3MIN,UNCHANGED,0,0.0,0,CLOSE,84.62,LONG,1.0,0.1782178217821782,1.6357388316151202,65.0,8.0,73.11,1.0,1.0,3.41580819753748e-25,1,0.392798690671031,2.720856661218838,3.2920962199312718,0.0204133816322181,0,1,1,27337.0,36.375,,,,True,MACRO_STALE_1004.3MIN,,,,,False,False,False,False,False,False,False,False,False,False,False,False
2026-04-30 08:59:48,2026-04-27 11:05:00,2026-04-27 11:05:00,NQ,BRACKET_MACRO,ROTATION_ILLIQUID,TrendUp,MID_MORNING_DISCOVERY,TRANSITION,TRANSITION,NONE,50,100,MACRO_STALE_4194.8MIN,UNCHANGED,0,0.0,0,POST_IB_AM,0.0,NONE,0.0,0.0,0.0,0.0,0.0,0.0,0.99993148899788,0.9998629779991718,0.0005232853141934,12,0.0,-0.6331706827849902,-1.353546291283162,0.0083197444174514,0,1,0,27340.0,46.175,,,,True,MACRO_STALE_4194.8MIN,,,,,False,False,False,False,False,False,False,False,False,False,False,False
2026-04-30 08:59:49,2026-04-29 16:00:00,2026-04-29 16:00:00,NQ,BRACKET_MACRO,ROTATION_ILLIQUID,TrendDown,CASH_CLOSE,TRANSITION,TRANSITION,NONE,50,100,MACRO_STALE_1019.8MIN,UNCHANGED,0,0.0,0,CLOSE,84.62,LONG,1.0,0.1782178217821782,1.6357388316151202,65.0,8.0,73.11,1.0,1.0,3.41580819753748e-25,1,0.392798690671031,2.720856661218838,3.2920962199312718,0.0204133816322181,0,1,1,27337.0,36.375,,,,True,MACRO_STALE_1019.8MIN,,,,,False,False,False,False,False,False,False,False,False,False,False,False
2026-04-30 09:18:30,2026-03-18 12:15:00,2026-03-18 12:15:00,NQ,BRACKET_MACRO,TREND_EXPANSION,TrendDown,LUNCH_AUCTION,TRANSITION,TRANSITION,NONE,50,100,MACRO_STALE_61743.5MIN,UNCHANGED,0,0.0,0,LUNCH,74.0,SHORT,1.0,0.6033755274261603,-3.1913746630727764,80.0,9.0,0.0,0.9985072991639252,0.9970145983250748,0.008082584682752,4,3.518796992481203,-3.533868979526473,-5.811320754716981,0.1131639722863741,0,1,-1,25048.0,23.1875,,,,True,MACRO_STALE_61743.5MIN,,,,,False,False,False,False,False,False,False,False,False,False,False,False
2026-04-30 09:18:31,2026-04-29 16:00:00,2026-04-29 16:00:00,NQ,BRACKET_MACRO,ROTATION_ILLIQUID,TrendDown,CASH_CLOSE,TRANSITION,TRANSITION,NONE,50,100,MACRO_STALE_1038.5MIN,UNCHANGED,0,0.0,0,CLOSE,84.62,LONG,1.0,0.1782178217821782,1.6357388316151202,65.0,8.0,73.11,1.0,1.0,3.41580819753748e-25,1,0.392798690671031,2.720856661218838,3.2920962199312718,0.0204133816322181,0,1,1,27337.0,36.375,,,,True,MACRO_STALE_1038.5MIN,,,,,False,False,False,False,False,False,False,False,False,False,False,False
2026-04-30 09:31:03,2026-04-30 09:25:00,2026-04-30 09:25:00,NQ,UNRESOLVED,TRANSITION,Balance,PREMARKET_CONTEXT,TRANSITION,TRANSITION,NONE,55,0,OPENING_OR_UNRESOLVED_UNRESOLVED,UNCHANGED,0,0.0,0,PREMARKET,0.0,NONE,0.0,0.0,0.0,0.0,0.0,0.0,0.999999981810106,0.999999963653003,2.471427932769368e-07,9,0.0,0.0,0.0,0.0,0,0,0,27499.0,0.0,,,,False,FRESH,,,,,False,False,False,False,False,False,False,False,False,False,False,False
2026-04-30 09:35:56,2026-04-30 09:35:00,2026-04-30 09:30:00,NQ,OPENING_AUCTION,ROTATION_ILLIQUID,TrendDown,OPENING_AUCTION,TRANSITION,TRANSITION,NONE,55,0,OPENING_OR_UNRESOLVED_OPENING_AUCTION,UNCHANGED,0,0.0,1,OPEN,0.0,SHORT,0.0,0.0,0.0,0.0,1.0,0.0,1.0,1.0,4.596993636386046e-74,1,0.0,-0.7692137407130715,-1.8333333333333333,0.6027397260273972,0,1,0,27345.25,84.0,,,,False,FRESH,,,,,False,False,False,False,False,False,False,False,False,False,False,False
2026-04-30 09:36:05,2026-04-30 09:35:00,2026-04-30 09:35:00,NQ,OPENING_AUCTION,ROTATION_ILLIQUID,TrendDown,OPENING_AUCTION,TRANSITION,TRANSITION,NONE,55,0,OPENING_OR_UNRESOLVED_OPENING_AUCTION,UNCHANGED,0,0.0,1,OPEN,0.0,SHORT,0.0,0.0,0.0,0.0,1.0,0.0,1.0,1.0,1.5940686235114129e-21,2,0.0,-0.7692137407130715,-1.8333333333333333,0.6027397260273972,0,1,0,27345.25,84.0,,,,False,FRESH,,,,,False,False,False,False,False,False,False,False,False,False,False,False
2026-04-30 09:40:46,2026-04-30 09:40:00,2026-04-30 09:35:00,NQ,BALANCE_STRUCTURE,ROTATION_ILLIQUID,TrendDown,EARLY_TEST,TREND_COMPRESSION,TREND_COMPRESSION,SHORT,66,10,MICRO_TREND_INSIDE_MACRO_STRUCTURE,LOCKED_IMMEDIATE,0,-3.667,1,OPEN,54.78,SHORT,1.0,0.0,-2.496932515337423,5.0,2.0,0.0,1.0,1.0,1.1963969521061876e-32,2,0.0,-0.9671544366746684,-2.5,0.4710982658959537,0,1,0,27295.5,81.5,,,,False,FRESH,,,,,True,False,True,False,False,False,True,False,False,True,False,True
2026-04-30 09:40:56,2026-04-30 09:40:00,2026-04-30 09:40:00,NQ,BALANCE_STRUCTURE,ROTATION_ILLIQUID,TrendDown,EARLY_TEST,TREND_COMPRESSION,TREND_COMPRESSION,SHORT,66,10,MICRO_TREND_INSIDE_MACRO_STRUCTURE,UNCHANGED,0,-3.667,1,OPEN,54.78,SHORT,1.0,0.0,-2.496932515337423,5.0,2.0,0.0,1.0,1.0,7.450409636206582e-32,3,0.0,-0.9671544366746684,-2.5,0.4710982658959537,0,1,0,27295.5,81.5,,,,False,FRESH,,,,,True,False,True,False,False,False,True,False,False,True,False,True
2026-04-30 09:45:38,2026-04-30 09:45:00,2026-04-30 09:40:00,NQ,BALANCE_STRUCTURE,ROTATION_ILLIQUID,TrendDown,FIRST_ACCEPTANCE,ROTATION_ILLIQUID,TREND_COMPRESSION,SHORT,62,20,COMPRESSED_BALANCE_LOW_EDGE,PENDING_ROTATION_ILLIQUID_1_OF_2,1,0.0,1,EARLY_AM,0.0,SHORT,0.0,0.0,0.0,0.0,0.0,0.0,1.0,1.0,1.565314406367652e-31,3,0.0,-0.1532880884332105,-1.9903069466882068,0.2587148257034859,0,1,0,27345.25,77.375,,,,False,FRESH,,,,,True,False,True,False,False,False,True,False,False,True,False,True
2026-04-30 09:45:47,2026-04-30 09:45:00,2026-04-30 09:45:00,NQ,BALANCE_STRUCTURE,ROTATION_ILLIQUID,TrendUp,FIRST_ACCEPTANCE,ROTATION_ILLIQUID,ROTATION_ILLIQUID,NONE,62,20,COMPRESSED_BALANCE_LOW_EDGE,LOCKED_AFTER_2_CONFIRMATIONS,0,0.0,2,EARLY_AM,0.0,SHORT,0.0,0.0,0.0,0.0,0.0,0.0,0.9808401006161326,0.9616802012292852,0.068348641337762,1,0.0,-0.1532880884332105,-1.9903069466882068,0.2587148257034859,0,1,0,27345.25,77.375,,,,False,FRESH,,,,,False,False,False,False,False,False,False,False,False,False,False,False
2026-04-30 09:52:06,2026-04-30 09:50:00,2026-04-30 09:50:00,NQ,BALANCE_STRUCTURE,ROTATION_ILLIQUID,TrendUp,EARLY_CONTINUATION,ROTATION_ILLIQUID,ROTATION_ILLIQUID,NONE,62,20,COMPRESSED_BALANCE_LOW_EDGE,UNCHANGED,0,0.355,1,EARLY_AM,31.11,NONE,0.3964912280701754,0.637852593266606,0.3548994974874372,0.0,1.0,0.0,0.9940938554181672,0.9881877108353376,0.0261110470571433,2,0.0,-0.3409585681561911,-2.204773869346734,0.2212417270721714,0,1,0,27323.75,79.6,,,,False,FRESH,,,,,False,False,False,False,False,False,False,False,False,False,False,False
2026-04-30 09:56:57,2026-04-30 09:55:00,2026-04-30 09:55:00,NQ,BALANCE_STRUCTURE,ROTATION_ILLIQUID,TrendDown,EARLY_CONTINUATION,TREND_COMPRESSION,TREND_COMPRESSION,SHORT,66,10,MICRO_TREND_INSIDE_MACRO_STRUCTURE,LOCKED_IMMEDIATE,0,-1.286,2,EARLY_AM,57.31,SHORT,1.0,0.5055900621118012,-1.266597510373444,5.0,2.0,0.0,0.9972752505773854,0.9945505011564816,0.0135697813820103,6,0.0,-1.183664753600275,-3.1836099585062243,0.2693522906793049,0,1,-1,27243.5,80.33333333333333,,,,False,FRESH,,,,,True,False,True,False,False,False,True,False,False,True,False,True
2026-04-30 10:01:47,2026-04-30 10:00:00,2026-04-30 10:00:00,NQ,BALANCE_STRUCTURE,ROTATION_ILLIQUID,TrendDown,PRE_DECISION,TREND_COMPRESSION,TREND_COMPRESSION,SHORT,66,10,MICRO_TREND_INSIDE_MACRO_STRUCTURE,UNCHANGED,0,-0.985,2,EARLY_AM,59.31,SHORT,0.9454545454545454,0.3235772357723577,-1.0036764705882353,10.0,3.0,0.0,0.999702933256066,0.9994058665152696,0.0019546109306871,7,0.0,-1.0243156909851838,-3.261948529411765,0.2275583482944344,0,1,-1,27245.75,77.71428571428571,,,,False,FRESH,,,,,True,False,True,False,False,False,True,False,False,True,False,True
2026-04-30 10:06:40,2026-04-30 10:05:00,2026-04-30 10:05:00,NQ,BALANCE_STRUCTURE,ROTATION_ILLIQUID,TrendUp,END_FIRST_WINDOW,ROTATION_ILLIQUID,TREND_COMPRESSION,SHORT,62,30,COMPRESSED_BALANCE_LOW_EDGE,PENDING_ROTATION_ILLIQUID_1_OF_2,1,0.575,2,EARLY_AM,55.03,NONE,1.0,0.3890784982935154,0.5924700041373604,15.0,4.0,0.0,0.5295901928557707,0.0591803857124764,0.498736067392269,1,0.0,-0.4238006765170067,-2.793545717832023,0.1686313686313686,0,1,0,27288.25,75.53125,,,,False,FRESH,,,,,True,False,True,False,False,False,True,False,False,True,False,True
2026-04-30 10:11:33,2026-04-30 10:10:00,2026-04-30 10:05:00,NQ,BRACKET_MACRO,ROTATION_ILLIQUID,TrendDown,PRE_IB_MATURATION,TREND_COMPRESSION,TREND_COMPRESSION,SHORT,66,0,MICRO_TREND_INSIDE_MACRO_STRUCTURE,UNCHANGED,0,-0.236,1,EARLY_AM,58.24,SHORT,0.1767554479418886,0.5181695827725438,-0.232731137088204,20.0,5.0,0.0,1.0,1.0,7.648908281134303e-25,8,0.0,-1.0877242184815934,-3.465462274176408,0.1892080069625761,0,1,-1,27227.5,78.41666666666667,,,,False,FRESH,,,,,True,False,True,False,False,False,True,False,False,True,False,True
2026-04-30 10:11:43,2026-04-30 10:10:00,2026-04-30 10:10:00,NQ,BRACKET_MACRO,ROTATION_ILLIQUID,TrendUp,PRE_IB_MATURATION,TRANSITION,TRANSITION,NONE,50,20,NO_CLEAR_STAGE_C_ALIGNMENT,LOCKED_IMMEDIATE,0,-0.236,2,EARLY_AM,58.24,SHORT,0.1767554479418886,0.5181695827725438,-0.232731137088204,20.0,5.0,0.0,0.8731944524199483,0.7463889048365032,0.2743059219397328,1,0.0,-1.0877242184815934,-3.465462274176408,0.1892080069625761,0,1,-1,27227.5,78.41666666666667,,,,False,FRESH,,,,,False,False,False,False,False,False,False,False,False,False,False,False
2026-04-30 10:16:26,2026-04-30 10:15:00,2026-04-30 10:10:00,NQ,BRACKET_MACRO,ROTATION_ILLIQUID,TrendDown,PRE_IB_MATURATION,TREND_COMPRESSION,TREND_COMPRESSION,SHORT,66,0,MICRO_TREND_INSIDE_MACRO_STRUCTURE,LOCKED_IMMEDIATE,0,-0.461,1,EARLY_AM,40.89,SHORT,0.4127906976744186,0.0707456978967495,-0.4613385315139701,25.0,6.0,0.0,0.9999999995052348,0.9999999990135618,7.958552180081631e-09,9,0.0,-0.7031745457857008,-3.203378817413905,0.1557661927330173,0,1,-1,27252.75,76.95,,,,False,FRESH,,,,,True,False,True,False,False,False,True,False,False,True,False,True
2026-04-30 10:16:36,2026-04-30 10:15:00,2026-04-30 10:15:00,NQ,BRACKET_MACRO,ROTATION_ILLIQUID,TrendDown,PRE_IB_MATURATION,TREND_COMPRESSION,TREND_COMPRESSION,SHORT,66,0,MICRO_TREND_INSIDE_MACRO_STRUCTURE,UNCHANGED,0,-0.461,0,EARLY_AM,40.89,SHORT,0.4127906976744186,0.0707456978967495,-0.4613385315139701,25.0,6.0,0.0,0.9986533851910002,0.9973067703808474,0.0073916833395848,10,0.0,-0.7031745457857008,-3.203378817413905,0.1557661927330173,0,1,-1,27252.75,76.95,,,,False,FRESH,,,,,True,False,True,False,False,False,True,False,False,True,False,True
2026-04-30 10:18:04,2026-02-16 14:35:00,2026-02-16 14:35:00,NQ,BRACKET_MACRO,TREND_EXPANSION,TrendDown,AFTERNOON_TREND_TEST,TRANSITION,TRANSITION,NONE,50,100,MACRO_STALE_104863.1MIN,UNCHANGED,0,0.0,0,PM,84.0,SHORT,1.0,1.0,-1.5497076023391811,50.0,6.0,100.0,0.9996667232670076,0.9993334465357502,0.0021652066716678,8,3.0375,-4.1093153361568415,-9.283625730994151,0.0922428820453224,0,1,-1,24757.5,17.1,,,,True,MACRO_STALE_104863.1MIN,,,,,False,False,False,False,False,False,False,False,False,False,False,False
2026-04-30 10:18:05,2026-04-30 10:15:00,2026-04-30 10:15:00,NQ,BRACKET_MACRO,ROTATION_ILLIQUID,TrendDown,PRE_IB_MATURATION,TREND_COMPRESSION,TREND_COMPRESSION,SHORT,66,0,MICRO_TREND_INSIDE_MACRO_STRUCTURE,LOCKED_IMMEDIATE,0,0.0,0,EARLY_AM,39.36,SHORT,0.4127906976744186,0.0707456978967495,-0.4186320754716981,25.0,6.0,0.0,0.9986533851910002,0.9973067703808474,0.0073916833395848,10,0.0,-0.6380811473845481,-2.9068396226415096,0.1557661927330173,0,1,-1,27252.75,84.8,,,,False,FRESH,,,,,True,False,True,False,False,False,True,False,False,True,False,True
2026-04-30 10:19:41,2026-02-04 10:10:00,2026-02-04 10:10:00,NQ,BRACKET_MACRO,ROTATION_ILLIQUID,TrendUp,PRE_IB_MATURATION,TRANSITION,TRANSITION,NONE,50,100,MACRO_STALE_122409.7MIN,UNCHANGED,0,0.0,0,EARLY_AM,56.81,LONG,0.6885245901639344,0.8164251207729468,0.8362831858407079,10.0,3.0,0.0,0.9999292256487584,0.9998584512962876,0.0005389133519676,9,0.0,1.141361376191711,1.901548672566372,0.1013262599469496,0,1,0,25424.75,25.11111111111111,,,,True,MACRO_STALE_122409.7MIN,,,,,False,False,False,False,False,False,False,False,False,False,False,False
2026-04-30 10:19:42,2026-04-30 10:15:00,2026-04-30 10:15:00,NQ,BRACKET_MACRO,ROTATION_ILLIQUID,TrendDown,PRE_IB_MATURATION,TREND_COMPRESSION,TREND_COMPRESSION,SHORT,66,0,MICRO_TREND_INSIDE_MACRO_STRUCTURE,LOCKED_IMMEDIATE,0,0.0,0,EARLY_AM,39.32,SHORT,0.4127906976744186,0.0707456978967495,-0.4175242575713025,25.0,6.0,0.0,1.0,1.0,1.0245512717871156e-25,10,0.0,-0.6363926056831483,-2.899147309614819,0.1557661927330173,0,1,-1,27252.75,85.025,,,,False,FRESH,,,,,True,False,True,False,False,False,True,False,False,True,False,True
2026-04-30 10:21:19,2026-04-30 10:20:00,2026-04-30 10:15:00,NQ,BRACKET_MACRO,ROTATION_ILLIQUID,TrendDown,PRE_IB_MATURATION,TREND_COMPRESSION,TREND_COMPRESSION,SHORT,66,0,MICRO_TREND_INSIDE_MACRO_STRUCTURE,UNCHANGED,0,0.0,0,EARLY_AM,37.39,SHORT,0.2047244094488189,0.1874062968515742,-0.1633818908883176,30.0,7.0,0.0,1.0,1.0,2.625397775047284e-15,10,0.0,-1.043956095454196,-3.5786918023421883,0.1612629194393317,0,1,-1,27214.5,79.56818181818181,,,,False,FRESH,,,,,True,False,True,False,False,False,True,False,False,True,False,True
2026-04-30 10:21:28,2026-04-30 10:20:00,2026-04-30 10:20:00,NQ,BRACKET_MACRO,ROTATION_ILLIQUID,TrendUp,PRE_IB_MATURATION,TRANSITION,TRANSITION,NONE,50,20,NO_CLEAR_STAGE_C_ALIGNMENT,LOCKED_IMMEDIATE,0,0.0,1,EARLY_AM,37.39,SHORT,0.2047244094488189,0.1874062968515742,-0.1633818908883176,30.0,7.0,0.0,0.681605190695469,0.3632103813910994,0.4513136616539991,1,0.0,-1.043956095454196,-3.5786918023421883,0.1612629194393317,0,1,-1,27214.5,79.56818181818181,,,,False,FRESH,,,,,False,False,False,False,False,False,False,False,False,False,False,False
2026-04-30 10:26:07,2026-04-30 10:25:00,2026-04-30 10:20:00,NQ,BRACKET_MACRO,ROTATION_ILLIQUID,TrendDown,NEAR_IB_CONDITION,TREND_COMPRESSION,TREND_COMPRESSION,SHORT,66,0,MICRO_TREND_INSIDE_MACRO_STRUCTURE,LOCKED_IMMEDIATE,0,-0.142,0,EARLY_AM,39.92,SHORT,0.1769230769230769,0.3112582781456953,-0.146886641830761,35.0,8.0,0.0,0.9993625065131994,0.9987250130295336,0.0038433005951373,11,0.0,-0.6668831344892995,-3.295369877594465,0.1343924990233103,0,1,-1,27241.25,78.29166666666667,,,,False,FRESH,,,,,True,False,True,False,False,False,True,False,False,True,False,True
2026-04-30 10:26:16,2026-04-30 10:25:00,2026-04-30 10:25:00,NQ,BRACKET_MACRO,ROTATION_ILLIQUID,TrendUp,NEAR_IB_CONDITION,TRANSITION,TRANSITION,NONE,50,20,NO_CLEAR_STAGE_C_ALIGNMENT,LOCKED_IMMEDIATE,0,-0.142,1,EARLY_AM,39.92,SHORT,0.1769230769230769,0.3112582781456953,-0.146886641830761,35.0,8.0,0.0,0.7445391004136687,0.4890782008304977,0.4099096334158879,1,0.0,-0.6668831344892995,-3.295369877594465,0.1343924990233103,0,1,-1,27241.25,78.29166666666667,,,,False,FRESH,,,,,False,False,False,False,False,False,False,False,False,False,False,False
2026-04-30 10:30:57,2026-04-30 10:30:00,2026-04-30 10:25:00,NQ,BRACKET_MACRO,ROTATION_ILLIQUID,TrendDown,NEAR_IB_CONDITION,TREND_COMPRESSION,TREND_COMPRESSION,SHORT,66,0,MICRO_TREND_INSIDE_MACRO_STRUCTURE,LOCKED_IMMEDIATE,0,0.176,0,EARLY_AM,34.82,NONE,0.3459119496855345,0.0072639225181598,0.1793328317030348,40.0,9.0,0.0,0.7953415019978134,0.5906830039947369,0.3655739067741008,12,0.0,-0.7895285091553342,-3.5344870830198145,0.1319216258975295,0,1,-1,27228.25,76.67307692307692,,,,False,FRESH,,,,,True,False,True,False,False,False,True,False,False,True,False,True
2026-04-30 10:31:07,2026-04-30 10:30:00,2026-04-30 10:30:00,NQ,BRACKET_MACRO,ROTATION_ILLIQUID,TrendUp,NEAR_IB_CONDITION,TRANSITION,TRANSITION,NONE,50,20,NO_CLEAR_STAGE_C_ALIGNMENT,LOCKED_IMMEDIATE,0,0.176,1,EARLY_AM,34.82,NONE,0.3459119496855345,0.0072639225181598,0.1793328317030348,40.0,9.0,0.0,0.937205577150958,0.8744111543010351,0.1692196394315514,2,0.0,-0.7895285091553342,-3.5344870830198145,0.1319216258975295,0,1,-1,27228.25,76.67307692307692,,,,False,FRESH,,,,,False,False,False,False,False,False,False,False,False,False,False,False
2026-04-30 10:49:53,2026-04-30 10:45:00,2026-04-30 10:30:00,NQ,BRACKET_MACRO,ROTATION_ILLIQUID,TrendDown,POST_IB_MACRO,TREND_COMPRESSION,TREND_COMPRESSION,SHORT,66,10,MICRO_TREND_INSIDE_MACRO_STRUCTURE,LOCKED_IMMEDIATE,0,0.055,0,POST_IB_AM,39.37,NONE,0.5111111111111111,0.4217687074829932,0.2205794205794206,55.0,11.0,0.0,0.5394276679307721,0.0788553358583332,0.4977549413340266,13,0.0,-0.4203950629568194,-3.244755244755245,0.1013277428371768,0,1,-1,27245.5,78.203125,,,,False,FRESH,,,,,True,False,True,False,False,False,True,False,False,True,False,True
2026-04-30 10:50:02,2026-04-30 10:45:00,2026-04-30 10:45:00,NQ,BRACKET_MACRO,ROTATION_ILLIQUID,TrendDown,POST_IB_MACRO,TREND_COMPRESSION,TREND_COMPRESSION,SHORT,66,0,MICRO_TREND_INSIDE_MACRO_STRUCTURE,UNCHANGED,0,0.055,0,POST_IB_AM,39.37,NONE,0.5111111111111111,0.4217687074829932,0.2205794205794206,55.0,11.0,0.0,0.9999602511276156,0.9999205022567303,0.0003192111186369,16,0.0,-0.4203950629568194,-3.244755244755245,0.1013277428371768,0,1,-1,27245.5,78.203125,,,,False,FRESH,,,,,True,False,True,False,False,False,True,False,False,True,False,True
2026-04-30 10:56:20,2026-04-30 10:55:00,2026-04-30 10:50:00,NQ,BRACKET_MACRO,ROTATION_ILLIQUID,TrendDown,POST_IB_MACRO,TRANSITION,TRANSITION,NONE,50,30,NO_CLEAR_STAGE_C_ALIGNMENT,LOCKED_IMMEDIATE,0,1.454,0,POST_IB_AM,47.26,LONG,1.0,0.697508896797153,1.6075641265680585,0.0,1.0,0.0,1.0,0.999999999999998,3.977388253471246e-14,17,0.0,0.7933762546897868,-2.1568994570305184,0.0584368151935719,0,1,0,27339.25,74.18055555555556,,,,False,FRESH,,,,,False,False,False,False,False,False,False,False,False,False,False,False
2026-04-30 10:56:29,2026-04-30 10:55:00,2026-04-30 10:55:00,NQ,BRACKET_MACRO,ROTATION_ILLIQUID,TrendDown,POST_IB_MACRO,TRANSITION,TRANSITION,NONE,50,30,NO_CLEAR_STAGE_C_ALIGNMENT,UNCHANGED,0,1.454,0,POST_IB_AM,47.26,LONG,1.0,0.697508896797153,1.6075641265680585,0.0,1.0,0.0,0.999999992280209,0.9999999845624652,1.0956206262594616e-07,18,0.0,0.7933762546897868,-2.1568994570305184,0.0584368151935719,0,1,0,27339.25,74.18055555555556,,,,False,FRESH,,,,,False,False,False,False,False,False,False,False,False,False,False,False
2026-04-30 11:06:04,2026-04-30 11:05:00,2026-04-30 11:00:00,NQ,BRACKET_MACRO,ROTATION_ILLIQUID,TrendDown,MID_MORNING_DISCOVERY,TREND_COMPRESSION,TREND_COMPRESSION,LONG,64,30,DEVELOPING_INITIATIVE_PHASE_AWARE,LOCKED_IMMEDIATE,0,1.795,0,POST_IB_AM,63.0,LONG,1.0,0.9014925373134328,1.880822640182809,10.0,2.0,0.0,0.9999849954072234,0.999969990813187,0.0001310420239684,19,0.0,1.287983762390651,-1.6874670416593427,0.0407677934431798,0,1,0,27379.25,71.1125,,,,False,FRESH,,,,,True,False,True,False,False,False,True,False,True,False,True,False
2026-04-30 11:06:13,2026-04-30 11:05:00,2026-04-30 11:05:00,NQ,BRACKET_MACRO,ROTATION_ILLIQUID,TrendUp,MID_MORNING_DISCOVERY,TREND_COMPRESSION,TREND_COMPRESSION,LONG,64,30,DEVELOPING_INITIATIVE_PHASE_AWARE,UNCHANGED,0,1.795,1,POST_IB_AM,63.0,LONG,1.0,0.9014925373134328,1.880822640182809,10.0,2.0,0.0,0.7924568582931094,0.5849137165871933,0.3683801120323197,1,0.0,1.287983762390651,-1.6874670416593427,0.0407677934431798,0,1,0,27379.25,71.1125,,,,False,FRESH,,,,,True,False,True,False,False,False,True,False,True,False,True,False
2026-04-30 11:15:47,2026-04-30 11:15:00,2026-04-30 11:10:00,NQ,BRACKET_MACRO,ROTATION_ILLIQUID,TrendUp,MID_MORNING_DISCOVERY,TREND_COMPRESSION,TREND_COMPRESSION,LONG,71,30,DEVELOPING_INITIATIVE_PHASE_AWARE,UNCHANGED,0,0.892,1,POST_IB_AM,74.0,LONG,1.0,1.0,0.9632055480639568,20.0,3.0,0.0,0.9980787722155532,0.9961575444297898,0.0100528858533729,2,0.0,1.6469303652063156,-1.5026006549797726,0.0310040543763415,0,1,0,27401.75,64.8875,,,,False,FRESH,,,,,True,False,True,False,False,False,True,False,True,False,True,False
2026-04-30 11:15:57,2026-04-30 11:15:00,2026-04-30 11:15:00,NQ,BRACKET_MACRO,ROTATION_ILLIQUID,TrendUp,MID_MORNING_DISCOVERY,TREND_COMPRESSION,TREND_COMPRESSION,LONG,71,30,DEVELOPING_INITIATIVE_PHASE_AWARE,UNCHANGED,0,0.892,1,POST_IB_AM,74.0,LONG,1.0,1.0,0.9632055480639568,20.0,3.0,0.0,0.9999245582521954,0.999849116504433,0.0005709777746648,3,0.0,1.6469303652063156,-1.5026006549797726,0.0310040543763415,0,1,0,27401.75,64.8875,,,,False,FRESH,,,,,True,False,True,False,False,False,True,False,True,False,True,False
2026-04-30 11:27:02,2026-04-30 11:25:00,2026-04-30 11:25:00,NQ,BRACKET_MACRO,ROTATION_ILLIQUID,TrendUp,MID_MORNING_DISCOVERY,TREND_COMPRESSION,TREND_COMPRESSION,LONG,70,20,DEVELOPING_INITIATIVE_PHASE_AWARE,UNCHANGED,0,0.272,1,POST_IB_AM,72.23,LONG,0.6513761467889908,0.9409937888198758,0.2952182952182952,30.0,4.0,0.0,0.999864594793004,0.9997291895889288,0.0009676750908214,5,0.0,1.6330406967344309,-1.7006237006237006,0.0310719440856947,0,1,0,27397.0,60.125,,,,False,FRESH,,,,,True,False,True,False,False,False,True,False,True,False,True,False
2026-04-30 11:36:30,2026-04-30 11:35:00,2026-04-30 11:30:00,NQ,BRACKET_MACRO,ROTATION_ILLIQUID,TrendUp,MID_MORNING_DISCOVERY,TREND_COMPRESSION,TREND_COMPRESSION,LONG,68,20,DEVELOPING_INITIATIVE_PHASE_AWARE,UNCHANGED,0,0.05,0,POST_IB_AM,70.2,LONG,0.24,0.8733333333333333,0.0541760722347629,40.0,5.0,0.0,0.9979539485661078,0.9959078971351264,0.0106130324522273,6,0.0,1.8105370542349848,-1.7065462753950338,0.0274151436031331,0,1,0,27404.75,55.375,,,,False,FRESH,,,,,True,False,True,False,False,False,True,False,True,False,True,False
2026-04-30 11:36:40,2026-04-30 11:35:00,2026-04-30 11:35:00,NQ,BRACKET_MACRO,ROTATION_ILLIQUID,TrendUp,MID_MORNING_DISCOVERY,TREND_COMPRESSION,TREND_COMPRESSION,LONG,68,20,DEVELOPING_INITIATIVE_PHASE_AWARE,UNCHANGED,0,0.05,0,POST_IB_AM,70.2,LONG,0.24,0.8733333333333333,0.0541760722347629,40.0,5.0,0.0,0.9992026754845572,0.9984053509685789,0.0046781680811265,7,0.0,1.8105370542349848,-1.7065462753950338,0.0274151436031331,0,1,0,27404.75,55.375,,,,False,FRESH,,,,,True,False,True,False,False,False,True,False,True,False,True,False
2026-04-30 11:45:53,2026-04-30 11:45:00,2026-04-30 11:40:00,NQ,BRACKET_MACRO,ROTATION_ILLIQUID,TrendUp,MID_MORNING_DISCOVERY,TRANSITION,TRANSITION,NONE,50,20,NO_CLEAR_STAGE_C_ALIGNMENT,LOCKED_IMMEDIATE,0,-0.643,0,POST_IB_AM,57.64,NONE,0.697560975609756,0.2292993630573248,-0.6963720477233991,50.0,6.0,0.0,0.7916346635295723,0.5832693270603106,0.3691732498433047,1,0.0,1.0438814048763838,-2.6880934989043097,0.0381004969630038,0,1,0,27361.25,51.3375,,,,False,FRESH,,,,,False,False,False,False,False,False,False,False,False,False,False,False
2026-04-30 11:46:03,2026-04-30 11:45:00,2026-04-30 11:45:00,NQ,BRACKET_MACRO,ROTATION_ILLIQUID,TrendDown,MID_MORNING_DISCOVERY,TRANSITION,TRANSITION,NONE,50,20,NO_CLEAR_STAGE_C_ALIGNMENT,UNCHANGED,0,-0.643,1,POST_IB_AM,57.64,NONE,0.697560975609756,0.2292993630573248,-0.6963720477233991,50.0,6.0,0.0,0.6714968428520516,0.3429936857049122,0.4566948701711024,3,0.0,1.0438814048763838,-2.6880934989043097,0.0381004969630038,0,1,0,27361.25,51.3375,,,,False,FRESH,,,,,False,False,False,False,False,False,False,False,False,False,False,False
2026-04-30 11:56:49,2026-04-30 11:55:00,2026-04-30 11:55:00,NQ,BRACKET_MACRO,ROTATION_ILLIQUID,TrendUp,MID_MORNING_DISCOVERY,TRANSITION,TRANSITION,NONE,50,20,NO_CLEAR_STAGE_C_ALIGNMENT,UNCHANGED,0,0.063,2,POST_IB_AM,30.21,LONG,0.0360110803324099,0.0608272506082725,0.0687830687830687,60.0,7.0,0.0,0.999024853674742,0.99804970735119,0.0055798287359054,4,0.0,2.063512215130638,-1.9312169312169312,0.0239690044654583,0,1,0,27408.0,47.25,,,,False,FRESH,,,,,False,False,False,False,False,False,False,False,False,False,False,False
2026-04-30 11:58:21,2026-03-10 11:55:00,2026-03-10 11:55:00,NQ,BRACKET_MACRO,TREND_COMPRESSION,TrendUp,MID_MORNING_DISCOVERY,TRANSITION,TRANSITION,NONE,50,100,MACRO_STALE_73443.4MIN,UNCHANGED,0,0.0,0,POST_IB_AM,73.36,SHORT,0.684931506849315,0.4172661870503597,-0.8375209380234505,40.0,5.0,0.0,0.9912679027155904,0.9825358054295666,0.0361326930640825,10,0.7921686746987951,-2.416654951211388,-4.279731993299833,0.0712990093484024,0,1,0,24979.25,29.85,,,,True,MACRO_STALE_73443.4MIN,,,,,False,False,False,False,False,False,False,False,False,False,False,False
2026-04-30 11:58:23,2026-04-30 11:55:00,2026-04-30 11:55:00,NQ,BRACKET_MACRO,ROTATION_ILLIQUID,TrendUp,MID_MORNING_DISCOVERY,TRANSITION,TRANSITION,NONE,50,20,NO_CLEAR_STAGE_C_ALIGNMENT,UNCHANGED,0,0.0,0,POST_IB_AM,30.21,LONG,0.0360110803324099,0.0608272506082725,0.0687830687830687,60.0,7.0,0.0,0.997040730401596,0.9940814608044556,0.0145612361169899,4,0.0,2.063512215130638,-1.9312169312169312,0.0239690044654583,0,1,0,27408.0,47.25,,,,False,FRESH,,,,,False,False,False,False,False,False,False,False,False,False,False,False
2026-04-30 12:03:00,2026-02-20 15:25:00,2026-02-20 15:25:00,NQ,MEAN_REVERSION_MACRO,ROTATION_ILLIQUID,TrendDown,LATE_DAY_CONVICTION,TRANSITION,TRANSITION,NONE,50,100,MACRO_STALE_99158.0MIN,UNCHANGED,0,0.0,0,POWER_HOUR,39.03,LONG,0.2469635627530364,0.2893772893772894,0.4102909029762905,50.0,6.0,71.73,1.0,0.9999999999988096,2.357370621881507e-11,15,0.3694779116465863,1.7600243489398013,0.4472843450479233,0.0060863994142412,1,1,0,25005.0,74.3375,,,,True,MACRO_STALE_99158.0MIN,,,,,False,False,False,False,False,False,False,False,False,False,False,False
2026-04-30 12:03:01,2026-04-30 11:55:00,2026-04-30 11:55:00,NQ,BRACKET_MACRO,ROTATION_ILLIQUID,TrendUp,MID_MORNING_DISCOVERY,TRANSITION,TRANSITION,NONE,50,20,NO_CLEAR_STAGE_C_ALIGNMENT,UNCHANGED,0,0.0,0,POST_IB_AM,30.21,LONG,0.0360110803324099,0.0608272506082725,0.0687830687830687,60.0,7.0,0.0,0.9998410852976484,0.9996821705961748,0.0011173324596524,4,0.0,2.063512215130638,-1.9312169312169312,0.0239690044654583,0,1,0,27408.0,47.25,,,,False,FRESH,,,,,False,False,False,False,False,False,False,False,False,False,False,False
2026-04-30 12:06:07,2026-04-30 12:05:00,2026-04-30 12:00:00,NQ,BRACKET_MACRO,ROTATION_ILLIQUID,TrendUp,LUNCH_AUCTION,TRANSITION,TRANSITION,NONE,50,35,NO_CLEAR_STAGE_C_ALIGNMENT,UNCHANGED,0,0.0,0,LUNCH,35.43,LONG,0.3309608540925267,0.102880658436214,0.5276595744680851,70.0,8.0,0.0,0.8408192592577789,0.6816385185143781,0.3161730095439248,5,0.0,1.6086362340100315,-2.6042553191489364,0.0289845920687042,0,1,0,27384.5,44.0625,,,,False,FRESH,,,,,False,False,False,False,False,False,False,False,False,False,False,False
2026-04-30 12:06:16,2026-04-30 12:05:00,2026-04-30 12:05:00,NQ,BRACKET_MACRO,ROTATION_ILLIQUID,TrendUp,LUNCH_AUCTION,TRANSITION,TRANSITION,NONE,50,35,NO_CLEAR_STAGE_C_ALIGNMENT,UNCHANGED,0,0.0,0,LUNCH,35.43,LONG,0.3309608540925267,0.102880658436214,0.5276595744680851,70.0,8.0,0.0,0.9973453824822244,0.994690764963949,0.0132705109090836,6,0.0,1.6086362340100315,-2.6042553191489364,0.0289845920687042,0,1,0,27384.5,44.0625,,,,False,FRESH,,,,,False,False,False,False,False,False,False,False,False,False,False,False
2026-04-30 12:12:17,2026-02-03 12:35:00,2026-02-03 12:35:00,NQ,BRACKET_MACRO,ROTATION_ILLIQUID,TrendUp,LUNCH_AUCTION,TRANSITION,TRANSITION,NONE,50,100,MACRO_STALE_123817.3MIN,UNCHANGED,0,0.0,0,LUNCH,64.0,LONG,1.0,0.5211267605633803,1.267387944358578,20.0,3.0,0.0,0.9998872888977608,0.9997745777967152,0.0008204070013684,38,0.0,1.7030702810963922,1.2828438948995362,0.0176108635688521,0,1,0,25988.25,16.175,,,,True,MACRO_STALE_123817.3MIN,,,,,False,False,False,False,False,False,False,False,False,False,False,False
2026-04-30 12:12:18,2026-04-30 12:05:00,2026-04-30 12:05:00,NQ,BRACKET_MACRO,ROTATION_ILLIQUID,TrendUp,LUNCH_AUCTION,TRANSITION,TRANSITION,NONE,50,35,NO_CLEAR_STAGE_C_ALIGNMENT,UNCHANGED,0,0.0,0,LUNCH,35.23,LONG,0.3309608540925267,0.102880658436214,0.5168102250625174,70.0,8.0,0.0,0.9974983048524072,0.9949966097066686,0.0126132557694868,6,0.0,1.57556063486673,-2.550708530147263,0.0289845920687042,0,1,0,27384.5,44.9875,,,,False,FRESH,,,,,False,False,False,False,False,False,False,False,False,False,False,False
2026-04-30 12:16:56,2026-04-30 12:15:00,2026-04-30 12:15:00,NQ,BRACKET_MACRO,ROTATION_ILLIQUID,TrendUp,LUNCH_AUCTION,TRANSITION,TRANSITION,NONE,50,35,NO_CLEAR_STAGE_C_ALIGNMENT,UNCHANGED,0,0.0,0,LUNCH,37.07,LONG,0.3261648745519713,0.1625,0.5485232067510548,80.0,9.0,0.0,0.9822834957641128,0.9645669915276616,0.0642099383831047,8,0.0,2.761223079210521,-1.651597347799879,0.0167246536043459,0,1,0,27430.75,41.475,,,,False,FRESH,,,,,False,False,False,False,False,False,False,False,False,False,False,False
2026-04-30 12:21:34,2026-04-27 11:05:00,2026-04-27 11:05:00,NQ,BRACKET_MACRO,ROTATION_ILLIQUID,TrendUp,MID_MORNING_DISCOVERY,TRANSITION,TRANSITION,NONE,50,100,MACRO_STALE_4396.6MIN,UNCHANGED,0,0.0,0,POST_IB_AM,0.0,NONE,0.0,0.0,0.0,0.0,0.0,0.0,0.99993148899788,0.9998629779991712,0.0005232853141965,12,0.0,-0.6331706827849902,-1.353546291283162,0.0083197444174514,0,1,0,27340.0,46.175,,,,True,MACRO_STALE_4396.6MIN,,,,,False,False,False,False,False,False,False,False,False,False,False,False
2026-04-30 12:21:35,2026-04-30 12:15:00,2026-04-30 12:15:00,NQ,BRACKET_MACRO,ROTATION_ILLIQUID,TrendUp,LUNCH_AUCTION,TRANSITION,TRANSITION,NONE,50,35,NO_CLEAR_STAGE_C_ALIGNMENT,UNCHANGED,0,0.0,0,LUNCH,36.94,LONG,0.3261648745519713,0.1625,0.5424739195230999,80.0,9.0,0.0,0.9987944092689184,0.9975888185373566,0.0067138558748862,8,0.0,2.7307714386946373,-1.6333830104321907,0.0167246536043459,0,1,0,27430.75,41.9375,,,,False,FRESH,,,,,False,False,False,False,False,False,False,False,False,False,False,False
2026-04-30 12:26:09,2026-04-30 12:25:00,2026-04-30 12:20:00,NQ,BRACKET_MACRO,ROTATION_ILLIQUID,TrendUp,LUNCH_AUCTION,TRANSITION,TRANSITION,NONE,50,35,NO_CLEAR_STAGE_C_ALIGNMENT,UNCHANGED,0,0.0,0,LUNCH,43.64,LONG,0.3120567375886525,0.3214920071047957,0.6075250258888506,90.0,10.0,0.0,0.9998966947417876,0.99979338948148,0.0007584372188236,9,0.0,2.426482825552765,-2.561270279599586,0.0219526627218934,0,1,0,27406.5,36.2125,,,,False,FRESH,,,,,False,False,False,False,False,False,False,False,False,False,False,False
2026-04-30 12:26:18,2026-04-30 12:25:00,2026-04-30 12:25:00,NQ,BRACKET_MACRO,ROTATION_ILLIQUID,TrendUp,LUNCH_AUCTION,TRANSITION,TRANSITION,NONE,50,35,NO_CLEAR_STAGE_C_ALIGNMENT,UNCHANGED,0,0.0,0,LUNCH,43.64,LONG,0.3120567375886525,0.3214920071047957,0.6075250258888506,90.0,10.0,0.0,0.9994544054745552,0.9989088109496922,0.0033505463411199,10,0.0,2.426482825552765,-2.561270279599586,0.0219526627218934,0,1,0,27406.5,36.2125,,,,False,FRESH,,,,,False,False,False,False,False,False,False,False,False,False,False,False
2026-04-30 12:36:53,2026-04-30 12:35:00,2026-04-30 12:35:00,NQ,BRACKET_MACRO,ROTATION_ILLIQUID,TrendUp,LUNCH_AUCTION,TRANSITION,TRANSITION,NONE,50,35,NO_CLEAR_STAGE_C_ALIGNMENT,UNCHANGED,0,-0.433,0,LUNCH,39.55,NONE,0.4923076923076923,0.0660146699266503,-0.4878048780487805,100.0,11.0,0.0,0.999619409823686,0.9992388196486266,0.0024361376408329,12,0.0,2.8783614940958597,-2.5762195121951224,0.0195771792644077,0,1,0,27414.75,32.8,,,,False,FRESH,,,,,False,False,False,False,False,False,False,False,False,False,False,False
2026-04-30 12:41:28,2026-03-10 11:55:00,2026-03-10 11:55:00,NQ,BRACKET_MACRO,TREND_COMPRESSION,TrendUp,MID_MORNING_DISCOVERY,TRANSITION,TRANSITION,NONE,50,100,MACRO_STALE_73486.5MIN,UNCHANGED,0,0.0,0,POST_IB_AM,73.36,SHORT,0.684931506849315,0.4172661870503597,-0.8375209380234505,40.0,5.0,0.0,0.9912679027155904,0.9825358054295666,0.0361326930640825,10,0.7921686746987951,-2.416654951211388,-4.279731993299833,0.0712990093484024,0,1,0,24979.25,29.85,,,,True,MACRO_STALE_73486.5MIN,,,,,False,False,False,False,False,False,False,False,False,False,False,False
2026-04-30 12:41:29,2026-04-30 12:35:00,2026-04-30 12:35:00,NQ,BRACKET_MACRO,ROTATION_ILLIQUID,TrendUp,LUNCH_AUCTION,TRANSITION,TRANSITION,NONE,50,35,NO_CLEAR_STAGE_C_ALIGNMENT,UNCHANGED,0,0.0,0,LUNCH,39.51,NONE,0.4923076923076923,0.0660146699266503,-0.4857685009487666,100.0,11.0,0.0,0.999544890537914,0.9990897810739732,0.0028544159484014,12,0.0,2.866345563759975,-2.5654648956356736,0.0195771792644077,0,1,0,27414.75,32.9375,,,,False,FRESH,,,,,False,False,False,False,False,False,False,False,False,False,False,False
2026-04-30 12:46:06,2026-04-30 12:45:00,2026-04-30 12:40:00,NQ,BRACKET_MACRO,ROTATION_ILLIQUID,TrendUp,LUNCH_AUCTION,TRANSITION,TRANSITION,NONE,50,35,NO_CLEAR_STAGE_C_ALIGNMENT,UNCHANGED,0,0.0,0,LUNCH,35.41,NONE,0.415929203539823,0.1037974683544303,-0.3849303849303849,110.0,12.0,0.0,0.9998974660666972,0.9997949321357952,0.0007533286882946,13,0.0,2.388374129792621,-3.4234234234234235,0.0236024844720496,0,1,0,27394.75,30.525,,,,False,FRESH,,,,,False,False,False,False,False,False,False,False,False,False,False,False
2026-04-30 12:46:16,2026-04-30 12:45:00,2026-04-30 12:45:00,NQ,BRACKET_MACRO,ROTATION_ILLIQUID,TrendUp,LUNCH_AUCTION,TRANSITION,TRANSITION,NONE,50,35,NO_CLEAR_STAGE_C_ALIGNMENT,UNCHANGED,0,0.0,0,LUNCH,35.41,NONE,0.415929203539823,0.1037974683544303,-0.3849303849303849,110.0,12.0,0.0,0.9963486559278006,0.9926973118532102,0.0174121911457568,14,0.0,2.388374129792621,-3.4234234234234235,0.0236024844720496,0,1,0,27394.75,30.525,,,,False,FRESH,,,,,False,False,False,False,False,False,False,False,False,False,False,False
2026-04-30 12:55:35,2026-03-10 11:55:00,2026-03-10 11:55:00,NQ,BRACKET_MACRO,TREND_COMPRESSION,TrendUp,MID_MORNING_DISCOVERY,TRANSITION,TRANSITION,NONE,50,100,MACRO_STALE_73500.6MIN,UNCHANGED,0,0.0,0,POST_IB_AM,73.36,SHORT,0.684931506849315,0.4172661870503597,-0.8375209380234505,40.0,5.0,0.0,0.9912679027155904,0.9825358054295666,0.0361326930640825,10,0.7921686746987951,-2.416654951211388,-4.279731993299833,0.0712990093484024,0,1,0,24979.25,29.85,,,,True,MACRO_STALE_73500.6MIN,,,,,False,False,False,False,False,False,False,False,False,False,False,False
2026-04-30 12:55:36,2026-04-30 12:55:00,2026-04-30 12:50:00,NQ,BRACKET_MACRO,ROTATION_ILLIQUID,TrendUp,LUNCH_AUCTION,TRANSITION,TRANSITION,NONE,50,35,NO_CLEAR_STAGE_C_ALIGNMENT,UNCHANGED,0,0.0,0,LUNCH,64.0,NONE,1.0,0.7807308970099668,-1.4467005076142132,120.0,13.0,0.0,0.9980490708808136,0.9960981417592154,0.0101866883677475,15,0.0,1.6430767831069932,-4.3062605752961085,0.0279670329670329,0,1,0,27372.0,29.55,,,,False,FRESH,,,,,False,False,False,False,False,False,False,False,False,False,False,False
2026-04-30 12:55:46,2026-04-30 12:55:00,2026-04-30 12:55:00,NQ,BRACKET_MACRO,ROTATION_ILLIQUID,TrendUp,LUNCH_AUCTION,TRANSITION,TRANSITION,NONE,50,35,NO_CLEAR_STAGE_C_ALIGNMENT,UNCHANGED,0,0.0,0,LUNCH,64.0,NONE,1.0,0.7807308970099668,-1.4467005076142132,120.0,13.0,0.0,0.9947215191087242,0.989443038214619,0.0237651519698002,16,0.0,1.6430767831069932,-4.3062605752961085,0.0279670329670329,0,1,0,27372.0,29.55,,,,False,FRESH,,,,,False,False,False,False,False,False,False,False,False,False,False,False
2026-04-30 13:06:55,2026-02-20 10:00:00,2026-02-20 10:00:00,NQ,BALANCE_STRUCTURE,ROTATION_ILLIQUID,TrendUp,PRE_DECISION,TRANSITION,TRANSITION,NONE,50,100,MACRO_STALE_99546.9MIN,UNCHANGED,0,0.0,0,EARLY_AM,65.89,SHORT,0.7419354838709677,0.7058823529411765,-0.365079365079365,20.0,5.0,0.0,0.9999895329494676,0.99997906589603,9.413268281474012e-05,7,0.0,-1.1687175280286095,-2.1904761904761907,0.1830238726790451,0,1,0,24937.25,15.75,,,,True,MACRO_STALE_99546.9MIN,,,,,False,False,False,False,False,False,False,False,False,False,False,False
2026-04-30 13:06:57,2026-04-30 13:05:00,2026-04-30 13:05:00,NQ,BRACKET_MACRO,ROTATION_ILLIQUID,TrendUp,POST_LUNCH_ROTATION,TRANSITION,TRANSITION,NONE,50,35,NO_CLEAR_STAGE_C_ALIGNMENT,UNCHANGED,0,0.0,0,LUNCH,35.46,LONG,0.2918287937743191,0.0756756756756756,0.5950019833399445,130.0,14.0,0.0,0.7209996650748765,0.4419993301518218,0.4270425592581291,1,0.0,2.7859361045185285,-2.7211424038080128,0.0181692975950842,0,1,0,27413.5,31.5125,,,,False,FRESH,,,,,False,False,False,False,False,False,False,False,False,False,False,False
2026-04-30 13:16:39,2026-04-30 13:15:00,2026-04-30 13:15:00,NQ,BRACKET_MACRO,ROTATION_ILLIQUID,TrendUp,POST_LUNCH_ROTATION,TRANSITION,TRANSITION,NONE,50,35,NO_CLEAR_STAGE_C_ALIGNMENT,UNCHANGED,0,0.0,0,LUNCH,64.0,LONG,1.0,0.2845188284518828,2.5722664432341853,140.0,15.0,0.0,0.6687688223000898,0.3375376445987081,0.4580896593635651,1,0.0,4.037497992065535,-1.692501047339757,0.0104392764857881,0,1,0,27448.75,29.8375,,,,False,FRESH,,,,,False,False,False,False,False,False,False,False,False,False,False,False
2026-04-30 13:26:20,2026-04-30 13:25:00,2026-04-30 13:20:00,NQ,BRACKET_MACRO,ROTATION_ILLIQUID,TrendUp,POST_LUNCH_ROTATION,TRANSITION,TRANSITION,NONE,50,45,NO_CLEAR_STAGE_C_ALIGNMENT,UNCHANGED,0,1.223,0,LUNCH,64.0,LONG,1.0,0.5495049504950495,1.2777053455019558,150.0,16.0,0.0,0.995908668142678,0.9918173362839448,0.0191739315446358,2,0.0,4.16028721946759,-1.703607127335941,0.0098979901020098,0,1,0,27450.25,28.7625,,,,False,FRESH,,,,,False,False,False,False,False,False,False,False,False,False,False,False
2026-04-30 13:26:30,2026-04-30 13:25:00,2026-04-30 13:25:00,NQ,BRACKET_MACRO,ROTATION_ILLIQUID,TrendUp,POST_LUNCH_ROTATION,TRANSITION,TRANSITION,NONE,50,45,NO_CLEAR_STAGE_C_ALIGNMENT,UNCHANGED,0,1.223,0,LUNCH,64.0,LONG,1.0,0.5495049504950495,1.2777053455019558,150.0,16.0,0.0,0.9997745031856848,0.9995490063717146,0.001528545678836,3,0.0,4.16028721946759,-1.703607127335941,0.0098979901020098,0,1,0,27450.25,28.7625,,,,False,FRESH,,,,,False,False,False,False,False,False,False,False,False,False,False,False
2026-04-30 13:34:28,2026-03-10 11:55:00,2026-03-10 11:55:00,NQ,BRACKET_MACRO,TREND_COMPRESSION,TrendUp,MID_MORNING_DISCOVERY,TRANSITION,TRANSITION,NONE,50,100,MACRO_STALE_73539.5MIN,UNCHANGED,0,0.0,0,POST_IB_AM,73.36,SHORT,0.684931506849315,0.4172661870503597,-0.8375209380234505,40.0,5.0,0.0,0.9912679027155904,0.9825358054295666,0.0361326930640825,10,0.7921686746987951,-2.416654951211388,-4.279731993299833,0.0712990093484024,0,1,0,24979.25,29.85,,,,True,MACRO_STALE_73539.5MIN,,,,,False,False,False,False,False,False,False,False,False,False,False,False
2026-04-30 13:34:29,2026-04-30 13:25:00,2026-04-30 13:25:00,NQ,BRACKET_MACRO,ROTATION_ILLIQUID,TrendUp,POST_LUNCH_ROTATION,TRANSITION,TRANSITION,NONE,50,35,NO_CLEAR_STAGE_C_ALIGNMENT,UNCHANGED,0,0.0,0,LUNCH,64.0,LONG,1.0,0.5495049504950495,1.2699784017278617,150.0,16.0,0.0,0.9976982429239722,0.9953964858487424,0.0117436590881254,3,0.0,4.135127815116598,-1.693304535637149,0.0098979901020098,0,1,0,27450.25,28.9375,,,,False,FRESH,,,,,False,False,False,False,False,False,False,False,False,False,False,False
2026-04-30 13:36:06,2026-04-30 13:35:00,2026-04-30 13:30:00,NQ,MEAN_REVERSION_MACRO,ROTATION_ILLIQUID,TrendDown,POST_LUNCH_ROTATION,TRANSITION,TRANSITION,NONE,52,50,HMM_TRANSITION_OR_RETURN_TO_OPEN,UNCHANGED,0,0.0,1,PM,56.0,LONG,1.0,1.0,1.2081703607127336,160.0,17.0,50.0,0.9974293558086044,0.994858711617641,0.0129104093947725,1,0.0,5.148651542038368,-0.5475880052151239,0.0030899014174309,1,1,0,27483.5,28.7625,,,,False,FRESH,,,,,False,False,False,False,False,False,False,False,False,False,False,False
2026-04-30 13:36:15,2026-04-30 13:35:00,2026-04-30 13:35:00,NQ,MEAN_REVERSION_MACRO,ROTATION_ILLIQUID,TrendUp,POST_LUNCH_ROTATION,TRANSITION,TRANSITION,NONE,52,50,HMM_TRANSITION_OR_RETURN_TO_OPEN,UNCHANGED,0,0.0,2,PM,56.0,LONG,1.0,1.0,1.2081703607127336,160.0,17.0,50.0,0.8078414595191319,0.6156829190350684,0.3529825917528815,1,0.0,5.148651542038368,-0.5475880052151239,0.0030899014174309,1,1,0,27483.5,28.7625,,,,False,FRESH,,,,,False,False,False,False,False,False,False,False,False,False,False,False
2026-04-30 13:45:49,2026-04-30 13:45:00,2026-04-30 13:40:00,NQ,MEAN_REVERSION_MACRO,ROTATION_ILLIQUID,TrendUp,POST_LUNCH_ROTATION,TRANSITION,TRANSITION,NONE,55,60,HIGH_CONFLICT_STAGE_A_B_OR_PRICE_ACTION,UNCHANGED,0,1.697,2,PM,56.0,LONG,1.0,1.0,1.7875526438933085,170.0,18.0,50.0,0.9876815572313836,0.9753631144651408,0.0478990867463056,2,0.0,5.975137989536938,-0.0467945718296677,0.0002406391375493,1,1,0,27498.0,26.7125,,,,False,FRESH,,,,,False,False,False,False,False,False,False,False,False,False,False,False
2026-04-30 13:45:58,2026-04-30 13:45:00,2026-04-30 13:45:00,NQ,MEAN_REVERSION_MACRO,ROTATION_ILLIQUID,TrendUp,POST_LUNCH_ROTATION,TRANSITION,TRANSITION,NONE,55,60,HIGH_CONFLICT_STAGE_A_B_OR_PRICE_ACTION,UNCHANGED,0,1.697,2,PM,56.0,LONG,1.0,1.0,1.7875526438933085,170.0,18.0,50.0,0.99933679444843,0.998673588896287,0.0039793901036218,3,0.0,5.975137989536938,-0.0467945718296677,0.0002406391375493,1,1,0,27498.0,26.7125,,,,False,FRESH,,,,,False,False,False,False,False,False,False,False,False,False,False,False
2026-04-30 13:55:33,2026-04-30 13:55:00,2026-04-30 13:50:00,NQ,MEAN_REVERSION_MACRO,ROTATION_ILLIQUID,TrendUp,POST_LUNCH_ROTATION,TREND_COMPRESSION,TREND_COMPRESSION,LONG,66,40,MICRO_TREND_INSIDE_MACRO_STRUCTURE,LOCKED_IMMEDIATE,0,1.282,1,PM,56.56,LONG,1.0,1.0,1.3670133729569094,180.0,19.0,52.82,0.9993433522822271,0.998686704566478,0.0039447501044288,4,0.0480059084194977,6.96485793483526,0.7429420505200595,0.003545931634438,1,1,0,27518.0,25.2375,,,,False,FRESH,,,,,False,False,True,False,False,False,True,False,True,False,False,False
2026-04-30 13:55:43,2026-04-30 13:55:00,2026-04-30 13:55:00,NQ,MEAN_REVERSION_MACRO,ROTATION_ILLIQUID,TrendUp,POST_LUNCH_ROTATION,TREND_COMPRESSION,TREND_COMPRESSION,LONG,66,40,MICRO_TREND_INSIDE_MACRO_STRUCTURE,UNCHANGED,0,1.282,0,PM,56.56,LONG,1.0,1.0,1.3670133729569094,180.0,19.0,52.82,0.9989616668844558,0.9979233337686356,0.0058943371153446,5,0.0480059084194977,6.96485793483526,0.7429420505200595,0.003545931634438,1,1,0,27518.0,25.2375,,,,False,FRESH,,,,,False,False,True,False,False,False,True,False,True,False,False,False
2026-04-30 14:08:30,2026-04-30 14:05:00,2026-04-30 14:00:00,NQ,BRACKET_MACRO,ROTATION_ILLIQUID,TrendDown,AFTERNOON_TREND_TEST,TRANSITION,TRANSITION,NONE,50,30,NO_CLEAR_STAGE_C_ALIGNMENT,LOCKED_IMMEDIATE,0,3.084,1,PM,76.69,LONG,1.0,1.0,2.9995385325334567,190.0,20.0,63.47,0.8988341024334814,0.7976682048661888,0.2363402719810851,1,0.2289512555391432,8.489376336741898,2.953391785879096,0.0147806004618937,0,1,0,27579.25,27.0875,,,,False,FRESH,,,,,False,False,False,False,False,False,False,False,False,False,False,False
2026-04-30 14:08:41,2026-04-30 14:05:00,2026-04-30 14:05:00,NQ,BRACKET_MACRO,ROTATION_ILLIQUID,TrendDown,AFTERNOON_TREND_TEST,TRANSITION,TRANSITION,NONE,50,30,NO_CLEAR_STAGE_C_ALIGNMENT,UNCHANGED,0,3.084,1,PM,76.69,LONG,1.0,1.0,2.9995385325334567,190.0,20.0,63.47,0.8811000238487566,0.7622000476949824,0.2630952964974156,2,0.2289512555391432,8.489376336741898,2.953391785879096,0.0147806004618937,0,1,0,27579.25,27.0875,,,,False,FRESH,,,,,False,False,False,False,False,False,False,False,False,False,False,False
2026-04-30 14:13:36,2026-04-02 12:25:00,2026-04-02 12:25:00,NQ,BRACKET_MACRO,ROTATION_LIQUID,TrendUp,LUNCH_AUCTION,TRANSITION,TRANSITION,NONE,50,100,MACRO_STALE_40428.6MIN,UNCHANGED,0,0.0,0,LUNCH,60.74,NONE,0.8770949720670391,0.233009708737864,1.6135662898252827,70.0,8.0,0.0,0.8879394453996624,0.7758788907995251,0.2530500488813852,13,0.5635179153094463,-0.6682274699647409,-4.922918807810894,0.0702037227026234,0,1,0,23732.75,24.325,,,,True,MACRO_STALE_40428.6MIN,,,,,False,False,False,False,False,False,False,False,False,False,False,False
2026-04-30 14:13:37,2026-04-30 14:05:00,2026-04-30 14:05:00,NQ,BRACKET_MACRO,ROTATION_ILLIQUID,TrendUp,AFTERNOON_TREND_TEST,TREND_COMPRESSION,TREND_COMPRESSION,LONG,66,0,MICRO_TREND_INSIDE_MACRO_STRUCTURE,LOCKED_IMMEDIATE,0,0.0,0,PM,76.69,LONG,1.0,1.0,2.9532030895047705,190.0,20.0,63.47,0.6749630414684062,0.3499260829332853,0.4548875444410858,7,0.2289512555391432,8.35823649328473,2.907769195820082,0.0147806004618937,0,1,0,27579.25,27.5125,,,,False,FRESH,,,,,True,False,True,False,False,False,True,False,True,False,True,False
2026-04-30 14:16:51,2026-04-30 14:15:00,2026-04-30 14:15:00,NQ,BRACKET_MACRO,ROTATION_ILLIQUID,TrendUp,AFTERNOON_TREND_TEST,TREND_COMPRESSION,TREND_COMPRESSION,LONG,66,0,MICRO_TREND_INSIDE_MACRO_STRUCTURE,UNCHANGED,0,0.0,0,PM,71.23,LONG,0.7437722419928826,0.8281622911694511,1.9139194139194136,200.0,21.0,61.9,0.988097908097455,0.9761958161953884,0.0465771480932536,9,0.2023633677991137,7.975206949003099,2.600732600732601,0.0129739607126541,0,1,0,27570.25,27.3,,,,False,FRESH,,,,,True,False,True,False,False,False,True,False,True,False,True,False
2026-04-30 14:26:39,2026-04-30 14:25:00,2026-04-30 14:25:00,NQ,BRACKET_MACRO,ROTATION_ILLIQUID,TrendUp,AFTERNOON_TREND_TEST,TREND_COMPRESSION,TREND_COMPRESSION,LONG,66,10,MICRO_TREND_INSIDE_MACRO_STRUCTURE,UNCHANGED,0,-0.75,0,PM,75.98,NONE,1.0,0.597051597051597,-0.7554122524182405,210.0,22.0,59.91,0.9989743357180912,0.997948671434305,0.005831506912306,11,0.1683899556868537,7.460337546904331,2.1925380009212345,0.0106908633545952,0,1,0,27558.75,27.1375,,,,False,FRESH,,,,,True,False,True,False,False,False,True,False,True,False,True,False
2026-04-30 14:36:27,2026-04-30 14:35:00,2026-04-30 14:30:00,NQ,BRACKET_MACRO,ROTATION_ILLIQUID,TrendUp,AFTERNOON_TREND_TEST,TREND_COMPRESSION,TREND_COMPRESSION,LONG,66,0,MICRO_TREND_INSIDE_MACRO_STRUCTURE,UNCHANGED,0,0.103,0,PM,63.66,LONG,0.1067961165048543,0.5729166666666666,0.1065891472868217,220.0,23.0,62.38,0.9813232669418956,0.9626465338806336,0.0669724491145234,12,0.2104874446085672,8.270938819281328,2.858527131782945,0.0130404031473786,0,1,0,27573.0,25.8,,,,False,FRESH,,,,,True,False,True,False,False,False,True,False,True,False,True,False
2026-04-30 14:36:38,2026-04-30 14:35:00,2026-04-30 14:35:00,NQ,BRACKET_MACRO,ROTATION_ILLIQUID,TrendUp,AFTERNOON_TREND_TEST,TREND_COMPRESSION,TREND_COMPRESSION,LONG,66,0,MICRO_TREND_INSIDE_MACRO_STRUCTURE,UNCHANGED,0,0.103,0,PM,63.66,LONG,0.1067961165048543,0.5729166666666666,0.1065891472868217,220.0,23.0,62.38,0.9990435261104752,0.998087052224328,0.0054863302296371,13,0.2104874446085672,8.270938819281328,2.858527131782945,0.0130404031473786,0,1,0,27573.0,25.8,,,,False,FRESH,,,,,True,False,True,False,False,False,True,False,True,False,True,False
2026-04-30 14:44:35,2026-04-27 11:05:00,2026-04-27 11:05:00,NQ,BRACKET_MACRO,ROTATION_ILLIQUID,TrendUp,MID_MORNING_DISCOVERY,TRANSITION,TRANSITION,NONE,50,100,MACRO_STALE_4539.6MIN,UNCHANGED,0,0.0,0,POST_IB_AM,0.0,NONE,0.0,0.0,0.0,0.0,0.0,0.0,0.99993148899788,0.9998629779991718,0.0005232853141934,12,0.0,-0.6331706827849902,-1.353546291283162,0.0083197444174514,0,1,0,27340.0,46.175,,,,True,MACRO_STALE_4539.6MIN,,,,,False,False,False,False,False,False,False,False,False,False,False,False
2026-04-30 14:44:37,2026-04-30 14:35:00,2026-04-30 14:35:00,NQ,BRACKET_MACRO,ROTATION_ILLIQUID,TrendUp,AFTERNOON_TREND_TEST,TREND_COMPRESSION,TREND_COMPRESSION,LONG,66,0,MICRO_TREND_INSIDE_MACRO_STRUCTURE,LOCKED_IMMEDIATE,0,0.0,0,PM,63.66,LONG,0.1067961165048543,0.5729166666666666,0.1031894934333958,220.0,23.0,62.38,0.9999043206199392,0.9998086412395072,0.0007077431729025,13,0.2104874446085672,8.007137768760161,2.7673545966228894,0.0130404031473786,0,1,0,27573.0,26.65,,,,False,FRESH,,,,,True,False,True,False,False,False,True,False,True,False,True,False
2026-04-30 14:46:13,2026-04-30 14:45:00,2026-04-30 14:40:00,NQ,BRACKET_MACRO,ROTATION_ILLIQUID,TrendUp,AFTERNOON_TREND_TEST,TREND_COMPRESSION,TREND_COMPRESSION,LONG,66,0,MICRO_TREND_INSIDE_MACRO_STRUCTURE,UNCHANGED,0,0.0,0,PM,71.37,LONG,1.0,0.1006711409395973,0.7116303770578863,230.0,24.0,62.82,0.9995811026450128,0.9991622052889396,0.0026523550990168,14,0.2178729689807976,9.038674247716074,3.23951141795008,0.0132747214484679,0,1,0,27575.5,23.5375,,,,False,FRESH,,,,,True,False,True,False,False,False,True,False,True,False,True,False
2026-04-30 14:46:23,2026-04-30 14:45:00,2026-04-30 14:45:00,NQ,BRACKET_MACRO,ROTATION_ILLIQUID,TrendUp,AFTERNOON_TREND_TEST,TREND_COMPRESSION,TREND_COMPRESSION,LONG,66,0,MICRO_TREND_INSIDE_MACRO_STRUCTURE,UNCHANGED,0,0.0,0,PM,71.37,LONG,1.0,0.1006711409395973,0.7116303770578863,230.0,24.0,62.82,0.9980123610941716,0.996024722191568,0.0103516123877846,15,0.2178729689807976,9.038674247716074,3.23951141795008,0.0132747214484679,0,1,0,27575.5,23.5375,,,,False,FRESH,,,,,True,False,True,False,False,False,True,False,True,False,True,False
2026-04-30 14:52:44,2026-04-27 11:05:00,2026-04-27 11:05:00,NQ,BRACKET_MACRO,ROTATION_ILLIQUID,TrendUp,MID_MORNING_DISCOVERY,TRANSITION,TRANSITION,NONE,50,100,MACRO_STALE_4547.7MIN,UNCHANGED,0,0.0,0,POST_IB_AM,0.0,NONE,0.0,0.0,0.0,0.0,0.0,0.0,0.99993148899788,0.9998629779991712,0.0005232853141965,12,0.0,-0.6331706827849902,-1.353546291283162,0.0083197444174514,0,1,0,27340.0,46.175,,,,True,MACRO_STALE_4547.7MIN,,,,,False,False,False,False,False,False,False,False,False,False,False,False
2026-04-30 14:52:46,2026-04-30 14:45:00,2026-04-30 14:45:00,NQ,BRACKET_MACRO,ROTATION_ILLIQUID,TrendUp,AFTERNOON_TREND_TEST,TREND_COMPRESSION,TREND_COMPRESSION,LONG,66,0,MICRO_TREND_INSIDE_MACRO_STRUCTURE,LOCKED_IMMEDIATE,0,0.0,0,PM,71.23,LONG,1.0,0.1006711409395973,0.703781512605042,230.0,24.0,62.82,0.9998765648569112,0.9997531297149456,0.000890372561909,15,0.2178729689807976,8.93898298763097,3.2037815126050417,0.0132747214484679,0,1,0,27575.5,23.8,,,,False,FRESH,,,,,True,False,True,False,False,False,True,False,True,False,True,False
2026-04-30 14:54:21,2026-03-18 14:45:00,2026-03-18 14:45:00,NQ,BRACKET_MACRO,TREND_EXPANSION,TrendDown,AFTERNOON_TREND_TEST,TRANSITION,TRANSITION,NONE,50,100,MACRO_STALE_61929.4MIN,UNCHANGED,0,0.0,0,PM,84.0,SHORT,1.0,1.0,-1.2937717187917668,230.0,24.0,100.0,0.878455641693286,0.7569112833856224,0.2668919217133965,10,10.030075187969924,-2.6373719314805,-7.511360598770381,0.0849815520474203,0,1,0,24831.5,46.7625,,,,True,MACRO_STALE_61929.4MIN,,,,,False,False,False,False,False,False,False,False,False,False,False,False
2026-04-30 14:54:23,2026-04-30 14:45:00,2026-04-30 14:45:00,NQ,BRACKET_MACRO,ROTATION_ILLIQUID,TrendUp,AFTERNOON_TREND_TEST,TREND_COMPRESSION,TREND_COMPRESSION,LONG,66,0,MICRO_TREND_INSIDE_MACRO_STRUCTURE,LOCKED_IMMEDIATE,0,0.0,0,PM,71.23,LONG,1.0,0.1006711409395973,0.703781512605042,230.0,24.0,62.82,0.9998785013268506,0.9997570026533144,0.0008777902034908,15,0.2178729689807976,8.938653651806542,3.2037815126050417,0.0132747214484679,0,1,0,27575.5,23.8,,,,False,FRESH,,,,,True,False,True,False,False,False,True,False,True,False,True,False
2026-04-30 14:55:59,2026-04-30 14:55:00,2026-04-30 14:50:00,NQ,BRACKET_MACRO,ROTATION_ILLIQUID,TrendUp,AFTERNOON_TREND_TEST,TREND_COMPRESSION,TREND_COMPRESSION,LONG,66,0,MICRO_TREND_INSIDE_MACRO_STRUCTURE,UNCHANGED,0,0.0,0,PM,42.84,NONE,0.3939393939393939,0.0147058823529411,-0.1477272727272727,240.0,25.0,61.82,0.9994009116835022,0.9988018233642976,0.003638624754191,16,0.2008862629246676,9.299787567403738,3.2045454545454546,0.0120988501801956,0,1,0,27569.75,22.0,,,,False,FRESH,,,,,True,False,True,False,False,False,True,False,True,False,True,False
2026-04-30 14:56:09,2026-04-30 14:55:00,2026-04-30 14:55:00,NQ,BRACKET_MACRO,ROTATION_ILLIQUID,TrendUp,AFTERNOON_TREND_TEST,TREND_COMPRESSION,TREND_COMPRESSION,LONG,66,0,MICRO_TREND_INSIDE_MACRO_STRUCTURE,UNCHANGED,0,0.0,0,PM,42.84,NONE,0.3939393939393939,0.0147058823529411,-0.1477272727272727,240.0,25.0,61.82,0.9981722501628364,0.9963445003252144,0.0096295835977307,17,0.2008862629246676,9.299787567403738,3.2045454545454546,0.0120988501801956,0,1,0,27569.75,22.0,,,,False,FRESH,,,,,True,False,True,False,False,False,True,False,True,False,True,False
2026-04-30 15:05:48,2026-04-30 15:05:00,2026-04-30 15:00:00,NQ,BRACKET_MACRO,ROTATION_ILLIQUID,TrendUp,LATE_DAY_CONVICTION,TREND_COMPRESSION,TREND_COMPRESSION,LONG,66,20,MICRO_TREND_INSIDE_MACRO_STRUCTURE,UNCHANGED,0,-0.437,0,POWER_HOUR,66.12,NONE,1.0,0.2523364485981308,-0.4390779363336992,250.0,26.0,61.08,0.9598851131841268,0.9197702263692966,0.1214093465523948,18,0.1883308714918759,8.642625775166708,2.908891328210758,0.0111833220796758,0,1,0,27565.5,22.775,,,,False,FRESH,,,,,True,False,True,False,False,False,True,False,True,False,True,False
2026-04-30 15:05:58,2026-04-30 15:05:00,2026-04-30 15:05:00,NQ,BRACKET_MACRO,ROTATION_ILLIQUID,TrendUp,LATE_DAY_CONVICTION,TREND_COMPRESSION,TREND_COMPRESSION,LONG,66,20,MICRO_TREND_INSIDE_MACRO_STRUCTURE,UNCHANGED,0,-0.437,0,POWER_HOUR,66.12,NONE,1.0,0.2523364485981308,-0.4390779363336992,250.0,26.0,61.08,0.9718135984573428,0.9436271969142266,0.092606788196391,19,0.1883308714918759,8.642625775166708,2.908891328210758,0.0111833220796758,0,1,0,27565.5,22.775,,,,False,FRESH,,,,,True,False,True,False,False,False,True,False,True,False,True,False
2026-04-30 15:17:08,2026-04-30 15:15:00,2026-04-30 15:15:00,NQ,BRACKET_MACRO,ROTATION_ILLIQUID,TrendUp,LATE_DAY_CONVICTION,TREND_COMPRESSION,TREND_COMPRESSION,LONG,66,30,MICRO_TREND_INSIDE_MACRO_STRUCTURE,UNCHANGED,0,1.25,0,POWER_HOUR,70.29,LONG,0.7655172413793103,0.550561797752809,1.2714776632302407,260.0,27.0,66.64,0.7109974390628274,0.4219948781248332,0.433714650255701,21,0.2828655834564254,10.294228185044313,4.501718213058419,0.0162867799419809,0,1,0,27597.5,21.825,,,,False,FRESH,,,,,True,False,True,False,False,False,True,False,True,False,True,False
2026-04-30 15:26:52,2026-04-30 15:25:00,2026-04-30 15:25:00,NQ,BRACKET_MACRO,ROTATION_ILLIQUID,TrendUp,LATE_DAY_CONVICTION,TREND_COMPRESSION,TREND_COMPRESSION,LONG,66,30,MICRO_TREND_INSIDE_MACRO_STRUCTURE,UNCHANGED,0,1.626,0,POWER_HOUR,77.46,LONG,1.0,0.5628415300546448,1.6734932709186658,270.0,28.0,67.29,0.984591339048017,0.9691826780948016,0.0574098756133043,23,0.293943870014771,10.550305459986342,4.774722059684025,0.0167117227820103,0,1,0,27601.25,21.3625,,,,False,FRESH,,,,,True,False,True,False,False,False,True,False,True,False,True,False
2026-04-30 15:34:59,2026-03-10 12:15:00,2026-03-10 12:15:00,NQ,BRACKET_MACRO,TREND_EXPANSION,TrendUp,LUNCH_AUCTION,TRANSITION,TRANSITION,NONE,50,100,MACRO_STALE_73640.0MIN,UNCHANGED,0,0.0,0,LUNCH,74.0,SHORT,1.0,0.8635014836795252,-1.558547531619747,60.0,7.0,0.0,0.9778551190648012,0.955710238128186,0.0766598710296281,1,1.3674698795180722,-3.0866884094587825,-5.72827417380661,0.0830376153300213,0,1,0,24931.5,30.6375,,,,True,MACRO_STALE_73640.0MIN,,,,,False,False,False,False,False,False,False,False,False,False,False,False
2026-04-30 15:35:00,2026-04-30 15:25:00,2026-04-30 15:25:00,NQ,BRACKET_MACRO,ROTATION_ILLIQUID,TrendUp,LATE_DAY_CONVICTION,TREND_COMPRESSION,TREND_COMPRESSION,LONG,66,20,MICRO_TREND_INSIDE_MACRO_STRUCTURE,LOCKED_IMMEDIATE,0,0.0,0,POWER_HOUR,77.46,LONG,1.0,0.5628415300546448,1.6734932709186658,270.0,28.0,67.29,0.9995089816775156,0.9990179633583004,0.0030527287312979,23,0.293943870014771,10.549983171439736,4.774722059684025,0.0167117227820103,0,1,0,27601.25,21.3625,,,,False,FRESH,,,,,True,False,True,False,False,False,True,False,True,False,True,False
2026-04-30 15:36:36,2026-04-30 15:35:00,2026-04-30 15:35:00,NQ,BRACKET_MACRO,ROTATION_ILLIQUID,TrendUp,LATE_DAY_CONVICTION,TREND_COMPRESSION,TREND_COMPRESSION,LONG,66,20,MICRO_TREND_INSIDE_MACRO_STRUCTURE,UNCHANGED,0,0.0,0,POWER_HOUR,64.68,NONE,0.1666666666666666,0.580110497237569,-0.0727713765918738,280.0,29.0,66.38,0.9819966610799608,0.9639933221565636,0.0650390550764261,25,0.2784342688330871,10.526331335512948,4.693753790175864,0.0156351001939237,0,1,0,27596.0,20.6125,,,,False,FRESH,,,,,True,False,True,False,False,False,True,False,True,False,True,False
2026-04-30 15:46:23,2026-02-17 15:15:00,2026-02-17 15:15:00,NQ,BRACKET_MACRO,TREND_EXPANSION,TrendDown,LATE_DAY_CONVICTION,TRANSITION,TRANSITION,NONE,50,100,MACRO_STALE_103711.4MIN,UNCHANGED,0,0.0,0,POWER_HOUR,79.4,SHORT,0.4106583072100313,0.8466557911908646,-0.4731804226115224,20.0,3.0,100.0,1.0,1.0,2.7490724048769624e-60,10,2.935643564356436,-1.7501594241749956,-2.4236951417735235,0.0322456629343072,0,1,0,24498.75,69.2125,,,,True,MACRO_STALE_103711.4MIN,,,,,False,False,False,False,False,False,False,False,False,False,False,False
2026-04-30 15:46:24,2026-04-30 15:45:00,2026-04-30 15:40:00,NQ,BRACKET_MACRO,ROTATION_ILLIQUID,TrendUp,LATE_DAY_CONVICTION,TREND_COMPRESSION,TREND_COMPRESSION,LONG,66,20,MICRO_TREND_INSIDE_MACRO_STRUCTURE,LOCKED_IMMEDIATE,0,0.0,0,POWER_HOUR,73.04,LONG,0.6146788990825688,0.8333333333333334,0.8804204993429698,290.0,30.0,70.2,0.98276181811246,0.965523636221704,0.0628196997679774,26,0.3434268833087149,12.393194247266944,6.241787122207622,0.018879173290938,0,1,0,27618.0,19.025,,,,False,FRESH,,,,,True,False,True,False,False,False,True,False,True,False,True,False
2026-04-30 15:46:33,2026-04-30 15:45:00,2026-04-30 15:45:00,NQ,BRACKET_MACRO,ROTATION_ILLIQUID,TrendUp,LATE_DAY_CONVICTION,TREND_COMPRESSION,TREND_COMPRESSION,LONG,66,20,MICRO_TREND_INSIDE_MACRO_STRUCTURE,UNCHANGED,0,0.0,0,POWER_HOUR,73.04,LONG,0.6146788990825688,0.8333333333333334,0.8804204993429698,290.0,30.0,70.2,0.99595316347773,0.9919063269541132,0.0189973917436613,27,0.3434268833087149,12.393194247266944,6.241787122207622,0.018879173290938,0,1,0,27618.0,19.025,,,,False,FRESH,,,,,True,False,True,False,False,False,True,False,True,False,True,False
2026-04-30 15:52:55,2026-03-10 12:15:00,2026-03-10 12:15:00,NQ,BRACKET_MACRO,TREND_EXPANSION,TrendUp,LUNCH_AUCTION,TRANSITION,TRANSITION,NONE,50,100,MACRO_STALE_73657.9MIN,UNCHANGED,0,0.0,0,LUNCH,74.0,SHORT,1.0,0.8635014836795252,-1.558547531619747,60.0,7.0,0.0,0.9778551190648012,0.955710238128186,0.0766598710296281,1,1.3674698795180722,-3.0866884094587825,-5.72827417380661,0.0830376153300213,0,1,0,24931.5,30.6375,,,,True,MACRO_STALE_73657.9MIN,,,,,False,False,False,False,False,False,False,False,False,False,False,False
2026-04-30 15:52:56,2026-04-30 15:45:00,2026-04-30 15:45:00,NQ,BRACKET_MACRO,ROTATION_ILLIQUID,TrendUp,LATE_DAY_CONVICTION,TREND_COMPRESSION,TREND_COMPRESSION,LONG,66,20,MICRO_TREND_INSIDE_MACRO_STRUCTURE,LOCKED_IMMEDIATE,0,0.0,0,POWER_HOUR,73.04,LONG,0.6146788990825688,0.8333333333333334,0.8667529107373868,290.0,30.0,70.2,0.9938418006809888,0.9876836013585868,0.0270391734471606,27,0.3434268833087149,12.2008031334672,6.144890038809832,0.018879173290938,0,1,0,27618.0,19.325,,,,False,FRESH,,,,,True,False,True,False,False,False,True,False,True,False,True,False
2026-04-30 15:56:14,2026-04-30 15:55:00,2026-04-30 15:50:00,NQ,BRACKET_MACRO,ROTATION_ILLIQUID,TrendDown,LATE_DAY_CONVICTION,TRANSITION,TRANSITION,NONE,50,40,NO_CLEAR_STAGE_C_ALIGNMENT,LOCKED_IMMEDIATE,0,0.0,1,POWER_HOUR,35.87,LONG,0.1,0.0510204081632653,0.1920768307322929,300.0,31.0,67.07,0.9876758240377482,0.9753516480733992,0.0479172174498461,1,0.2902511078286558,10.15564133302014,4.837935174069628,0.0156717868948084,0,1,0,27600.0,20.825,,,,False,FRESH,,,,,False,False,False,False,False,False,False,False,False,False,False,False
2026-04-30 15:56:23,2026-04-30 15:55:00,2026-04-30 15:55:00,NQ,BRACKET_MACRO,ROTATION_ILLIQUID,TrendUp,LATE_DAY_CONVICTION,TREND_COMPRESSION,TREND_COMPRESSION,LONG,66,20,MICRO_TREND_INSIDE_MACRO_STRUCTURE,LOCKED_IMMEDIATE,0,0.0,2,POWER_HOUR,35.87,LONG,0.1,0.0510204081632653,0.1920768307322929,300.0,31.0,67.07,0.6289556280272078,0.2579112560562811,0.4757353076144694,1,0.2902511078286558,10.15564133302014,4.837935174069628,0.0156717868948084,0,1,0,27600.0,20.825,,,,False,FRESH,,,,,True,False,True,False,False,False,True,False,True,False,True,False
2026-04-30 16:01:10,2026-04-30 16:00:00,2026-04-30 15:55:00,NQ,BRACKET_MACRO,ROTATION_ILLIQUID,TrendDown,CASH_CLOSE,TRANSITION,TRANSITION,NONE,50,50,NO_CLEAR_STAGE_C_ALIGNMENT,LOCKED_IMMEDIATE,0,-1.933,1,CLOSE,76.63,NONE,1.0,0.3505535055350554,-1.7841409691629957,305.0,32.0,63.16,0.8817521119258153,0.7635042238497209,0.2621517072884377,2,0.2237813884785819,7.9583681568275875,3.447136563876652,0.0119753605999158,0,1,0,27577.5,22.7,,,,False,FRESH,,,,,False,False,False,False,False,False,False,False,False,False,False,False
2026-04-30 16:01:19,2026-04-30 16:00:00,2026-04-30 16:00:00,NQ,BRACKET_MACRO,ROTATION_ILLIQUID,TrendDown,CASH_CLOSE,TRANSITION,TRANSITION,NONE,50,50,NO_CLEAR_STAGE_C_ALIGNMENT,UNCHANGED,0,-1.933,1,CLOSE,76.63,NONE,1.0,0.3505535055350554,-1.7841409691629957,305.0,32.0,63.16,0.998606031610164,0.9972120632176772,0.0076168352972229,3,0.2237813884785819,7.9583681568275875,3.447136563876652,0.0119753605999158,0,1,0,27577.5,22.7,,,,False,FRESH,,,,,False,False,False,False,False,False,False,False,False,False,False,False
2026-04-30 16:07:38,2026-04-16 10:45:00,2026-04-16 10:45:00,NQ,BRACKET_MACRO,TREND_EXPANSION,TrendUp,POST_IB_MACRO,TRANSITION,TRANSITION,NONE,50,100,MACRO_STALE_20482.6MIN,UNCHANGED,0,0.0,0,POST_IB_AM,84.0,SHORT,1.0,0.951417004048583,-3.605110336817654,25.0,5.0,0.0,0.9277600333054484,0.8555200666086548,0.18711385532426,3,1.3623188405797102,-3.1630167614957414,-4.7386759581881535,0.1625239005736137,0,1,0,26384.25,13.453125,,,,True,MACRO_STALE_20482.6MIN,,,,,False,False,False,False,False,False,False,False,False,False,False,False
2026-04-30 16:07:39,2026-04-30 16:00:00,2026-04-30 16:00:00,NQ,BRACKET_MACRO,ROTATION_ILLIQUID,TrendDown,CASH_CLOSE,TRANSITION,TRANSITION,NONE,50,40,NO_CLEAR_STAGE_C_ALIGNMENT,UNCHANGED,0,0.0,0,CLOSE,76.63,NONE,1.0,0.3505535055350554,-1.7841409691629957,305.0,32.0,63.16,0.9999977001306504,0.9999954002737538,2.3197433760095897e-05,3,0.2237813884785819,7.958612165019453,3.447136563876652,0.0119753605999158,0,1,0,27577.5,22.7,,,,False,FRESH,,,,,False,False,False,False,False,False,False,False,False,False,False,False
2026-05-01 08:36:17,2026-04-30 16:00:00,2026-04-30 16:00:00,NQ,BRACKET_MACRO,ROTATION_ILLIQUID,TrendDown,CASH_CLOSE,TRANSITION,TRANSITION,NONE,50,100,MACRO_STALE_996.3MIN,UNCHANGED,0,0.0,0,CLOSE,76.63,NONE,1.0,0.3505535055350554,-1.7841409691629957,305.0,32.0,63.16,0.999997701047419,0.9999954021091544,2.3188831976803865e-05,3,0.2237813884785819,7.958612165019453,3.447136563876652,0.0119753605999158,0,1,0,27577.5,22.7,,,,True,MACRO_STALE_996.3MIN,,,,,False,False,False,False,False,False,False,False,False,False,False,False
2026-05-01 08:38:13,2026-04-30 16:00:00,2026-04-30 16:00:00,NQ,BRACKET_MACRO,ROTATION_ILLIQUID,TrendDown,CASH_CLOSE,TRANSITION,TRANSITION,NONE,50,100,MACRO_STALE_998.2MIN,UNCHANGED,0,0.0,0,CLOSE,76.63,NONE,1.0,0.3505535055350554,-1.7841409691629957,305.0,32.0,63.16,0.999997701047419,0.9999954021091544,2.3188831976803865e-05,3,0.2237813884785819,7.958612165019453,3.447136563876652,0.0119753605999158,0,1,0,27577.5,22.7,,,,True,MACRO_STALE_998.2MIN,,,,,False,False,False,False,False,False,False,False,False,False,False,False
2026-05-01 08:43:07,2026-04-30 16:00:00,2026-04-30 16:00:00,NQ,BRACKET_MACRO,ROTATION_ILLIQUID,TrendDown,CASH_CLOSE,TRANSITION,TRANSITION,NONE,50,100,MACRO_STALE_1003.1MIN,UNCHANGED,0,0.0,0,CLOSE,76.63,NONE,1.0,0.3505535055350554,-1.7841409691629957,305.0,32.0,63.16,0.999997701047419,0.9999954021091544,2.3188831976659284e-05,3,0.2237813884785819,7.958612165019453,3.447136563876652,0.0119753605999158,0,1,0,27577.5,22.7,,,,True,MACRO_STALE_1003.1MIN,,,,,False,False,False,False,False,False,False,False,False,False,False,False
2026-05-01 08:43:43,2026-04-27 11:05:00,2026-04-27 11:05:00,NQ,BRACKET_MACRO,ROTATION_ILLIQUID,TrendUp,MID_MORNING_DISCOVERY,TRANSITION,TRANSITION,NONE,50,100,MACRO_STALE_5618.7MIN,UNCHANGED,0,0.0,0,POST_IB_AM,0.0,NONE,0.0,0.0,0.0,0.0,0.0,0.0,0.99993148899788,0.9998629779991718,0.0005232853141934,12,0.0,-0.6331706827849902,-1.353546291283162,0.0083197444174514,0,1,0,27340.0,46.175,,,,True,MACRO_STALE_5618.7MIN,,,,,False,False,False,False,False,False,False,False,False,False,False,False
2026-05-01 08:43:44,2026-04-30 16:00:00,2026-04-30 16:00:00,NQ,BRACKET_MACRO,ROTATION_ILLIQUID,TrendDown,CASH_CLOSE,TRANSITION,TRANSITION,NONE,50,100,MACRO_STALE_1003.7MIN,UNCHANGED,0,0.0,0,CLOSE,76.63,NONE,1.0,0.3505535055350554,-1.7841409691629957,305.0,32.0,63.16,0.999997701047419,0.9999954021091544,2.3188831976659284e-05,3,0.2237813884785819,7.9583681568275875,3.447136563876652,0.0119753605999158,0,1,0,27577.5,22.7,,,,True,MACRO_STALE_1003.7MIN,,,,,False,False,False,False,False,False,False,False,False,False,False,False
2026-05-01 09:26:22,2026-03-11 11:35:00,2026-03-11 11:35:00,NQ,BRACKET_MACRO,ROTATION_ILLIQUID,TrendUp,MID_MORNING_DISCOVERY,TRANSITION,TRANSITION,NONE,50,100,MACRO_STALE_73311.4MIN,UNCHANGED,0,0.0,0,POST_IB_AM,63.02,NONE,1.0,0.4875444839857651,-2.273236282194849,90.0,13.0,0.0,0.999260434678084,0.9985208693582504,0.0043794086056091,26,0.0,0.2585508799211871,2.620380739081747,0.046781287485006,0,1,0,24980.75,22.325,,,,True,MACRO_STALE_73311.4MIN,,,,,False,False,False,False,False,False,False,False,False,False,False,False
2026-05-01 09:26:24,2026-04-30 16:00:00,2026-04-30 16:00:00,NQ,BRACKET_MACRO,ROTATION_ILLIQUID,TrendDown,CASH_CLOSE,TRANSITION,TRANSITION,NONE,50,100,MACRO_STALE_1046.4MIN,UNCHANGED,0,0.0,0,CLOSE,76.63,NONE,1.0,0.3505535055350554,-1.7841409691629957,305.0,32.0,63.16,0.999997701047419,0.9999954021091544,2.3188831976803865e-05,3,0.2237813884785819,7.958612165019453,3.447136563876652,0.0119753605999158,0,1,0,27577.5,22.7,,,,True,MACRO_STALE_1046.4MIN,,,,,False,False,False,False,False,False,False,False,False,False,False,False
2026-05-01 09:31:05,2026-05-01 09:25:00,2026-05-01 09:25:00,NQ,UNRESOLVED,TRANSITION,Balance,PREMARKET_CONTEXT,TRANSITION,TRANSITION,NONE,55,0,OPENING_OR_UNRESOLVED_UNRESOLVED,UNCHANGED,0,0.0,0,PREMARKET,0.0,NONE,0.0,0.0,0.0,0.0,0.0,0.0,0.9999998389685192,0.99999967830686,1.9349542759361382e-06,12,0.0,0.0,0.0,0.0,0,0,0,27627.25,0.0,,,,False,FRESH,,,,,False,False,False,False,False,False,False,False,False,False,False,False
2026-05-01 09:35:50,2026-05-01 09:35:00,2026-05-01 09:30:00,NQ,OPENING_AUCTION,ROTATION_ILLIQUID,TrendDown,OPENING_AUCTION,TRANSITION,TRANSITION,NONE,55,20,OPENING_OR_UNRESOLVED_OPENING_AUCTION,UNCHANGED,0,0.0,1,OPEN,0.0,LONG,0.0,0.0,0.0,0.0,1.0,0.0,1.0,1.0,1.5556495849139e-51,1,0.0,0.7060920788136925,1.5289982425307558,0.5591259640102828,0,1,0,27736.25,71.125,,,,False,FRESH,,,,,False,False,False,False,False,False,False,False,False,False,False,False
2026-05-01 09:35:59,2026-05-01 09:35:00,2026-05-01 09:35:00,NQ,OPENING_AUCTION,ROTATION_ILLIQUID,TrendDown,OPENING_AUCTION,TRANSITION,TRANSITION,NONE,55,20,OPENING_OR_UNRESOLVED_OPENING_AUCTION,UNCHANGED,0,0.0,1,OPEN,0.0,LONG,0.0,0.0,0.0,0.0,1.0,0.0,0.999999974825187,0.999999949651218,3.358992315576029e-07,2,0.0,0.7060920788136925,1.5289982425307558,0.5591259640102828,0,1,0,27736.25,71.125,,,,False,FRESH,,,,,False,False,False,False,False,False,False,False,False,False,False,False
2026-05-01 09:40:34,2026-03-11 11:35:00,2026-03-11 11:35:00,NQ,BRACKET_MACRO,ROTATION_ILLIQUID,TrendUp,MID_MORNING_DISCOVERY,TRANSITION,TRANSITION,NONE,50,100,MACRO_STALE_73325.6MIN,UNCHANGED,0,0.0,0,POST_IB_AM,63.02,NONE,1.0,0.4875444839857651,-2.273236282194849,90.0,13.0,0.0,0.999260434678084,0.9985208693582504,0.0043794086056091,26,0.0,0.2585508799211871,2.620380739081747,0.046781287485006,0,1,0,24980.75,22.325,,,,True,MACRO_STALE_73325.6MIN,,,,,False,False,False,False,False,False,False,False,False,False,False,False
2026-05-01 09:40:35,2026-05-01 09:40:00,2026-05-01 09:35:00,NQ,BALANCE_STRUCTURE,ROTATION_ILLIQUID,TrendDown,EARLY_TEST,TRANSITION,TRANSITION,NONE,50,20,NO_CLEAR_STAGE_C_ALIGNMENT,UNCHANGED,0,0.0,0,OPEN,56.27,LONG,1.0,0.0,2.433238636363636,5.0,2.0,0.0,0.999999999978172,0.9999999999533924,4.5226769050491164e-10,2,0.0,1.094938684904078,2.428977272727273,0.472245236122618,0,1,0,27770.0,58.66666666666666,,,,False,FRESH,,,,,False,False,False,False,False,False,False,False,False,False,False,False
2026-05-01 09:40:44,2026-05-01 09:40:00,2026-05-01 09:40:00,NQ,BALANCE_STRUCTURE,ROTATION_ILLIQUID,TrendDown,EARLY_TEST,TRANSITION,TRANSITION,NONE,50,20,NO_CLEAR_STAGE_C_ALIGNMENT,UNCHANGED,0,0.0,0,OPEN,56.27,LONG,1.0,0.0,2.433238636363636,5.0,2.0,0.0,1.0,0.9999999999973708,5.056993272920257e-11,3,0.0,1.094938684904078,2.428977272727273,0.472245236122618,0,1,0,27770.0,58.66666666666666,,,,False,FRESH,,,,,False,False,False,False,False,False,False,False,False,False,False,False
2026-05-01 09:46:53,2026-05-01 09:45:00,2026-05-01 09:45:00,NQ,BALANCE_STRUCTURE,ROTATION_ILLIQUID,TrendUp,FIRST_ACCEPTANCE,TREND_COMPRESSION,TREND_COMPRESSION,LONG,66,0,MICRO_TREND_INSIDE_MACRO_STRUCTURE,LOCKED_IMMEDIATE,0,0.0,1,EARLY_AM,60.13,LONG,1.0,0.0,0.9014084507042254,10.0,3.0,0.0,0.6101615725287081,0.2203231450572053,0.4823476004589475,1,0.0,1.1059404360733316,2.7865655471289275,0.3996270975761342,0,1,0,27788.25,57.6875,,,,False,FRESH,,,,,True,False,True,False,False,False,True,False,True,False,True,False
2026-05-01 09:50:05,2026-04-27 11:05:00,2026-04-27 11:05:00,NQ,BRACKET_MACRO,ROTATION_ILLIQUID,TrendUp,MID_MORNING_DISCOVERY,TRANSITION,TRANSITION,NONE,50,100,MACRO_STALE_5685.1MIN,UNCHANGED,0,0.0,0,POST_IB_AM,0.0,NONE,0.0,0.0,0.0,0.0,0.0,0.0,0.99993148899788,0.9998629779991718,0.0005232853141934,12,0.0,-0.6331706827849902,-1.353546291283162,0.0083197444174514,0,1,0,27340.0,46.175,,,,True,MACRO_STALE_5685.1MIN,,,,,False,False,False,False,False,False,False,False,False,False,False,False
2026-05-01 09:50:07,2026-05-01 09:45:00,2026-05-01 09:45:00,NQ,BALANCE_STRUCTURE,ROTATION_ILLIQUID,TrendDown,FIRST_ACCEPTANCE,TRANSITION,TRANSITION,NONE,50,20,NO_CLEAR_STAGE_C_ALIGNMENT,UNCHANGED,0,0.0,0,EARLY_AM,59.39,LONG,1.0,0.0,0.8785638859556494,10.0,3.0,0.0,0.6572869420717574,0.3145738841422262,0.4636956419620847,4,0.0,1.0779123785593296,2.715945089757128,0.3996270975761342,0,1,0,27788.25,59.1875,,,,False,FRESH,,,,,False,False,False,False,False,False,False,False,False,False,False,False
2026-05-01 09:51:40,2026-04-27 11:05:00,2026-04-27 11:05:00,NQ,BRACKET_MACRO,ROTATION_ILLIQUID,TrendUp,MID_MORNING_DISCOVERY,TRANSITION,TRANSITION,NONE,50,100,MACRO_STALE_5686.7MIN,UNCHANGED,0,0.0,0,POST_IB_AM,0.0,NONE,0.0,0.0,0.0,0.0,0.0,0.0,0.99993148899788,0.9998629779991718,0.0005232853141934,12,0.0,-0.6331706827849902,-1.353546291283162,0.0083197444174514,0,1,0,27340.0,46.175,,,,True,MACRO_STALE_5686.7MIN,,,,,False,False,False,False,False,False,False,False,False,False,False,False
2026-05-01 09:51:42,2026-05-01 09:50:00,2026-05-01 09:50:00,NQ,BALANCE_STRUCTURE,ROTATION_ILLIQUID,TrendUp,EARLY_CONTINUATION,TREND_COMPRESSION,TREND_COMPRESSION,LONG,64,0,DEVELOPING_INITIATIVE_PHASE_AWARE,LOCKED_IMMEDIATE,0,0.0,0,EARLY_AM,62.71,LONG,0.5368421052631579,0.933933933933934,0.2219321148825065,15.0,4.0,0.0,0.9926444544988718,0.9852889089983162,0.0313505413266208,2,0.0,0.8732263492628273,2.702349869451697,0.2930627654554035,0,1,0,27782.75,57.45,,,,False,FRESH,,,,,True,False,True,False,False,False,True,False,True,False,True,False
2026-05-01 09:56:26,2026-05-01 09:55:00,2026-05-01 09:50:00,NQ,BALANCE_STRUCTURE,ROTATION_ILLIQUID,TrendUp,EARLY_CONTINUATION,TREND_COMPRESSION,TREND_COMPRESSION,LONG,65,0,DEVELOPING_INITIATIVE_PHASE_AWARE,UNCHANGED,0,0.0,0,EARLY_AM,65.12,LONG,0.1538461538461538,0.8307692307692308,0.0382470119521912,20.0,5.0,0.0,0.6470865339316855,0.2941730678625486,0.4683215737805727,2,0.0,0.8737758176312439,3.112350597609562,0.2457531143827859,0,1,0,27790.25,52.29166666666666,,,,False,FRESH,,,,,True,False,True,False,False,False,True,False,True,False,True,False
2026-05-01 09:56:35,2026-05-01 09:55:00,2026-05-01 09:55:00,NQ,BALANCE_STRUCTURE,ROTATION_ILLIQUID,TrendDown,EARLY_CONTINUATION,TREND_COMPRESSION,TREND_COMPRESSION,LONG,65,20,DEVELOPING_INITIATIVE_PHASE_AWARE,UNCHANGED,0,0.0,1,EARLY_AM,65.12,LONG,0.1538461538461538,0.8307692307692308,0.0382470119521912,20.0,5.0,0.0,0.999997382463122,0.9999947649288756,2.6157091393596823e-05,6,0.0,0.8737758176312439,3.112350597609562,0.2457531143827859,0,1,0,27790.25,52.29166666666666,,,,False,FRESH,,,,,True,False,True,False,False,False,True,False,True,False,True,False
2026-05-01 09:58:01,2026-03-11 11:35:00,2026-03-11 11:35:00,NQ,BRACKET_MACRO,ROTATION_ILLIQUID,TrendUp,MID_MORNING_DISCOVERY,TRANSITION,TRANSITION,NONE,50,100,MACRO_STALE_73343.0MIN,UNCHANGED,0,0.0,0,POST_IB_AM,63.02,NONE,1.0,0.4875444839857651,-2.273236282194849,90.0,13.0,0.0,0.999260434678084,0.9985208693582504,0.0043794086056091,26,0.0,0.2585508799211871,2.620380739081747,0.046781287485006,0,1,0,24980.75,22.325,,,,True,MACRO_STALE_73343.0MIN,,,,,False,False,False,False,False,False,False,False,False,False,False,False
2026-05-01 09:58:03,2026-05-01 09:55:00,2026-05-01 09:55:00,NQ,BALANCE_STRUCTURE,ROTATION_ILLIQUID,TrendDown,EARLY_CONTINUATION,TREND_COMPRESSION,TREND_COMPRESSION,LONG,64,20,DEVELOPING_INITIATIVE_PHASE_AWARE,LOCKED_IMMEDIATE,0,0.0,0,EARLY_AM,62.08,LONG,0.1538461538461538,0.8307692307692308,0.0334261838440111,20.0,5.0,0.0,0.999997382463122,0.9999947649288756,2.6157091393596823e-05,6,0.0,0.7636411219548823,2.7200557103064065,0.2457531143827859,0,1,0,27790.25,59.833333333333336,,,,False,FRESH,,,,,True,False,True,False,False,False,True,False,True,False,True,False
2026-05-01 10:01:17,2026-05-01 10:00:00,2026-05-01 09:55:00,NQ,BALANCE_STRUCTURE,ROTATION_ILLIQUID,TrendDown,PRE_DECISION,TREND_COMPRESSION,TREND_COMPRESSION,LONG,71,20,DEVELOPING_INITIATIVE_PHASE_AWARE,UNCHANGED,0,0.0,0,EARLY_AM,74.0,LONG,1.0,0.9039301310043668,1.611287254280279,25.0,6.0,0.0,0.999999999672582,0.9999999993435668,5.418356836562647e-09,6,0.0,2.0385058328950723,4.367786937222575,0.3011015911872705,0,1,0,27873.5,56.32142857142857,,,,False,FRESH,,,,,True,False,True,False,False,False,True,False,True,False,True,False
2026-05-01 10:01:26,2026-05-01 10:00:00,2026-05-01 10:00:00,NQ,BALANCE_STRUCTURE,ROTATION_ILLIQUID,TrendDown,PRE_DECISION,TREND_COMPRESSION,TREND_COMPRESSION,LONG,71,20,DEVELOPING_INITIATIVE_PHASE_AWARE,UNCHANGED,0,0.0,0,EARLY_AM,74.0,LONG,1.0,0.9039301310043668,1.611287254280279,25.0,6.0,0.0,0.9993684084423132,0.9987368168877964,0.0038119581495868,7,0.0,2.0385058328950723,4.367786937222575,0.3011015911872705,0,1,0,27873.5,56.32142857142857,,,,False,FRESH,,,,,True,False,True,False,False,False,True,False,True,False,True,False
2026-05-01 10:06:14,2026-05-01 10:05:00,2026-05-01 10:00:00,NQ,BALANCE_STRUCTURE,ROTATION_ILLIQUID,TrendDown,END_FIRST_WINDOW,TREND_COMPRESSION,TREND_COMPRESSION,LONG,71,30,DEVELOPING_INITIATIVE_PHASE_AWARE,UNCHANGED,0,1.714,0,EARLY_AM,74.0,LONG,1.0,0.9004524886877828,1.788990825688073,30.0,7.0,0.0,0.9999999998908606,0.9999999997844908,1.8407548557467827e-09,7,0.0,2.1081264516792086,4.775229357798165,0.2782678428227746,0,1,0,27887.75,54.5,,,,False,FRESH,,,,,True,False,True,False,False,False,True,False,True,False,True,False
2026-05-01 10:06:24,2026-05-01 10:05:00,2026-05-01 10:05:00,NQ,BALANCE_STRUCTURE,ROTATION_ILLIQUID,TrendDown,END_FIRST_WINDOW,TREND_COMPRESSION,TREND_COMPRESSION,LONG,71,30,DEVELOPING_INITIATIVE_PHASE_AWARE,UNCHANGED,0,1.714,0,EARLY_AM,74.0,LONG,1.0,0.9004524886877828,1.788990825688073,30.0,7.0,0.0,0.9999999978317646,0.9999999956599152,3.2815257324576274e-08,8,0.0,2.1081264516792086,4.775229357798165,0.2782678428227746,0,1,0,27887.75,54.5,,,,False,FRESH,,,,,True,False,True,False,False,False,True,False,True,False,True,False
2026-05-01 10:09:31,2026-03-11 11:35:00,2026-03-11 11:35:00,NQ,BRACKET_MACRO,ROTATION_ILLIQUID,TrendUp,MID_MORNING_DISCOVERY,TRANSITION,TRANSITION,NONE,50,100,MACRO_STALE_73354.5MIN,UNCHANGED,0,0.0,0,POST_IB_AM,63.02,NONE,1.0,0.4875444839857651,-2.273236282194849,90.0,13.0,0.0,0.999260434678084,0.9985208693582504,0.0043794086056091,26,0.0,0.2585508799211871,2.620380739081747,0.046781287485006,0,1,0,24980.75,22.325,,,,True,MACRO_STALE_73354.5MIN,,,,,False,False,False,False,False,False,False,False,False,False,False,False
2026-05-01 10:09:33,2026-05-01 10:05:00,2026-05-01 10:05:00,NQ,BALANCE_STRUCTURE,ROTATION_ILLIQUID,TrendDown,END_FIRST_WINDOW,TREND_COMPRESSION,TREND_COMPRESSION,LONG,71,20,DEVELOPING_INITIATIVE_PHASE_AWARE,LOCKED_IMMEDIATE,0,0.0,0,EARLY_AM,74.0,LONG,1.0,0.9004524886877828,1.687398593834505,30.0,7.0,0.0,0.9999999960273273,0.9999999920541652,5.8305320179034344e-08,8,0.0,1.9884113205670848,4.504056246619794,0.2782678428227746,0,1,0,27887.75,57.78125,,,,False,FRESH,,,,,True,False,True,False,False,False,True,False,True,False,True,False
2026-05-01 10:11:12,2026-05-01 10:10:00,2026-05-01 10:05:00,NQ,BRACKET_MACRO,ROTATION_ILLIQUID,TrendDown,PRE_IB_MATURATION,TREND_COMPRESSION,TREND_COMPRESSION,LONG,68,20,DEVELOPING_INITIATIVE_PHASE_AWARE,UNCHANGED,0,0.0,0,EARLY_AM,69.38,LONG,0.2391304347826087,0.8461538461538461,0.1033942558746736,35.0,8.0,0.0,0.9999999990541256,0.9999999981069028,1.4879078360981198e-08,8,0.0,1.8535806520524531,4.727937336814621,0.2432301740812379,0,1,0,27879.0,53.19444444444444,,,,False,FRESH,,,,,True,False,True,False,False,False,True,False,True,False,True,False
2026-05-01 10:11:22,2026-05-01 10:10:00,2026-05-01 10:10:00,NQ,BRACKET_MACRO,ROTATION_ILLIQUID,TrendUp,PRE_IB_MATURATION,TREND_COMPRESSION,TREND_COMPRESSION,LONG,68,0,DEVELOPING_INITIATIVE_PHASE_AWARE,UNCHANGED,0,0.0,1,EARLY_AM,69.38,LONG,0.2391304347826087,0.8461538461538461,0.1033942558746736,35.0,8.0,0.0,0.98255472240691,0.9651094448150244,0.0634228016611859,1,0.0,1.8535806520524531,4.727937336814621,0.2432301740812379,0,1,0,27879.0,53.19444444444444,,,,False,FRESH,,,,,True,False,True,False,False,False,True,False,True,False,True,False
2026-05-01 10:16:14,2026-05-01 10:15:00,2026-05-01 10:10:00,NQ,BRACKET_MACRO,ROTATION_ILLIQUID,TrendUp,PRE_IB_MATURATION,TREND_COMPRESSION,TREND_COMPRESSION,LONG,68,0,DEVELOPING_INITIATIVE_PHASE_AWARE,UNCHANGED,0,0.032,1,EARLY_AM,69.5,LONG,0.0909090909090909,0.8501070663811563,0.0336862367661212,40.0,9.0,0.0,0.6515639009868311,0.3031278019728636,0.4663317994169568,1,0.0,1.9521537752086968,5.043310875842155,0.2319097145386147,0,1,0,27889.5,51.95,,,,False,FRESH,,,,,True,False,True,False,False,False,True,False,True,False,True,False
2026-05-01 10:16:25,2026-05-01 10:15:00,2026-05-01 10:15:00,NQ,BRACKET_MACRO,ROTATION_ILLIQUID,TrendUp,PRE_IB_MATURATION,TREND_COMPRESSION,TREND_COMPRESSION,LONG,68,0,DEVELOPING_INITIATIVE_PHASE_AWARE,UNCHANGED,0,0.032,1,EARLY_AM,69.5,LONG,0.0909090909090909,0.8501070663811563,0.0336862367661212,40.0,9.0,0.0,0.9949616390307792,0.9899232780645912,0.0228537139046241,2,0.0,1.9521537752086968,5.043310875842155,0.2319097145386147,0,1,0,27889.5,51.95,,,,False,FRESH,,,,,True,False,True,False,False,False,True,False,True,False,True,False
2026-05-01 10:19:37,2026-04-27 11:05:00,2026-04-27 11:05:00,NQ,BRACKET_MACRO,ROTATION_ILLIQUID,TrendUp,MID_MORNING_DISCOVERY,TRANSITION,TRANSITION,NONE,50,100,MACRO_STALE_5714.6MIN,UNCHANGED,0,0.0,0,POST_IB_AM,0.0,NONE,0.0,0.0,0.0,0.0,0.0,0.0,0.99993148899788,0.9998629779991718,0.0005232853141934,12,0.0,-0.6331706827849902,-1.353546291283162,0.0083197444174514,0,1,0,27340.0,46.175,,,,True,MACRO_STALE_5714.6MIN,,,,,False,False,False,False,False,False,False,False,False,False,False,False
2026-05-01 10:19:39,2026-05-01 10:15:00,2026-05-01 10:15:00,NQ,BRACKET_MACRO,ROTATION_ILLIQUID,TrendUp,PRE_IB_MATURATION,TREND_COMPRESSION,TREND_COMPRESSION,LONG,68,0,DEVELOPING_INITIATIVE_PHASE_AWARE,LOCKED_IMMEDIATE,0,0.0,0,EARLY_AM,69.5,LONG,0.0909090909090909,0.8501070663811563,0.0321691176470588,40.0,9.0,0.0,0.9917683994486128,0.9835367988980164,0.0344136554634197,2,0.0,1.8642350849649227,4.816176470588236,0.2319097145386147,0,1,0,27889.5,54.4,,,,False,FRESH,,,,,True,False,True,False,False,False,True,False,True,False,True,False
2026-05-01 10:21:21,2026-05-01 10:20:00,2026-05-01 10:15:00,NQ,BRACKET_MACRO,ROTATION_ILLIQUID,TrendUp,PRE_IB_MATURATION,TREND_COMPRESSION,TREND_COMPRESSION,LONG,66,0,MICRO_TREND_INSIDE_MACRO_STRUCTURE,UNCHANGED,0,0.0,0,EARLY_AM,30.58,NONE,0.0454545454545454,0.1,-0.0194862710363153,45.0,10.0,0.0,0.6018577433003582,0.203715486602281,0.4849267529491605,2,0.0,1.658642858369905,4.8813108945969885,0.2058763098417916,0,1,0,27878.0,51.31818181818182,,,,False,FRESH,,,,,True,False,True,False,False,False,True,False,True,False,True,False
2026-05-01 10:21:30,2026-05-01 10:20:00,2026-05-01 10:20:00,NQ,BRACKET_MACRO,ROTATION_ILLIQUID,TrendUp,PRE_IB_MATURATION,TREND_COMPRESSION,TREND_COMPRESSION,LONG,66,0,MICRO_TREND_INSIDE_MACRO_STRUCTURE,UNCHANGED,0,0.0,0,EARLY_AM,30.58,NONE,0.0454545454545454,0.1,-0.0194862710363153,45.0,10.0,0.0,0.9972378834288724,0.9944757668571684,0.0137287010649433,3,0.0,1.658642858369905,4.8813108945969885,0.2058763098417916,0,1,0,27878.0,51.31818181818182,,,,False,FRESH,,,,,True,False,True,False,False,False,True,False,True,False,True,False
2026-05-01 10:26:13,2026-05-01 10:25:00,2026-05-01 10:20:00,NQ,BRACKET_MACRO,ROTATION_ILLIQUID,TrendUp,NEAR_IB_CONDITION,TREND_COMPRESSION,TREND_COMPRESSION,LONG,66,0,MICRO_TREND_INSIDE_MACRO_STRUCTURE,UNCHANGED,0,-0.125,0,EARLY_AM,40.13,NONE,0.3939393939393939,0.1328671328671328,-0.128500823723229,50.0,11.0,0.0,0.790456844740349,0.5809136894807747,0.3703042950021833,3,0.0,1.675965139631162,5.051070840197693,0.1964628988850442,0,1,0,27883.0,50.583333333333336,,,,False,FRESH,,,,,True,False,True,False,False,False,True,False,True,False,True,False
2026-05-01 10:26:22,2026-05-01 10:25:00,2026-05-01 10:25:00,NQ,BRACKET_MACRO,ROTATION_ILLIQUID,TrendUp,NEAR_IB_CONDITION,TREND_COMPRESSION,TREND_COMPRESSION,LONG,66,0,MICRO_TREND_INSIDE_MACRO_STRUCTURE,UNCHANGED,0,-0.125,0,EARLY_AM,40.13,NONE,0.3939393939393939,0.1328671328671328,-0.128500823723229,50.0,11.0,0.0,0.9987261012720532,0.997452202542102,0.0070435831600299,4,0.0,1.675965139631162,5.051070840197693,0.1964628988850442,0,1,0,27883.0,50.583333333333336,,,,False,FRESH,,,,,True,False,True,False,False,False,True,False,True,False,True,False
2026-05-01 10:31:17,2026-05-01 10:30:00,2026-05-01 10:25:00,NQ,BRACKET_MACRO,ROTATION_ILLIQUID,TrendUp,NEAR_IB_CONDITION,TREND_COMPRESSION,TREND_COMPRESSION,LONG,66,0,MICRO_TREND_INSIDE_MACRO_STRUCTURE,UNCHANGED,0,-0.13,0,EARLY_AM,40.59,NONE,0.3939393939393939,0.1948051948051948,-0.1335440537337021,55.0,12.0,0.0,0.9957517385774128,0.991503477153329,0.0197937926632439,4,0.0,1.4206149830289352,5.013038324772817,0.179345828739434,0,1,0,27871.5,48.67307692307692,,,,False,FRESH,,,,,True,False,True,False,False,False,True,False,True,False,True,False
2026-05-01 10:31:27,2026-05-01 10:30:00,2026-05-01 10:30:00,NQ,BRACKET_MACRO,ROTATION_ILLIQUID,TrendUp,NEAR_IB_CONDITION,TREND_COMPRESSION,TREND_COMPRESSION,LONG,66,0,MICRO_TREND_INSIDE_MACRO_STRUCTURE,UNCHANGED,0,-0.13,0,EARLY_AM,40.59,NONE,0.3939393939393939,0.1948051948051948,-0.1335440537337021,55.0,12.0,0.0,0.982460766614824,0.96492153322977,0.0636958222696672,5,0.0,1.4206149830289352,5.013038324772817,0.179345828739434,0,1,0,27871.5,48.67307692307692,,,,False,FRESH,,,,,True,False,True,False,False,False,True,False,True,False,True,False
2026-05-01 10:36:02,2026-05-01 10:35:00,2026-05-01 10:30:00,NQ,BRACKET_MACRO,ROTATION_ILLIQUID,TrendDown,POST_IB_MACRO,TRANSITION,TRANSITION,NONE,50,30,NO_CLEAR_STAGE_C_ALIGNMENT,LOCKED_IMMEDIATE,0,-1.399,1,POST_IB_AM,39.74,NONE,1.0,0.884393063583815,-1.377371749824315,0.0,0.0,0.0,0.922396935917682,0.8447938718368937,0.1968383036952118,1,0.0,0.1488818626951919,3.6500351370344335,0.1239973262032085,0,1,0,27813.0,50.82142857142857,,,,False,FRESH,,,,,False,False,False,False,False,False,False,False,False,False,False,False
2026-05-01 10:36:11,2026-05-01 10:35:00,2026-05-01 10:35:00,NQ,BRACKET_MACRO,ROTATION_ILLIQUID,TrendDown,POST_IB_MACRO,TRANSITION,TRANSITION,NONE,50,30,NO_CLEAR_STAGE_C_ALIGNMENT,UNCHANGED,0,-1.399,1,POST_IB_AM,39.74,NONE,1.0,0.884393063583815,-1.377371749824315,0.0,0.0,0.0,0.9999659615104718,0.9999319230209062,0.000277160851039,2,0.0,0.1488818626951919,3.6500351370344335,0.1239973262032085,0,1,0,27813.0,50.82142857142857,,,,False,FRESH,,,,,False,False,False,False,False,False,False,False,False,False,False,False
2026-05-01 10:37:37,2026-03-11 11:35:00,2026-03-11 11:35:00,NQ,BRACKET_MACRO,ROTATION_ILLIQUID,TrendUp,MID_MORNING_DISCOVERY,TRANSITION,TRANSITION,NONE,50,100,MACRO_STALE_73382.6MIN,UNCHANGED,0,0.0,0,POST_IB_AM,63.02,NONE,1.0,0.4875444839857651,-2.273236282194849,90.0,13.0,0.0,0.999260434678084,0.9985208693582504,0.0043794086056091,26,0.0,0.2585508799211871,2.620380739081747,0.046781287485006,0,1,0,24980.75,22.325,,,,True,MACRO_STALE_73382.6MIN,,,,,False,False,False,False,False,False,False,False,False,False,False,False
2026-05-01 10:37:38,2026-05-01 10:35:00,2026-05-01 10:35:00,NQ,BRACKET_MACRO,ROTATION_ILLIQUID,TrendDown,POST_IB_MACRO,ROTATION_ILLIQUID,TRANSITION,NONE,62,20,COMPRESSED_BALANCE_LOW_EDGE,PENDING_ROTATION_ILLIQUID_1_OF_2,1,0.0,0,POST_IB_AM,39.65,NONE,1.0,0.884393063583815,-1.308411214953271,0.0,0.0,0.0,0.9999659615104718,0.9999319230209062,0.000277160851039,2,0.0,0.1414278308513071,3.467289719626168,0.1239973262032085,0,1,0,27813.0,53.5,,,,False,FRESH,,,,,False,False,False,False,False,False,False,False,False,False,False,False
2026-05-01 10:45:33,2026-05-01 10:45:00,2026-05-01 10:40:00,NQ,BRACKET_MACRO,ROTATION_ILLIQUID,TrendDown,POST_IB_MACRO,ROTATION_ILLIQUID,ROTATION_ILLIQUID,NONE,62,20,COMPRESSED_BALANCE_LOW_EDGE,LOCKED_AFTER_2_CONFIRMATIONS,0,0.0,0,POST_IB_AM,37.32,NONE,0.8795180722891566,0.7777777777777778,-1.0450342976439009,0.0,1.0,0.0,0.9999997730920116,0.9999995461865464,2.6677407419448087e-06,3,0.0,0.2517077905020923,3.612287503728005,0.1066948555320648,0,1,0,27816.75,52.390625,,,,False,FRESH,,,,,False,False,False,False,False,False,False,False,False,False,False,False
2026-05-01 10:45:42,2026-05-01 10:45:00,2026-05-01 10:45:00,NQ,BRACKET_MACRO,ROTATION_ILLIQUID,TrendUp,POST_IB_MACRO,ROTATION_ILLIQUID,ROTATION_ILLIQUID,NONE,62,20,COMPRESSED_BALANCE_LOW_EDGE,UNCHANGED,0,0.0,1,POST_IB_AM,37.32,NONE,0.8795180722891566,0.7777777777777778,-1.0450342976439009,0.0,1.0,0.0,0.9703209842137565,0.9406419684285612,0.0963897875362279,1,0.0,0.2517077905020923,3.612287503728005,0.1066948555320648,0,1,0,27816.75,52.390625,,,,False,FRESH,,,,,False,False,False,False,False,False,False,False,False,False,False,False
2026-05-01 10:56:36,2026-05-01 10:55:00,2026-05-01 10:55:00,NQ,BRACKET_MACRO,ROTATION_ILLIQUID,TrendUp,POST_IB_MACRO,ROTATION_ILLIQUID,ROTATION_ILLIQUID,NONE,62,20,COMPRESSED_BALANCE_LOW_EDGE,UNCHANGED,0,0.101,1,POST_IB_AM,52.08,LONG,1.0,0.8604651162790697,0.1043046357615894,10.0,2.0,0.0,0.9998759232914446,0.9997518465798418,0.0008945363579776,3,0.0,0.2639230106747314,3.789735099337748,0.0969504447268106,0,1,0,27818.25,50.333333333333336,,,,False,FRESH,,,,,False,False,False,False,False,False,False,False,False,False,False,False
2026-05-01 11:06:11,2026-05-01 11:05:00,2026-05-01 11:00:00,NQ,BRACKET_MACRO,ROTATION_ILLIQUID,TrendUp,MID_MORNING_DISCOVERY,ROTATION_ILLIQUID,ROTATION_ILLIQUID,NONE,62,20,COMPRESSED_BALANCE_LOW_EDGE,UNCHANGED,0,-0.422,1,POST_IB_AM,36.68,SHORT,0.8775510204081632,0.8789625360230547,-0.4278606965174129,0.0,0.0,0.0,0.9632259205972727,0.9264518411971971,0.1136503628585974,4,0.0,-0.1977347334351944,3.3383084577114426,0.0771885425054641,0,1,0,27795.25,50.25,,,,False,FRESH,,,,,False,False,False,False,False,False,False,False,False,False,False,False
2026-05-01 11:06:22,2026-05-01 11:05:00,2026-05-01 11:05:00,NQ,BRACKET_MACRO,ROTATION_ILLIQUID,TrendUp,MID_MORNING_DISCOVERY,ROTATION_ILLIQUID,ROTATION_ILLIQUID,NONE,62,20,COMPRESSED_BALANCE_LOW_EDGE,UNCHANGED,0,-0.422,1,POST_IB_AM,36.68,SHORT,0.8775510204081632,0.8789625360230547,-0.4278606965174129,0.0,0.0,0.0,0.9969754421023328,0.99395088420201,0.0148348078618913,5,0.0,-0.1977347334351944,3.3383084577114426,0.0771885425054641,0,1,0,27795.25,50.25,,,,False,FRESH,,,,,False,False,False,False,False,False,False,False,False,False,False,False
2026-05-01 11:15:43,2026-05-01 11:15:00,2026-05-01 11:10:00,NQ,BRACKET_MACRO,ROTATION_ILLIQUID,TrendUp,MID_MORNING_DISCOVERY,TREND_COMPRESSION,TREND_COMPRESSION,LONG,66,0,MICRO_TREND_INSIDE_MACRO_STRUCTURE,LOCKED_IMMEDIATE,0,0.384,0,POST_IB_AM,17.74,LONG,0.2895752895752895,0.3428571428571428,0.4077194889915738,0.0,1.0,0.0,0.9303502443153122,0.8607004886302263,0.1823076232157253,6,0.0,0.6912199359615434,4.555585756999185,0.0892058760911219,0,1,0,27837.0,45.9875,,,,False,FRESH,,,,,True,False,True,False,False,False,True,False,True,False,True,False
2026-05-01 11:15:54,2026-05-01 11:15:00,2026-05-01 11:15:00,NQ,BRACKET_MACRO,ROTATION_ILLIQUID,TrendUp,MID_MORNING_DISCOVERY,TREND_COMPRESSION,TREND_COMPRESSION,LONG,66,0,MICRO_TREND_INSIDE_MACRO_STRUCTURE,UNCHANGED,0,0.384,0,POST_IB_AM,17.74,LONG,0.2895752895752895,0.3428571428571428,0.4077194889915738,0.0,1.0,0.0,0.9728550743456512,0.9457101486914684,0.0899326066149689,7,0.0,0.6912199359615434,4.555585756999185,0.0892058760911219,0,1,0,27837.0,45.9875,,,,False,FRESH,,,,,True,False,True,False,False,False,True,False,True,False,True,False
2026-05-01 11:18:55,2026-04-27 11:05:00,2026-04-27 11:05:00,NQ,BRACKET_MACRO,ROTATION_ILLIQUID,TrendUp,MID_MORNING_DISCOVERY,TRANSITION,TRANSITION,NONE,50,100,MACRO_STALE_5773.9MIN,UNCHANGED,0,0.0,0,POST_IB_AM,0.0,NONE,0.0,0.0,0.0,0.0,0.0,0.0,0.99993148899788,0.9998629779991718,0.0005232853141934,12,0.0,-0.6331706827849902,-1.353546291283162,0.0083197444174514,0,1,0,27340.0,46.175,,,,True,MACRO_STALE_5773.9MIN,,,,,False,False,False,False,False,False,False,False,False,False,False,False
2026-05-01 11:18:57,2026-05-01 11:15:00,2026-05-01 11:15:00,NQ,BRACKET_MACRO,ROTATION_ILLIQUID,TrendUp,MID_MORNING_DISCOVERY,TREND_COMPRESSION,TREND_COMPRESSION,LONG,66,0,MICRO_TREND_INSIDE_MACRO_STRUCTURE,LOCKED_IMMEDIATE,0,0.0,0,POST_IB_AM,17.58,LONG,0.2895752895752895,0.3428571428571428,0.4038772213247173,0.0,1.0,0.0,0.9834625072847,0.9669250145682192,0.0607654882671535,7,0.0,0.6847060162634675,4.512654819601508,0.0892058760911219,0,1,0,27837.0,46.425,,,,False,FRESH,,,,,True,False,True,False,False,False,True,False,True,False,True,False
2026-05-01 11:26:50,2026-05-01 11:25:00,2026-05-01 11:25:00,NQ,BRACKET_MACRO,ROTATION_ILLIQUID,TrendUp,MID_MORNING_DISCOVERY,TREND_COMPRESSION,TREND_COMPRESSION,LONG,64,0,DEVELOPING_INITIATIVE_PHASE_AWARE,UNCHANGED,0,0.0,0,POST_IB_AM,63.0,LONG,1.0,0.4958904109589041,1.50295524908528,10.0,2.0,0.0,0.9917814137718802,0.9835628275449898,0.0343686660073216,9,0.0,1.230844795135278,5.280045032367013,0.0942524115755627,0,1,0,27862.0,44.4125,,,,False,FRESH,,,,,True,False,True,False,False,False,True,False,True,False,True,False
2026-05-01 11:28:24,2026-04-27 11:05:00,2026-04-27 11:05:00,NQ,BRACKET_MACRO,ROTATION_ILLIQUID,TrendUp,MID_MORNING_DISCOVERY,TRANSITION,TRANSITION,NONE,50,100,MACRO_STALE_5783.4MIN,UNCHANGED,0,0.0,0,POST_IB_AM,0.0,NONE,0.0,0.0,0.0,0.0,0.0,0.0,0.99993148899788,0.9998629779991718,0.0005232853141934,12,0.0,-0.6331706827849902,-1.353546291283162,0.0083197444174514,0,1,0,27340.0,46.175,,,,True,MACRO_STALE_5783.4MIN,,,,,False,False,False,False,False,False,False,False,False,False,False,False
2026-05-01 11:28:26,2026-05-01 11:25:00,2026-05-01 11:25:00,NQ,BRACKET_MACRO,ROTATION_ILLIQUID,TrendUp,MID_MORNING_DISCOVERY,TREND_COMPRESSION,TREND_COMPRESSION,LONG,64,0,DEVELOPING_INITIATIVE_PHASE_AWARE,LOCKED_IMMEDIATE,0,0.0,0,POST_IB_AM,63.0,LONG,1.0,0.4958904109589041,1.4966367713004485,10.0,2.0,0.0,0.9925412731217872,0.9850825462436686,0.0317150890819452,9,0.0,1.225670279460662,5.257847533632287,0.0942524115755627,0,1,0,27862.0,44.6,,,,False,FRESH,,,,,True,False,True,False,False,False,True,False,True,False,True,False
2026-05-01 11:36:28,2026-05-01 11:35:00,2026-05-01 11:30:00,NQ,BRACKET_MACRO,ROTATION_ILLIQUID,TrendUp,MID_MORNING_DISCOVERY,TREND_COMPRESSION,TREND_COMPRESSION,LONG,71,0,DEVELOPING_INITIATIVE_PHASE_AWARE,UNCHANGED,0,0.0,0,POST_IB_AM,74.0,LONG,1.0,0.5,0.6738794435857806,20.0,3.0,0.0,0.9993741299227517,0.9987482598437424,0.0037815360093569,10,0.0,1.3587412865993669,5.854714064914992,0.0908393285371702,0,1,0,27864.25,40.4375,,,,False,FRESH,,,,,True,False,True,False,False,False,True,False,True,False,True,False
2026-05-01 11:36:37,2026-05-01 11:35:00,2026-05-01 11:35:00,NQ,BRACKET_MACRO,ROTATION_ILLIQUID,TrendUp,MID_MORNING_DISCOVERY,TREND_COMPRESSION,TREND_COMPRESSION,LONG,71,0,DEVELOPING_INITIATIVE_PHASE_AWARE,UNCHANGED,0,0.0,0,POST_IB_AM,74.0,LONG,1.0,0.5,0.6738794435857806,20.0,3.0,0.0,0.999760363999484,0.999520727998242,0.0016138753645949,11,0.0,1.3587412865993669,5.854714064914992,0.0908393285371702,0,1,0,27864.25,40.4375,,,,False,FRESH,,,,,True,False,True,False,False,False,True,False,True,False,True,False
2026-05-01 11:43:09,2026-04-27 11:05:00,2026-04-27 11:05:00,NQ,BRACKET_MACRO,ROTATION_ILLIQUID,TrendUp,MID_MORNING_DISCOVERY,TRANSITION,TRANSITION,NONE,50,100,MACRO_STALE_5798.1MIN,UNCHANGED,0,0.0,0,POST_IB_AM,0.0,NONE,0.0,0.0,0.0,0.0,0.0,0.0,0.99993148899788,0.9998629779991718,0.0005232853141934,12,0.0,-0.6331706827849902,-1.353546291283162,0.0083197444174514,0,1,0,27340.0,46.175,,,,True,MACRO_STALE_5798.1MIN,,,,,False,False,False,False,False,False,False,False,False,False,False,False
2026-05-01 11:43:10,2026-05-01 11:35:00,2026-05-01 11:35:00,NQ,BRACKET_MACRO,ROTATION_ILLIQUID,TrendUp,MID_MORNING_DISCOVERY,TREND_COMPRESSION,TREND_COMPRESSION,LONG,71,0,DEVELOPING_INITIATIVE_PHASE_AWARE,LOCKED_IMMEDIATE,0,0.0,0,POST_IB_AM,74.0,LONG,1.0,0.5,0.6493893357164134,20.0,3.0,0.0,0.9990995877106048,0.9981991754208048,0.0052040102491385,11,0.0,1.3093619488081476,5.641942210306822,0.0908393285371702,0,1,0,27864.25,41.9625,,,,False,FRESH,,,,,True,False,True,False,False,False,True,False,True,False,True,False
2026-05-01 11:46:36,2026-05-01 11:45:00,2026-05-01 11:40:00,NQ,BRACKET_MACRO,ROTATION_ILLIQUID,TrendUp,MID_MORNING_DISCOVERY,TREND_COMPRESSION,TREND_COMPRESSION,LONG,71,0,DEVELOPING_INITIATIVE_PHASE_AWARE,UNCHANGED,0,0.0,0,POST_IB_AM,74.0,LONG,1.0,1.0,0.8661417322834646,30.0,4.0,0.0,0.9977543710312964,0.9955087420601268,0.0114973268844598,12,0.0,2.1631744543845635,7.020997375328084,0.0980212532063026,0,1,0,27895.0,38.1,,,,False,FRESH,,,,,True,False,True,False,False,False,True,False,True,False,True,False
2026-05-01 11:46:45,2026-05-01 11:45:00,2026-05-01 11:45:00,NQ,BRACKET_MACRO,ROTATION_ILLIQUID,TrendUp,MID_MORNING_DISCOVERY,TREND_COMPRESSION,TREND_COMPRESSION,LONG,71,0,DEVELOPING_INITIATIVE_PHASE_AWARE,UNCHANGED,0,0.0,0,POST_IB_AM,74.0,LONG,1.0,1.0,0.8661417322834646,30.0,4.0,0.0,0.9997228135606046,0.9994456271227546,0.0018376561069921,13,0.0,2.1631744543845635,7.020997375328084,0.0980212532063026,0,1,0,27895.0,38.1,,,,False,FRESH,,,,,True,False,True,False,False,False,True,False,True,False,True,False
2026-05-01 11:48:13,2026-04-27 11:05:00,2026-04-27 11:05:00,NQ,BRACKET_MACRO,ROTATION_ILLIQUID,TrendUp,MID_MORNING_DISCOVERY,TRANSITION,TRANSITION,NONE,50,100,MACRO_STALE_5803.2MIN,UNCHANGED,0,0.0,0,POST_IB_AM,0.0,NONE,0.0,0.0,0.0,0.0,0.0,0.0,0.99993148899788,0.9998629779991718,0.0005232853141934,12,0.0,-0.6331706827849902,-1.353546291283162,0.0083197444174514,0,1,0,27340.0,46.175,,,,True,MACRO_STALE_5803.2MIN,,,,,False,False,False,False,False,False,False,False,False,False,False,False
2026-05-01 11:48:15,2026-05-01 11:45:00,2026-05-01 11:45:00,NQ,BRACKET_MACRO,ROTATION_ILLIQUID,TrendUp,MID_MORNING_DISCOVERY,TREND_COMPRESSION,TREND_COMPRESSION,LONG,71,0,DEVELOPING_INITIATIVE_PHASE_AWARE,LOCKED_IMMEDIATE,0,0.0,0,POST_IB_AM,74.0,LONG,1.0,1.0,0.8624632473048023,30.0,4.0,0.0,0.9997228135606046,0.9994456271227546,0.0018376561069921,13,0.0,2.153987499824942,6.991179353152564,0.0980212532063026,0,1,0,27895.0,38.2625,,,,False,FRESH,,,,,True,False,True,False,False,False,True,False,True,False,True,False
2026-05-01 11:56:14,2026-05-01 11:55:00,2026-05-01 11:50:00,NQ,BRACKET_MACRO,ROTATION_ILLIQUID,TrendDown,MID_MORNING_DISCOVERY,TREND_COMPRESSION,TREND_COMPRESSION,LONG,65,20,DEVELOPING_INITIATIVE_PHASE_AWARE,UNCHANGED,0,0.0,1,POST_IB_AM,64.8,LONG,0.4909090909090909,0.6934306569343066,0.5118483412322274,40.0,5.0,0.0,0.999999208347021,0.9999984166936468,8.593920475138482e-06,1,0.0,1.7048269590040328,6.496050552922591,0.087923366404379,0,1,0,27884.5,39.5625,,,,False,FRESH,,,,,True,False,True,False,False,False,True,False,True,False,True,False
2026-05-01 11:56:24,2026-05-01 11:55:00,2026-05-01 11:55:00,NQ,BRACKET_MACRO,ROTATION_ILLIQUID,TrendUp,MID_MORNING_DISCOVERY,TREND_COMPRESSION,TREND_COMPRESSION,LONG,65,0,DEVELOPING_INITIATIVE_PHASE_AWARE,UNCHANGED,0,0.0,2,POST_IB_AM,64.8,LONG,0.4909090909090909,0.6934306569343066,0.5118483412322274,40.0,5.0,0.0,0.6721824018253042,0.3443648036489519,0.4563405335230035,1,0.0,1.7048269590040328,6.496050552922591,0.087923366404379,0,1,0,27884.5,39.5625,,,,False,FRESH,,,,,True,False,True,False,False,False,True,False,True,False,True,False
2026-05-01 12:05:41,2026-05-01 12:05:00,2026-05-01 12:00:00,NQ,BRACKET_MACRO,ROTATION_ILLIQUID,TrendUp,LUNCH_AUCTION,TREND_COMPRESSION,TREND_COMPRESSION,LONG,66,15,MICRO_TREND_INSIDE_MACRO_STRUCTURE,UNCHANGED,0,-0.252,2,LUNCH,52.92,NONE,0.8666666666666667,0.5254237288135594,-0.2544861337683524,50.0,6.0,0.0,0.9763887030307252,0.9527774060613858,0.0806314733739997,2,0.0,1.7272163150498003,6.727569331158239,0.0848769243434593,0,1,0,27885.25,38.3125,,,,False,FRESH,,,,,False,False,True,False,False,False,True,False,True,False,False,False
2026-05-01 12:05:51,2026-05-01 12:05:00,2026-05-01 12:05:00,NQ,BRACKET_MACRO,ROTATION_ILLIQUID,TrendUp,LUNCH_AUCTION,TREND_COMPRESSION,TREND_COMPRESSION,LONG,66,15,MICRO_TREND_INSIDE_MACRO_STRUCTURE,UNCHANGED,0,-0.252,2,LUNCH,52.92,NONE,0.8666666666666667,0.5254237288135594,-0.2544861337683524,50.0,6.0,0.0,0.999630025316799,0.999260050632004,0.0023757395213118,3,0.0,1.7272163150498003,6.727569331158239,0.0848769243434593,0,1,0,27885.25,38.3125,,,,False,FRESH,,,,,False,False,True,False,False,False,True,False,True,False,False,False
2026-05-01 12:12:01,2026-04-27 11:05:00,2026-04-27 11:05:00,NQ,BRACKET_MACRO,ROTATION_ILLIQUID,TrendUp,MID_MORNING_DISCOVERY,TRANSITION,TRANSITION,NONE,50,100,MACRO_STALE_5827.0MIN,UNCHANGED,0,0.0,0,POST_IB_AM,0.0,NONE,0.0,0.0,0.0,0.0,0.0,0.0,0.99993148899788,0.9998629779991712,0.0005232853141965,12,0.0,-0.6331706827849902,-1.353546291283162,0.0083197444174514,0,1,0,27340.0,46.175,,,,True,MACRO_STALE_5827.0MIN,,,,,False,False,False,False,False,False,False,False,False,False,False,False
2026-05-01 12:12:02,2026-05-01 12:05:00,2026-05-01 12:05:00,NQ,BRACKET_MACRO,ROTATION_ILLIQUID,TrendUp,LUNCH_AUCTION,TREND_COMPRESSION,TREND_COMPRESSION,LONG,66,15,MICRO_TREND_INSIDE_MACRO_STRUCTURE,LOCKED_IMMEDIATE,0,0.0,0,LUNCH,52.58,NONE,0.8666666666666667,0.5254237288135594,-0.2466013278533038,50.0,6.0,0.0,0.9979615083422512,0.9959230166835342,0.010579268007931,3,0.0,1.6737015509413968,6.519127410686058,0.0848769243434593,0,1,0,27885.25,39.5375,,,,False,FRESH,,,,,False,False,True,False,False,False,True,False,True,False,False,False
2026-05-01 12:16:46,2026-05-01 12:15:00,2026-05-01 12:15:00,NQ,BRACKET_MACRO,ROTATION_ILLIQUID,TrendUp,LUNCH_AUCTION,TREND_COMPRESSION,TREND_COMPRESSION,LONG,66,15,MICRO_TREND_INSIDE_MACRO_STRUCTURE,UNCHANGED,0,0.0,0,LUNCH,56.94,NONE,0.9642857142857144,0.2432432432432432,-1.1816192560175056,60.0,7.0,0.0,0.9912149731066006,0.9824299462104668,0.0363132465716446,5,0.0,0.6870027904806405,6.316557257476295,0.0682911442315274,0,1,0,27844.0,34.275,,,,False,FRESH,,,,,False,False,True,False,False,False,True,False,True,False,False,False
2026-05-01 12:26:50,2026-05-01 12:25:00,2026-05-01 12:25:00,NQ,BRACKET_MACRO,ROTATION_ILLIQUID,TrendUp,LUNCH_AUCTION,TREND_COMPRESSION,TREND_COMPRESSION,LONG,66,25,MICRO_TREND_INSIDE_MACRO_STRUCTURE,UNCHANGED,0,-0.925,0,LUNCH,51.49,NONE,0.6923076923076923,0.725,-0.9473684210526316,70.0,8.0,0.0,0.9994034869598484,0.9988069739179856,0.0036248377678312,7,0.0,0.8345104818936977,6.287719298245614,0.0670960011981428,0,1,0,27851.5,35.625,,,,False,FRESH,,,,,False,False,True,False,False,False,True,False,True,False,False,False
2026-05-01 12:28:23,2026-03-11 12:15:00,2026-03-11 12:15:00,NQ,MEAN_REVERSION_MACRO,ROTATION_ILLIQUID,TrendUp,LUNCH_AUCTION,TRANSITION,TRANSITION,NONE,50,100,MACRO_STALE_73453.4MIN,UNCHANGED,0,0.0,0,LUNCH,27.8,SHORT,0.3863636363636363,0.6493506493506493,-0.3368003962357602,20.0,3.0,0.0,0.9999645934232868,0.9999291868439676,0.0002872941610177,5,0.0,-0.5558344557607586,1.3273897969291728,0.0183310533515731,1,1,0,24955.75,25.2375,,,,True,MACRO_STALE_73453.4MIN,,,,,False,False,False,False,False,False,False,False,False,False,False,False
2026-05-01 12:28:25,2026-05-01 12:25:00,2026-05-01 12:25:00,NQ,BRACKET_MACRO,ROTATION_ILLIQUID,TrendUp,LUNCH_AUCTION,TREND_COMPRESSION,TREND_COMPRESSION,LONG,66,15,MICRO_TREND_INSIDE_MACRO_STRUCTURE,LOCKED_IMMEDIATE,0,0.0,0,LUNCH,51.49,NONE,0.6923076923076923,0.725,-0.9473684210526316,70.0,8.0,0.0,0.9985228308847046,0.9970456617676952,0.0080096380321648,7,0.0,0.8345104818936977,6.287719298245614,0.0670960011981428,0,1,0,27851.5,35.625,,,,False,FRESH,,,,,False,False,True,False,False,False,True,False,True,False,False,False
2026-05-01 12:36:52,2026-05-01 12:35:00,2026-05-01 12:35:00,NQ,BRACKET_MACRO,ROTATION_ILLIQUID,TrendUp,LUNCH_AUCTION,ROTATION_ILLIQUID,TREND_COMPRESSION,LONG,62,35,COMPRESSED_BALANCE_LOW_EDGE,PENDING_ROTATION_ILLIQUID_1_OF_2,1,0.0,0,LUNCH,23.03,NONE,0.5238095238095238,0.7755102040816326,-0.4682511528910961,0.0,0.0,0.0,0.9988651928148492,0.9977303856286974,0.0063692263211663,9,0.0,0.1513506531205255,5.675771550195105,0.0566291498548878,0,1,0,27827.5,35.2375,,,,False,FRESH,,,,,False,False,True,False,False,False,True,False,True,False,False,False
2026-05-01 12:46:52,2026-05-01 12:45:00,2026-05-01 12:45:00,NQ,BRACKET_MACRO,ROTATION_ILLIQUID,TrendUp,LUNCH_AUCTION,TRANSITION,TRANSITION,NONE,50,45,NO_CLEAR_STAGE_C_ALIGNMENT,LOCKED_IMMEDIATE,0,-0.923,0,LUNCH,29.03,SHORT,1.0,0.8142414860681114,-0.9638554216867468,0.0,0.0,0.0,0.9994014576498228,0.9988029152968692,0.0036357025415511,11,0.0,-0.0882649512498913,5.783132530120481,0.0523767305462729,0,1,0,27819.5,33.2,,,,False,FRESH,,,,,False,False,False,False,False,False,False,False,False,False,False,False
2026-05-01 12:56:46,2026-05-01 12:55:00,2026-05-01 12:55:00,NQ,BRACKET_MACRO,ROTATION_ILLIQUID,TrendUp,LUNCH_AUCTION,TREND_COMPRESSION,TREND_COMPRESSION,LONG,66,15,MICRO_TREND_INSIDE_MACRO_STRUCTURE,LOCKED_IMMEDIATE,0,0.41,0,LUNCH,8.36,LONG,0.4621848739495798,0.0448979591836734,0.4271844660194174,0.0,1.0,0.0,0.9995076876738032,0.9990153753475988,0.0030598388617084,13,0.0,0.5836827938690176,6.640776699029126,0.0561465721040189,0,1,0,27841.25,32.1875,,,,False,FRESH,,,,,False,False,True,False,False,False,True,False,True,False,False,False
2026-05-01 13:06:18,2026-05-01 13:05:00,2026-05-01 13:00:00,NQ,BRACKET_MACRO,ROTATION_ILLIQUID,TrendUp,POST_LUNCH_ROTATION,TREND_COMPRESSION,TREND_COMPRESSION,LONG,66,25,MICRO_TREND_INSIDE_MACRO_STRUCTURE,UNCHANGED,0,0.698,0,LUNCH,41.02,LONG,1.0,0.1743119266055046,0.7191370355573312,10.0,2.0,0.0,0.9811223694361464,0.9622447388730808,0.0675457638994993,14,0.0,0.6067565364810906,6.855773072313224,0.0545975182946229,0,1,0,27842.0,31.2875,,,,False,FRESH,,,,,False,False,True,False,False,False,True,False,True,False,False,False
2026-05-01 13:06:28,2026-05-01 13:05:00,2026-05-01 13:05:00,NQ,BRACKET_MACRO,ROTATION_ILLIQUID,TrendUp,POST_LUNCH_ROTATION,TREND_COMPRESSION,TREND_COMPRESSION,LONG,66,25,MICRO_TREND_INSIDE_MACRO_STRUCTURE,UNCHANGED,0,0.698,0,LUNCH,41.02,LONG,1.0,0.1743119266055046,0.7191370355573312,10.0,2.0,0.0,0.997904608167916,0.9958092163385442,0.0108329103952074,15,0.0,0.6067565364810906,6.855773072313224,0.0545975182946229,0,1,0,27842.0,31.2875,,,,False,FRESH,,,,,False,False,True,False,False,False,True,False,True,False,False,False
2026-05-01 13:14:00,2026-04-27 11:05:00,2026-04-27 11:05:00,NQ,BRACKET_MACRO,ROTATION_ILLIQUID,TrendUp,MID_MORNING_DISCOVERY,TRANSITION,TRANSITION,NONE,50,100,MACRO_STALE_5889.0MIN,UNCHANGED,0,0.0,0,POST_IB_AM,0.0,NONE,0.0,0.0,0.0,0.0,0.0,0.0,0.99993148899788,0.9998629779991718,0.0005232853141934,12,0.0,-0.6331706827849902,-1.353546291283162,0.0083197444174514,0,1,0,27340.0,46.175,,,,True,MACRO_STALE_5889.0MIN,,,,,False,False,False,False,False,False,False,False,False,False,False,False
2026-05-01 13:14:01,2026-05-01 13:05:00,2026-05-01 13:05:00,NQ,BRACKET_MACRO,ROTATION_ILLIQUID,TrendUp,POST_LUNCH_ROTATION,TREND_COMPRESSION,TREND_COMPRESSION,LONG,66,15,MICRO_TREND_INSIDE_MACRO_STRUCTURE,LOCKED_IMMEDIATE,0,0.0,0,LUNCH,40.79,LONG,1.0,0.1743119266055046,0.7106198183971575,10.0,2.0,0.0,0.999907423749298,0.9998148474961176,0.0006869910872117,15,0.0,0.599570316151666,6.774575602052901,0.0545975182946229,0,1,0,27842.0,31.6625,,,,False,FRESH,,,,,False,False,True,False,False,False,True,False,True,False,False,False
2026-05-01 13:15:32,2026-05-01 13:15:00,2026-05-01 13:10:00,NQ,BRACKET_MACRO,ROTATION_ILLIQUID,TrendUp,POST_LUNCH_ROTATION,TREND_COMPRESSION,TREND_COMPRESSION,LONG,66,15,MICRO_TREND_INSIDE_MACRO_STRUCTURE,UNCHANGED,0,0.0,0,LUNCH,63.11,LONG,1.0,0.6464088397790055,0.5263157894736842,20.0,3.0,0.0,0.9997064829549104,0.9994129659131856,0.0019338005480543,16,0.0,1.1337652833350018,7.784380305602717,0.0572659713982389,0,1,0,27856.75,29.45,,,,False,FRESH,,,,,False,False,True,False,False,False,True,False,True,False,False,False
2026-05-01 13:15:41,2026-05-01 13:15:00,2026-05-01 13:15:00,NQ,BRACKET_MACRO,ROTATION_ILLIQUID,TrendUp,POST_LUNCH_ROTATION,TREND_COMPRESSION,TREND_COMPRESSION,LONG,66,15,MICRO_TREND_INSIDE_MACRO_STRUCTURE,UNCHANGED,0,0.0,0,LUNCH,63.11,LONG,1.0,0.6464088397790055,0.5263157894736842,20.0,3.0,0.0,0.9994496499257556,0.9988992998535968,0.0033763043436712,17,0.0,1.1337652833350018,7.784380305602717,0.0572659713982389,0,1,0,27856.75,29.45,,,,False,FRESH,,,,,False,False,True,False,False,False,True,False,True,False,False,False
2026-05-01 13:26:38,2026-05-01 13:25:00,2026-05-01 13:25:00,NQ,BRACKET_MACRO,ROTATION_ILLIQUID,TrendUp,POST_LUNCH_ROTATION,TREND_COMPRESSION,TREND_COMPRESSION,LONG,66,25,MICRO_TREND_INSIDE_MACRO_STRUCTURE,UNCHANGED,0,1.192,0,LUNCH,64.0,LONG,1.0,1.0,1.2193056731583405,30.0,4.0,0.0,0.9989928979257529,0.9979857958514854,0.0057392444456656,19,0.0,1.81260157646188,8.48433530906012,0.0611945767680469,0,1,0,27878.0,29.525,,,,False,FRESH,,,,,False,False,True,False,False,False,True,False,True,False,False,False
2026-05-01 13:35:51,2026-05-01 13:35:00,2026-05-01 13:30:00,NQ,BRACKET_MACRO,ROTATION_ILLIQUID,TrendUp,POST_LUNCH_ROTATION,TREND_COMPRESSION,TREND_COMPRESSION,LONG,66,10,MICRO_TREND_INSIDE_MACRO_STRUCTURE,UNCHANGED,0,0.714,0,PM,72.03,LONG,0.8888888888888888,0.9342105263157896,0.7992007992007992,40.0,5.0,50.0,0.9995394664603268,0.999078932921992,0.0028844986129687,20,0.0,2.0619211214590534,9.96003996003996,0.0598906709917702,0,1,0,27876.75,25.025,,,,False,FRESH,,,,,False,False,True,False,False,False,True,False,True,False,False,False
2026-05-01 13:36:01,2026-05-01 13:35:00,2026-05-01 13:35:00,NQ,BRACKET_MACRO,ROTATION_ILLIQUID,TrendUp,POST_LUNCH_ROTATION,TREND_COMPRESSION,TREND_COMPRESSION,LONG,66,10,MICRO_TREND_INSIDE_MACRO_STRUCTURE,UNCHANGED,0,0.714,0,PM,72.03,LONG,0.8888888888888888,0.9342105263157896,0.7992007992007992,40.0,5.0,50.0,0.9989844409759824,0.99796888195307,0.0057813096223492,21,0.0,2.0619211214590534,9.96003996003996,0.0598906709917702,0,1,0,27876.75,25.025,,,,False,FRESH,,,,,False,False,True,False,False,False,True,False,True,False,False,False
2026-05-01 13:37:23,2026-03-17 13:55:00,2026-03-17 13:55:00,NQ,BRACKET_MACRO,TREND_EXPANSION,TrendUp,POST_LUNCH_ROTATION,TRANSITION,TRANSITION,NONE,50,100,MACRO_STALE_64782.4MIN,UNCHANGED,0,0.0,0,PM,84.0,LONG,1.0,1.0,1.6266329540665825,110.0,12.0,100.0,0.8443251107351846,0.6886502214733059,0.3119306863020827,1,4.508849557522124,4.153387800966636,8.807416772018541,0.1039180588703261,0,1,0,25104.75,29.6625,,,,True,MACRO_STALE_64782.4MIN,,,,,False,False,False,False,False,False,False,False,False,False,False,False
2026-05-01 13:37:24,2026-05-01 13:35:00,2026-05-01 13:35:00,NQ,BRACKET_MACRO,ROTATION_ILLIQUID,TrendUp,POST_LUNCH_ROTATION,TREND_COMPRESSION,TREND_COMPRESSION,LONG,66,0,MICRO_TREND_INSIDE_MACRO_STRUCTURE,LOCKED_IMMEDIATE,0,0.0,0,PM,72.03,LONG,0.8888888888888888,0.9342105263157896,0.7944389275074478,40.0,5.0,50.0,0.9989844409759824,0.99796888195307,0.0057813096223492,21,0.0,2.0496355934265265,9.900695134061568,0.0598906709917702,0,1,0,27876.75,25.175,,,,False,FRESH,,,,,False,False,True,False,False,False,True,False,True,False,False,False
2026-05-01 13:40:27,2026-03-11 12:15:00,2026-03-11 12:15:00,NQ,MEAN_REVERSION_MACRO,ROTATION_ILLIQUID,TrendUp,LUNCH_AUCTION,TRANSITION,TRANSITION,NONE,50,100,MACRO_STALE_73525.5MIN,UNCHANGED,0,0.0,0,LUNCH,27.8,SHORT,0.3863636363636363,0.6493506493506493,-0.3368003962357602,20.0,3.0,0.0,0.9999645934232868,0.9999291868439676,0.0002872941610177,5,0.0,-0.5558344557607586,1.3273897969291728,0.0183310533515731,1,1,0,24955.75,25.2375,,,,True,MACRO_STALE_73525.5MIN,,,,,False,False,False,False,False,False,False,False,False,False,False,False
2026-05-01 13:40:29,2026-05-01 13:35:00,2026-05-01 13:35:00,NQ,BRACKET_MACRO,ROTATION_ILLIQUID,TrendUp,POST_LUNCH_ROTATION,TREND_COMPRESSION,TREND_COMPRESSION,LONG,66,0,MICRO_TREND_INSIDE_MACRO_STRUCTURE,LOCKED_IMMEDIATE,0,0.0,0,PM,72.03,LONG,0.8888888888888888,0.9342105263157896,0.7804878048780488,40.0,5.0,50.0,0.9990094019516468,0.998018803903868,0.0056570047260889,21,0.0,2.013641992761475,9.726829268292684,0.0598906709917702,0,1,0,27876.75,25.625,,,,False,FRESH,,,,,False,False,True,False,False,False,True,False,True,False,False,False
2026-05-01 13:43:32,2026-04-29 13:35:00,2026-04-29 13:35:00,NQ,BRACKET_MACRO,ROTATION_ILLIQUID,TrendUp,POST_LUNCH_ROTATION,TRANSITION,TRANSITION,NONE,50,100,MACRO_STALE_2888.5MIN,UNCHANGED,0,0.0,0,PM,54.5,NONE,1.0,0.254054054054054,0.3989120580235721,70.0,8.0,12.93,0.999751433399513,0.9995028667990136,0.001667458784982,13,0.0,-0.4138069731604577,-0.0362647325475974,0.0002674511901577,0,1,0,27216.25,27.575,,,,True,MACRO_STALE_2888.5MIN,,,,,False,False,False,False,False,False,False,False,False,False,False,False
2026-05-01 13:43:33,2026-05-01 13:35:00,2026-05-01 13:35:00,NQ,BRACKET_MACRO,ROTATION_ILLIQUID,TrendUp,POST_LUNCH_ROTATION,TREND_COMPRESSION,TREND_COMPRESSION,LONG,66,0,MICRO_TREND_INSIDE_MACRO_STRUCTURE,LOCKED_IMMEDIATE,0,0.0,0,PM,72.03,LONG,0.8888888888888888,0.9342105263157896,0.7804878048780488,40.0,5.0,50.0,0.9999199424816528,0.9998398849599096,0.0006024825166778,21,0.0,2.013641992761475,9.726829268292684,0.0598906709917702,0,1,0,27876.75,25.625,,,,False,FRESH,,,,,False,False,True,False,False,False,True,False,True,False,False,False
2026-05-01 13:46:37,2026-05-01 13:45:00,2026-05-01 13:45:00,NQ,BRACKET_MACRO,ROTATION_ILLIQUID,TrendUp,POST_LUNCH_ROTATION,TREND_COMPRESSION,TREND_COMPRESSION,LONG,66,0,MICRO_TREND_INSIDE_MACRO_STRUCTURE,UNCHANGED,0,0.0,0,PM,72.36,LONG,0.7435897435897436,0.9453551912568308,0.2954661232806928,50.0,6.0,50.0,0.9979247834208445,0.9958495668448718,0.0107431050925215,23,0.0,2.4124967770457237,10.504330106979111,0.0607327992459943,0,1,0,27885.25,24.5375,,,,False,FRESH,,,,,False,False,True,False,False,False,True,False,True,False,False,False
2026-05-01 13:55:53,2026-05-01 13:55:00,2026-05-01 13:50:00,NQ,BRACKET_MACRO,ROTATION_ILLIQUID,TrendUp,POST_LUNCH_ROTATION,TREND_COMPRESSION,TREND_COMPRESSION,LONG,66,0,MICRO_TREND_INSIDE_MACRO_STRUCTURE,UNCHANGED,0,0.295,0,PM,69.35,LONG,0.7435897435897436,0.8449612403100775,0.3078556263269639,60.0,7.0,50.0,0.9988802609653684,0.9977605219327949,0.0062954576859287,24,0.0,2.4135607565658805,10.891719745222929,0.0593063583815028,0,1,0,27884.0,23.55,,,,False,FRESH,,,,,False,False,True,False,False,False,True,False,True,False,False,False
2026-05-01 13:56:02,2026-05-01 13:55:00,2026-05-01 13:55:00,NQ,BRACKET_MACRO,ROTATION_ILLIQUID,TrendUp,POST_LUNCH_ROTATION,TREND_COMPRESSION,TREND_COMPRESSION,LONG,66,0,MICRO_TREND_INSIDE_MACRO_STRUCTURE,UNCHANGED,0,0.295,0,PM,69.35,LONG,0.7435897435897436,0.8449612403100775,0.3078556263269639,60.0,7.0,50.0,0.9995467084902246,0.9990934169776589,0.0028443229283311,25,0.0,2.4135607565658805,10.891719745222929,0.0593063583815028,0,1,0,27884.0,23.55,,,,False,FRESH,,,,,False,False,True,False,False,False,True,False,True,False,False,False
2026-05-01 14:06:41,2026-05-01 14:05:00,2026-05-01 14:05:00,NQ,BRACKET_MACRO,ROTATION_ILLIQUID,TrendUp,AFTERNOON_TREND_TEST,TREND_COMPRESSION,TREND_COMPRESSION,LONG,66,10,MICRO_TREND_INSIDE_MACRO_STRUCTURE,UNCHANGED,0,-0.664,0,PM,69.17,NONE,1.0,0.32,-0.7314148681055156,70.0,8.0,50.0,0.9982454068404264,0.9964908136843044,0.0092959015400014,27,0.0,2.013843566834565,11.630695443645084,0.0550104916917143,0,1,0,27870.0,20.85,,,,False,FRESH,,,,,True,False,True,False,False,False,True,False,True,False,True,False
2026-05-01 14:15:54,2026-05-01 14:15:00,2026-05-01 14:10:00,NQ,BRACKET_MACRO,ROTATION_ILLIQUID,TrendUp,AFTERNOON_TREND_TEST,TREND_COMPRESSION,TREND_COMPRESSION,LONG,66,10,MICRO_TREND_INSIDE_MACRO_STRUCTURE,UNCHANGED,0,-1.746,0,PM,70.69,NONE,1.0,0.6382978723404256,-1.8992989165073293,80.0,9.0,28.63,0.9946237716433768,0.9892475432850693,0.0241338885863781,28,0.0,0.9161986008246706,11.179094964945826,0.0486573457612072,0,1,0,27846.75,19.6125,,,,False,FRESH,,,,,True,False,True,False,False,False,True,False,True,False,True,False
2026-05-01 14:16:03,2026-05-01 14:15:00,2026-05-01 14:15:00,NQ,BRACKET_MACRO,ROTATION_ILLIQUID,TrendUp,AFTERNOON_TREND_TEST,TREND_COMPRESSION,TREND_COMPRESSION,LONG,66,10,MICRO_TREND_INSIDE_MACRO_STRUCTURE,UNCHANGED,0,-1.746,0,PM,70.69,NONE,1.0,0.6382978723404256,-1.8992989165073293,80.0,9.0,28.63,0.9925919782149702,0.9851839564330922,0.0315360745980726,29,0.0,0.9161986008246706,11.179094964945826,0.0486573457612072,0,1,0,27846.75,19.6125,,,,False,FRESH,,,,,True,False,True,False,False,False,True,False,True,False,True,False
2026-05-01 14:23:36,2026-04-29 13:35:00,2026-04-29 13:35:00,NQ,BRACKET_MACRO,ROTATION_ILLIQUID,TrendUp,POST_LUNCH_ROTATION,TRANSITION,TRANSITION,NONE,50,100,MACRO_STALE_2928.6MIN,UNCHANGED,0,0.0,0,PM,54.5,NONE,1.0,0.254054054054054,0.3989120580235721,70.0,8.0,12.93,0.999751433399513,0.9995028667990152,0.0016674587849725,13,0.0,-0.4138069731604577,-0.0362647325475974,0.0002674511901577,0,1,0,27216.25,27.575,,,,True,MACRO_STALE_2928.6MIN,,,,,False,False,False,False,False,False,False,False,False,False,False,False
2026-05-01 14:23:38,2026-05-01 14:15:00,2026-05-01 14:15:00,NQ,BRACKET_MACRO,ROTATION_ILLIQUID,TrendUp,AFTERNOON_TREND_TEST,TREND_COMPRESSION,TREND_COMPRESSION,LONG,66,0,MICRO_TREND_INSIDE_MACRO_STRUCTURE,LOCKED_IMMEDIATE,0,0.0,0,PM,70.47,NONE,1.0,0.6382978723404256,-1.860174781523096,80.0,9.0,28.04,0.9899416615395588,0.9798833230762382,0.0405898174321339,29,0.0,0.8973255959387693,10.948813982521848,0.0486573457612072,0,1,0,27846.75,20.025,,,,False,FRESH,,,,,True,False,True,False,False,False,True,False,True,False,True,False
2026-05-01 14:26:43,2026-05-01 14:25:00,2026-05-01 14:25:00,NQ,BRACKET_MACRO,ROTATION_ILLIQUID,TrendUp,AFTERNOON_TREND_TEST,TREND_COMPRESSION,TREND_COMPRESSION,LONG,66,0,MICRO_TREND_INSIDE_MACRO_STRUCTURE,UNCHANGED,0,0.0,0,PM,51.24,NONE,0.0449438202247191,0.2887029288702928,-0.1068090787716955,90.0,10.0,50.0,0.9982559770549582,0.9965119541118784,0.0092475085869371,31,0.0,2.0709717255497977,12.843791722296396,0.05226840532464,0,1,0,27868.0,18.725,,,,False,FRESH,,,,,True,False,True,False,False,False,True,False,True,False,True,False
2026-05-01 14:36:07,2026-05-01 14:35:00,2026-05-01 14:30:00,NQ,BRACKET_MACRO,ROTATION_ILLIQUID,TrendUp,AFTERNOON_TREND_TEST,TREND_COMPRESSION,TREND_COMPRESSION,LONG,66,0,MICRO_TREND_INSIDE_MACRO_STRUCTURE,UNCHANGED,0,-0.119,0,PM,53.87,NONE,0.0502793296089385,0.4817073170731707,-0.124052377670572,100.0,11.0,25.23,0.988878024348807,0.977756048694034,0.0440713035886868,32,0.0,0.8073904870885413,11.964162646450724,0.046072186836518,0,1,0,27844.5,18.1375,,,,False,FRESH,,,,,True,False,True,False,False,False,True,False,True,False,True,False
2026-05-01 14:36:17,2026-05-01 14:35:00,2026-05-01 14:35:00,NQ,BRACKET_MACRO,ROTATION_ILLIQUID,TrendUp,AFTERNOON_TREND_TEST,TREND_COMPRESSION,TREND_COMPRESSION,LONG,66,0,MICRO_TREND_INSIDE_MACRO_STRUCTURE,UNCHANGED,0,-0.119,0,PM,53.87,NONE,0.0502793296089385,0.4817073170731707,-0.124052377670572,100.0,11.0,25.23,0.9943156060581096,0.9886312121158533,0.0252880626320142,33,0.0,0.8073904870885413,11.964162646450724,0.046072186836518,0,1,0,27844.5,18.1375,,,,False,FRESH,,,,,True,False,True,False,False,False,True,False,True,False,True,False
2026-05-01 14:46:56,2026-05-01 14:45:00,2026-05-01 14:45:00,NQ,BRACKET_MACRO,ROTATION_ILLIQUID,TrendUp,AFTERNOON_TREND_TEST,TRANSITION,TRANSITION,NONE,50,30,NO_CLEAR_STAGE_C_ALIGNMENT,LOCKED_IMMEDIATE,0,-2.447,0,PM,42.56,SHORT,1.0,0.5277777777777778,-2.4058162590879046,0.0,1.0,12.21,0.9886613995727344,0.9773227991466976,0.0447710221912194,35,0.0,-0.3906095154972479,10.310641110376734,0.040458530006743,0,1,0,27822.5,18.9125,,,,False,FRESH,,,,,False,False,False,False,False,False,False,False,False,False,False,False
2026-05-01 14:56:10,2026-05-01 14:55:00,2026-05-01 14:50:00,NQ,BRACKET_MACRO,ROTATION_ILLIQUID,TrendUp,AFTERNOON_TREND_TEST,TRANSITION,TRANSITION,NONE,50,30,NO_CLEAR_STAGE_C_ALIGNMENT,UNCHANGED,0,-1.745,0,PM,59.73,SHORT,1.0,0.4516129032258064,-1.700194678780013,10.0,2.0,28.74,0.9638104747869553,0.9276209495770537,0.1122699152195109,36,0.0,-0.9197241085203226,9.565217391304348,0.0372937961744762,0,1,0,27811.75,19.2625,,,,False,FRESH,,,,,False,False,False,False,False,False,False,False,False,False,False,False
2026-05-01 14:56:19,2026-05-01 14:55:00,2026-05-01 14:55:00,NQ,BRACKET_MACRO,ROTATION_ILLIQUID,TrendUp,AFTERNOON_TREND_TEST,TRANSITION,TRANSITION,NONE,50,30,NO_CLEAR_STAGE_C_ALIGNMENT,UNCHANGED,0,-1.745,0,PM,59.73,SHORT,1.0,0.4516129032258064,-1.700194678780013,10.0,2.0,28.74,0.9935664459137196,0.987132891828692,0.0280445460404951,37,0.0,-0.9197241085203226,9.565217391304348,0.0372937961744762,0,1,0,27811.75,19.2625,,,,False,FRESH,,,,,False,False,False,False,False,False,False,False,False,False,False,False
2026-05-01 15:05:23,2026-04-27 11:05:00,2026-04-27 11:05:00,NQ,BRACKET_MACRO,ROTATION_ILLIQUID,TrendUp,MID_MORNING_DISCOVERY,TRANSITION,TRANSITION,NONE,50,100,MACRO_STALE_6000.4MIN,UNCHANGED,0,0.0,0,POST_IB_AM,0.0,NONE,0.0,0.0,0.0,0.0,0.0,0.0,0.99993148899788,0.9998629779991718,0.0005232853141934,12,0.0,-0.6331706827849902,-1.353546291283162,0.0083197444174514,0,1,0,27340.0,46.175,,,,True,MACRO_STALE_6000.4MIN,,,,,False,False,False,False,False,False,False,False,False,False,False,False
2026-05-01 15:05:24,2026-05-01 14:55:00,2026-05-01 14:55:00,NQ,BRACKET_MACRO,ROTATION_ILLIQUID,TrendUp,AFTERNOON_TREND_TEST,TRANSITION,TRANSITION,NONE,50,20,NO_CLEAR_STAGE_C_ALIGNMENT,UNCHANGED,0,0.0,0,PM,59.39,SHORT,1.0,0.4516129032258064,-1.6467630421118793,10.0,2.0,27.84,0.9555925614471418,0.9111851228972608,0.1310736992326418,37,0.0,-0.8908201453361516,9.264613450659963,0.0372937961744762,0,1,0,27811.75,19.8875,,,,False,FRESH,,,,,False,False,False,False,False,False,False,False,False,False,False,False
2026-05-01 15:06:55,2026-05-01 15:05:00,2026-05-01 15:05:00,NQ,BRACKET_MACRO,ROTATION_ILLIQUID,TrendDown,LATE_DAY_CONVICTION,ROTATION_ILLIQUID,TRANSITION,NONE,62,20,COMPRESSED_BALANCE_LOW_EDGE,PENDING_ROTATION_ILLIQUID_1_OF_2,1,0.0,1,POWER_HOUR,24.2,LONG,0.3986013986013986,0.3846153846153846,0.7037037037037037,0.0,1.0,11.37,0.7273823529535473,0.4547647059055835,0.4225978842319807,2,0.0,0.3637813940781879,10.333333333333334,0.0414684898929845,0,1,0,27836.75,20.25,,,,False,FRESH,,,,,False,False,False,False,False,False,False,False,False,False,False,False
2026-05-01 15:16:07,2026-05-01 15:15:00,2026-05-01 15:10:00,NQ,BRACKET_MACRO,ROTATION_ILLIQUID,TrendDown,LATE_DAY_CONVICTION,TRANSITION,TRANSITION,NONE,50,30,NO_CLEAR_STAGE_C_ALIGNMENT,UNCHANGED,0,2.796,1,POWER_HOUR,63.0,LONG,1.0,0.2661064425770308,2.7594627594627594,10.0,2.0,50.0,0.9443777310868808,0.8887554621762348,0.1549080281743412,3,0.0,1.879523622305569,11.758241758241756,0.046936686650095,0,1,0,27868.25,20.475,,,,False,FRESH,,,,,False,False,False,False,False,False,False,False,False,False,False,False
2026-05-01 15:16:17,2026-05-01 15:15:00,2026-05-01 15:15:00,NQ,BRACKET_MACRO,ROTATION_ILLIQUID,TrendDown,LATE_DAY_CONVICTION,TRANSITION,TRANSITION,NONE,50,30,NO_CLEAR_STAGE_C_ALIGNMENT,UNCHANGED,0,2.796,1,POWER_HOUR,63.0,LONG,1.0,0.2661064425770308,2.7594627594627594,10.0,2.0,50.0,0.6371761590606723,0.2743523181213902,0.4725011258777329,4,0.0,1.879523622305569,11.758241758241756,0.046936686650095,0,1,0,27868.25,20.475,,,,False,FRESH,,,,,False,False,False,False,False,False,False,False,False,False,False,False
2026-05-01 15:23:56,2026-04-27 11:05:00,2026-04-27 11:05:00,NQ,BRACKET_MACRO,ROTATION_ILLIQUID,TrendUp,MID_MORNING_DISCOVERY,TRANSITION,TRANSITION,NONE,50,100,MACRO_STALE_6018.9MIN,UNCHANGED,0,0.0,0,POST_IB_AM,0.0,NONE,0.0,0.0,0.0,0.0,0.0,0.0,0.99993148899788,0.9998629779991718,0.0005232853141934,12,0.0,-0.6331706827849902,-1.353546291283162,0.0083197444174514,0,1,0,27340.0,46.175,,,,True,MACRO_STALE_6018.9MIN,,,,,False,False,False,False,False,False,False,False,False,False,False,False
2026-05-01 15:23:57,2026-05-01 15:15:00,2026-05-01 15:15:00,NQ,BRACKET_MACRO,ROTATION_ILLIQUID,TrendUp,LATE_DAY_CONVICTION,TREND_COMPRESSION,TREND_COMPRESSION,LONG,66,0,MICRO_TREND_INSIDE_MACRO_STRUCTURE,LOCKED_IMMEDIATE,0,0.0,0,POWER_HOUR,63.0,LONG,1.0,0.2661064425770308,2.684085510688836,10.0,2.0,50.0,0.7970359382368891,0.5940718764770745,0.3639083772632464,1,0.0,1.8281827157580293,11.437054631828978,0.046936686650095,0,1,0,27868.25,21.05,,,,False,FRESH,,,,,True,False,True,False,False,False,True,False,True,False,True,False
2026-05-01 15:27:04,2026-05-01 15:25:00,2026-05-01 15:25:00,NQ,BRACKET_MACRO,ROTATION_ILLIQUID,TrendUp,LATE_DAY_CONVICTION,TREND_COMPRESSION,TREND_COMPRESSION,LONG,66,0,MICRO_TREND_INSIDE_MACRO_STRUCTURE,UNCHANGED,0,0.0,0,POWER_HOUR,74.0,LONG,1.0,0.7207792207792207,1.9725044829647336,20.0,3.0,50.0,0.9674629459121744,0.9349258918246578,0.1034798429649102,3,0.0,2.2738957345894564,11.978481769276748,0.048089844499904,0,1,0,27878.0,20.9125,,,,False,FRESH,,,,,True,False,True,False,False,False,True,False,True,False,True,False
2026-05-01 15:36:28,2026-05-01 15:35:00,2026-05-01 15:30:00,NQ,BRACKET_MACRO,ROTATION_ILLIQUID,TrendUp,LATE_DAY_CONVICTION,TREND_COMPRESSION,TREND_COMPRESSION,LONG,66,10,MICRO_TREND_INSIDE_MACRO_STRUCTURE,UNCHANGED,0,0.747,0,POWER_HOUR,74.0,LONG,1.0,1.0,0.7394366197183099,30.0,4.0,50.0,0.9946525334485188,0.9893050668985736,0.0240255241683727,4,0.0,2.4501843712501805,12.04225352112676,0.048457941718226,0,1,0,27884.0,21.3,,,,False,FRESH,,,,,True,False,True,False,False,False,True,False,True,False,True,False
2026-05-01 15:36:38,2026-05-01 15:35:00,2026-05-01 15:35:00,NQ,BRACKET_MACRO,ROTATION_ILLIQUID,TrendUp,LATE_DAY_CONVICTION,TREND_COMPRESSION,TREND_COMPRESSION,LONG,66,10,MICRO_TREND_INSIDE_MACRO_STRUCTURE,UNCHANGED,0,0.747,0,POWER_HOUR,74.0,LONG,1.0,1.0,0.7394366197183099,30.0,4.0,50.0,0.9921388601878912,0.984277720372892,0.0331270604790637,5,0.0,2.4501843712501805,12.04225352112676,0.048457941718226,0,1,0,27884.0,21.3,,,,False,FRESH,,,,,True,False,True,False,False,False,True,False,True,False,True,False
2026-05-01 15:38:02,2026-04-27 11:05:00,2026-04-27 11:05:00,NQ,BRACKET_MACRO,ROTATION_ILLIQUID,TrendUp,MID_MORNING_DISCOVERY,TRANSITION,TRANSITION,NONE,50,100,MACRO_STALE_6033.0MIN,UNCHANGED,0,0.0,0,POST_IB_AM,0.0,NONE,0.0,0.0,0.0,0.0,0.0,0.0,0.99993148899788,0.9998629779991718,0.0005232853141934,12,0.0,-0.6331706827849902,-1.353546291283162,0.0083197444174514,0,1,0,27340.0,46.175,,,,True,MACRO_STALE_6033.0MIN,,,,,False,False,False,False,False,False,False,False,False,False,False,False
2026-05-01 15:38:03,2026-05-01 15:35:00,2026-05-01 15:35:00,NQ,BRACKET_MACRO,ROTATION_ILLIQUID,TrendUp,LATE_DAY_CONVICTION,TREND_COMPRESSION,TREND_COMPRESSION,LONG,66,0,MICRO_TREND_INSIDE_MACRO_STRUCTURE,LOCKED_IMMEDIATE,0,0.0,0,POWER_HOUR,74.0,LONG,1.0,1.0,0.7159090909090909,30.0,4.0,50.0,0.9921388601878912,0.984277720372892,0.0331270604790637,5,0.0,2.3722239594376746,11.659090909090908,0.048457941718226,0,1,0,27884.0,22.0,,,,False,FRESH,,,,,True,False,True,False,False,False,True,False,True,False,True,False
2026-05-01 15:39:34,2026-03-11 12:15:00,2026-03-11 12:15:00,NQ,MEAN_REVERSION_MACRO,ROTATION_ILLIQUID,TrendUp,LUNCH_AUCTION,TRANSITION,TRANSITION,NONE,50,100,MACRO_STALE_73644.6MIN,UNCHANGED,0,0.0,0,LUNCH,27.8,SHORT,0.3863636363636363,0.6493506493506493,-0.3368003962357602,20.0,3.0,0.0,0.9999645934232868,0.9999291868439676,0.0002872941610177,5,0.0,-0.5558344557607586,1.3273897969291728,0.0183310533515731,1,1,0,24955.75,25.2375,,,,True,MACRO_STALE_73644.6MIN,,,,,False,False,False,False,False,False,False,False,False,False,False,False
2026-05-01 15:39:36,2026-05-01 15:35:00,2026-05-01 15:35:00,NQ,BRACKET_MACRO,ROTATION_ILLIQUID,TrendUp,LATE_DAY_CONVICTION,TREND_COMPRESSION,TREND_COMPRESSION,LONG,66,0,MICRO_TREND_INSIDE_MACRO_STRUCTURE,LOCKED_IMMEDIATE,0,0.0,0,POWER_HOUR,74.0,LONG,1.0,1.0,0.711864406779661,30.0,4.0,50.0,0.995546120730248,0.9910922414570904,0.0205996354591063,5,0.0,2.358821564186614,11.59322033898305,0.048457941718226,0,1,0,27884.0,22.125,,,,False,FRESH,,,,,True,False,True,False,False,False,True,False,True,False,True,False
2026-05-01 15:45:49,2026-05-01 15:45:00,2026-05-01 15:40:00,NQ,BRACKET_MACRO,ROTATION_ILLIQUID,TrendUp,LATE_DAY_CONVICTION,TREND_COMPRESSION,TREND_COMPRESSION,LONG,66,0,MICRO_TREND_INSIDE_MACRO_STRUCTURE,UNCHANGED,0,0.0,0,POWER_HOUR,63.74,NONE,0.238095238095238,0.6578947368421053,-0.1755412521942656,40.0,5.0,50.0,0.988503427280968,0.9770068545610808,0.0452793804367238,6,0.0,1.9570572034545344,11.55061439438268,0.0458281097645911,0,1,0,27874.25,21.3625,,,,False,FRESH,,,,,True,False,True,False,False,False,True,False,True,False,True,False
2026-05-01 15:45:58,2026-05-01 15:45:00,2026-05-01 15:45:00,NQ,BRACKET_MACRO,ROTATION_ILLIQUID,TrendUp,LATE_DAY_CONVICTION,TREND_COMPRESSION,TREND_COMPRESSION,LONG,66,0,MICRO_TREND_INSIDE_MACRO_STRUCTURE,UNCHANGED,0,0.0,0,POWER_HOUR,63.74,NONE,0.238095238095238,0.6578947368421053,-0.1755412521942656,40.0,5.0,50.0,0.978878300539175,0.9577566010761254,0.0738465390586472,7,0.0,1.9570572034545344,11.55061439438268,0.0458281097645911,0,1,0,27874.25,21.3625,,,,False,FRESH,,,,,True,False,True,False,False,False,True,False,True,False,True,False
2026-05-01 15:55:09,2026-03-11 12:35:00,2026-03-11 12:35:00,NQ,MEAN_REVERSION_MACRO,ROTATION_ILLIQUID,TrendUp,LUNCH_AUCTION,TRANSITION,TRANSITION,NONE,50,100,MACRO_STALE_73640.2MIN,UNCHANGED,0,0.0,0,LUNCH,1.5,SHORT,0.4814814814814814,0.4439461883408072,-0.4958047292143402,0.0,1.0,0.0,0.5307619063134604,0.0615238126299669,0.4986339224992865,1,0.0,-0.9821240475143234,0.5263157894736842,0.0080447708989157,1,1,0,24939.5,32.775,,,,True,MACRO_STALE_73640.2MIN,,,,,False,False,False,False,False,False,False,False,False,False,False,False
2026-05-01 15:55:10,2026-05-01 15:45:00,2026-05-01 15:45:00,NQ,BRACKET_MACRO,ROTATION_ILLIQUID,TrendUp,LATE_DAY_CONVICTION,TREND_COMPRESSION,TREND_COMPRESSION,LONG,66,0,MICRO_TREND_INSIDE_MACRO_STRUCTURE,LOCKED_IMMEDIATE,0,0.0,0,POWER_HOUR,63.74,NONE,0.238095238095238,0.6578947368421053,-0.1709401709401709,40.0,5.0,50.0,0.9728306227411856,0.9456612454808068,0.0899957260236727,7,0.0,1.905761117210142,11.247863247863249,0.0458281097645911,0,1,0,27874.25,21.9375,,,,False,FRESH,,,,,True,False,True,False,False,False,True,False,True,False,True,False
2026-05-01 15:56:44,2026-05-01 15:55:00,2026-05-01 15:55:00,NQ,BRACKET_MACRO,ROTATION_ILLIQUID,TrendUp,LATE_DAY_CONVICTION,TREND_COMPRESSION,TREND_COMPRESSION,LONG,66,0,MICRO_TREND_INSIDE_MACRO_STRUCTURE,UNCHANGED,0,0.0,0,POWER_HOUR,66.54,NONE,1.0,0.411214953271028,-1.6193029490616622,50.0,6.0,17.52,0.9135360401321873,0.8270720802620819,0.2122777613497038,9,0.0,0.5605673953156104,9.383378016085793,0.0397546569741026,0,1,0,27846.25,23.3125,,,,False,FRESH,,,,,True,False,True,False,False,False,True,False,True,False,True,False
2026-05-01 15:59:51,2026-04-27 11:05:00,2026-04-27 11:05:00,NQ,BRACKET_MACRO,ROTATION_ILLIQUID,TrendUp,MID_MORNING_DISCOVERY,TRANSITION,TRANSITION,NONE,50,100,MACRO_STALE_6054.8MIN,UNCHANGED,0,0.0,0,POST_IB_AM,0.0,NONE,0.0,0.0,0.0,0.0,0.0,0.0,0.99993148899788,0.9998629779991718,0.0005232853141934,12,0.0,-0.6331706827849902,-1.353546291283162,0.0083197444174514,0,1,0,27340.0,46.175,,,,True,MACRO_STALE_6054.8MIN,,,,,False,False,False,False,False,False,False,False,False,False,False,False
2026-05-01 15:59:53,2026-05-01 15:55:00,2026-05-01 15:55:00,NQ,BRACKET_MACRO,ROTATION_ILLIQUID,TrendUp,LATE_DAY_CONVICTION,TREND_COMPRESSION,TREND_COMPRESSION,LONG,66,0,MICRO_TREND_INSIDE_MACRO_STRUCTURE,LOCKED_IMMEDIATE,0,0.0,0,POWER_HOUR,66.46,NONE,1.0,0.411214953271028,-1.60042395336513,50.0,6.0,17.31,0.8008842717893142,0.6017685435796309,0.3600780110508374,9,0.0,0.5540318983908922,9.273979862215157,0.0397546569741026,0,1,0,27846.25,23.5875,,,,False,FRESH,,,,,True,False,True,False,False,False,True,False,True,False,True,False
2026-05-01 16:01:25,2026-05-01 16:00:00,2026-05-01 15:55:00,NQ,BRACKET_MACRO,ROTATION_ILLIQUID,TrendDown,CASH_CLOSE,ROTATION_ILLIQUID,TREND_COMPRESSION,LONG,62,20,COMPRESSED_BALANCE_LOW_EDGE,PENDING_ROTATION_ILLIQUID_1_OF_2,1,0.0,0,CLOSE,39.87,NONE,1.0,0.7735849056603774,-1.5767195767195767,0.0,0.0,5.01,0.7265729095672073,0.4531458191352143,0.4231697123839064,2,0.0,0.1603729707467931,8.867724867724867,0.0376088322412709,0,1,0,27837.0,23.625,,,,False,FRESH,,,,,False,False,True,False,False,False,True,False,True,False,False,False
2026-05-01 16:01:34,2026-05-01 16:00:00,2026-05-01 16:00:00,NQ,BRACKET_MACRO,ROTATION_ILLIQUID,TrendDown,CASH_CLOSE,ROTATION_ILLIQUID,ROTATION_ILLIQUID,NONE,62,20,COMPRESSED_BALANCE_LOW_EDGE,LOCKED_AFTER_2_CONFIRMATIONS,0,0.0,0,CLOSE,39.87,NONE,1.0,0.7735849056603774,-1.5767195767195767,0.0,0.0,5.01,0.9999322970179728,0.999864594036865,0.0005176931244826,3,0.0,0.1603729707467931,8.867724867724867,0.0376088322412709,0,1,0,27837.0,23.625,,,,False,FRESH,,,,,False,False,False,False,False,False,False,False,False,False,False,False
2026-05-01 16:06:05,2026-04-27 11:05:00,2026-04-27 11:05:00,NQ,BRACKET_MACRO,ROTATION_ILLIQUID,TrendUp,MID_MORNING_DISCOVERY,TRANSITION,TRANSITION,NONE,50,100,MACRO_STALE_6061.1MIN,UNCHANGED,0,0.0,0,POST_IB_AM,0.0,NONE,0.0,0.0,0.0,0.0,0.0,0.0,0.99993148899788,0.9998629779991712,0.0005232853141965,12,0.0,-0.6331706827849902,-1.353546291283162,0.0083197444174514,0,1,0,27340.0,46.175,,,,True,MACRO_STALE_6061.1MIN,,,,,False,False,False,False,False,False,False,False,False,False,False,False
2026-05-01 16:06:07,2026-05-01 16:00:00,2026-05-01 16:00:00,NQ,BRACKET_MACRO,ROTATION_ILLIQUID,TrendDown,CASH_CLOSE,ROTATION_ILLIQUID,TRANSITION,NONE,62,20,COMPRESSED_BALANCE_LOW_EDGE,PENDING_ROTATION_ILLIQUID_1_OF_2,1,0.0,0,CLOSE,39.87,NONE,1.0,0.7735849056603774,-1.5767195767195767,0.0,0.0,5.01,0.9999742800461522,0.999948560093075,0.0002146256653151,3,0.0,0.1603729707467931,8.867724867724867,0.0376088322412709,0,1,0,27837.0,23.625,,,,False,FRESH,,,,,False,False,False,False,False,False,False,False,False,False,False,False
2026-05-01 16:27:43,2026-03-12 12:35:00,2026-03-12 12:35:00,NQ,BRACKET_MACRO,ROTATION_ILLIQUID,TrendUp,LUNCH_AUCTION,TRANSITION,TRANSITION,NONE,50,100,MACRO_STALE_72232.7MIN,UNCHANGED,0,0.0,0,LUNCH,61.6,SHORT,0.4848484848484848,0.8274111675126904,-0.4453723034098817,40.0,5.0,0.0,0.9970759827912136,0.9941519655842184,0.0144130893508075,8,0.2358490566037736,-3.094111940974261,-1.0438413361169103,0.0593824228028503,0,1,0,25040.25,17.9625,,,,True,MACRO_STALE_72232.7MIN,,,,,False,False,False,False,False,False,False,False,False,False,False,False
2026-05-01 16:27:45,2026-05-01 16:00:00,2026-05-01 16:00:00,NQ,BRACKET_MACRO,ROTATION_ILLIQUID,TrendDown,CASH_CLOSE,TRANSITION,TRANSITION,NONE,50,100,MACRO_STALE_27.7MIN,UNCHANGED,0,0.0,0,CLOSE,39.87,NONE,1.0,0.7735849056603774,-1.5767195767195767,0.0,0.0,5.01,0.9999980411904374,0.999996082380614,1.9984056627576225e-05,3,0.0,0.1603729707467931,8.867724867724867,0.0376088322412709,0,1,0,27837.0,23.625,,,,True,MACRO_STALE_27.7MIN,,,,,False,False,False,False,False,False,False,False,False,False,False,False
2026-05-03 11:33:31,2026-05-01 16:00:00,2026-05-01 16:00:00,NQ,BRACKET_MACRO,ROTATION_ILLIQUID,TrendDown,CASH_CLOSE,TRANSITION,TRANSITION,NONE,50,100,MACRO_STALE_WRONG_SESSION_2D,UNCHANGED,0,0.0,0,CLOSE,39.87,NONE,1.0,0.7735849056603774,-1.5767195767195767,0.0,0.0,5.01,0.9999980411904374,0.999996082380614,1.9984056627576225e-05,3,0.0,0.1603729707467931,8.867724867724867,0.0376088322412709,0,1,0,27837.0,23.625,,,,True,MACRO_STALE_WRONG_SESSION_2D,1,HYST_BLOCK_STALE_MACRO_STALE_WRONG_SESSION_2D,False,True,False,False,False,False,False,False,False,False,False,False,False,False
2026-05-03 12:40:42,2026-05-01 16:00:00,2026-05-01 16:00:00,NQ,BRACKET_MACRO,ROTATION_ILLIQUID,TrendDown,CASH_CLOSE,TRANSITION,TRANSITION,NONE,50,100,MACRO_STALE_WRONG_SESSION_2D,UNCHANGED,0,0.0,0,CLOSE,39.87,NONE,1.0,0.7735849056603774,-1.5767195767195767,0.0,0.0,5.01,0.9999980411904374,0.999996082380614,1.9984056627576225e-05,3,0.0,0.1603729707467931,8.867724867724867,0.0376088322412709,0,1,0,27837.0,23.625,,,,True,MACRO_STALE_WRONG_SESSION_2D,1,HYST_BLOCK_STALE_MACRO_STALE_WRONG_SESSION_2D,False,True,False,False,False,False,False,False,False,False,False,False,False,False
2026-05-04 09:18:42,2026-05-01 16:00:00,2026-05-01 16:00:00,NQ,BRACKET_MACRO,ROTATION_ILLIQUID,TrendDown,CASH_CLOSE,TRANSITION,TRANSITION,NONE,50,100,MACRO_STALE_WRONG_SESSION_3D,UNCHANGED,0,0.0,0,CLOSE,39.87,NONE,1.0,0.7735849056603774,-1.5767195767195767,0.0,0.0,5.01,0.9999980411904374,0.999996082380614,1.9984056627576225e-05,3,0.0,0.1603729707467931,8.867724867724867,0.0376088322412709,0,1,0,27837.0,23.625,,,,True,MACRO_STALE_WRONG_SESSION_3D,1,HYST_BLOCK_STALE_MACRO_STALE_WRONG_SESSION_3D,False,True,False,False,False,False,False,False,False,False,False,False,False,False
2026-05-04 09:30:37,2026-05-04 09:25:00,2026-05-04 09:25:00,NQ,UNRESOLVED,TRANSITION,Balance,PREMARKET_CONTEXT,TRANSITION,TRANSITION,NONE,55,0,OPENING_OR_UNRESOLVED_UNRESOLVED,UNCHANGED,0,0.0,0,PREMARKET,0.0,NONE,0.0,0.0,0.0,0.0,0.0,0.0,0.9964810199387232,0.9929698291439234,0.0169148439272011,2,0.0,0.0,0.0,0.0,0,0,0,27850.0,0.0,,,,False,FRESH,1,HYST_BLOCK_BALANCE_AGE_1_OF_2,False,True,False,False,False,False,False,False,False,False,False,False,False,False
2026-05-04 09:36:48,2026-05-04 09:35:00,2026-05-04 09:35:00,NQ,OPENING_AUCTION,ROTATION_ILLIQUID,TrendUp,OPENING_AUCTION,TRANSITION,TRANSITION,NONE,55,20,OPENING_OR_UNRESOLVED_OPENING_AUCTION,UNCHANGED,0,0.0,1,OPEN,0.0,SHORT,0.0,0.0,0.0,0.0,1.0,0.0,0.9939825521044175,0.9879651042115684,0.0265218359320993,1,0.0,-0.2504321466892935,-0.4289156626506024,0.1239554317548746,0,1,0,27827.25,51.875,,,,False,FRESH,1,HYST_BLOCK_NQ_TRENDUP_NO_MACRO_AGE_1,False,True,False,False,False,False,False,False,False,False,False,False,False,False
2026-05-04 09:41:20,2026-05-04 09:40:00,2026-05-04 09:35:00,NQ,BALANCE_STRUCTURE,ROTATION_ILLIQUID,TrendDown,EARLY_TEST,ROTATION_ILLIQUID,TRANSITION,NONE,62,20,COMPRESSED_BALANCE_LOW_EDGE,PENDING_ROTATION_ILLIQUID_1_OF_2,1,-0.414,1,OPEN,8.22,SHORT,0.421875,0.0,-0.3,0.0,0.0,0.0,0.8005181167173814,0.6010362334346249,0.3604453252023781,2,0.0,-0.0137253153369884,-0.2888888888888888,0.0399079048349961,0,1,0,27836.5,45.0,,,,False,FRESH,1,HYST_BLOCK_TRENDDOWN_AGE_1_OF_2,False,True,False,False,False,False,False,False,False,False,False,False,False,False
2026-05-04 09:41:29,2026-05-04 09:40:00,2026-05-04 09:40:00,NQ,BALANCE_STRUCTURE,ROTATION_ILLIQUID,TrendUp,EARLY_TEST,ROTATION_ILLIQUID,ROTATION_ILLIQUID,NONE,62,20,COMPRESSED_BALANCE_LOW_EDGE,LOCKED_AFTER_2_CONFIRMATIONS,0,-0.414,2,OPEN,8.22,SHORT,0.421875,0.0,-0.3,0.0,0.0,0.0,0.9957778712340936,0.9915557424679982,0.0196908661191442,2,0.0,-0.0137253153369884,-0.2888888888888888,0.0399079048349961,0,1,0,27836.5,45.0,,,,False,FRESH,1,HYST_PASSED_TRENDUP_MACRO_CONFIRM,True,True,False,False,False,False,False,False,False,False,False,False,False,False
2026-05-04 09:45:51,2026-05-04 09:45:00,2026-05-04 09:40:00,NQ,BALANCE_STRUCTURE,ROTATION_ILLIQUID,TrendDown,FIRST_ACCEPTANCE,ROTATION_ILLIQUID,ROTATION_ILLIQUID,NONE,62,20,COMPRESSED_BALANCE_LOW_EDGE,UNCHANGED,0,0.577,1,EARLY_AM,33.29,LONG,1.0,0.0,0.5642946317103621,0.0,1.0,0.0,0.9999999998472048,0.9999999996955528,2.5835524197944083e-09,3,0.0,0.268553029133147,0.1198501872659176,0.013215859030837,0,1,0,27855.5,50.0625,,,,False,FRESH,1,HYST_BLOCK_TRENDDOWN_AGE_1_OF_2,False,True,False,False,False,False,False,False,False,False,False,False,False,False
2026-05-04 09:46:00,2026-05-04 09:45:00,2026-05-04 09:45:00,NQ,BALANCE_STRUCTURE,ROTATION_ILLIQUID,TrendUp,FIRST_ACCEPTANCE,ROTATION_ILLIQUID,ROTATION_ILLIQUID,NONE,62,20,COMPRESSED_BALANCE_LOW_EDGE,UNCHANGED,0,0.577,2,EARLY_AM,33.29,LONG,1.0,0.0,0.5642946317103621,0.0,1.0,0.0,0.9657377994992732,0.9314755989998356,0.1076677875692643,1,0.0,0.268553029133147,0.1198501872659176,0.013215859030837,0,1,0,27855.5,50.0625,,,,False,FRESH,1,HYST_PASSED_TRENDUP_MACRO_CONFIRM,True,True,False,False,False,False,False,False,False,False,False,False,False,False
2026-05-04 09:51:53,2026-05-04 09:50:00,2026-05-04 09:50:00,NQ,BALANCE_STRUCTURE,ROTATION_ILLIQUID,TrendDown,EARLY_CONTINUATION,ROTATION_ILLIQUID,ROTATION_ILLIQUID,NONE,62,40,COMPRESSED_BALANCE_LOW_EDGE,UNCHANGED,0,0.643,3,EARLY_AM,34.81,LONG,1.0,0.2890625,0.5904059040590406,0.0,1.0,0.0,0.5556258969288189,0.1112517938584392,0.4955267002594482,5,0.0,0.3583586422522167,0.3505535055350553,0.0329146816803811,0,1,0,27868.5,54.2,,,,False,FRESH,1,HYST_BLOCK_TRENDDOWN_AGE_1_OF_2,False,True,False,False,False,False,False,False,False,False,False,False,False,False
2026-05-04 09:56:23,2026-05-04 09:55:00,2026-05-04 09:50:00,NQ,BALANCE_STRUCTURE,ROTATION_ILLIQUID,TrendDown,EARLY_CONTINUATION,ROTATION_ILLIQUID,ROTATION_ILLIQUID,NONE,62,40,COMPRESSED_BALANCE_LOW_EDGE,UNCHANGED,0,0.295,3,EARLY_AM,45.96,LONG,1.0,1.0,0.3103448275862069,5.0,2.0,0.0,0.9869909658884326,0.9739819317787416,0.0500692510586138,5,0.0,0.3727009431394278,0.4344827586206896,0.0311111111111111,0,1,0,27870.5,48.333333333333336,,,,False,FRESH,2,HYST_PASSED_TRENDDOWN_AGE_2,True,True,False,False,False,False,False,False,False,False,False,False,False,False
2026-05-04 09:56:33,2026-05-04 09:55:00,2026-05-04 09:55:00,NQ,BALANCE_STRUCTURE,ROTATION_ILLIQUID,TrendUp,EARLY_CONTINUATION,ROTATION_ILLIQUID,ROTATION_ILLIQUID,NONE,62,40,COMPRESSED_BALANCE_LOW_EDGE,UNCHANGED,0,0.295,3,EARLY_AM,45.96,LONG,1.0,1.0,0.3103448275862069,5.0,2.0,0.0,0.8495677560933889,0.6991355121851269,0.3054604695176153,1,0.0,0.3727009431394278,0.4344827586206896,0.0311111111111111,0,1,0,27870.5,48.333333333333336,,,,False,FRESH,1,HYST_PASSED_TRENDUP_MACRO_CONFIRM,True,True,False,False,False,False,False,False,False,False,False,False,False,False
2026-05-04 10:00:53,2026-05-04 10:00:00,2026-05-04 09:55:00,NQ,BALANCE_STRUCTURE,ROTATION_ILLIQUID,TrendUp,PRE_DECISION,TREND_COMPRESSION,TREND_COMPRESSION,LONG,64,20,DEVELOPING_INITIATIVE_PHASE_AWARE,LOCKED_IMMEDIATE,0,0.544,3,EARLY_AM,58.82,LONG,1.0,1.0,0.5604075691411936,10.0,3.0,0.0,0.9194085471179346,0.8388170942359354,0.2021298951196525,1,0.0,0.8415165945146075,0.9475982532751092,0.0597686375321336,0,1,0,27896.0,49.07142857142857,,,,False,FRESH,2,HYST_PASSED_TRENDUP_MACRO_CONFIRM,True,True,True,False,True,False,False,False,True,False,True,False,True,False
2026-05-04 10:01:03,2026-05-04 10:00:00,2026-05-04 10:00:00,NQ,BALANCE_STRUCTURE,ROTATION_ILLIQUID,TrendUp,PRE_DECISION,TREND_COMPRESSION,TREND_COMPRESSION,LONG,64,20,DEVELOPING_INITIATIVE_PHASE_AWARE,UNCHANGED,0,0.544,3,EARLY_AM,58.82,LONG,1.0,1.0,0.5604075691411936,10.0,3.0,0.0,0.9996913908774272,0.9993827817544224,0.0020220693237806,2,0.0,0.8415165945146075,0.9475982532751092,0.0597686375321336,0,1,0,27896.0,49.07142857142857,,,,False,FRESH,3,HYST_PASSED_TRENDUP_MACRO_CONFIRM,True,True,True,False,True,False,False,False,True,False,True,False,True,False
2026-05-04 10:06:54,2026-05-04 10:05:00,2026-05-04 10:05:00,NQ,BALANCE_STRUCTURE,ROTATION_ILLIQUID,TrendUp,END_FIRST_WINDOW,ROTATION_ILLIQUID,TREND_COMPRESSION,LONG,62,20,COMPRESSED_BALANCE_LOW_EDGE,PENDING_ROTATION_ILLIQUID_1_OF_2,1,0.01,2,EARLY_AM,22.9,LONG,0.0099009900990099,0.2366412213740458,0.0107744107744107,15.0,4.0,0.0,0.9997479199553228,0.9994958399076336,0.0016884754690694,3,0.0,0.2822287955193589,0.4632996632996633,0.0249058789458441,0,1,0,27871.0,46.40625,,,,False,FRESH,4,HYST_PASSED_TRENDUP_MACRO_CONFIRM,True,True,True,False,True,False,False,False,True,False,True,False,True,False
2026-05-04 10:11:24,2026-05-04 10:10:00,2026-05-04 10:05:00,NQ,BRACKET_MACRO,ROTATION_ILLIQUID,TrendUp,PRE_IB_MATURATION,TRANSITION,TRANSITION,NONE,50,30,NO_CLEAR_STAGE_C_ALIGNMENT,LOCKED_IMMEDIATE,0,-0.851,2,EARLY_AM,36.26,SHORT,1.0,0.1911764705882352,-0.8551319648093841,0.0,0.0,0.0,0.998725694141364,0.997451388285921,0.0070455403104396,3,0.0,-0.0745628756985117,0.1266862170087976,0.0060180541624874,0,1,0,27855.5,47.36111111111112,,,,False,FRESH,5,HYST_PASSED_NQ_TRENDUP_NO_MACRO_2BAR,True,True,False,False,False,False,False,False,False,False,False,False,False,False
2026-05-04 10:11:35,2026-05-04 10:10:00,2026-05-04 10:10:00,NQ,BRACKET_MACRO,ROTATION_ILLIQUID,TrendUp,PRE_IB_MATURATION,TRANSITION,TRANSITION,NONE,50,30,NO_CLEAR_STAGE_C_ALIGNMENT,UNCHANGED,0,-0.851,1,EARLY_AM,36.26,SHORT,1.0,0.1911764705882352,-0.8551319648093841,0.0,0.0,0.0,0.9998871546860328,0.9997743093738308,0.0008212870284538,4,0.0,-0.0745628756985117,0.1266862170087976,0.0060180541624874,0,1,0,27855.5,47.36111111111112,,,,False,FRESH,6,HYST_PASSED_NQ_TRENDUP_NO_MACRO_2BAR,True,True,False,False,False,False,False,False,False,False,False,False,False,False
2026-05-04 10:15:57,2026-05-04 10:15:00,2026-05-04 10:10:00,NQ,BRACKET_MACRO,ROTATION_ILLIQUID,TrendUp,PRE_IB_MATURATION,TRANSITION,TRANSITION,NONE,50,0,NO_CLEAR_STAGE_C_ALIGNMENT,UNCHANGED,0,0.459,1,EARLY_AM,17.97,LONG,0.4123222748815165,0.2154963680387409,0.4493801652892562,0.0,1.0,0.0,0.7004525057523963,0.4009050115038742,0.4403685280365812,4,0.0,0.6276477866260604,0.893595041322314,0.0393808331436376,0,1,0,27892.75,48.4,,,,False,FRESH,7,HYST_PASSED_NQ_TRENDUP_NO_MACRO_2BAR,True,True,False,False,False,False,False,False,False,False,False,False,False,False
2026-05-04 10:16:06,2026-05-04 10:15:00,2026-05-04 10:15:00,NQ,BRACKET_MACRO,ROTATION_ILLIQUID,TrendUp,PRE_IB_MATURATION,TRANSITION,TRANSITION,NONE,50,0,NO_CLEAR_STAGE_C_ALIGNMENT,UNCHANGED,0,0.459,0,EARLY_AM,17.97,LONG,0.4123222748815165,0.2154963680387409,0.4493801652892562,0.0,1.0,0.0,0.9989888379244282,0.9979776758484556,0.005759445417577,5,0.0,0.6276477866260604,0.893595041322314,0.0393808331436376,0,1,0,27892.75,48.4,,,,False,FRESH,8,HYST_PASSED_NQ_TRENDUP_NO_MACRO_2BAR,True,True,False,False,False,False,False,False,False,False,False,False,False,False
2026-05-04 10:17:26,2026-03-16 10:45:00,2026-03-16 10:45:00,NQ,BRACKET_MACRO,ROTATION_ILLIQUID,TrendUp,POST_IB_MACRO,TRANSITION,TRANSITION,NONE,50,100,MACRO_STALE_WRONG_SESSION_49D,UNCHANGED,0,0.0,0,POST_IB_AM,60.57,NONE,0.3888888888888889,0.5670995670995671,-0.2655601659751037,40.0,8.0,0.0,0.9990086264998844,0.9980172529982352,0.0056608732381443,1,0.0,1.1616296070901413,1.7640782454060462,0.0574606116774791,0,1,0,24779.0,26.359375,,,,True,MACRO_STALE_WRONG_SESSION_49D,1,HYST_BLOCK_STALE_MACRO_STALE_WRONG_SESSION_49D,False,True,False,False,False,False,False,False,False,False,False,False,False,False
2026-05-04 10:17:28,2026-05-04 10:15:00,2026-05-04 10:15:00,NQ,BRACKET_MACRO,ROTATION_ILLIQUID,TrendUp,PRE_IB_MATURATION,TRANSITION,TRANSITION,NONE,50,0,NO_CLEAR_STAGE_C_ALIGNMENT,UNCHANGED,0,0.0,0,EARLY_AM,17.78,LONG,0.4123222748815165,0.2154963680387409,0.444104134762634,0.0,1.0,0.0,0.9989888379244282,0.9979776758484556,0.005759445417577,5,0.0,0.6202787722858871,0.8831036242981113,0.0393808331436376,0,1,0,27892.75,48.975,,,,False,FRESH,1,HYST_BLOCK_NQ_TRENDUP_NO_MACRO_AGE_1,False,True,False,False,False,False,False,False,False,False,False,False,False,False
2026-05-04 10:21:59,2026-05-04 10:20:00,2026-05-04 10:20:00,NQ,BRACKET_MACRO,ROTATION_ILLIQUID,TrendUp,PRE_IB_MATURATION,TREND_COMPRESSION,TREND_COMPRESSION,LONG,65,0,DEVELOPING_INITIATIVE_PHASE_AWARE,LOCKED_IMMEDIATE,0,0.0,0,EARLY_AM,59.96,LONG,1.0,0.1147540983606557,1.0903790087463556,5.0,2.0,0.0,0.9983388652880656,0.9966777305737632,0.0088663990018896,6,0.0,0.8968526449805437,1.21865889212828,0.0479898968638181,0,1,1,27906.5,46.77272727272727,,,,False,FRESH,2,HYST_PASSED_NQ_TRENDUP_NO_MACRO_2BAR,True,True,True,False,True,False,False,False,True,False,True,False,True,False
2026-05-04 10:26:31,2026-05-04 10:25:00,2026-05-04 10:25:00,NQ,BRACKET_MACRO,ROTATION_ILLIQUID,TrendUp,NEAR_IB_CONDITION,TREND_COMPRESSION,TREND_COMPRESSION,LONG,66,0,MICRO_TREND_INSIDE_MACRO_STRUCTURE,UNCHANGED,0,0.043,0,EARLY_AM,27.16,LONG,0.0784313725490196,0.3035143769968051,0.0449648711943793,10.0,3.0,0.0,0.9998116116052076,0.9996232232112536,0.0013014399095664,7,0.0,0.6379166153167425,1.0173302107728337,0.0364405073485001,0,1,0,27894.75,44.47916666666666,,,,False,FRESH,3,HYST_PASSED_NQ_TRENDUP_NO_MACRO_2BAR,True,True,True,False,True,False,False,False,True,False,True,False,True,False
2026-05-04 10:28:00,2026-03-11 15:45:00,2026-03-11 15:45:00,NQ,MEAN_REVERSION_MACRO,ROTATION_ILLIQUID,TrendDown,LATE_DAY_CONVICTION,TRANSITION,TRANSITION,NONE,50,100,MACRO_STALE_WRONG_SESSION_54D,UNCHANGED,0,0.0,0,POWER_HOUR,56.0,SHORT,1.0,0.8982558139534884,-1.5169569202566453,30.0,4.0,50.0,0.9999997831692108,0.9999995663416524,2.5563605828882662e-06,18,0.0,-2.001988915148134,-0.0549954170485792,0.0004732794320646,1,1,0,24919.25,54.55,,,,True,MACRO_STALE_WRONG_SESSION_54D,1,HYST_BLOCK_STALE_MACRO_STALE_WRONG_SESSION_54D,False,True,False,False,False,False,False,False,False,False,False,False,False,False
2026-05-04 10:28:02,2026-05-04 10:25:00,2026-05-04 10:25:00,NQ,BRACKET_MACRO,ROTATION_ILLIQUID,TrendUp,NEAR_IB_CONDITION,TREND_COMPRESSION,TREND_COMPRESSION,LONG,66,0,MICRO_TREND_INSIDE_MACRO_STRUCTURE,LOCKED_IMMEDIATE,0,0.0,0,EARLY_AM,27.16,LONG,0.0784313725490196,0.3035143769968051,0.0449648711943793,10.0,3.0,0.0,0.9998424418817016,0.9996848837641772,0.0011087687474032,7,0.0,0.6379166153167425,1.0173302107728337,0.0364405073485001,0,1,0,27894.75,44.47916666666666,,,,False,FRESH,1,HYST_BLOCK_NQ_TRENDUP_NO_MACRO_AGE_1,False,True,False,False,False,False,False,False,False,False,False,False,False,False
2026-05-04 10:31:02,2026-05-04 10:30:00,2026-05-04 10:25:00,NQ,BRACKET_MACRO,ROTATION_ILLIQUID,TrendUp,NEAR_IB_CONDITION,ROTATION_ILLIQUID,TREND_COMPRESSION,LONG,62,20,COMPRESSED_BALANCE_LOW_EDGE,PENDING_ROTATION_ILLIQUID_1_OF_2,1,0.0,0,EARLY_AM,35.53,NONE,1.0,0.1826086956521739,-0.8074889867841409,0.0,0.0,0.0,0.9996581698691636,0.9993163397414452,0.002214526189753,7,0.0,0.0851254113499238,0.4982378854625551,0.0164243911648102,0,1,0,27871.25,43.65384615384615,,,,False,FRESH,2,HYST_PASSED_NQ_TRENDUP_NO_MACRO_2BAR,True,True,True,False,True,False,False,False,True,False,True,False,True,False
2026-05-04 10:31:12,2026-05-04 10:30:00,2026-05-04 10:30:00,NQ,BRACKET_MACRO,ROTATION_ILLIQUID,TrendUp,NEAR_IB_CONDITION,ROTATION_ILLIQUID,ROTATION_ILLIQUID,NONE,62,20,COMPRESSED_BALANCE_LOW_EDGE,LOCKED_AFTER_2_CONFIRMATIONS,0,0.0,0,EARLY_AM,35.53,NONE,1.0,0.1826086956521739,-0.8074889867841409,0.0,0.0,0.0,0.9994134216020064,0.9988268432073546,0.0035715762104443,8,0.0,0.0851254113499238,0.4982378854625551,0.0164243911648102,0,1,0,27871.25,43.65384615384615,,,,False,FRESH,3,HYST_PASSED_NQ_TRENDUP_NO_MACRO_2BAR,True,True,False,False,False,False,False,False,False,False,False,False,False,False
2026-05-04 10:32:33,2026-03-16 10:45:00,2026-03-16 10:45:00,NQ,BRACKET_MACRO,ROTATION_ILLIQUID,TrendUp,POST_IB_MACRO,TRANSITION,TRANSITION,NONE,50,100,MACRO_STALE_WRONG_SESSION_49D,UNCHANGED,0,0.0,0,POST_IB_AM,60.57,NONE,0.3888888888888889,0.5670995670995671,-0.2655601659751037,40.0,8.0,0.0,0.9990086264998844,0.998017252998228,0.0056608732381751,1,0.0,1.1616296070901413,1.7640782454060462,0.0574606116774791,0,1,0,24779.0,26.359375,,,,True,MACRO_STALE_WRONG_SESSION_49D,1,HYST_BLOCK_STALE_MACRO_STALE_WRONG_SESSION_49D,False,True,False,False,False,False,False,False,False,False,False,False,False,False
2026-05-04 10:32:34,2026-05-04 10:30:00,2026-05-04 10:30:00,NQ,BRACKET_MACRO,ROTATION_ILLIQUID,TrendUp,NEAR_IB_CONDITION,ROTATION_ILLIQUID,TRANSITION,NONE,62,20,COMPRESSED_BALANCE_LOW_EDGE,PENDING_ROTATION_ILLIQUID_1_OF_2,1,0.0,0,EARLY_AM,35.44,NONE,1.0,0.1826086956521739,-0.8028909329829172,0.0,0.0,0.0,0.9994134216020064,0.9988268432073546,0.0035715762104443,8,0.0,0.0846406849602834,0.495400788436268,0.0164243911648102,0,1,0,27871.25,43.90384615384615,,,,False,FRESH,1,HYST_BLOCK_NQ_TRENDUP_NO_MACRO_AGE_1,False,True,False,False,False,False,False,False,False,False,False,False,False,False
2026-05-04 10:35:33,2026-05-04 10:35:00,2026-05-04 10:30:00,NQ,BRACKET_MACRO,ROTATION_ILLIQUID,TrendUp,POST_IB_MACRO,TRANSITION,TRANSITION,NONE,50,0,NO_CLEAR_STAGE_C_ALIGNMENT,UNCHANGED,0,0.0,0,POST_IB_AM,0.55,NONE,0.0930232558139534,0.0291970802919708,-0.0942364324779133,0.0,1.0,0.0,0.9997695984167968,0.9995391968319504,0.0015582163505773,8,0.0,0.519483737374812,0.9718132099284812,0.0293124888967845,0,1,0,27890.75,42.44642857142857,,,,False,FRESH,2,HYST_PASSED_NQ_TRENDUP_NO_MACRO_2BAR,True,True,False,False,False,False,False,False,False,False,False,False,False,False
2026-05-04 10:35:42,2026-05-04 10:35:00,2026-05-04 10:35:00,NQ,BRACKET_MACRO,ROTATION_ILLIQUID,TrendUp,POST_IB_MACRO,TRANSITION,TRANSITION,NONE,50,0,NO_CLEAR_STAGE_C_ALIGNMENT,UNCHANGED,0,0.0,0,POST_IB_AM,0.55,NONE,0.0930232558139534,0.0291970802919708,-0.0942364324779133,0.0,1.0,0.0,0.9998291526867824,0.99965830537344,0.0011923072323973,9,0.0,0.519483737374812,0.9718132099284812,0.0293124888967845,0,1,0,27890.75,42.44642857142857,,,,False,FRESH,3,HYST_PASSED_NQ_TRENDUP_NO_MACRO_2BAR,True,True,False,False,False,False,False,False,False,False,False,False,False,False
2026-05-04 10:46:09,2026-05-04 10:45:00,2026-05-04 10:40:00,NQ,BRACKET_MACRO,ROTATION_ILLIQUID,TrendUp,POST_IB_MACRO,TREND_COMPRESSION,TREND_COMPRESSION,LONG,71,10,DEVELOPING_INITIATIVE_PHASE_AWARE,LOCKED_IMMEDIATE,0,1.309,0,POST_IB_AM,70.48,LONG,1.0,0.2209944751381215,1.3716058960434443,10.0,2.0,0.0,0.9995873221367588,0.9991746442749082,0.00261742866311,10,0.1261904761904762,1.3387034279752206,1.9115593483320403,0.0506412364353831,0,1,1,27926.5,40.28125,,,,False,FRESH,4,HYST_PASSED_NQ_TRENDUP_NO_MACRO_2BAR,True,True,True,False,True,False,False,False,True,False,True,False,True,False
2026-05-04 10:46:19,2026-05-04 10:45:00,2026-05-04 10:45:00,NQ,BRACKET_MACRO,ROTATION_ILLIQUID,TrendUp,POST_IB_MACRO,TREND_COMPRESSION,TREND_COMPRESSION,LONG,71,10,DEVELOPING_INITIATIVE_PHASE_AWARE,UNCHANGED,0,1.309,0,POST_IB_AM,70.48,LONG,1.0,0.2209944751381215,1.3716058960434443,10.0,2.0,0.0,0.9995121400211258,0.9990242800411572,0.003035364369906,11,0.1261904761904762,1.3387034279752206,1.9115593483320403,0.0506412364353831,0,1,1,27926.5,40.28125,,,,False,FRESH,5,HYST_PASSED_NQ_TRENDUP_NO_MACRO_2BAR,True,True,True,False,True,False,False,False,True,False,True,False,True,False
2026-05-04 10:56:48,2026-05-04 10:55:00,2026-05-04 10:55:00,NQ,BRACKET_MACRO,ROTATION_ILLIQUID,TrendUp,POST_IB_MACRO,TREND_COMPRESSION,TREND_COMPRESSION,LONG,78,10,DEVELOPING_INITIATIVE_PHASE_AWARE,UNCHANGED,0,0.935,0,POST_IB_AM,81.42,LONG,1.0,0.4179566563467492,0.9840695148443156,20.0,3.0,0.0,0.9995528322700856,0.9991056645386794,0.0028102856895392,13,0.1452380952380952,1.3351914305922938,2.0593772628530047,0.0485556238475722,0,1,1,27928.5,38.36111111111112,,,,False,FRESH,6,HYST_PASSED_NQ_TRENDUP_NO_MACRO_2BAR,True,True,True,False,True,False,False,False,True,False,True,False,True,False
2026-05-04 11:05:58,2026-05-04 11:05:00,2026-05-04 11:00:00,NQ,BRACKET_MACRO,ROTATION_ILLIQUID,TrendDown,MID_MORNING_DISCOVERY,TRANSITION,TRANSITION,NONE,50,30,NO_CLEAR_STAGE_C_ALIGNMENT,LOCKED_IMMEDIATE,0,-0.908,1,POST_IB_AM,58.12,NONE,0.9,0.2020997375328084,-0.8944099378881988,30.0,4.0,0.0,0.8193262051415957,0.6386524102816543,0.340774420468322,2,0.0,0.2591768682873605,1.0186335403726707,0.0219603642206748,0,1,0,27890.5,40.25,,,,False,FRESH,1,HYST_BLOCK_TRENDDOWN_AGE_1_OF_2,False,True,False,False,False,False,False,False,False,False,False,False,False,False
2026-05-04 11:06:07,2026-05-04 11:05:00,2026-05-04 11:05:00,NQ,BRACKET_MACRO,ROTATION_ILLIQUID,TrendUp,MID_MORNING_DISCOVERY,TRANSITION,TRANSITION,NONE,50,30,NO_CLEAR_STAGE_C_ALIGNMENT,UNCHANGED,0,-0.908,2,POST_IB_AM,58.12,NONE,0.9,0.2020997375328084,-0.8944099378881988,30.0,4.0,0.0,0.8039091075659559,0.6078182151284347,0.3570203228825889,15,0.0,0.2591768682873605,1.0186335403726707,0.0219603642206748,0,1,0,27890.5,40.25,,,,False,FRESH,1,HYST_BLOCK_NQ_TRENDUP_NO_MACRO_AGE_1,False,True,False,False,False,False,False,False,False,False,False,False,False,False
2026-05-04 11:10:34,2026-03-16 10:45:00,2026-03-16 10:45:00,NQ,BRACKET_MACRO,ROTATION_ILLIQUID,TrendUp,POST_IB_MACRO,TRANSITION,TRANSITION,NONE,50,100,MACRO_STALE_WRONG_SESSION_49D,UNCHANGED,0,0.0,0,POST_IB_AM,60.57,NONE,0.3888888888888889,0.5670995670995671,-0.2655601659751037,40.0,8.0,0.0,0.9990086264998844,0.998017252998228,0.0056608732381751,1,0.0,1.1616296070901413,1.7640782454060462,0.0574606116774791,0,1,0,24779.0,26.359375,,,,True,MACRO_STALE_WRONG_SESSION_49D,1,HYST_BLOCK_STALE_MACRO_STALE_WRONG_SESSION_49D,False,True,False,False,False,False,False,False,False,False,False,False,False,False
2026-05-04 11:10:35,2026-05-04 11:05:00,2026-05-04 11:05:00,NQ,BRACKET_MACRO,ROTATION_ILLIQUID,TrendUp,MID_MORNING_DISCOVERY,ROTATION_ILLIQUID,TRANSITION,NONE,62,20,COMPRESSED_BALANCE_LOW_EDGE,PENDING_ROTATION_ILLIQUID_1_OF_2,1,0.0,0,POST_IB_AM,57.81,NONE,0.9,0.2020997375328084,-0.8799266727772685,30.0,4.0,0.0,0.7710719085670844,0.5421438171305706,0.3880690205587972,15,0.0,0.2549799926322337,1.0021387106630002,0.0219603642206748,0,1,0,27890.5,40.9125,,,,False,FRESH,1,HYST_BLOCK_NQ_TRENDUP_NO_MACRO_AGE_1,False,True,False,False,False,False,False,False,False,False,False,False,False,False
2026-05-04 11:13:38,2026-03-16 10:45:00,2026-03-16 10:45:00,NQ,BRACKET_MACRO,ROTATION_ILLIQUID,TrendUp,POST_IB_MACRO,TRANSITION,TRANSITION,NONE,50,100,MACRO_STALE_WRONG_SESSION_49D,UNCHANGED,0,0.0,0,POST_IB_AM,60.57,NONE,0.3888888888888889,0.5670995670995671,-0.2655601659751037,40.0,8.0,0.0,0.9990086264998844,0.9980172529982352,0.0056608732381443,1,0.0,1.1616296070901413,1.7640782454060462,0.0574606116774791,0,1,0,24779.0,26.359375,,,,True,MACRO_STALE_WRONG_SESSION_49D,1,HYST_BLOCK_STALE_MACRO_STALE_WRONG_SESSION_49D,False,True,False,False,False,False,False,False,False,False,False,False,False,False
2026-05-04 11:13:39,2026-05-04 11:05:00,2026-05-04 11:05:00,NQ,BRACKET_MACRO,ROTATION_ILLIQUID,TrendUp,MID_MORNING_DISCOVERY,ROTATION_ILLIQUID,TRANSITION,NONE,62,20,COMPRESSED_BALANCE_LOW_EDGE,PENDING_ROTATION_ILLIQUID_1_OF_2,1,0.0,0,POST_IB_AM,57.81,NONE,0.9,0.2020997375328084,-0.8799266727772685,30.0,4.0,0.0,0.9666505676225752,0.9333011352486366,0.105460251677721,15,0.0,0.2549799926322337,1.0021387106630002,0.0219603642206748,0,1,0,27890.5,40.9125,,,,False,FRESH,1,HYST_BLOCK_NQ_TRENDUP_NO_MACRO_AGE_1,False,True,False,False,False,False,False,False,False,False,False,False,False,False
2026-05-04 11:16:42,2026-05-04 11:15:00,2026-05-04 11:15:00,NQ,MEAN_REVERSION_MACRO,ROTATION_ILLIQUID,TrendUp,MID_MORNING_DISCOVERY,TRANSITION,TRANSITION,NONE,52,50,HMM_TRANSITION_OR_RETURN_TO_OPEN,UNCHANGED,0,0.0,0,POST_IB_AM,27.5,SHORT,1.0,0.3243847874720358,-1.8974358974358971,0.0,1.0,0.0,0.9980543605225672,0.9961087210445289,0.0101628829444751,17,0.0,-0.6425572957917981,0.1282051282051282,0.0024509803921568,1,1,0,27854.5,39.0,,,,False,FRESH,2,HYST_PASSED_NQ_TRENDUP_NO_MACRO_2BAR,True,True,False,False,False,False,False,False,False,False,False,False,False,False
2026-05-04 11:25:57,2026-05-04 11:25:00,2026-05-04 11:20:00,NQ,BRACKET_MACRO,TREND_COMPRESSION,TrendDown,MID_MORNING_DISCOVERY,TREND_EXPANSION,TREND_EXPANSION,SHORT,82,10,DEVELOPING_INITIATIVE_PHASE_AWARE,LOCKED_IMMEDIATE,0,-4.083,1,POST_IB_AM,78.22,SHORT,1.0,0.980440097799511,-4.017094017094017,10.0,2.0,0.0,1.0,1.0,1.5120356563994409e-30,2,0.7833333333333333,-3.3529727957732387,-3.015873015873016,0.0521647307286166,0,1,1,27726.0,40.95,,,,False,FRESH,1,HYST_BLOCK_TRENDDOWN_AGE_1_OF_2,False,True,False,False,False,False,False,False,False,False,False,False,False,False
2026-05-04 11:26:06,2026-05-04 11:25:00,2026-05-04 11:25:00,NQ,BRACKET_MACRO,TREND_COMPRESSION,TrendDown,MID_MORNING_DISCOVERY,TREND_EXPANSION,TREND_EXPANSION,SHORT,82,10,DEVELOPING_INITIATIVE_PHASE_AWARE,UNCHANGED,0,-4.083,1,POST_IB_AM,78.22,SHORT,1.0,0.980440097799511,-4.017094017094017,10.0,2.0,0.0,0.9999999999636202,0.9999999999244144,7.039178173427822e-10,3,0.7833333333333333,-3.3529727957732387,-3.015873015873016,0.0521647307286166,0,1,1,27726.0,40.95,,,,False,FRESH,2,HYST_PASSED_TRENDDOWN_AGE_2,True,True,True,True,True,False,False,True,False,False,False,True,False,True
2026-05-04 11:32:06,2026-04-27 11:05:00,2026-04-27 11:05:00,NQ,BRACKET_MACRO,ROTATION_ILLIQUID,TrendUp,MID_MORNING_DISCOVERY,TRANSITION,TRANSITION,NONE,50,100,MACRO_STALE_WRONG_SESSION_7D,UNCHANGED,0,0.0,0,POST_IB_AM,0.0,NONE,0.0,0.0,0.0,0.0,0.0,0.0,0.99993148899788,0.9998629779991718,0.0005232853141934,12,0.0,-0.6331706827849902,-1.353546291283162,0.0083197444174514,0,1,0,27340.0,46.175,,,,True,MACRO_STALE_WRONG_SESSION_7D,1,HYST_BLOCK_STALE_MACRO_STALE_WRONG_SESSION_7D,False,True,False,False,False,False,False,False,False,False,False,False,False,False
2026-05-04 11:32:07,2026-05-04 11:25:00,2026-05-04 11:25:00,NQ,BRACKET_MACRO,TREND_COMPRESSION,TrendDown,MID_MORNING_DISCOVERY,TREND_COMPRESSION,TREND_COMPRESSION,SHORT,76,0,DEVELOPING_INITIATIVE_PHASE_AWARE,LOCKED_IMMEDIATE,0,0.0,0,POST_IB_AM,78.22,SHORT,1.0,0.980440097799511,-3.799076212471132,10.0,2.0,0.0,1.0,0.9999999999992696,1.4556761273585678e-11,3,0.7833333333333333,-3.17099852163774,-2.8521939953810627,0.0521647307286166,0,1,1,27726.0,43.3,,,,False,FRESH,1,HYST_BLOCK_TRENDDOWN_AGE_1_OF_2,False,True,False,False,False,False,False,False,False,False,False,False,False,False
2026-05-04 11:36:41,2026-05-04 11:35:00,2026-05-04 11:35:00,NQ,BRACKET_MACRO,ROTATION_LIQUID,TrendUp,MID_MORNING_DISCOVERY,TREND_COMPRESSION,TREND_COMPRESSION,SHORT,76,20,DEVELOPING_INITIATIVE_PHASE_AWARE,UNCHANGED,0,0.0,1,POST_IB_AM,78.2,SHORT,0.6240126382306477,0.7438105489773951,-2.2141255605381165,20.0,3.0,0.0,0.8934051323265351,0.7868102646557303,0.2447794162664406,1,0.5,-2.187597897204286,-2.1020179372197307,0.0354107648725212,0,1,1,27755.75,44.6,,,,False,FRESH,1,HYST_BLOCK_NQ_TRENDUP_NO_MACRO_AGE_1,False,True,False,False,False,False,False,False,False,False,False,False,False,False
2026-05-04 11:39:45,2026-03-16 10:45:00,2026-03-16 10:45:00,NQ,BRACKET_MACRO,ROTATION_ILLIQUID,TrendUp,POST_IB_MACRO,TRANSITION,TRANSITION,NONE,50,100,MACRO_STALE_WRONG_SESSION_49D,UNCHANGED,0,0.0,0,POST_IB_AM,60.57,NONE,0.3888888888888889,0.5670995670995671,-0.2655601659751037,40.0,8.0,0.0,0.9990086264998844,0.998017252998228,0.0056608732381751,1,0.0,1.1616296070901413,1.7640782454060462,0.0574606116774791,0,1,0,24779.0,26.359375,,,,True,MACRO_STALE_WRONG_SESSION_49D,1,HYST_BLOCK_STALE_MACRO_STALE_WRONG_SESSION_49D,False,True,False,False,False,False,False,False,False,False,False,False,False,False
2026-05-04 11:39:46,2026-05-04 11:35:00,2026-05-04 11:35:00,NQ,BRACKET_MACRO,ROTATION_LIQUID,TrendUp,MID_MORNING_DISCOVERY,TREND_COMPRESSION,TREND_COMPRESSION,SHORT,76,20,DEVELOPING_INITIATIVE_PHASE_AWARE,LOCKED_IMMEDIATE,0,0.0,0,POST_IB_AM,78.2,SHORT,0.6240126382306477,0.7438105489773951,-2.192617263391618,20.0,3.0,0.0,0.8997689401450121,0.7995378802910275,0.2348638041912781,1,0.5,-2.16634729315151,-2.0815986677768525,0.0354107648725212,0,1,1,27755.75,45.0375,,,,False,FRESH,1,HYST_BLOCK_NQ_TRENDUP_NO_MACRO_AGE_1,False,True,False,False,False,False,False,False,False,False,False,False,False,False
2026-05-04 11:45:51,2026-05-04 11:45:00,2026-05-04 11:40:00,NQ,BRACKET_MACRO,ROTATION_ILLIQUID,TrendUp,MID_MORNING_DISCOVERY,TRANSITION,TRANSITION,NONE,50,20,NO_CLEAR_STAGE_C_ALIGNMENT,LOCKED_IMMEDIATE,0,0.0,0,POST_IB_AM,85.1,NONE,1.0,0.6347826086956522,0.8034982235583493,30.0,4.0,0.0,0.995515997399907,0.991031994802552,0.0207171072744697,2,0.4333333333333333,-1.7743152192062717,-1.8966930855424984,0.0294142578621683,0,1,1,27762.75,45.7375,,,,False,FRESH,2,HYST_PASSED_NQ_TRENDUP_NO_MACRO_2BAR,True,True,False,False,False,False,False,False,False,False,False,False,False,False
2026-05-04 11:46:02,2026-05-04 11:45:00,2026-05-04 11:45:00,NQ,BRACKET_MACRO,ROTATION_ILLIQUID,TrendUp,MID_MORNING_DISCOVERY,TRANSITION,TRANSITION,NONE,50,20,NO_CLEAR_STAGE_C_ALIGNMENT,UNCHANGED,0,0.0,0,POST_IB_AM,85.1,NONE,1.0,0.6347826086956522,0.8034982235583493,30.0,4.0,0.0,0.999088465013938,0.9981769300267236,0.005260218492619,3,0.4333333333333333,-1.7743152192062717,-1.8966930855424984,0.0294142578621683,0,1,1,27762.75,45.7375,,,,False,FRESH,3,HYST_PASSED_NQ_TRENDUP_NO_MACRO_2BAR,True,True,False,False,False,False,False,False,False,False,False,False,False,False
2026-05-04 11:56:33,2026-05-04 11:55:00,2026-05-04 11:55:00,NQ,BRACKET_MACRO,ROTATION_LIQUID,TrendUp,MID_MORNING_DISCOVERY,ROTATION_LIQUID,ROTATION_LIQUID,BOTH,64,20,BALANCED_TRADEABLE_RANGE,LOCKED_IMMEDIATE,0,0.022,0,POST_IB_AM,72.89,NONE,0.0769230769230769,0.5708029197080292,0.0216743429964779,40.0,5.0,0.0,0.9991728473944586,0.9983456947867688,0.0048312565496057,5,0.4904761904761904,-1.738178817199628,-2.010295312923327,0.0289278752436647,0,1,1,27756.75,46.1375,,,,False,FRESH,4,HYST_PASSED_NQ_TRENDUP_NO_MACRO_2BAR,True,True,False,False,True,False,True,False,False,True,True,True,False,False
2026-05-04 12:01:07,2026-04-27 11:05:00,2026-04-27 11:05:00,NQ,BRACKET_MACRO,ROTATION_ILLIQUID,TrendUp,MID_MORNING_DISCOVERY,TRANSITION,TRANSITION,NONE,50,100,MACRO_STALE_WRONG_SESSION_7D,UNCHANGED,0,0.0,0,POST_IB_AM,0.0,NONE,0.0,0.0,0.0,0.0,0.0,0.0,0.99993148899788,0.9998629779991718,0.0005232853141934,12,0.0,-0.6331706827849902,-1.353546291283162,0.0083197444174514,0,1,0,27340.0,46.175,,,,True,MACRO_STALE_WRONG_SESSION_7D,1,HYST_BLOCK_STALE_MACRO_STALE_WRONG_SESSION_7D,False,True,False,False,False,False,False,False,False,False,False,False,False,False
2026-05-04 12:01:09,2026-05-04 11:55:00,2026-05-04 11:55:00,NQ,BRACKET_MACRO,ROTATION_LIQUID,TrendUp,MID_MORNING_DISCOVERY,ROTATION_LIQUID,ROTATION_LIQUID,BOTH,64,20,BALANCED_TRADEABLE_RANGE,LOCKED_IMMEDIATE,0,0.0,0,POST_IB_AM,72.89,NONE,0.0769230769230769,0.5708029197080292,0.0213960952126236,40.0,5.0,0.0,0.9997499289102186,0.9994998578203382,0.0016764626746067,5,0.4904761904761904,-1.715864673518007,-1.984487830970848,0.0289278752436647,0,1,1,27756.75,46.7375,,,,False,FRESH,1,HYST_BLOCK_NQ_TRENDUP_NO_MACRO_AGE_1,False,True,False,False,False,False,False,False,False,False,False,False,False,False
2026-05-04 12:05:42,2026-05-04 12:05:00,2026-05-04 12:00:00,NQ,BRACKET_MACRO,TREND_COMPRESSION,TrendUp,LUNCH_AUCTION,TRANSITION,TRANSITION,NONE,50,35,NO_CLEAR_STAGE_C_ALIGNMENT,LOCKED_IMMEDIATE,0,0.0,0,LUNCH,78.28,SHORT,1.0,0.0841121495327102,-0.90625,50.0,6.0,0.0,0.9612485142294376,0.9224970284588,0.1182691097858637,6,0.8476190476190476,-2.3525939787033017,-2.7135416666666665,0.0379709933678303,0,1,1,27719.25,48.0,,,,False,FRESH,2,HYST_PASSED_NQ_TRENDUP_NO_MACRO_2BAR,True,True,False,False,False,False,False,False,False,False,False,False,False,False
2026-05-04 12:05:52,2026-05-04 12:05:00,2026-05-04 12:05:00,NQ,BRACKET_MACRO,TREND_COMPRESSION,TrendUp,LUNCH_AUCTION,TRANSITION,TRANSITION,NONE,50,35,NO_CLEAR_STAGE_C_ALIGNMENT,UNCHANGED,0,0.0,0,LUNCH,78.28,SHORT,1.0,0.0841121495327102,-0.90625,50.0,6.0,0.0,0.9943371140639018,0.988674228125737,0.025207909806802,7,0.8476190476190476,-2.3525939787033017,-2.7135416666666665,0.0379709933678303,0,1,1,27719.25,48.0,,,,False,FRESH,3,HYST_PASSED_NQ_TRENDUP_NO_MACRO_2BAR,True,True,False,False,False,False,False,False,False,False,False,False,False,False
2026-05-04 12:07:14,2026-03-16 10:45:00,2026-03-16 10:45:00,NQ,BRACKET_MACRO,ROTATION_ILLIQUID,TrendUp,POST_IB_MACRO,TRANSITION,TRANSITION,NONE,50,100,MACRO_STALE_WRONG_SESSION_49D,UNCHANGED,0,0.0,0,POST_IB_AM,60.57,NONE,0.3888888888888889,0.5670995670995671,-0.2655601659751037,40.0,8.0,0.0,0.9990086264998844,0.9980172529982352,0.0056608732381443,1,0.0,1.1616296070901413,1.7640782454060462,0.0574606116774791,0,1,0,24779.0,26.359375,,,,True,MACRO_STALE_WRONG_SESSION_49D,1,HYST_BLOCK_STALE_MACRO_STALE_WRONG_SESSION_49D,False,True,False,False,False,False,False,False,False,False,False,False,False,False
2026-05-04 12:07:15,2026-05-04 12:05:00,2026-05-04 12:05:00,NQ,BRACKET_MACRO,TREND_COMPRESSION,TrendUp,LUNCH_AUCTION,TRANSITION,TRANSITION,NONE,50,35,NO_CLEAR_STAGE_C_ALIGNMENT,UNCHANGED,0,0.0,0,LUNCH,77.97,SHORT,1.0,0.0841121495327102,-0.8888888888888888,50.0,6.0,0.0,0.9943371140639018,0.988674228125737,0.025207909806802,7,0.8476190476190476,-2.307525128536572,-2.661558109833972,0.0379709933678303,0,1,1,27719.25,48.9375,,,,False,FRESH,1,HYST_BLOCK_NQ_TRENDUP_NO_MACRO_AGE_1,False,True,False,False,False,False,False,False,False,False,False,False,False,False
2026-05-04 12:10:18,2026-04-27 11:05:00,2026-04-27 11:05:00,NQ,BRACKET_MACRO,ROTATION_ILLIQUID,TrendUp,MID_MORNING_DISCOVERY,TRANSITION,TRANSITION,NONE,50,100,MACRO_STALE_WRONG_SESSION_7D,UNCHANGED,0,0.0,0,POST_IB_AM,0.0,NONE,0.0,0.0,0.0,0.0,0.0,0.0,0.99993148899788,0.9998629779991718,0.0005232853141934,12,0.0,-0.6331706827849902,-1.353546291283162,0.0083197444174514,0,1,0,27340.0,46.175,,,,True,MACRO_STALE_WRONG_SESSION_7D,1,HYST_BLOCK_STALE_MACRO_STALE_WRONG_SESSION_7D,False,True,False,False,False,False,False,False,False,False,False,False,False,False
2026-05-04 12:10:19,2026-05-04 12:05:00,2026-05-04 12:05:00,NQ,BRACKET_MACRO,TREND_COMPRESSION,TrendDown,LUNCH_AUCTION,TREND_COMPRESSION,TREND_COMPRESSION,SHORT,66,15,MICRO_TREND_INSIDE_MACRO_STRUCTURE,LOCKED_IMMEDIATE,0,0.0,0,LUNCH,76.78,SHORT,1.0,0.0841121495327102,-0.8228895720028376,50.0,6.0,0.0,0.9999987957278764,0.9999975914565888,1.2708737110913518e-05,1,0.8476190476190476,-2.136193161083159,-2.463939465594704,0.0379709933678303,0,1,1,27719.25,52.8625,,,,False,FRESH,1,HYST_BLOCK_TRENDDOWN_AGE_1_OF_2,False,True,False,False,False,False,False,False,False,False,False,False,False,False
2026-05-04 12:16:26,2026-05-04 12:15:00,2026-05-04 12:10:00,NQ,BRACKET_MACRO,TREND_EXPANSION,TrendDown,LUNCH_AUCTION,TREND_COMPRESSION,TREND_COMPRESSION,SHORT,66,15,MICRO_TREND_INSIDE_MACRO_STRUCTURE,UNCHANGED,0,0.0,0,LUNCH,80.0,SHORT,1.0,0.8763796909492274,-1.883513386566463,60.0,7.0,0.0,0.9999993830353644,0.999998766072904,6.808493438727732e-06,2,1.4452380952380952,-3.0404581734952982,-3.6261155472052606,0.0512548134377904,0,1,1,27656.5,53.225,,,,False,FRESH,2,HYST_PASSED_TRENDDOWN_AGE_2,True,True,False,False,True,False,False,False,True,False,False,True,False,False
2026-05-04 12:16:35,2026-05-04 12:15:00,2026-05-04 12:15:00,NQ,BRACKET_MACRO,TREND_EXPANSION,TrendDown,LUNCH_AUCTION,TREND_COMPRESSION,TREND_COMPRESSION,SHORT,66,15,MICRO_TREND_INSIDE_MACRO_STRUCTURE,UNCHANGED,0,0.0,0,LUNCH,80.0,SHORT,1.0,0.8763796909492274,-1.883513386566463,60.0,7.0,0.0,0.8404834759975933,0.6809669519980203,0.3165758354947103,3,1.4452380952380952,-3.0404581734952982,-3.6261155472052606,0.0512548134377904,0,1,1,27656.5,53.225,,,,False,FRESH,3,HYST_PASSED_TRENDDOWN_AGE_3,True,True,False,False,True,False,False,False,True,False,False,True,False,False
2026-05-04 12:25:37,2026-05-04 12:25:00,2026-05-04 12:20:00,NQ,BRACKET_MACRO,TREND_COMPRESSION,TrendDown,LUNCH_AUCTION,TREND_COMPRESSION,TREND_COMPRESSION,SHORT,66,15,MICRO_TREND_INSIDE_MACRO_STRUCTURE,UNCHANGED,0,0.115,0,LUNCH,49.52,NONE,0.0474383301707779,0.2125534950071326,0.1106684373616644,70.0,8.0,0.0,0.9997713978282649,0.9995427956566352,0.001547339907537,4,0.7880952380952381,-1.4968847735469328,-2.195661797255423,0.0306873723937387,0,1,1,27725.5,56.475,,,,False,FRESH,4,HYST_PASSED_TRENDDOWN_AGE_4,True,True,False,False,True,False,False,False,True,False,False,True,False,False
2026-05-04 12:25:46,2026-05-04 12:25:00,2026-05-04 12:25:00,NQ,BRACKET_MACRO,TREND_COMPRESSION,TrendDown,LUNCH_AUCTION,TREND_COMPRESSION,TREND_COMPRESSION,SHORT,66,15,MICRO_TREND_INSIDE_MACRO_STRUCTURE,UNCHANGED,0,0.115,0,LUNCH,49.52,NONE,0.0474383301707779,0.2125534950071326,0.1106684373616644,70.0,8.0,0.0,0.9869064661557786,0.9738129323132176,0.0503329203910073,5,0.7880952380952381,-1.4968847735469328,-2.195661797255423,0.0306873723937387,0,1,1,27725.5,56.475,,,,False,FRESH,5,HYST_PASSED_TRENDDOWN_AGE_5,True,True,False,False,True,False,False,False,True,False,False,True,False,False
2026-05-04 12:30:13,2026-03-16 10:45:00,2026-03-16 10:45:00,NQ,BRACKET_MACRO,ROTATION_ILLIQUID,TrendUp,POST_IB_MACRO,TRANSITION,TRANSITION,NONE,50,100,MACRO_STALE_WRONG_SESSION_49D,UNCHANGED,0,0.0,0,POST_IB_AM,60.57,NONE,0.3888888888888889,0.5670995670995671,-0.2655601659751037,40.0,8.0,0.0,0.9990086264998844,0.9980172529982207,0.0056608732382059,1,0.0,1.1616296070901413,1.7640782454060462,0.0574606116774791,0,1,0,24779.0,26.359375,,,,True,MACRO_STALE_WRONG_SESSION_49D,1,HYST_BLOCK_STALE_MACRO_STALE_WRONG_SESSION_49D,False,True,False,False,False,False,False,False,False,False,False,False,False,False
2026-05-04 12:30:15,2026-05-04 12:25:00,2026-05-04 12:25:00,NQ,BRACKET_MACRO,TREND_COMPRESSION,TrendDown,LUNCH_AUCTION,TREND_COMPRESSION,TREND_COMPRESSION,SHORT,66,15,MICRO_TREND_INSIDE_MACRO_STRUCTURE,LOCKED_IMMEDIATE,0,0.0,0,LUNCH,49.25,NONE,0.0474383301707779,0.2125534950071326,0.1081548777849881,70.0,8.0,0.0,0.9142943036991472,0.8285886074013087,0.2109855915143614,5,0.7880952380952381,-1.4628867417012854,-2.145792775254164,0.0306873723937387,0,1,1,27725.5,57.7875,,,,False,FRESH,1,HYST_BLOCK_TRENDDOWN_AGE_1_OF_2,False,True,False,False,False,False,False,False,False,False,False,False,False,False
2026-05-04 12:36:26,2026-05-04 12:35:00,2026-05-04 12:30:00,NQ,BRACKET_MACRO,TREND_COMPRESSION,TrendUp,LUNCH_AUCTION,TRANSITION,TRANSITION,NONE,50,35,NO_CLEAR_STAGE_C_ALIGNMENT,LOCKED_IMMEDIATE,0,0.0,1,LUNCH,77.73,NONE,1.0,0.0956284153005464,1.4636303338492151,80.0,9.0,0.0,0.938001871474348,0.8760037429504336,0.1676631005295227,1,0.6571428571428571,-1.2012414046794957,-1.950033163829317,0.0261627906976744,0,1,1,27739.25,56.5375,,,,False,FRESH,1,HYST_BLOCK_NQ_TRENDUP_NO_MACRO_AGE_1,False,True,False,False,False,False,False,False,False,False,False,False,False,False
2026-05-04 12:36:35,2026-05-04 12:35:00,2026-05-04 12:35:00,NQ,BRACKET_MACRO,TREND_COMPRESSION,TrendUp,LUNCH_AUCTION,TRANSITION,TRANSITION,NONE,50,35,NO_CLEAR_STAGE_C_ALIGNMENT,UNCHANGED,0,0.0,1,LUNCH,77.73,NONE,1.0,0.0956284153005464,1.4636303338492151,80.0,9.0,0.0,0.999676814529936,0.9993536290626784,0.0021068156740559,2,0.6571428571428571,-1.2012414046794957,-1.950033163829317,0.0261627906976744,0,1,1,27739.25,56.5375,,,,False,FRESH,2,HYST_PASSED_NQ_TRENDUP_NO_MACRO_2BAR,True,True,False,False,False,False,False,False,False,False,False,False,False,False
2026-05-04 12:45:39,2026-05-04 12:45:00,2026-05-04 12:40:00,NQ,BRACKET_MACRO,TREND_EXPANSION,TrendUp,LUNCH_AUCTION,TRANSITION,TRANSITION,NONE,50,35,NO_CLEAR_STAGE_C_ALIGNMENT,UNCHANGED,0,-0.242,1,LUNCH,46.39,SHORT,0.3333333333333333,0.0433526011560693,-0.2440647881073885,90.0,10.0,0.0,0.9996397371229124,0.999279474247245,0.0023202906184961,3,0.919047619047619,-1.638475784793944,-2.4450854226758376,0.031225206845744,0,1,1,27711.75,56.3375,,,,False,FRESH,3,HYST_PASSED_NQ_TRENDUP_NO_MACRO_2BAR,True,True,False,False,False,False,False,False,False,False,False,False,False,False
2026-05-04 12:45:48,2026-05-04 12:45:00,2026-05-04 12:45:00,NQ,BRACKET_MACRO,TREND_EXPANSION,TrendUp,LUNCH_AUCTION,TRANSITION,TRANSITION,NONE,50,35,NO_CLEAR_STAGE_C_ALIGNMENT,UNCHANGED,0,-0.242,1,LUNCH,46.39,SHORT,0.3333333333333333,0.0433526011560693,-0.2440647881073885,90.0,10.0,0.0,0.9997070124965656,0.999414024992835,0.0019306934422722,4,0.919047619047619,-1.638475784793944,-2.4450854226758376,0.031225206845744,0,1,1,27711.75,56.3375,,,,False,FRESH,4,HYST_PASSED_NQ_TRENDUP_NO_MACRO_2BAR,True,True,False,False,False,False,False,False,False,False,False,False,False,False
2026-05-04 12:56:22,2026-05-04 12:55:00,2026-05-04 12:50:00,NQ,BRACKET_MACRO,TREND_EXPANSION,TrendUp,LUNCH_AUCTION,TRANSITION,TRANSITION,NONE,50,35,NO_CLEAR_STAGE_C_ALIGNMENT,UNCHANGED,0,-0.587,0,LUNCH,78.47,SHORT,1.0,0.4329004329004329,-0.5994051704415465,100.0,11.0,0.0,0.9997399154764108,0.999479830951804,0.0017362253537299,5,0.969047619047619,-1.740029021365151,-2.61725005719515,0.0313030153778799,0,1,1,27706.5,54.6375,,,,False,FRESH,5,HYST_PASSED_NQ_TRENDUP_NO_MACRO_2BAR,True,True,False,False,False,False,False,False,False,False,False,False,False,False
2026-05-04 12:56:32,2026-05-04 12:55:00,2026-05-04 12:55:00,NQ,BRACKET_MACRO,TREND_EXPANSION,TrendUp,LUNCH_AUCTION,TRANSITION,TRANSITION,NONE,50,35,NO_CLEAR_STAGE_C_ALIGNMENT,UNCHANGED,0,-0.587,0,LUNCH,78.47,SHORT,1.0,0.4329004329004329,-0.5994051704415465,100.0,11.0,0.0,0.9971738366475296,0.9943476732972136,0.014000239388694,6,0.969047619047619,-1.740029021365151,-2.61725005719515,0.0313030153778799,0,1,1,27706.5,54.6375,,,,False,FRESH,6,HYST_PASSED_NQ_TRENDUP_NO_MACRO_2BAR,True,True,False,False,False,False,False,False,False,False,False,False,False,False
2026-05-04 12:59:25,2026-04-27 11:05:00,2026-04-27 11:05:00,NQ,BRACKET_MACRO,ROTATION_ILLIQUID,TrendUp,MID_MORNING_DISCOVERY,TRANSITION,TRANSITION,NONE,50,100,MACRO_STALE_WRONG_SESSION_7D,UNCHANGED,0,0.0,0,POST_IB_AM,0.0,NONE,0.0,0.0,0.0,0.0,0.0,0.0,0.99993148899788,0.9998629779991718,0.0005232853141934,12,0.0,-0.6331706827849902,-1.353546291283162,0.0083197444174514,0,1,0,27340.0,46.175,,,,True,MACRO_STALE_WRONG_SESSION_7D,1,HYST_BLOCK_STALE_MACRO_STALE_WRONG_SESSION_7D,False,True,False,False,False,False,False,False,False,False,False,False,False,False
2026-05-04 12:59:26,2026-05-04 12:55:00,2026-05-04 12:55:00,NQ,BRACKET_MACRO,TREND_EXPANSION,TrendUp,LUNCH_AUCTION,TRANSITION,TRANSITION,NONE,50,35,NO_CLEAR_STAGE_C_ALIGNMENT,UNCHANGED,0,0.0,0,LUNCH,78.27,SHORT,1.0,0.4329004329004329,-0.5922242314647378,100.0,11.0,0.0,0.9971805251279984,0.9943610502577948,0.0139719318353419,6,0.969047619047619,-1.7191832848976212,-2.5858951175406872,0.0313030153778799,0,1,1,27706.5,55.3,,,,False,FRESH,1,HYST_BLOCK_NQ_TRENDUP_NO_MACRO_AGE_1,False,True,False,False,False,False,False,False,False,False,False,False,False,False
2026-05-04 13:05:32,2026-05-04 13:05:00,2026-05-04 13:00:00,NQ,BRACKET_MACRO,TREND_COMPRESSION,TrendUp,POST_LUNCH_ROTATION,TRANSITION,TRANSITION,NONE,50,35,NO_CLEAR_STAGE_C_ALIGNMENT,UNCHANGED,0,0.0,0,LUNCH,59.93,NONE,0.6956521739130435,0.1353135313531353,0.4963805584281282,110.0,12.0,0.0,0.9744949057837946,0.948989811569822,0.0856615283327217,7,0.6904761904761905,-1.3128158343384513,-2.352637021716649,0.0240638883012481,0,1,1,27735.75,48.35,,,,False,FRESH,2,HYST_PASSED_NQ_TRENDUP_NO_MACRO_2BAR,True,True,False,False,False,False,False,False,False,False,False,False,False,False
2026-05-04 13:05:42,2026-05-04 13:05:00,2026-05-04 13:05:00,NQ,BRACKET_MACRO,TREND_COMPRESSION,TrendUp,POST_LUNCH_ROTATION,TRANSITION,TRANSITION,NONE,50,35,NO_CLEAR_STAGE_C_ALIGNMENT,UNCHANGED,0,0.0,0,LUNCH,59.93,NONE,0.6956521739130435,0.1353135313531353,0.4963805584281282,110.0,12.0,0.0,0.994997002656133,0.9899940053150184,0.022718790302159,8,0.6904761904761905,-1.3128158343384513,-2.352637021716649,0.0240638883012481,0,1,1,27735.75,48.35,,,,False,FRESH,3,HYST_PASSED_NQ_TRENDUP_NO_MACRO_2BAR,True,True,False,False,False,False,False,False,False,False,False,False,False,False
2026-05-04 13:16:15,2026-05-04 13:15:00,2026-05-04 13:10:00,NQ,BRACKET_MACRO,TREND_COMPRESSION,TrendUp,POST_LUNCH_ROTATION,TRANSITION,TRANSITION,NONE,50,45,NO_CLEAR_STAGE_C_ALIGNMENT,UNCHANGED,0,0.742,0,LUNCH,74.0,NONE,1.0,0.0575539568345323,0.8175750834260289,120.0,13.0,0.0,0.996755179575898,0.9935103591512738,0.0157503542977703,9,0.6190476190476191,-1.2142401781330592,-2.363737486095661,0.021830696527635,0,1,1,27743.25,44.95,,,,False,FRESH,4,HYST_PASSED_NQ_TRENDUP_NO_MACRO_2BAR,True,True,False,False,False,False,False,False,False,False,False,False,False,False
2026-05-04 13:16:25,2026-05-04 13:15:00,2026-05-04 13:15:00,NQ,BRACKET_MACRO,TREND_COMPRESSION,TrendUp,POST_LUNCH_ROTATION,TRANSITION,TRANSITION,NONE,50,45,NO_CLEAR_STAGE_C_ALIGNMENT,UNCHANGED,0,0.742,0,LUNCH,74.0,NONE,1.0,0.0575539568345323,0.8175750834260289,120.0,13.0,0.0,0.9996004109158924,0.9992008218315276,0.0025437045858779,10,0.6190476190476191,-1.2142401781330592,-2.363737486095661,0.021830696527635,0,1,1,27743.25,44.95,,,,False,FRESH,5,HYST_PASSED_NQ_TRENDUP_NO_MACRO_2BAR,True,True,False,False,False,False,False,False,False,False,False,False,False,False
2026-05-04 13:27:00,2026-05-04 13:25:00,2026-05-04 13:25:00,NQ,BRACKET_MACRO,ROTATION_ILLIQUID,TrendUp,POST_LUNCH_ROTATION,TRANSITION,TRANSITION,NONE,50,45,NO_CLEAR_STAGE_C_ALIGNMENT,UNCHANGED,0,1.311,0,LUNCH,35.85,NONE,1.0,0.8885941644562334,1.3759355210132411,0.0,0.0,0.0,0.8521247332261256,0.7042494664532473,0.3022487588657928,2,0.1214285714285714,-0.0359174486321531,-1.243523316062176,0.0107286544479213,0,1,1,27795.5,43.425,,,,False,FRESH,6,HYST_PASSED_NQ_TRENDUP_NO_MACRO_2BAR,True,True,False,False,False,False,False,False,False,False,False,False,False,False
2026-05-04 13:36:19,2026-03-16 10:45:00,2026-03-16 10:45:00,NQ,BRACKET_MACRO,ROTATION_ILLIQUID,TrendUp,POST_IB_MACRO,TRANSITION,TRANSITION,NONE,50,100,MACRO_STALE_WRONG_SESSION_49D,UNCHANGED,0,0.0,0,POST_IB_AM,60.57,NONE,0.3888888888888889,0.5670995670995671,-0.2655601659751037,40.0,8.0,0.0,0.9990086264998844,0.998017252998228,0.0056608732381751,1,0.0,1.1616296070901413,1.7640782454060462,0.0574606116774791,0,1,0,24779.0,26.359375,,,,True,MACRO_STALE_WRONG_SESSION_49D,1,HYST_BLOCK_STALE_MACRO_STALE_WRONG_SESSION_49D,False,True,False,False,False,False,False,False,False,False,False,False,False,False
2026-05-04 13:36:21,2026-05-04 13:35:00,2026-05-04 13:30:00,NQ,BRACKET_MACRO,ROTATION_ILLIQUID,TrendUp,POST_LUNCH_ROTATION,TRANSITION,TRANSITION,NONE,50,20,NO_CLEAR_STAGE_C_ALIGNMENT,UNCHANGED,0,0.0,0,PM,42.82,NONE,0.4315068493150685,0.621867881548975,0.7806691449814126,0.0,1.0,23.62,0.9989994687670604,0.997998937530808,0.0057065254740232,3,0.319047619047619,-0.5496347259941329,-1.852540272614622,0.0145562533469646,0,1,1,27774.75,40.35,,,,False,FRESH,1,HYST_BLOCK_NQ_TRENDUP_NO_MACRO_AGE_1,False,True,False,False,False,False,False,False,False,False,False,False,False,False
2026-05-04 13:36:29,2026-05-04 13:35:00,2026-05-04 13:35:00,NQ,BRACKET_MACRO,ROTATION_ILLIQUID,TrendUp,POST_LUNCH_ROTATION,TRANSITION,TRANSITION,NONE,50,20,NO_CLEAR_STAGE_C_ALIGNMENT,UNCHANGED,0,0.0,0,PM,42.82,NONE,0.4315068493150685,0.621867881548975,0.7806691449814126,0.0,1.0,23.62,0.9271267051245254,0.854253410247354,0.1882779392382768,4,0.319047619047619,-0.5496347259941329,-1.852540272614622,0.0145562533469646,0,1,1,27774.75,40.35,,,,False,FRESH,2,HYST_PASSED_NQ_TRENDUP_NO_MACRO_2BAR,True,True,False,False,False,False,False,False,False,False,False,False,False,False
2026-05-04 13:45:42,2026-05-04 13:45:00,2026-05-04 13:40:00,NQ,BRACKET_MACRO,ROTATION_ILLIQUID,TrendUp,POST_LUNCH_ROTATION,TREND_COMPRESSION,TREND_COMPRESSION,SHORT,64,20,BRACKET_MACRO_WITH_INITIATIVE_EVIDENCE,LOCKED_IMMEDIATE,0,0.0,0,PM,61.38,SHORT,0.8651685393258427,0.4939024390243902,-0.5616338439095551,10.0,2.0,24.9,0.9823874876316644,0.964774975260819,0.0639085027551337,5,0.3047619047619048,-0.5865565584951697,-2.1371261852662293,0.0139537098771311,0,1,1,27776.25,34.275,,,,False,FRESH,3,HYST_PASSED_NQ_TRENDUP_NO_MACRO_2BAR,True,True,False,False,True,False,False,False,True,False,False,True,False,False
2026-05-04 13:45:52,2026-05-04 13:45:00,2026-05-04 13:45:00,NQ,BRACKET_MACRO,ROTATION_ILLIQUID,TrendUp,POST_LUNCH_ROTATION,TREND_COMPRESSION,TREND_COMPRESSION,SHORT,64,20,BRACKET_MACRO_WITH_INITIATIVE_EVIDENCE,UNCHANGED,0,0.0,0,PM,61.38,SHORT,0.8651685393258427,0.4939024390243902,-0.5616338439095551,10.0,2.0,24.9,0.9973685328417424,0.9947370656825246,0.0131714300202865,6,0.3047619047619048,-0.5865565584951697,-2.1371261852662293,0.0139537098771311,0,1,1,27776.25,34.275,,,,False,FRESH,4,HYST_PASSED_NQ_TRENDUP_NO_MACRO_2BAR,True,True,False,False,True,False,False,False,True,False,False,True,False,False
2026-05-04 13:52:01,2026-04-27 11:05:00,2026-04-27 11:05:00,NQ,BRACKET_MACRO,ROTATION_ILLIQUID,TrendUp,MID_MORNING_DISCOVERY,TRANSITION,TRANSITION,NONE,50,100,MACRO_STALE_WRONG_SESSION_7D,UNCHANGED,0,0.0,0,POST_IB_AM,0.0,NONE,0.0,0.0,0.0,0.0,0.0,0.0,0.99993148899788,0.9998629779991718,0.0005232853141934,12,0.0,-0.6331706827849902,-1.353546291283162,0.0083197444174514,0,1,0,27340.0,46.175,,,,True,MACRO_STALE_WRONG_SESSION_7D,1,HYST_BLOCK_STALE_MACRO_STALE_WRONG_SESSION_7D,False,True,False,False,False,False,False,False,False,False,False,False,False,False
2026-05-04 13:52:02,2026-05-04 13:45:00,2026-05-04 13:45:00,NQ,BRACKET_MACRO,ROTATION_ILLIQUID,TrendUp,POST_LUNCH_ROTATION,TREND_COMPRESSION,TREND_COMPRESSION,SHORT,64,20,BRACKET_MACRO_WITH_INITIATIVE_EVIDENCE,LOCKED_IMMEDIATE,0,0.0,0,PM,61.31,SHORT,0.8651685393258427,0.4939024390243902,-0.5555555555555556,10.0,2.0,24.63,0.999723632606676,0.999447265215916,0.0018328161168825,6,0.3047619047619048,-0.580208543792841,-2.113997113997114,0.0139537098771311,0,1,1,27776.25,34.65,,,,False,FRESH,1,HYST_BLOCK_NQ_TRENDUP_NO_MACRO_AGE_1,False,True,False,False,False,False,False,False,False,False,False,False,False,False
2026-05-04 13:56:42,2026-05-04 13:55:00,2026-05-04 13:55:00,NQ,BRACKET_MACRO,ROTATION_ILLIQUID,TrendUp,POST_LUNCH_ROTATION,ROTATION_ILLIQUID,TREND_COMPRESSION,SHORT,62,20,COMPRESSED_BALANCE_LOW_EDGE,PENDING_ROTATION_ILLIQUID_1_OF_2,1,0.0,0,PM,72.11,NONE,1.0,0.5117647058823529,0.4057480980557904,20.0,3.0,12.32,0.9987500757467626,0.9975001514912396,0.0069281655620682,8,0.2047619047619047,-0.3176439779331907,-2.121724429416737,0.0117586433055373,0,1,1,27786.75,29.575,,,,False,FRESH,2,HYST_PASSED_NQ_TRENDUP_NO_MACRO_2BAR,True,True,False,False,True,False,False,False,True,False,False,True,False,False
2026-05-04 14:01:25,2026-04-27 11:05:00,2026-04-27 11:05:00,NQ,BRACKET_MACRO,ROTATION_ILLIQUID,TrendUp,MID_MORNING_DISCOVERY,TRANSITION,TRANSITION,NONE,50,100,MACRO_STALE_WRONG_SESSION_7D,UNCHANGED,0,0.0,0,POST_IB_AM,0.0,NONE,0.0,0.0,0.0,0.0,0.0,0.0,0.99993148899788,0.9998629779991718,0.0005232853141934,12,0.0,-0.6331706827849902,-1.353546291283162,0.0083197444174514,0,1,0,27340.0,46.175,,,,True,MACRO_STALE_WRONG_SESSION_7D,1,HYST_BLOCK_STALE_MACRO_STALE_WRONG_SESSION_7D,False,True,False,False,False,False,False,False,False,False,False,False,False,False
2026-05-04 14:01:26,2026-05-04 13:55:00,2026-05-04 13:55:00,NQ,BRACKET_MACRO,ROTATION_ILLIQUID,TrendUp,POST_LUNCH_ROTATION,ROTATION_ILLIQUID,TRANSITION,NONE,62,20,COMPRESSED_BALANCE_LOW_EDGE,PENDING_ROTATION_ILLIQUID_1_OF_2,1,0.0,0,PM,72.08,NONE,1.0,0.5117647058823529,0.4023470243084661,20.0,3.0,12.21,0.9994048867762666,0.9988097735496344,0.0036173403615331,8,0.2047619047619047,-0.3149814131558798,-2.103939647946354,0.0117586433055373,0,1,1,27786.75,29.825,,,,False,FRESH,1,HYST_BLOCK_NQ_TRENDUP_NO_MACRO_AGE_1,False,True,False,False,False,False,False,False,False,False,False,False,False,False
2026-05-04 14:06:07,2026-05-04 14:05:00,2026-05-04 14:00:00,NQ,BRACKET_MACRO,ROTATION_ILLIQUID,TrendUp,AFTERNOON_TREND_TEST,TRANSITION,TRANSITION,NONE,50,20,NO_CLEAR_STAGE_C_ALIGNMENT,UNCHANGED,0,0.0,0,PM,50.32,LONG,1.0,0.2719298245614035,1.2740604949587535,0.0,1.0,16.93,0.998098134247773,0.996196268495684,0.0099654828314164,9,0.0,0.5416659802714276,-1.4115490375802018,0.0071056152816868,0,1,1,27811.0,27.275,,,,False,FRESH,2,HYST_PASSED_NQ_TRENDUP_NO_MACRO_2BAR,True,True,False,False,False,False,False,False,False,False,False,False,False,False
2026-05-04 14:06:16,2026-05-04 14:05:00,2026-05-04 14:05:00,NQ,BRACKET_MACRO,ROTATION_ILLIQUID,TrendUp,AFTERNOON_TREND_TEST,TRANSITION,TRANSITION,NONE,50,20,NO_CLEAR_STAGE_C_ALIGNMENT,UNCHANGED,0,0.0,0,PM,50.32,LONG,1.0,0.2719298245614035,1.2740604949587535,0.0,1.0,16.93,0.9993051236073272,0.9986102472133032,0.0041460320104991,10,0.0,0.5416659802714276,-1.4115490375802018,0.0071056152816868,0,1,1,27811.0,27.275,,,,False,FRESH,3,HYST_PASSED_NQ_TRENDUP_NO_MACRO_2BAR,True,True,False,False,False,False,False,False,False,False,False,False,False,False
2026-05-04 14:17:04,2026-05-04 14:15:00,2026-05-04 14:15:00,NQ,BRACKET_MACRO,ROTATION_ILLIQUID,TrendUp,AFTERNOON_TREND_TEST,ROTATION_ILLIQUID,TRANSITION,NONE,62,20,COMPRESSED_BALANCE_LOW_EDGE,PENDING_ROTATION_ILLIQUID_1_OF_2,1,0.027,0,PM,17.55,NONE,0.0157068062827225,0.2133891213389121,0.0289715113471752,0.0,1.0,13.08,0.9984448372249312,0.9968896744497006,0.0083747780842813,12,0.1976190476190476,-0.3396275240921133,-2.3949782713664898,0.0112313753906073,0,1,1,27787.5,25.8875,,,,False,FRESH,4,HYST_PASSED_NQ_TRENDUP_NO_MACRO_2BAR,True,True,False,False,False,False,False,False,False,False,False,False,False,False
2026-05-04 14:21:45,2026-03-16 10:45:00,2026-03-16 10:45:00,NQ,BRACKET_MACRO,ROTATION_ILLIQUID,TrendUp,POST_IB_MACRO,TRANSITION,TRANSITION,NONE,50,100,MACRO_STALE_WRONG_SESSION_49D,UNCHANGED,0,0.0,0,POST_IB_AM,60.57,NONE,0.3888888888888889,0.5670995670995671,-0.2655601659751037,40.0,8.0,0.0,0.9990086264998844,0.9980172529982352,0.0056608732381443,1,0.0,1.1616296070901413,1.7640782454060462,0.0574606116774791,0,1,0,24779.0,26.359375,,,,True,MACRO_STALE_WRONG_SESSION_49D,1,HYST_BLOCK_STALE_MACRO_STALE_WRONG_SESSION_49D,False,True,False,False,False,False,False,False,False,False,False,False,False,False
2026-05-04 14:21:46,2026-05-04 14:15:00,2026-05-04 14:15:00,NQ,BRACKET_MACRO,ROTATION_ILLIQUID,TrendUp,AFTERNOON_TREND_TEST,ROTATION_ILLIQUID,TRANSITION,NONE,62,20,COMPRESSED_BALANCE_LOW_EDGE,PENDING_ROTATION_ILLIQUID_1_OF_2,1,0.0,0,PM,17.37,NONE,0.0157068062827225,0.2133891213389121,0.02855782960495,0.0,1.0,12.89,0.9975048133383606,0.9950096266765271,0.0125851353829753,12,0.1976190476190476,-0.3347780116110265,-2.360780580675869,0.0112313753906073,0,1,1,27787.5,26.2625,,,,False,FRESH,1,HYST_BLOCK_NQ_TRENDUP_NO_MACRO_AGE_1,False,True,False,False,False,False,False,False,False,False,False,False,False,False
2026-05-04 14:24:53,2026-03-16 10:45:00,2026-03-16 10:45:00,NQ,BRACKET_MACRO,ROTATION_ILLIQUID,TrendUp,POST_IB_MACRO,TRANSITION,TRANSITION,NONE,50,100,MACRO_STALE_WRONG_SESSION_49D,UNCHANGED,0,0.0,0,POST_IB_AM,60.57,NONE,0.3888888888888889,0.5670995670995671,-0.2655601659751037,40.0,8.0,0.0,0.9990086264998844,0.9980172529982207,0.0056608732382059,1,0.0,1.1616296070901413,1.7640782454060462,0.0574606116774791,0,1,0,24779.0,26.359375,,,,True,MACRO_STALE_WRONG_SESSION_49D,1,HYST_BLOCK_STALE_MACRO_STALE_WRONG_SESSION_49D,False,True,False,False,False,False,False,False,False,False,False,False,False,False
2026-05-04 14:24:54,2026-05-04 14:15:00,2026-05-04 14:15:00,NQ,BRACKET_MACRO,ROTATION_ILLIQUID,TrendUp,AFTERNOON_TREND_TEST,ROTATION_ILLIQUID,TRANSITION,NONE,62,20,COMPRESSED_BALANCE_LOW_EDGE,PENDING_ROTATION_ILLIQUID_1_OF_2,1,0.0,0,PM,17.37,NONE,0.0157068062827225,0.2133891213389121,0.02855782960495,0.0,1.0,12.89,0.998736997862124,0.9974739957210792,0.0069911657152557,12,0.1976190476190476,-0.3347780116110265,-2.360780580675869,0.0112313753906073,0,1,1,27787.5,26.2625,,,,False,FRESH,1,HYST_BLOCK_NQ_TRENDUP_NO_MACRO_AGE_1,False,True,False,False,False,False,False,False,False,False,False,False,False,False
2026-05-04 14:26:26,2026-05-04 14:25:00,2026-05-04 14:20:00,NQ,BRACKET_MACRO,ROTATION_ILLIQUID,TrendUp,AFTERNOON_TREND_TEST,TREND_COMPRESSION,TREND_COMPRESSION,SHORT,73,20,BRACKET_MACRO_WITH_INITIATIVE_EVIDENCE,LOCKED_IMMEDIATE,0,0.0,0,PM,73.99,SHORT,1.0,0.1524390243902439,-1.9023653749370912,10.0,2.0,60.53,0.9445640229806892,0.8891280459625559,0.1545272298035963,13,0.4238095238095238,-1.292517879970147,-3.452440865626573,0.0152600436001245,0,1,1,27763.75,24.8375,,,,False,FRESH,2,HYST_PASSED_NQ_TRENDUP_NO_MACRO_2BAR,True,True,True,False,True,False,False,False,True,False,False,True,False,True
2026-05-04 14:26:36,2026-05-04 14:25:00,2026-05-04 14:25:00,NQ,BRACKET_MACRO,ROTATION_ILLIQUID,TrendUp,AFTERNOON_TREND_TEST,TREND_COMPRESSION,TREND_COMPRESSION,SHORT,73,20,BRACKET_MACRO_WITH_INITIATIVE_EVIDENCE,UNCHANGED,0,0.0,0,PM,73.99,SHORT,1.0,0.1524390243902439,-1.9023653749370912,10.0,2.0,60.53,0.9845456236824104,0.969091247361548,0.0575469197725353,14,0.4238095238095238,-1.292517879970147,-3.452440865626573,0.0152600436001245,0,1,1,27763.75,24.8375,,,,False,FRESH,3,HYST_PASSED_NQ_TRENDUP_NO_MACRO_2BAR,True,True,True,False,True,False,False,False,True,False,False,True,False,True
2026-05-04 14:35:50,2026-05-04 14:35:00,2026-05-04 14:30:00,NQ,BRACKET_MACRO,ROTATION_LIQUID,TrendUp,AFTERNOON_TREND_TEST,TREND_COMPRESSION,TREND_COMPRESSION,SHORT,78,30,BRACKET_MACRO_WITH_INITIATIVE_EVIDENCE,UNCHANGED,0,-1.075,0,PM,85.38,SHORT,1.0,0.3533333333333333,-1.0938283993978926,20.0,3.0,67.0,0.9837506257313924,0.967501251463424,0.0599145433995741,15,0.4571428571428571,-1.3941146660110668,-3.5825388861013545,0.0155237639692133,0,1,1,27760.25,24.9125,,,,False,FRESH,4,HYST_PASSED_NQ_TRENDUP_NO_MACRO_2BAR,True,True,True,False,True,False,False,False,True,False,False,True,False,True
2026-05-04 14:35:59,2026-05-04 14:35:00,2026-05-04 14:35:00,NQ,BRACKET_MACRO,ROTATION_LIQUID,TrendUp,AFTERNOON_TREND_TEST,TREND_COMPRESSION,TREND_COMPRESSION,SHORT,78,30,BRACKET_MACRO_WITH_INITIATIVE_EVIDENCE,UNCHANGED,0,-1.075,0,PM,85.38,SHORT,1.0,0.3533333333333333,-1.0938283993978926,20.0,3.0,67.0,0.9966458113287032,0.9932916226606598,0.0162008876404804,16,0.4571428571428571,-1.3941146660110668,-3.5825388861013545,0.0155237639692133,0,1,1,27760.25,24.9125,,,,False,FRESH,5,HYST_PASSED_NQ_TRENDUP_NO_MACRO_2BAR,True,True,True,False,True,False,False,False,True,False,False,True,False,True
2026-05-04 14:46:49,2026-05-04 14:45:00,2026-05-04 14:45:00,NQ,BRACKET_MACRO,TREND_COMPRESSION,TrendUp,AFTERNOON_TREND_TEST,TREND_COMPRESSION,TREND_COMPRESSION,SHORT,78,40,BRACKET_MACRO_WITH_INITIATIVE_EVIDENCE,UNCHANGED,0,-1.455,0,PM,89.02,SHORT,1.0,1.0,-1.4701378254211332,30.0,4.0,95.1,0.9966081677285948,0.993216335453741,0.0163553559274478,18,0.7666666666666667,-2.7196460117042447,-4.971924451250638,0.0208253153731024,0,1,1,27727.75,24.4875,,,,False,FRESH,6,HYST_PASSED_NQ_TRENDUP_NO_MACRO_2BAR,True,True,True,False,True,False,False,False,True,False,False,True,False,True
2026-05-04 14:53:06,2026-03-09 12:45:00,2026-03-09 12:45:00,NQ,BRACKET_MACRO,ROTATION_ILLIQUID,TrendDown,LUNCH_AUCTION,TRANSITION,TRANSITION,NONE,50,100,MACRO_STALE_WRONG_SESSION_56D,UNCHANGED,0,0.0,0,LUNCH,42.0,SHORT,1.0,0.4117647058823529,-2.7294882209585705,0.0,1.0,0.0,0.5202295156599757,0.0404590313235617,0.4994094399632027,2,0.0,-1.2444384989281303,-1.1291632818846469,0.0108154372860255,0,1,0,24369.75,30.775,,,,True,MACRO_STALE_WRONG_SESSION_56D,1,HYST_BLOCK_STALE_MACRO_STALE_WRONG_SESSION_56D,False,True,False,False,False,False,False,False,False,False,False,False,False,False
2026-05-04 14:53:08,2026-05-04 14:45:00,2026-05-04 14:45:00,NQ,BRACKET_MACRO,TREND_COMPRESSION,TrendUp,AFTERNOON_TREND_TEST,TREND_COMPRESSION,TREND_COMPRESSION,SHORT,78,30,BRACKET_MACRO_WITH_INITIATIVE_EVIDENCE,LOCKED_IMMEDIATE,0,0.0,0,PM,89.02,SHORT,1.0,1.0,-1.469387755102041,30.0,4.0,95.1,0.9995221197345916,0.9990442394726652,0.0029803990499096,18,0.7666666666666667,-2.718258437208477,-4.969387755102041,0.0208253153731024,0,1,1,27727.75,24.5,,,,False,FRESH,1,HYST_BLOCK_NQ_TRENDUP_NO_MACRO_AGE_1,False,True,False,False,False,False,False,False,False,False,False,False,False,False
2026-05-04 14:56:16,2026-05-04 14:55:00,2026-05-04 14:50:00,NQ,BRACKET_MACRO,TREND_COMPRESSION,TrendUp,AFTERNOON_TREND_TEST,TREND_COMPRESSION,TREND_COMPRESSION,SHORT,77,30,BRACKET_MACRO_WITH_INITIATIVE_EVIDENCE,UNCHANGED,0,0.0,0,PM,80.37,SHORT,0.5757575757575758,0.7445255474452555,-1.0795454545454546,40.0,5.0,90.2,0.994725273899686,0.9894505478022896,0.023750961579513,19,0.6833333333333333,-2.57526068638485,-5.136363636363637,0.0189232186217868,0,1,1,27736.5,22.0,,,,False,FRESH,2,HYST_PASSED_NQ_TRENDUP_NO_MACRO_2BAR,True,True,True,False,True,False,False,False,True,False,False,True,False,True
2026-05-04 14:56:25,2026-05-04 14:55:00,2026-05-04 14:55:00,NQ,BRACKET_MACRO,TREND_COMPRESSION,TrendUp,AFTERNOON_TREND_TEST,TREND_COMPRESSION,TREND_COMPRESSION,SHORT,77,30,BRACKET_MACRO_WITH_INITIATIVE_EVIDENCE,UNCHANGED,0,0.0,0,PM,80.37,SHORT,0.5757575757575758,0.7445255474452555,-1.0795454545454546,40.0,5.0,90.2,0.9979480068787432,0.9958960137609172,0.0106395558158109,20,0.6833333333333333,-2.57526068638485,-5.136363636363637,0.0189232186217868,0,1,1,27736.5,22.0,,,,False,FRESH,3,HYST_PASSED_NQ_TRENDUP_NO_MACRO_2BAR,True,True,True,False,True,False,False,False,True,False,False,True,False,True
2026-05-04 14:59:22,2026-03-16 10:45:00,2026-03-16 10:45:00,NQ,BRACKET_MACRO,ROTATION_ILLIQUID,TrendUp,POST_IB_MACRO,TRANSITION,TRANSITION,NONE,50,100,MACRO_STALE_WRONG_SESSION_49D,UNCHANGED,0,0.0,0,POST_IB_AM,60.57,NONE,0.3888888888888889,0.5670995670995671,-0.2655601659751037,40.0,8.0,0.0,0.9990086264998844,0.9980172529982207,0.0056608732382059,1,0.0,1.1616296070901413,1.7640782454060462,0.0574606116774791,0,1,0,24779.0,26.359375,,,,True,MACRO_STALE_WRONG_SESSION_49D,1,HYST_BLOCK_STALE_MACRO_STALE_WRONG_SESSION_49D,False,True,False,False,False,False,False,False,False,False,False,False,False,False
2026-05-04 14:59:24,2026-05-04 14:55:00,2026-05-04 14:55:00,NQ,BRACKET_MACRO,TREND_COMPRESSION,TrendUp,AFTERNOON_TREND_TEST,TREND_COMPRESSION,TREND_COMPRESSION,SHORT,77,30,BRACKET_MACRO_WITH_INITIATIVE_EVIDENCE,LOCKED_IMMEDIATE,0,0.0,0,PM,80.37,SHORT,0.5757575757575758,0.7445255474452555,-1.0348583877995643,40.0,5.0,90.2,0.9963385331476868,0.99267706629746,0.0174531381506567,20,0.6833333333333333,-2.468659481501817,-4.923747276688453,0.0189232186217868,0,1,1,27736.5,22.95,,,,False,FRESH,1,HYST_BLOCK_NQ_TRENDUP_NO_MACRO_AGE_1,False,True,False,False,False,False,False,False,False,False,False,False,False,False
2026-05-04 15:05:39,2026-05-04 15:05:00,2026-05-04 15:00:00,NQ,BRACKET_MACRO,ROTATION_LIQUID,TrendUp,LATE_DAY_CONVICTION,ROTATION_LIQUID,ROTATION_LIQUID,BOTH,64,40,BALANCED_TRADEABLE_RANGE,LOCKED_IMMEDIATE,0,0.0,0,POWER_HOUR,86.3,NONE,1.0,0.1950207468879668,1.0825892857142858,50.0,6.0,81.51,0.9390713046796624,0.8781426093578647,0.1655602572592024,21,0.5357142857142857,-1.8132464677307785,-4.352678571428572,0.0160871179309491,0,1,1,27752.0,22.4,,,,False,FRESH,2,HYST_PASSED_NQ_TRENDUP_NO_MACRO_2BAR,True,True,False,False,True,False,True,False,False,True,True,True,False,False
2026-05-04 15:05:49,2026-05-04 15:05:00,2026-05-04 15:05:00,NQ,BRACKET_MACRO,ROTATION_LIQUID,TrendUp,LATE_DAY_CONVICTION,ROTATION_LIQUID,ROTATION_LIQUID,BOTH,64,40,BALANCED_TRADEABLE_RANGE,UNCHANGED,0,0.0,0,POWER_HOUR,86.3,NONE,1.0,0.1950207468879668,1.0825892857142858,50.0,6.0,81.51,0.9490872768919189,0.8981745537826921,0.1451307799343036,22,0.5357142857142857,-1.8132464677307785,-4.352678571428572,0.0160871179309491,0,1,1,27752.0,22.4,,,,False,FRESH,3,HYST_PASSED_NQ_TRENDUP_NO_MACRO_2BAR,True,True,False,False,True,False,True,False,False,True,True,True,False,False
2026-05-04 15:15:00,2026-03-16 10:45:00,2026-03-16 10:45:00,NQ,BRACKET_MACRO,ROTATION_ILLIQUID,TrendUp,POST_IB_MACRO,TRANSITION,TRANSITION,NONE,50,100,MACRO_STALE_WRONG_SESSION_49D,UNCHANGED,0,0.0,0,POST_IB_AM,60.57,NONE,0.3888888888888889,0.5670995670995671,-0.2655601659751037,40.0,8.0,0.0,0.9990086264998844,0.9980172529982207,0.0056608732382059,1,0.0,1.1616296070901413,1.7640782454060462,0.0574606116774791,0,1,0,24779.0,26.359375,,,,True,MACRO_STALE_WRONG_SESSION_49D,1,HYST_BLOCK_STALE_MACRO_STALE_WRONG_SESSION_49D,False,True,False,False,False,False,False,False,False,False,False,False,False,False
2026-05-04 15:15:01,2026-05-04 15:05:00,2026-05-04 15:05:00,NQ,BRACKET_MACRO,ROTATION_LIQUID,TrendDown,LATE_DAY_CONVICTION,TREND_COMPRESSION,TREND_COMPRESSION,SHORT,66,20,MICRO_TREND_INSIDE_MACRO_STRUCTURE,LOCKED_IMMEDIATE,0,0.0,0,POWER_HOUR,86.22,NONE,1.0,0.1950207468879668,0.9953822473063108,50.0,6.0,81.51,0.85973087426507,0.7194617485324754,0.2924715969833822,1,0.5357142857142857,-1.6671819754610333,-4.0020523345305286,0.0160871179309491,0,1,1,27752.0,24.3625,,,,False,FRESH,1,HYST_BLOCK_TRENDDOWN_AGE_1_OF_2,False,True,False,False,False,False,False,False,False,False,False,False,False,False
2026-05-04 15:16:35,2026-05-04 15:15:00,2026-05-04 15:15:00,NQ,BRACKET_MACRO,ROTATION_ILLIQUID,TrendUp,LATE_DAY_CONVICTION,TRANSITION,TRANSITION,NONE,50,20,NO_CLEAR_STAGE_C_ALIGNMENT,LOCKED_IMMEDIATE,0,0.0,1,POWER_HOUR,78.62,NONE,1.0,0.1798107255520504,1.6432432432432431,60.0,7.0,32.62,0.8788023251340643,0.7576046502699636,0.2663968871175505,2,0.3214285714285714,-0.75733690478861,-3.2432432432432434,0.0121006776379477,0,1,1,27774.5,23.125,,,,False,FRESH,1,HYST_BLOCK_NQ_TRENDUP_NO_MACRO_AGE_1,False,True,False,False,False,False,False,False,False,False,False,False,False,False
2026-05-04 15:22:52,2026-04-27 11:05:00,2026-04-27 11:05:00,NQ,BRACKET_MACRO,ROTATION_ILLIQUID,TrendUp,MID_MORNING_DISCOVERY,TRANSITION,TRANSITION,NONE,50,100,MACRO_STALE_WRONG_SESSION_7D,UNCHANGED,0,0.0,0,POST_IB_AM,0.0,NONE,0.0,0.0,0.0,0.0,0.0,0.0,0.99993148899788,0.9998629779991718,0.0005232853141934,12,0.0,-0.6331706827849902,-1.353546291283162,0.0083197444174514,0,1,0,27340.0,46.175,,,,True,MACRO_STALE_WRONG_SESSION_7D,1,HYST_BLOCK_STALE_MACRO_STALE_WRONG_SESSION_7D,False,True,False,False,False,False,False,False,False,False,False,False,False,False
2026-05-04 15:22:54,2026-05-04 15:15:00,2026-05-04 15:15:00,NQ,BRACKET_MACRO,ROTATION_ILLIQUID,TrendUp,LATE_DAY_CONVICTION,TRANSITION,TRANSITION,NONE,50,20,NO_CLEAR_STAGE_C_ALIGNMENT,UNCHANGED,0,0.0,0,POWER_HOUR,78.5,NONE,1.0,0.1798107255520504,1.6221985058697972,60.0,7.0,32.2,0.9880156278488004,0.9760312556984369,0.0468392243253785,2,0.3214285714285714,-0.7476378195618616,-3.2017075773745995,0.0121006776379477,0,1,1,27774.5,23.425,,,,False,FRESH,1,HYST_BLOCK_NQ_TRENDUP_NO_MACRO_AGE_1,False,True,False,False,False,False,False,False,False,False,False,False,False,False
2026-05-04 15:26:01,2026-05-04 15:25:00,2026-05-04 15:20:00,NQ,BRACKET_MACRO,ROTATION_ILLIQUID,TrendUp,LATE_DAY_CONVICTION,TRANSITION,TRANSITION,NONE,50,20,NO_CLEAR_STAGE_C_ALIGNMENT,UNCHANGED,0,0.0,0,POWER_HOUR,75.69,NONE,0.6216216216216216,0.7980769230769231,0.745945945945946,70.0,8.0,43.78,0.9831202403716136,0.9662404807405984,0.0617715782988525,3,0.3714285714285714,-0.9749224504037458,-3.4702702702702704,0.0127751024794046,0,1,1,27769.25,23.125,,,,False,FRESH,2,HYST_PASSED_NQ_TRENDUP_NO_MACRO_2BAR,True,True,False,False,False,False,False,False,False,False,False,False,False,False
2026-05-04 15:26:11,2026-05-04 15:25:00,2026-05-04 15:25:00,NQ,BRACKET_MACRO,ROTATION_ILLIQUID,TrendUp,LATE_DAY_CONVICTION,TRANSITION,TRANSITION,NONE,50,20,NO_CLEAR_STAGE_C_ALIGNMENT,UNCHANGED,0,0.0,0,POWER_HOUR,75.69,NONE,0.6216216216216216,0.7980769230769231,0.745945945945946,70.0,8.0,43.78,0.9826032889745978,0.9652065779507436,0.0632815294069119,4,0.3714285714285714,-0.9749224504037458,-3.4702702702702704,0.0127751024794046,0,1,1,27769.25,23.125,,,,False,FRESH,3,HYST_PASSED_NQ_TRENDUP_NO_MACRO_2BAR,True,True,False,False,False,False,False,False,False,False,False,False,False,False
2026-05-04 15:37:03,2026-04-27 11:05:00,2026-04-27 11:05:00,NQ,BRACKET_MACRO,ROTATION_ILLIQUID,TrendUp,MID_MORNING_DISCOVERY,TRANSITION,TRANSITION,NONE,50,100,MACRO_STALE_WRONG_SESSION_7D,UNCHANGED,0,0.0,0,POST_IB_AM,0.0,NONE,0.0,0.0,0.0,0.0,0.0,0.0,0.99993148899788,0.9998629779991718,0.0005232853141934,12,0.0,-0.6331706827849902,-1.353546291283162,0.0083197444174514,0,1,0,27340.0,46.175,,,,True,MACRO_STALE_WRONG_SESSION_7D,1,HYST_BLOCK_STALE_MACRO_STALE_WRONG_SESSION_7D,False,True,False,False,False,False,False,False,False,False,False,False,False,False
2026-05-04 15:37:04,2026-05-04 15:35:00,2026-05-04 15:35:00,NQ,BRACKET_MACRO,ROTATION_ILLIQUID,TrendUp,LATE_DAY_CONVICTION,ROTATION_ILLIQUID,TRANSITION,NONE,62,20,COMPRESSED_BALANCE_LOW_EDGE,PENDING_ROTATION_ILLIQUID_1_OF_2,1,0.0,0,POWER_HOUR,43.14,NONE,0.5531914893617021,0.8292682926829268,0.5358062854198866,0.0,0.0,6.41,0.9907233012179516,0.9814466024376725,0.037979525217183,6,0.1976190476190476,-0.1663756313626277,-2.555383822771767,0.0096844736019993,0,1,1,27787.5,24.2625,,,,False,FRESH,1,HYST_BLOCK_NQ_TRENDUP_NO_MACRO_AGE_1,False,True,False,False,False,False,False,False,False,False,False,False,False,False
2026-05-04 15:43:21,2026-03-23 14:25:00,2026-03-23 14:25:00,NQ,BRACKET_MACRO,TREND_EXPANSION,TrendDown,AFTERNOON_TREND_TEST,TRANSITION,TRANSITION,NONE,50,100,MACRO_STALE_WRONG_SESSION_42D,UNCHANGED,0,0.0,0,PM,84.0,LONG,1.0,0.7478632478632479,1.9893573475235364,120.0,13.0,100.0,1.0,1.0,2.855610772754545e-16,17,8.051912568306012,3.1346789631024325,12.091690544412607,0.073133293721529,0,1,0,24672.0,61.075,,,,True,MACRO_STALE_WRONG_SESSION_42D,1,HYST_BLOCK_STALE_MACRO_STALE_WRONG_SESSION_42D,False,True,False,False,False,False,False,False,False,False,False,False,False,False
2026-05-04 15:43:22,2026-05-04 15:35:00,2026-05-04 15:35:00,NQ,BRACKET_MACRO,ROTATION_ILLIQUID,TrendUp,LATE_DAY_CONVICTION,ROTATION_ILLIQUID,TRANSITION,NONE,62,20,COMPRESSED_BALANCE_LOW_EDGE,PENDING_ROTATION_ILLIQUID_1_OF_2,1,0.0,0,POWER_HOUR,43.14,NONE,0.5531914893617021,0.8292682926829268,0.5338809034907597,0.0,0.0,6.38,0.9995482690078064,0.9990965380126716,0.0028356549511019,6,0.1976190476190476,-0.1657777723176902,-2.546201232032854,0.0096844736019993,0,1,1,27787.5,24.35,,,,False,FRESH,1,HYST_BLOCK_NQ_TRENDUP_NO_MACRO_AGE_1,False,True,False,False,False,False,False,False,False,False,False,False,False,False
2026-05-04 15:46:30,2026-05-04 15:45:00,2026-05-04 15:40:00,NQ,BRACKET_MACRO,ROTATION_ILLIQUID,TrendUp,LATE_DAY_CONVICTION,TRANSITION,TRANSITION,NONE,50,20,NO_CLEAR_STAGE_C_ALIGNMENT,UNCHANGED,0,0.0,0,POWER_HOUR,32.15,SHORT,0.0266666666666666,0.2490421455938697,-0.0430570505920344,0.0,1.0,45.01,0.9957171327314736,0.9914342654652948,0.0199299127481552,7,0.3809523809523809,-0.9946375782015698,-3.4983853606027986,0.012531328320802,0,1,1,27768.25,23.225,,,,False,FRESH,2,HYST_PASSED_NQ_TRENDUP_NO_MACRO_2BAR,True,True,False,False,False,False,False,False,False,False,False,False,False,False
2026-05-04 15:46:40,2026-05-04 15:45:00,2026-05-04 15:45:00,NQ,BRACKET_MACRO,ROTATION_ILLIQUID,TrendUp,LATE_DAY_CONVICTION,TRANSITION,TRANSITION,NONE,50,20,NO_CLEAR_STAGE_C_ALIGNMENT,UNCHANGED,0,0.0,0,POWER_HOUR,32.15,SHORT,0.0266666666666666,0.2490421455938697,-0.0430570505920344,0.0,1.0,45.01,0.9824615254188636,0.9649230508374832,0.063693618789298,8,0.3809523809523809,-0.9946375782015698,-3.4983853606027986,0.012531328320802,0,1,1,27768.25,23.225,,,,False,FRESH,3,HYST_PASSED_NQ_TRENDUP_NO_MACRO_2BAR,True,True,False,False,False,False,False,False,False,False,False,False,False,False
2026-05-04 15:49:40,2026-03-16 10:45:00,2026-03-16 10:45:00,NQ,BRACKET_MACRO,ROTATION_ILLIQUID,TrendUp,POST_IB_MACRO,TRANSITION,TRANSITION,NONE,50,100,MACRO_STALE_WRONG_SESSION_49D,UNCHANGED,0,0.0,0,POST_IB_AM,60.57,NONE,0.3888888888888889,0.5670995670995671,-0.2655601659751037,40.0,8.0,0.0,0.9990086264998844,0.998017252998228,0.0056608732381751,1,0.0,1.1616296070901413,1.7640782454060462,0.0574606116774791,0,1,0,24779.0,26.359375,,,,True,MACRO_STALE_WRONG_SESSION_49D,1,HYST_BLOCK_STALE_MACRO_STALE_WRONG_SESSION_49D,False,True,False,False,False,False,False,False,False,False,False,False,False,False
2026-05-04 15:49:41,2026-05-04 15:45:00,2026-05-04 15:45:00,NQ,BRACKET_MACRO,ROTATION_ILLIQUID,TrendUp,LATE_DAY_CONVICTION,TRANSITION,TRANSITION,NONE,50,20,NO_CLEAR_STAGE_C_ALIGNMENT,UNCHANGED,0,0.0,0,POWER_HOUR,31.35,SHORT,0.0266666666666666,0.2490421455938697,-0.0416233090530697,0.0,1.0,43.51,0.9874165060650444,0.9748330121275802,0.0487352635199645,8,0.3809523809523809,-0.9615174923509454,-3.381893860561915,0.012531328320802,0,1,1,27768.25,24.025,,,,False,FRESH,1,HYST_BLOCK_NQ_TRENDUP_NO_MACRO_AGE_1,False,True,False,False,False,False,False,False,False,False,False,False,False,False
2026-05-04 15:56:01,2026-05-04 15:55:00,2026-05-04 15:50:00,NQ,BRACKET_MACRO,ROTATION_LIQUID,TrendUp,LATE_DAY_CONVICTION,TREND_COMPRESSION,TREND_COMPRESSION,SHORT,73,40,BRACKET_MACRO_WITH_INITIATIVE_EVIDENCE,LOCKED_IMMEDIATE,0,0.0,0,POWER_HOUR,74.69,SHORT,1.0,0.3177570093457944,-1.2288786482334868,10.0,2.0,66.9,0.8306903855931509,0.6613807711830131,0.3280615147522228,9,0.4833333333333333,-1.364827750752928,-3.7685611879160255,0.0139272603413692,0,1,1,27757.5,24.4125,,,,False,FRESH,2,HYST_PASSED_NQ_TRENDUP_NO_MACRO_2BAR,True,True,True,False,True,False,False,False,True,False,False,True,False,True
2026-05-04 15:56:11,2026-05-04 15:55:00,2026-05-04 15:55:00,NQ,BRACKET_MACRO,ROTATION_LIQUID,TrendUp,LATE_DAY_CONVICTION,TREND_COMPRESSION,TREND_COMPRESSION,SHORT,73,40,BRACKET_MACRO_WITH_INITIATIVE_EVIDENCE,UNCHANGED,0,0.0,0,POWER_HOUR,74.69,SHORT,1.0,0.3177570093457944,-1.2288786482334868,10.0,2.0,66.9,0.9891884564959956,0.9783769129928996,0.0430631972260394,10,0.4833333333333333,-1.364827750752928,-3.7685611879160255,0.0139272603413692,0,1,1,27757.5,24.4125,,,,False,FRESH,3,HYST_PASSED_NQ_TRENDUP_NO_MACRO_2BAR,True,True,True,False,True,False,False,False,True,False,False,True,False,True
2026-05-04 16:00:48,2026-05-04 16:00:00,2026-05-04 15:55:00,NQ,BRACKET_MACRO,ROTATION_ILLIQUID,TrendUp,CASH_CLOSE,ROTATION_ILLIQUID,TREND_COMPRESSION,SHORT,62,20,COMPRESSED_BALANCE_LOW_EDGE,PENDING_ROTATION_ILLIQUID_1_OF_2,1,0.484,0,CLOSE,39.89,NONE,0.3533834586466165,0.1519434628975265,0.482051282051282,15.0,3.0,17.45,0.9950961393273916,0.990192278653886,0.0223395818024057,10,0.269047619047619,-0.4241897132246194,-2.851282051282052,0.0104248696891288,0,1,1,27780.0,24.375,,,,False,FRESH,4,HYST_PASSED_NQ_TRENDUP_NO_MACRO_2BAR,True,True,False,False,True,False,False,False,True,False,False,True,False,False
2026-05-04 16:00:57,2026-05-04 16:00:00,2026-05-04 16:00:00,NQ,BRACKET_MACRO,ROTATION_ILLIQUID,Transition,CASH_CLOSE,ROTATION_ILLIQUID,ROTATION_ILLIQUID,NONE,62,25,COMPRESSED_BALANCE_LOW_EDGE,LOCKED_AFTER_2_CONFIRMATIONS,0,0.484,1,CLOSE,39.89,NONE,0.3533834586466165,0.1519434628975265,0.482051282051282,15.0,3.0,17.45,0.8712352046085976,0.7434653613763857,0.2812256035483346,1,0.269047619047619,-0.4241897132246194,-2.851282051282052,0.0104248696891288,0,1,1,27780.0,24.375,,,,False,FRESH,1,HYST_BLOCK_TRANSITION_AGE_1_OF_2,False,True,False,False,False,False,False,False,False,False,False,False,False,False
2026-05-04 20:20:13,2026-05-04 16:00:00,2026-05-04 16:00:00,NQ,BRACKET_MACRO,ROTATION_ILLIQUID,TrendUp,CASH_CLOSE,TRANSITION,TRANSITION,NONE,50,100,MACRO_STALE_260.2MIN,UNCHANGED,0,0.0,0,CLOSE,39.89,NONE,0.3533834586466165,0.1519434628975265,0.482051282051282,15.0,3.0,17.45,0.8121953382616195,0.6334577034869828,0.3746307563991906,11,0.269047619047619,-0.4241897132246194,-2.851282051282052,0.0104248696891288,0,1,1,27780.0,24.375,,,,True,MACRO_STALE_260.2MIN,1,HYST_BLOCK_STALE_MACRO_STALE_260.2MIN,False,True,False,False,False,False,False,False,False,False,False,False,False,False
2026-05-05 08:21:24,2026-05-04 16:00:00,2026-05-04 16:00:00,NQ,BRACKET_MACRO,ROTATION_ILLIQUID,TrendUp,CASH_CLOSE,ROTATION_ILLIQUID,TRANSITION,NONE,62,20,COMPRESSED_BALANCE_LOW_EDGE,PENDING_ROTATION_ILLIQUID_1_OF_2,1,0.0,0,CLOSE,39.89,NONE,0.3533834586466165,0.1519434628975265,0.482051282051282,15.0,3.0,17.45,0.8121953382616195,0.6334577034869828,0.3746307563991906,11,0.269047619047619,-0.4241897132246194,-2.851282051282052,0.0104248696891288,0,1,1,27780.0,24.375,,,,False,FRESH,1,HYST_BLOCK_NQ_TRENDUP_NO_MACRO_AGE_1,False,True,False,False,False,False,False,False,False,False,False,False,False,False
2026-05-05 09:07:28,2026-04-27 11:05:00,2026-04-27 11:05:00,NQ,BRACKET_MACRO,ROTATION_ILLIQUID,TrendUp,MID_MORNING_DISCOVERY,TRANSITION,TRANSITION,NONE,50,100,MACRO_STALE_WRONG_SESSION_8D,UNCHANGED,0,0.0,0,POST_IB_AM,0.0,NONE,0.0,0.0,0.0,0.0,0.0,0.0,0.99993148899788,0.9998629779991718,0.0005232853141934,12,0.0,-0.6331706827849902,-1.353546291283162,0.0083197444174514,0,1,0,27340.0,46.175,,,,True,MACRO_STALE_WRONG_SESSION_8D,1,HYST_BLOCK_STALE_MACRO_STALE_WRONG_SESSION_8D,False,True,False,False,False,False,False,False,False,False,False,False,False,False
2026-05-05 09:07:29,2026-05-04 16:00:00,2026-05-04 16:00:00,NQ,BRACKET_MACRO,ROTATION_ILLIQUID,Transition,CASH_CLOSE,ROTATION_ILLIQUID,TRANSITION,NONE,62,25,COMPRESSED_BALANCE_LOW_EDGE,PENDING_ROTATION_ILLIQUID_1_OF_2,1,0.0,0,CLOSE,39.89,NONE,0.3533834586466165,0.1519434628975265,0.482051282051282,15.0,3.0,17.45,0.8741782440989811,0.7687259311282554,0.3131218865674343,1,0.269047619047619,-0.4241897132246194,-2.851282051282052,0.0104248696891288,0,1,1,27780.0,24.375,,,,False,FRESH,1,HYST_BLOCK_TRANSITION_AGE_1_OF_2,False,True,False,False,False,False,False,False,False,False,False,False,False,False
2026-05-05 09:30:54,2026-05-05 09:25:00,2026-05-05 09:25:00,NQ,UNRESOLVED,TRANSITION,Balance,PREMARKET_CONTEXT,TRANSITION,TRANSITION,NONE,55,0,OPENING_OR_UNRESOLVED_UNRESOLVED,UNCHANGED,0,0.0,0,PREMARKET,0.0,NONE,0.0,0.0,0.0,0.0,0.0,0.0,0.9999998655548642,0.9999997360530566,1.6467431112774777e-06,20,0.0,0.0,0.0,0.0,0,0,0,27998.0,0.0,,,,False,FRESH,1,HYST_BLOCK_BALANCE_AGE_1_OF_2,False,True,False,False,False,False,False,False,False,False,False,False,False,False
2026-05-05 09:32:31,2026-04-27 11:05:00,2026-04-27 11:05:00,NQ,BRACKET_MACRO,ROTATION_ILLIQUID,TrendUp,MID_MORNING_DISCOVERY,TRANSITION,TRANSITION,NONE,50,100,MACRO_STALE_WRONG_SESSION_8D,UNCHANGED,0,0.0,0,POST_IB_AM,0.0,NONE,0.0,0.0,0.0,0.0,0.0,0.0,0.99993148899788,0.9998629779991718,0.0005232853141934,12,0.0,-0.6331706827849902,-1.353546291283162,0.0083197444174514,0,1,0,27340.0,46.175,,,,True,MACRO_STALE_WRONG_SESSION_8D,1,HYST_BLOCK_STALE_MACRO_STALE_WRONG_SESSION_8D,False,True,False,False,False,False,False,False,False,False,False,False,False,False
2026-05-05 09:32:32,2026-05-05 09:25:00,2026-05-05 09:25:00,NQ,UNRESOLVED,TRANSITION,Balance,PREMARKET_CONTEXT,TRANSITION,TRANSITION,NONE,55,0,OPENING_OR_UNRESOLVED_UNRESOLVED,UNCHANGED,0,0.0,0,PREMARKET,0.0,NONE,0.0,0.0,0.0,0.0,0.0,0.0,0.9999856774454888,0.9999714180538034,0.0001258586992067,20,0.0,0.0,0.0,0.0,0,0,0,27998.0,0.0,,,,False,FRESH,1,HYST_BLOCK_BALANCE_AGE_1_OF_2,False,True,False,False,False,False,False,False,False,False,False,False,False,False
2026-05-05 09:34:05,2026-02-24 14:55:00,2026-02-24 14:55:00,NQ,BRACKET_MACRO,TREND_COMPRESSION,TrendDown,AFTERNOON_TREND_TEST,TRANSITION,TRANSITION,NONE,50,100,MACRO_STALE_WRONG_SESSION_70D,UNCHANGED,0,0.0,0,PM,71.05,LONG,1.0,0.2128027681660899,4.4720893141945774,10.0,2.0,90.25,0.9999999901119736,0.999999980223383,1.386093663107045e-07,6,0.6842105263157895,1.9007451943261289,2.200956937799043,0.0267255403207064,0,1,-1,24914.25,39.1875,,,,True,MACRO_STALE_WRONG_SESSION_70D,1,HYST_BLOCK_STALE_MACRO_STALE_WRONG_SESSION_70D,False,True,False,False,False,False,False,False,False,False,False,False,False,False
2026-05-05 09:34:07,2026-05-05 09:25:00,2026-05-05 09:25:00,NQ,UNRESOLVED,TRANSITION,Balance,PREMARKET_CONTEXT,TRANSITION,TRANSITION,NONE,55,0,OPENING_OR_UNRESOLVED_UNRESOLVED,UNCHANGED,0,0.0,0,PREMARKET,0.0,NONE,0.0,0.0,0.0,0.0,0.0,0.0,0.9999974864872212,0.9999957922908012,2.6335725655195327e-05,20,0.0,0.0,0.0,0.0,0,0,0,27998.0,0.0,,,,False,FRESH,1,HYST_BLOCK_BALANCE_AGE_1_OF_2,False,True,False,False,False,False,False,False,False,False,False,False,False,False
2026-05-05 09:35:40,2026-05-05 09:35:00,2026-05-05 09:30:00,NQ,OPENING_AUCTION,ROTATION_ILLIQUID,TrendDown,OPENING_AUCTION,TRANSITION,TRANSITION,NONE,55,20,OPENING_OR_UNRESOLVED_OPENING_AUCTION,UNCHANGED,0,0.0,1,OPEN,0.0,LONG,0.0,0.0,0.0,0.0,1.0,0.0,0.9999999999345164,0.999999999866221,1.2003839761854174e-09,1,0.0,0.5563456203497481,0.7147540983606557,0.1850594227504244,0,1,0,28025.25,38.125,,,,False,FRESH,1,HYST_BLOCK_TRENDDOWN_AGE_1_OF_2,False,True,False,False,False,False,False,False,False,False,False,False,False,False
2026-05-05 09:35:51,2026-05-05 09:35:00,2026-05-05 09:35:00,NQ,OPENING_AUCTION,ROTATION_ILLIQUID,TrendUp,OPENING_AUCTION,TRANSITION,TRANSITION,NONE,55,0,OPENING_OR_UNRESOLVED_OPENING_AUCTION,UNCHANGED,0,0.0,2,OPEN,0.0,LONG,0.0,0.0,0.0,0.0,1.0,0.0,0.8008445822799992,0.6016891645605313,0.3601178554899219,1,0.0,0.5563456203497481,0.7147540983606557,0.1850594227504244,0,1,0,28025.25,38.125,,,,False,FRESH,1,HYST_BLOCK_NQ_TRENDUP_NO_MACRO_AGE_1,False,True,False,False,False,False,False,False,False,False,False,False,False,False
2026-05-05 09:42:05,2026-05-05 09:40:00,2026-05-05 09:40:00,NQ,BALANCE_STRUCTURE,ROTATION_ILLIQUID,TrendUp,EARLY_TEST,TREND_COMPRESSION,TREND_COMPRESSION,LONG,66,10,MICRO_TREND_INSIDE_MACRO_STRUCTURE,LOCKED_IMMEDIATE,0,1.779,2,OPEN,50.82,LONG,1.0,0.0,1.1315280464216635,5.0,2.0,0.0,0.93595214348735,0.8719042869742017,0.1716540508596651,1,0.0,0.6277705364192613,1.1315280464216635,0.1940298507462686,0,1,0,28046.75,43.083333333333336,,,,False,FRESH,2,HYST_PASSED_TRENDUP_MACRO_CONFIRM,True,True,True,False,True,False,False,False,True,False,True,False,True,False
2026-05-05 09:46:54,2026-05-05 09:45:00,2026-05-05 09:45:00,NQ,BALANCE_STRUCTURE,ROTATION_ILLIQUID,TrendUp,FIRST_ACCEPTANCE,TREND_COMPRESSION,TREND_COMPRESSION,LONG,66,10,DEVELOPING_INITIATIVE_PHASE_AWARE,UNCHANGED,0,1.338,2,EARLY_AM,61.6,LONG,1.0,0.0,1.2041884816753927,10.0,3.0,0.0,0.8256354793378011,0.6512709586775446,0.3337961116221387,1,0.0,1.0797033571505297,1.774869109947644,0.2399150743099787,0,1,0,28082.75,47.75,,,,False,FRESH,3,HYST_PASSED_TRENDUP_MACRO_CONFIRM,True,True,True,False,True,False,False,False,True,False,True,False,True,False
2026-05-05 09:51:41,2026-05-05 09:50:00,2026-05-05 09:50:00,NQ,BALANCE_STRUCTURE,ROTATION_ILLIQUID,TrendUp,EARLY_CONTINUATION,TREND_COMPRESSION,TREND_COMPRESSION,LONG,65,0,BRACKET_MACRO_WITH_INITIATIVE_EVIDENCE,UNCHANGED,0,0.605,1,EARLY_AM,56.54,LONG,0.6271186440677966,0.8225806451612904,0.592948717948718,15.0,4.0,0.0,0.8614954548781226,0.7229909097553773,0.2901544556171546,1,0.0,0.6308037530022228,1.6346153846153848,0.1696230598669623,0,1,0,28074.5,46.8,,,,False,FRESH,4,HYST_PASSED_TRENDUP_MACRO_CONFIRM,True,True,True,False,True,False,False,False,True,False,True,False,True,False
2026-05-05 09:56:32,2026-05-05 09:55:00,2026-05-05 09:50:00,NQ,BALANCE_STRUCTURE,ROTATION_ILLIQUID,TrendDown,EARLY_CONTINUATION,ROTATION_ILLIQUID,TREND_COMPRESSION,LONG,62,20,COMPRESSED_BALANCE_LOW_EDGE,PENDING_ROTATION_ILLIQUID_1_OF_2,1,-0.268,2,EARLY_AM,64.28,NONE,1.0,0.6428571428571429,-0.2759889604415823,20.0,5.0,0.0,0.9736116454467324,0.9472232908915164,0.0879714510776882,5,0.0,0.3769954355267474,1.595216191352346,0.1265878230398598,0,1,0,28070.25,45.29166666666666,,,,False,FRESH,1,HYST_BLOCK_TRENDDOWN_AGE_1_OF_2,False,True,False,False,False,False,False,False,False,False,False,False,False,False
2026-05-05 09:56:42,2026-05-05 09:55:00,2026-05-05 09:55:00,NQ,BALANCE_STRUCTURE,ROTATION_ILLIQUID,TrendUp,EARLY_CONTINUATION,TREND_COMPRESSION,TREND_COMPRESSION,LONG,66,0,MICRO_TREND_INSIDE_MACRO_STRUCTURE,UNCHANGED,0,-0.268,2,EARLY_AM,64.28,NONE,1.0,0.6428571428571429,-0.2759889604415823,20.0,5.0,0.0,0.8579543613946912,0.7159087227885117,0.2947855924632854,1,0.0,0.3769954355267474,1.595216191352346,0.1265878230398598,0,1,0,28070.25,45.29166666666666,,,,False,FRESH,1,HYST_PASSED_TRENDUP_MACRO_CONFIRM,True,True,True,False,True,False,False,False,True,False,True,False,True,False
2026-05-05 10:01:20,2026-04-23 12:05:00,2026-04-23 12:05:00,NQ,BRACKET_MACRO,TREND_EXPANSION,TrendUp,LUNCH_AUCTION,TRANSITION,TRANSITION,NONE,50,100,MACRO_STALE_WRONG_SESSION_12D,UNCHANGED,0,0.0,0,LUNCH,77.37,LONG,0.912280701754386,0.5679012345679012,2.211589580010633,20.0,3.0,0.0,0.5754418720111693,0.1508837440189099,0.4917574931173562,3,1.729281767955801,2.576133905678827,4.104199893673578,0.0750826687414899,0,1,1,27039.75,23.5125,,,,True,MACRO_STALE_WRONG_SESSION_12D,1,HYST_BLOCK_STALE_MACRO_STALE_WRONG_SESSION_12D,False,True,False,False,False,False,False,False,False,False,False,False,False,False
2026-05-05 10:01:21,2026-05-05 10:00:00,2026-05-05 09:55:00,NQ,BALANCE_STRUCTURE,ROTATION_ILLIQUID,TrendUp,PRE_DECISION,TREND_COMPRESSION,TREND_COMPRESSION,LONG,64,0,BRACKET_MACRO_WITH_INITIATIVE_EVIDENCE,LOCKED_IMMEDIATE,0,0.0,0,EARLY_AM,55.13,LONG,0.5584415584415584,0.6062992125984252,0.2590361445783132,25.0,6.0,0.0,0.8511157752325234,0.7022315504683428,0.3035205094431929,1,0.0,0.7060746608526588,2.102409638554217,0.1345412490362374,0,1,0,28085.25,41.5,,,,False,FRESH,1,HYST_PASSED_TRENDUP_MACRO_CONFIRM,True,True,True,False,True,False,False,False,True,False,True,False,True,False
2026-05-05 10:01:31,2026-05-05 10:00:00,2026-05-05 10:00:00,NQ,BALANCE_STRUCTURE,ROTATION_ILLIQUID,TrendUp,PRE_DECISION,TREND_COMPRESSION,TREND_COMPRESSION,LONG,64,0,BRACKET_MACRO_WITH_INITIATIVE_EVIDENCE,UNCHANGED,0,0.0,0,EARLY_AM,55.13,LONG,0.5584415584415584,0.6062992125984252,0.2590361445783132,25.0,6.0,0.0,0.9940207985700388,0.9880415971364612,0.0263808490124152,2,0.0,0.7060746608526588,2.102409638554217,0.1345412490362374,0,1,0,28085.25,41.5,,,,False,FRESH,2,HYST_PASSED_TRENDUP_MACRO_CONFIRM,True,True,True,False,True,False,False,False,True,False,True,False,True,False
2026-05-05 10:06:12,2026-05-05 10:05:00,2026-05-05 10:00:00,NQ,BALANCE_STRUCTURE,ROTATION_ILLIQUID,TrendUp,END_FIRST_WINDOW,TREND_COMPRESSION,TREND_COMPRESSION,LONG,69,0,DEVELOPING_INITIATIVE_PHASE_AWARE,UNCHANGED,0,0.0,0,EARLY_AM,66.52,LONG,1.0,0.4011976047904191,0.7211093990755008,30.0,7.0,0.0,0.9965357746928076,0.9930715493845736,0.0166515693188836,2,0.0,0.9894848776723292,2.50231124807396,0.1346600331674958,0,1,0,28099.5,40.5625,,,,False,FRESH,3,HYST_PASSED_TRENDUP_MACRO_CONFIRM,True,True,True,False,True,False,False,False,True,False,True,False,True,False
2026-05-05 10:06:22,2026-05-05 10:05:00,2026-05-05 10:05:00,NQ,BALANCE_STRUCTURE,ROTATION_ILLIQUID,TrendUp,END_FIRST_WINDOW,TREND_COMPRESSION,TREND_COMPRESSION,LONG,69,0,DEVELOPING_INITIATIVE_PHASE_AWARE,UNCHANGED,0,0.0,0,EARLY_AM,66.52,LONG,1.0,0.4011976047904191,0.7211093990755008,30.0,7.0,0.0,0.9998358037257896,0.9996716074520474,0.0011505945175047,3,0.0,0.9894848776723292,2.50231124807396,0.1346600331674958,0,1,0,28099.5,40.5625,,,,False,FRESH,4,HYST_PASSED_TRENDUP_MACRO_CONFIRM,True,True,True,False,True,False,False,False,True,False,True,False,True,False
2026-05-05 10:09:23,2026-03-16 10:45:00,2026-03-16 10:45:00,NQ,BRACKET_MACRO,ROTATION_ILLIQUID,TrendUp,POST_IB_MACRO,TRANSITION,TRANSITION,NONE,50,100,MACRO_STALE_WRONG_SESSION_50D,UNCHANGED,0,0.0,0,POST_IB_AM,60.57,NONE,0.3888888888888889,0.5670995670995671,-0.2655601659751037,40.0,8.0,0.0,0.9990086264998844,0.998017252998228,0.0056608732381751,1,0.0,1.1616296070901413,1.7640782454060462,0.0574606116774791,0,1,0,24779.0,26.359375,,,,True,MACRO_STALE_WRONG_SESSION_50D,1,HYST_BLOCK_STALE_MACRO_STALE_WRONG_SESSION_50D,False,True,False,False,False,False,False,False,False,False,False,False,False,False
2026-05-05 10:09:24,2026-05-05 10:05:00,2026-05-05 10:05:00,NQ,BALANCE_STRUCTURE,ROTATION_ILLIQUID,TrendUp,END_FIRST_WINDOW,TREND_COMPRESSION,TREND_COMPRESSION,LONG,68,0,DEVELOPING_INITIATIVE_PHASE_AWARE,LOCKED_IMMEDIATE,0,0.0,0,EARLY_AM,66.15,LONG,1.0,0.4011976047904191,0.7101669195751138,30.0,7.0,0.0,0.99969631017382,0.999392620349744,0.0019933577145509,3,0.0,0.9744699326393652,2.464339908952959,0.1346600331674958,0,1,0,28099.5,41.1875,,,,False,FRESH,1,HYST_PASSED_TRENDUP_MACRO_CONFIRM,True,True,True,False,True,False,False,False,True,False,True,False,True,False
2026-05-05 10:11:01,2026-05-05 10:10:00,2026-05-05 10:05:00,NQ,BRACKET_MACRO,ROTATION_ILLIQUID,TrendUp,PRE_IB_MATURATION,TREND_COMPRESSION,TREND_COMPRESSION,LONG,69,0,DEVELOPING_INITIATIVE_PHASE_AWARE,UNCHANGED,0,0.0,0,EARLY_AM,66.68,LONG,1.0,0.7571428571428571,0.4169117647058823,35.0,8.0,0.0,0.9987062027548606,0.9974124055106932,0.0071391305637128,3,0.0,1.0327667197728314,2.726470588235294,0.1264967761743936,0,1,0,28101.0,37.77777777777778,,,,False,FRESH,2,HYST_PASSED_NQ_TRENDUP_NO_MACRO_2BAR,True,True,True,False,True,False,False,False,True,False,True,False,True,False
2026-05-05 10:11:11,2026-05-05 10:10:00,2026-05-05 10:10:00,NQ,BRACKET_MACRO,ROTATION_ILLIQUID,TrendUp,PRE_IB_MATURATION,TREND_COMPRESSION,TREND_COMPRESSION,LONG,69,0,DEVELOPING_INITIATIVE_PHASE_AWARE,UNCHANGED,0,0.0,0,EARLY_AM,66.68,LONG,1.0,0.7571428571428571,0.4169117647058823,35.0,8.0,0.0,0.9999493305326612,0.9998986610661104,0.0003980386141932,4,0.0,1.0327667197728314,2.726470588235294,0.1264967761743936,0,1,0,28101.0,37.77777777777778,,,,False,FRESH,3,HYST_PASSED_NQ_TRENDUP_NO_MACRO_2BAR,True,True,True,False,True,False,False,False,True,False,True,False,True,False
2026-05-05 10:15:50,2026-05-05 10:15:00,2026-05-05 10:10:00,NQ,BRACKET_MACRO,ROTATION_ILLIQUID,TrendUp,PRE_IB_MATURATION,TRANSITION,TRANSITION,NONE,50,30,NO_CLEAR_STAGE_C_ALIGNMENT,LOCKED_IMMEDIATE,0,-1.117,0,EARLY_AM,38.61,SHORT,0.93717277486911,0.2012987012987013,-1.0841913991520291,0.0,0.0,0.0,0.7986702969453247,0.597340593891907,0.3622897714052858,4,0.0,-0.2138974095973172,1.3749242883101152,0.0610051061542596,0,1,0,28054.75,41.275,,,,False,FRESH,4,HYST_PASSED_NQ_TRENDUP_NO_MACRO_2BAR,True,True,False,False,False,False,False,False,False,False,False,False,False,False
2026-05-05 10:16:01,2026-05-05 10:15:00,2026-05-05 10:15:00,NQ,BRACKET_MACRO,ROTATION_ILLIQUID,TrendUp,PRE_IB_MATURATION,TRANSITION,TRANSITION,NONE,50,30,NO_CLEAR_STAGE_C_ALIGNMENT,UNCHANGED,0,-1.117,0,EARLY_AM,38.61,SHORT,0.93717277486911,0.2012987012987013,-1.0841913991520291,0.0,0.0,0.0,0.99449059052228,0.9889811810443792,0.0246342229156563,5,0.0,-0.2138974095973172,1.3749242883101152,0.0610051061542596,0,1,0,28054.75,41.275,,,,False,FRESH,5,HYST_PASSED_NQ_TRENDUP_NO_MACRO_2BAR,True,True,False,False,False,False,False,False,False,False,False,False,False,False
2026-05-05 10:17:27,2026-03-16 10:45:00,2026-03-16 10:45:00,NQ,BRACKET_MACRO,ROTATION_ILLIQUID,TrendUp,POST_IB_MACRO,TRANSITION,TRANSITION,NONE,50,100,MACRO_STALE_WRONG_SESSION_50D,UNCHANGED,0,0.0,0,POST_IB_AM,60.57,NONE,0.3888888888888889,0.5670995670995671,-0.2655601659751037,40.0,8.0,0.0,0.9990086264998844,0.9980172529982207,0.0056608732382059,1,0.0,1.1616296070901413,1.7640782454060462,0.0574606116774791,0,1,0,24779.0,26.359375,,,,True,MACRO_STALE_WRONG_SESSION_50D,1,HYST_BLOCK_STALE_MACRO_STALE_WRONG_SESSION_50D,False,True,False,False,False,False,False,False,False,False,False,False,False,False
2026-05-05 10:17:28,2026-05-05 10:15:00,2026-05-05 10:15:00,NQ,BRACKET_MACRO,ROTATION_ILLIQUID,TrendUp,PRE_IB_MATURATION,ROTATION_ILLIQUID,TRANSITION,NONE,62,20,COMPRESSED_BALANCE_LOW_EDGE,PENDING_ROTATION_ILLIQUID_1_OF_2,1,0.0,0,EARLY_AM,38.53,SHORT,0.93717277486911,0.2012987012987013,-1.050469483568075,0.0,0.0,0.0,0.99449059052228,0.9889811810443792,0.0246342229156563,5,0.0,-0.2072444972096072,1.3321596244131455,0.0610051061542596,0,1,0,28054.75,42.6,,,,False,FRESH,1,HYST_BLOCK_NQ_TRENDUP_NO_MACRO_AGE_1,False,True,False,False,False,False,False,False,False,False,False,False,False,False
2026-05-05 10:20:42,2026-05-05 10:20:00,2026-05-05 10:15:00,NQ,BRACKET_MACRO,ROTATION_ILLIQUID,TrendDown,PRE_IB_MATURATION,ROTATION_ILLIQUID,ROTATION_ILLIQUID,NONE,62,20,COMPRESSED_BALANCE_LOW_EDGE,LOCKED_AFTER_2_CONFIRMATIONS,0,0.0,0,EARLY_AM,40.49,SHORT,1.0,0.5019762845849802,-1.1285097192224622,0.0,0.0,0.0,0.7094191782977102,0.4188383565926831,0.4347351753622481,2,0.0,-0.2130447842435497,1.3185745140388767,0.0516759776536312,0,1,0,28053.5,42.09090909090909,,,,False,FRESH,1,HYST_BLOCK_TRENDDOWN_AGE_1_OF_2,False,True,False,False,False,False,False,False,False,False,False,False,False,False
2026-05-05 10:20:53,2026-05-05 10:20:00,2026-05-05 10:20:00,NQ,BRACKET_MACRO,ROTATION_ILLIQUID,TrendUp,PRE_IB_MATURATION,ROTATION_ILLIQUID,ROTATION_ILLIQUID,NONE,62,20,COMPRESSED_BALANCE_LOW_EDGE,UNCHANGED,0,0.0,1,EARLY_AM,40.49,SHORT,1.0,0.5019762845849802,-1.1285097192224622,0.0,0.0,0.0,0.7918680073329568,0.5837360146674201,0.3689484533974209,6,0.0,-0.2130447842435497,1.3185745140388767,0.0516759776536312,0,1,0,28053.5,42.09090909090909,,,,False,FRESH,1,HYST_BLOCK_NQ_TRENDUP_NO_MACRO_AGE_1,False,True,False,False,False,False,False,False,False,False,False,False,False,False
2026-05-05 10:25:32,2026-05-05 10:25:00,2026-05-05 10:20:00,NQ,BRACKET_MACRO,ROTATION_ILLIQUID,TrendDown,NEAR_IB_CONDITION,TRANSITION,TRANSITION,NONE,50,30,NO_CLEAR_STAGE_C_ALIGNMENT,LOCKED_IMMEDIATE,0,1.254,0,EARLY_AM,48.39,LONG,0.9557522123893806,0.0887290167865707,1.2129153018249883,0.0,1.0,0.0,0.9999915323927944,0.999983064787131,7.744600712016802e-05,3,0.0,1.004068089140629,2.487599438465138,0.0929500629458665,0,1,0,28108.75,44.520833333333336,,,,False,FRESH,1,HYST_BLOCK_TRENDDOWN_AGE_1_OF_2,False,True,False,False,False,False,False,False,False,False,False,False,False,False
2026-05-05 10:25:43,2026-05-05 10:25:00,2026-05-05 10:25:00,NQ,BRACKET_MACRO,ROTATION_ILLIQUID,TrendUp,NEAR_IB_CONDITION,TREND_COMPRESSION,TREND_COMPRESSION,LONG,66,10,MICRO_TREND_INSIDE_MACRO_STRUCTURE,LOCKED_IMMEDIATE,0,1.254,1,EARLY_AM,48.39,LONG,0.9557522123893806,0.0887290167865707,1.2129153018249883,0.0,1.0,0.0,0.9446292710853896,0.8892585421702731,0.154393743494347,1,0.0,1.004068089140629,2.487599438465138,0.0929500629458665,0,1,0,28108.75,44.520833333333336,,,,False,FRESH,1,HYST_BLOCK_NQ_TRENDUP_NO_MACRO_AGE_1,False,True,False,False,False,False,False,False,False,False,False,False,False,False
2026-05-05 10:27:09,2026-03-16 10:45:00,2026-03-16 10:45:00,NQ,BRACKET_MACRO,ROTATION_ILLIQUID,TrendUp,POST_IB_MACRO,TRANSITION,TRANSITION,NONE,50,100,MACRO_STALE_WRONG_SESSION_50D,UNCHANGED,0,0.0,0,POST_IB_AM,60.57,NONE,0.3888888888888889,0.5670995670995671,-0.2655601659751037,40.0,8.0,0.0,0.9990086264998844,0.998017252998228,0.0056608732381751,1,0.0,1.1616296070901413,1.7640782454060462,0.0574606116774791,0,1,0,24779.0,26.359375,,,,True,MACRO_STALE_WRONG_SESSION_50D,1,HYST_BLOCK_STALE_MACRO_STALE_WRONG_SESSION_50D,False,True,False,False,False,False,False,False,False,False,False,False,False,False
2026-05-05 10:27:10,2026-05-05 10:25:00,2026-05-05 10:25:00,NQ,BRACKET_MACRO,ROTATION_ILLIQUID,TrendUp,NEAR_IB_CONDITION,TREND_COMPRESSION,TREND_COMPRESSION,LONG,66,0,MICRO_TREND_INSIDE_MACRO_STRUCTURE,LOCKED_IMMEDIATE,0,0.0,0,EARLY_AM,48.02,LONG,0.9557522123893806,0.0887290167865707,1.1749773345421577,0.0,1.0,0.0,0.9446292710853896,0.8892585421702731,0.154393743494347,1,0.0,0.9726625142763028,2.4097914777878517,0.0929500629458665,0,1,0,28108.75,45.958333333333336,,,,False,FRESH,1,HYST_BLOCK_NQ_TRENDUP_NO_MACRO_AGE_1,False,True,False,False,False,False,False,False,False,False,False,False,False,False
2026-05-05 10:31:59,2026-05-05 10:30:00,2026-05-05 10:30:00,NQ,BRACKET_MACRO,ROTATION_ILLIQUID,TrendDown,NEAR_IB_CONDITION,TREND_COMPRESSION,TREND_COMPRESSION,LONG,61,20,BRACKET_MACRO_WITH_INITIATIVE_EVIDENCE,UNCHANGED,0,0.0,1,EARLY_AM,57.36,LONG,1.0,0.1629955947136563,1.5072463768115942,5.0,2.0,0.0,0.999751610030416,0.9995032200579036,0.0016664012904448,5,0.0,1.1883923900481943,2.774703557312253,0.0956692913385826,0,1,0,28119.5,43.78846153846154,,,,False,FRESH,1,HYST_BLOCK_TRENDDOWN_AGE_1_OF_2,False,True,False,False,False,False,False,False,False,False,False,False,False,False
2026-05-05 10:35:12,2026-04-06 11:55:00,2026-04-06 11:55:00,NQ,BRACKET_MACRO,ROTATION_ILLIQUID,TrendUp,MID_MORNING_DISCOVERY,TRANSITION,TRANSITION,NONE,50,100,MACRO_STALE_WRONG_SESSION_29D,UNCHANGED,0,0.0,0,POST_IB_AM,52.64,NONE,0.0458715596330275,0.4316939890710382,0.0599161174355901,100.0,13.0,0.0,0.9999792380158224,0.9999584760314604,0.0001764600102915,14,0.2771084337349397,-0.6334767912388536,-3.391252246854404,0.0563408321720087,0,1,0,24309.25,20.8625,,,,True,MACRO_STALE_WRONG_SESSION_29D,1,HYST_BLOCK_STALE_MACRO_STALE_WRONG_SESSION_29D,False,True,False,False,False,False,False,False,False,False,False,False,False,False
2026-05-05 10:35:13,2026-05-05 10:30:00,2026-05-05 10:30:00,NQ,BRACKET_MACRO,ROTATION_ILLIQUID,TrendDown,NEAR_IB_CONDITION,TREND_COMPRESSION,TREND_COMPRESSION,LONG,61,20,BRACKET_MACRO_WITH_INITIATIVE_EVIDENCE,LOCKED_IMMEDIATE,0,0.0,0,EARLY_AM,57.22,LONG,1.0,0.1629955947136563,1.4915254237288136,5.0,2.0,0.0,0.9999866439630464,0.9999732879252264,0.0001177657529469,5,0.0,1.1759971630333503,2.7457627118644066,0.0956692913385826,0,1,0,28119.5,44.25,,,,False,FRESH,1,HYST_BLOCK_TRENDDOWN_AGE_1_OF_2,False,True,False,False,False,False,False,False,False,False,False,False,False,False
2026-05-05 10:36:49,2026-05-05 10:35:00,2026-05-05 10:35:00,NQ,BRACKET_MACRO,ROTATION_ILLIQUID,TrendUp,POST_IB_MACRO,TREND_COMPRESSION,TREND_COMPRESSION,LONG,67,0,DEVELOPING_INITIATIVE_PHASE_AWARE,UNCHANGED,0,0.0,1,POST_IB_AM,63.0,LONG,1.0,0.9662162162162162,0.4166666666666667,10.0,3.0,0.0,0.9099364400484092,0.8198728800954798,0.2183409681626172,1,0.0,1.3449438962475793,3.0535714285714284,0.0953354395093848,0,1,0,28126.25,42.0,,,,False,FRESH,1,HYST_BLOCK_NQ_TRENDUP_NO_MACRO_AGE_1,False,True,False,False,False,False,False,False,False,False,False,False,False,False
2026-05-05 10:46:29,2026-05-05 10:45:00,2026-05-05 10:40:00,NQ,BRACKET_MACRO,ROTATION_ILLIQUID,TrendUp,POST_IB_MACRO,TRANSITION,TRANSITION,NONE,50,30,NO_CLEAR_STAGE_C_ALIGNMENT,LOCKED_IMMEDIATE,0,-0.747,1,POST_IB_AM,51.57,NONE,0.7032967032967034,0.3049327354260089,-0.7562776957163959,20.0,4.0,0.0,0.9969510704521416,0.993902140905262,0.0149366676409109,2,0.0,0.3437091736162516,2.1152141802067947,0.0598862495817999,0,1,0,28087.5,42.3125,,,,False,FRESH,2,HYST_PASSED_NQ_TRENDUP_NO_MACRO_2BAR,True,True,False,False,False,False,False,False,False,False,False,False,False,False
2026-05-05 10:46:39,2026-05-05 10:45:00,2026-05-05 10:45:00,NQ,BRACKET_MACRO,ROTATION_ILLIQUID,TrendUp,POST_IB_MACRO,TRANSITION,TRANSITION,NONE,50,30,NO_CLEAR_STAGE_C_ALIGNMENT,UNCHANGED,0,-0.747,1,POST_IB_AM,51.57,NONE,0.7032967032967034,0.3049327354260089,-0.7562776957163959,20.0,4.0,0.0,0.997754480404715,0.9955089608118344,0.0114968458719723,3,0.0,0.3437091736162516,2.1152141802067947,0.0598862495817999,0,1,0,28087.5,42.3125,,,,False,FRESH,3,HYST_PASSED_NQ_TRENDUP_NO_MACRO_2BAR,True,True,False,False,False,False,False,False,False,False,False,False,False,False
2026-05-05 10:56:08,2026-05-05 10:55:00,2026-05-05 10:50:00,NQ,BRACKET_MACRO,ROTATION_ILLIQUID,TrendUp,POST_IB_MACRO,TREND_COMPRESSION,TREND_COMPRESSION,LONG,66,0,MICRO_TREND_INSIDE_MACRO_STRUCTURE,LOCKED_IMMEDIATE,0,-0.451,1,POST_IB_AM,39.57,NONE,0.3191489361702128,0.0163934426229508,-0.4634397528321318,30.0,5.0,0.0,0.9998091434936822,0.9996182869873116,0.0013166981737815,4,0.0,0.8275726929125466,2.706488156539649,0.0669724770642201,0,1,0,28107.5,40.458333333333336,,,,False,FRESH,4,HYST_PASSED_NQ_TRENDUP_NO_MACRO_2BAR,True,True,True,False,True,False,False,False,True,False,True,False,True,False
2026-05-05 10:56:18,2026-05-05 10:55:00,2026-05-05 10:55:00,NQ,BRACKET_MACRO,ROTATION_ILLIQUID,TrendUp,POST_IB_MACRO,TREND_COMPRESSION,TREND_COMPRESSION,LONG,66,0,MICRO_TREND_INSIDE_MACRO_STRUCTURE,UNCHANGED,0,-0.451,0,POST_IB_AM,39.57,NONE,0.3191489361702128,0.0163934426229508,-0.4634397528321318,30.0,5.0,0.0,0.9994436712563364,0.9988873425136284,0.0034086452324029,5,0.0,0.8275726929125466,2.706488156539649,0.0669724770642201,0,1,0,28107.5,40.458333333333336,,,,False,FRESH,5,HYST_PASSED_NQ_TRENDUP_NO_MACRO_2BAR,True,True,True,False,True,False,False,False,True,False,True,False,True,False
2026-05-05 11:05:49,2026-05-05 11:05:00,2026-05-05 11:00:00,NQ,BRACKET_MACRO,ROTATION_ILLIQUID,TrendUp,MID_MORNING_DISCOVERY,TREND_COMPRESSION,TREND_COMPRESSION,LONG,72,10,DEVELOPING_INITIATIVE_PHASE_AWARE,UNCHANGED,0,0.841,0,POST_IB_AM,71.77,LONG,1.0,0.0251572327044025,0.8822575413558222,40.0,6.0,0.0,0.999890640522864,0.9997812810463784,0.0007983925443234,6,0.0,1.1901008774232225,3.2046707752189425,0.0705311250713877,0,1,0,28121.5,38.5375,,,,False,FRESH,6,HYST_PASSED_NQ_TRENDUP_NO_MACRO_2BAR,True,True,True,False,True,False,False,False,True,False,True,False,True,False
2026-05-05 11:05:59,2026-05-05 11:05:00,2026-05-05 11:05:00,NQ,BRACKET_MACRO,ROTATION_ILLIQUID,TrendUp,MID_MORNING_DISCOVERY,TREND_COMPRESSION,TREND_COMPRESSION,LONG,72,10,DEVELOPING_INITIATIVE_PHASE_AWARE,UNCHANGED,0,0.841,0,POST_IB_AM,71.77,LONG,1.0,0.0251572327044025,0.8822575413558222,40.0,6.0,0.0,0.9998423497025726,0.9996846994036096,0.0011093509258611,7,0.0,1.1901008774232225,3.2046707752189425,0.0705311250713877,0,1,0,28121.5,38.5375,,,,False,FRESH,7,HYST_PASSED_NQ_TRENDUP_NO_MACRO_2BAR,True,True,True,False,True,False,False,False,True,False,True,False,True,False
2026-05-05 11:15:32,2026-05-05 11:15:00,2026-05-05 11:10:00,NQ,BRACKET_MACRO,ROTATION_ILLIQUID,TrendUp,MID_MORNING_DISCOVERY,TREND_COMPRESSION,TREND_COMPRESSION,LONG,70,0,DEVELOPING_INITIATIVE_PHASE_AWARE,UNCHANGED,0,0.642,0,POST_IB_AM,68.45,LONG,1.0,0.069069069069069,0.6916019760056458,50.0,7.0,0.0,0.9998297081914134,0.9996594163811204,0.0011888305857878,8,0.0,1.53203685925401,3.7826393789696544,0.0718209835186922,0,1,0,28132.0,35.425,,,,False,FRESH,8,HYST_PASSED_NQ_TRENDUP_NO_MACRO_2BAR,True,True,True,False,True,False,False,False,True,False,True,False,True,False
2026-05-05 11:15:42,2026-05-05 11:15:00,2026-05-05 11:15:00,NQ,BRACKET_MACRO,ROTATION_ILLIQUID,TrendUp,MID_MORNING_DISCOVERY,TREND_COMPRESSION,TREND_COMPRESSION,LONG,70,0,DEVELOPING_INITIATIVE_PHASE_AWARE,UNCHANGED,0,0.642,0,POST_IB_AM,68.45,LONG,1.0,0.069069069069069,0.6916019760056458,50.0,7.0,0.0,0.9997953487000812,0.9995906974001276,0.0014015638370414,9,0.0,1.53203685925401,3.7826393789696544,0.0718209835186922,0,1,0,28132.0,35.425,,,,False,FRESH,9,HYST_PASSED_NQ_TRENDUP_NO_MACRO_2BAR,True,True,True,False,True,False,False,False,True,False,True,False,True,False
2026-05-05 11:26:52,2026-05-05 11:25:00,2026-05-05 11:25:00,NQ,BRACKET_MACRO,ROTATION_ILLIQUID,TrendUp,MID_MORNING_DISCOVERY,TREND_COMPRESSION,TREND_COMPRESSION,LONG,67,0,DEVELOPING_INITIATIVE_PHASE_AWARE,UNCHANGED,0,0.042,0,POST_IB_AM,63.91,LONG,0.0769230769230769,0.6635514018691588,0.0459770114942528,60.0,8.0,0.0,0.9999249106294028,0.99984982125518,0.000568564446107,11,0.0,1.312361069726227,3.8314176245210727,0.0636861546299834,0,1,0,28123.0,32.625,,,,False,FRESH,10,HYST_PASSED_NQ_TRENDUP_NO_MACRO_2BAR,True,True,True,False,True,False,False,False,True,False,True,False,True,False
2026-05-05 11:33:22,2026-04-27 11:05:00,2026-04-27 11:05:00,NQ,BRACKET_MACRO,ROTATION_ILLIQUID,TrendUp,MID_MORNING_DISCOVERY,TRANSITION,TRANSITION,NONE,50,100,MACRO_STALE_WRONG_SESSION_8D,UNCHANGED,0,0.0,0,POST_IB_AM,0.0,NONE,0.0,0.0,0.0,0.0,0.0,0.0,0.99993148899788,0.9998629779991718,0.0005232853141934,12,0.0,-0.6331706827849902,-1.353546291283162,0.0083197444174514,0,1,0,27340.0,46.175,,,,True,MACRO_STALE_WRONG_SESSION_8D,1,HYST_BLOCK_STALE_MACRO_STALE_WRONG_SESSION_8D,False,True,False,False,False,False,False,False,False,False,False,False,False,False
2026-05-05 11:33:23,2026-05-05 11:25:00,2026-05-05 11:25:00,NQ,BRACKET_MACRO,ROTATION_ILLIQUID,TrendUp,MID_MORNING_DISCOVERY,TREND_COMPRESSION,TREND_COMPRESSION,LONG,67,0,DEVELOPING_INITIATIVE_PHASE_AWARE,LOCKED_IMMEDIATE,0,0.0,0,POST_IB_AM,63.91,LONG,0.0769230769230769,0.6635514018691588,0.0455580865603644,60.0,8.0,0.0,0.9999954945843996,0.9999909891665212,4.325786576538905e-05,11,0.0,1.300403337883619,3.796507213363706,0.0636861546299834,0,1,0,28123.0,32.925,,,,False,FRESH,1,HYST_BLOCK_NQ_TRENDUP_NO_MACRO_AGE_1,False,True,False,False,False,False,False,False,False,False,False,False,False,False
2026-05-05 11:36:36,2026-05-05 11:35:00,2026-05-05 11:35:00,NQ,BRACKET_MACRO,ROTATION_ILLIQUID,TrendUp,MID_MORNING_DISCOVERY,TREND_COMPRESSION,TREND_COMPRESSION,LONG,66,0,MICRO_TREND_INSIDE_MACRO_STRUCTURE,UNCHANGED,0,0.0,0,POST_IB_AM,63.07,NONE,1.0,0.3154362416107382,-0.4050833995234312,70.0,9.0,0.0,0.999607504186933,0.9992150083711832,0.0025036222783921,13,0.0,1.1807116538536468,3.8522637013502776,0.0585042219541616,0,1,0,28119.25,31.475,,,,False,FRESH,2,HYST_PASSED_NQ_TRENDUP_NO_MACRO_2BAR,True,True,True,False,True,False,False,False,True,False,True,False,True,False
2026-05-05 11:44:38,2026-04-27 11:05:00,2026-04-27 11:05:00,NQ,BRACKET_MACRO,ROTATION_ILLIQUID,TrendUp,MID_MORNING_DISCOVERY,TRANSITION,TRANSITION,NONE,50,100,MACRO_STALE_WRONG_SESSION_8D,UNCHANGED,0,0.0,0,POST_IB_AM,0.0,NONE,0.0,0.0,0.0,0.0,0.0,0.0,0.99993148899788,0.9998629779991718,0.0005232853141934,12,0.0,-0.6331706827849902,-1.353546291283162,0.0083197444174514,0,1,0,27340.0,46.175,,,,True,MACRO_STALE_WRONG_SESSION_8D,1,HYST_BLOCK_STALE_MACRO_STALE_WRONG_SESSION_8D,False,True,False,False,False,False,False,False,False,False,False,False,False,False
2026-05-05 11:44:39,2026-05-05 11:35:00,2026-05-05 11:35:00,NQ,BRACKET_MACRO,ROTATION_ILLIQUID,TrendUp,MID_MORNING_DISCOVERY,TREND_COMPRESSION,TREND_COMPRESSION,LONG,66,0,MICRO_TREND_INSIDE_MACRO_STRUCTURE,LOCKED_IMMEDIATE,0,0.0,0,POST_IB_AM,62.79,NONE,1.0,0.3154362416107382,-0.39984319874559,70.0,9.0,0.0,0.9995082428834704,0.9990164857671098,0.0030567884716902,13,0.0,1.1654378457089312,3.802430419443356,0.0585042219541616,0,1,0,28119.25,31.8875,,,,False,FRESH,1,HYST_BLOCK_NQ_TRENDUP_NO_MACRO_AGE_1,False,True,False,False,False,False,False,False,False,False,False,False,False,False
2026-05-05 11:46:14,2026-05-05 11:45:00,2026-05-05 11:40:00,NQ,BRACKET_MACRO,ROTATION_ILLIQUID,TrendUp,MID_MORNING_DISCOVERY,TREND_COMPRESSION,TREND_COMPRESSION,LONG,66,0,MICRO_TREND_INSIDE_MACRO_STRUCTURE,UNCHANGED,0,0.0,0,POST_IB_AM,52.31,LONG,0.6103896103896104,0.3419354838709677,0.3913405495420483,80.0,10.0,0.0,0.9999072466470744,0.99981449329617,0.000688177422557,14,0.004601226993865,1.6829540054529029,4.554537885095754,0.063258933734243,0,1,0,28134.75,30.025,,,,False,FRESH,2,HYST_PASSED_NQ_TRENDUP_NO_MACRO_2BAR,True,True,True,False,True,False,False,False,True,False,True,False,True,False
2026-05-05 11:46:24,2026-05-05 11:45:00,2026-05-05 11:45:00,NQ,BRACKET_MACRO,ROTATION_ILLIQUID,TrendUp,MID_MORNING_DISCOVERY,TREND_COMPRESSION,TREND_COMPRESSION,LONG,66,0,MICRO_TREND_INSIDE_MACRO_STRUCTURE,UNCHANGED,0,0.0,0,POST_IB_AM,52.31,LONG,0.6103896103896104,0.3419354838709677,0.3913405495420483,80.0,10.0,0.0,0.9997651678001332,0.9995303355979152,0.0015849538912661,15,0.004601226993865,1.6829540054529029,4.554537885095754,0.063258933734243,0,1,0,28134.75,30.025,,,,False,FRESH,3,HYST_PASSED_NQ_TRENDUP_NO_MACRO_2BAR,True,True,True,False,True,False,False,False,True,False,True,False,True,False
2026-05-05 11:54:17,2026-04-27 11:05:00,2026-04-27 11:05:00,NQ,BRACKET_MACRO,ROTATION_ILLIQUID,TrendUp,MID_MORNING_DISCOVERY,TRANSITION,TRANSITION,NONE,50,100,MACRO_STALE_WRONG_SESSION_8D,UNCHANGED,0,0.0,0,POST_IB_AM,0.0,NONE,0.0,0.0,0.0,0.0,0.0,0.0,0.99993148899788,0.9998629779991718,0.0005232853141934,12,0.0,-0.6331706827849902,-1.353546291283162,0.0083197444174514,0,1,0,27340.0,46.175,,,,True,MACRO_STALE_WRONG_SESSION_8D,1,HYST_BLOCK_STALE_MACRO_STALE_WRONG_SESSION_8D,False,True,False,False,False,False,False,False,False,False,False,False,False,False
2026-05-05 11:54:18,2026-05-05 11:45:00,2026-05-05 11:45:00,NQ,BRACKET_MACRO,ROTATION_ILLIQUID,TrendUp,MID_MORNING_DISCOVERY,TREND_COMPRESSION,TREND_COMPRESSION,LONG,66,0,MICRO_TREND_INSIDE_MACRO_STRUCTURE,LOCKED_IMMEDIATE,0,0.0,0,POST_IB_AM,52.17,LONG,0.6103896103896104,0.3419354838709677,0.3843008994276369,80.0,10.0,0.0,0.999977638132724,0.999955276266776,0.0001888602571565,15,0.004601226993865,1.6526800985682226,4.472608340147179,0.063258933734243,0,1,0,28134.75,30.575,,,,False,FRESH,1,HYST_BLOCK_NQ_TRENDUP_NO_MACRO_AGE_1,False,True,False,False,False,False,False,False,False,False,False,False,False,False
2026-05-05 11:55:52,2026-05-05 11:55:00,2026-05-05 11:50:00,NQ,BRACKET_MACRO,ROTATION_ILLIQUID,TrendUp,MID_MORNING_DISCOVERY,TREND_COMPRESSION,TREND_COMPRESSION,LONG,70,0,DEVELOPING_INITIATIVE_PHASE_AWARE,UNCHANGED,0,0.0,0,POST_IB_AM,68.77,LONG,1.0,0.1707317073170731,0.6966618287373004,90.0,11.0,0.0,0.9999155460548872,0.9998310921116866,0.0006323113109879,16,0.0199386503067484,1.9826792355520209,5.389453313981616,0.0622624636709143,0,1,0,28137.25,25.8375,,,,False,FRESH,2,HYST_PASSED_NQ_TRENDUP_NO_MACRO_2BAR,True,True,True,False,True,False,False,False,True,False,True,False,True,False
2026-05-05 11:56:03,2026-05-05 11:55:00,2026-05-05 11:55:00,NQ,BRACKET_MACRO,ROTATION_ILLIQUID,TrendUp,MID_MORNING_DISCOVERY,TREND_COMPRESSION,TREND_COMPRESSION,LONG,70,0,DEVELOPING_INITIATIVE_PHASE_AWARE,UNCHANGED,0,0.0,0,POST_IB_AM,68.77,LONG,1.0,0.1707317073170731,0.6966618287373004,90.0,11.0,0.0,0.999901340204397,0.9998026804122508,0.0007276062070417,17,0.0199386503067484,1.9826792355520209,5.389453313981616,0.0622624636709143,0,1,0,28137.25,25.8375,,,,False,FRESH,3,HYST_PASSED_NQ_TRENDUP_NO_MACRO_2BAR,True,True,True,False,True,False,False,False,True,False,True,False,True,False
2026-05-05 12:05:32,2026-05-05 12:05:00,2026-05-05 12:00:00,NQ,BRACKET_MACRO,ROTATION_ILLIQUID,TrendUp,LUNCH_AUCTION,TREND_COMPRESSION,TREND_COMPRESSION,LONG,66,15,MICRO_TREND_INSIDE_MACRO_STRUCTURE,UNCHANGED,0,-0.048,0,LUNCH,36.85,NONE,0.2,0.4117647058823529,-0.0562113546936481,100.0,12.0,0.0,0.9997286022085616,0.9994572044166504,0.0018034115463976,18,0.0,2.075744611083516,6.093310848791456,0.0582921058292105,0,1,0,28133.5,22.2375,,,,False,FRESH,4,HYST_PASSED_NQ_TRENDUP_NO_MACRO_2BAR,True,True,False,False,True,False,False,False,True,False,True,False,False,False
2026-05-05 12:05:42,2026-05-05 12:05:00,2026-05-05 12:05:00,NQ,BRACKET_MACRO,ROTATION_ILLIQUID,TrendUp,LUNCH_AUCTION,TREND_COMPRESSION,TREND_COMPRESSION,LONG,66,15,MICRO_TREND_INSIDE_MACRO_STRUCTURE,UNCHANGED,0,-0.048,0,LUNCH,36.85,NONE,0.2,0.4117647058823529,-0.0562113546936481,100.0,12.0,0.0,0.9996193108865083,0.9992386217711056,0.0024366995572339,19,0.0,2.075744611083516,6.093310848791456,0.0582921058292105,0,1,0,28133.5,22.2375,,,,False,FRESH,5,HYST_PASSED_NQ_TRENDUP_NO_MACRO_2BAR,True,True,False,False,True,False,False,False,True,False,True,False,False,False
2026-05-05 12:16:42,2026-03-16 10:45:00,2026-03-16 10:45:00,NQ,BRACKET_MACRO,ROTATION_ILLIQUID,TrendUp,POST_IB_MACRO,TRANSITION,TRANSITION,NONE,50,100,MACRO_STALE_WRONG_SESSION_50D,UNCHANGED,0,0.0,0,POST_IB_AM,60.57,NONE,0.3888888888888889,0.5670995670995671,-0.2655601659751037,40.0,8.0,0.0,0.9990086264998844,0.9980172529982352,0.0056608732381443,1,0.0,1.1616296070901413,1.7640782454060462,0.0574606116774791,0,1,0,24779.0,26.359375,,,,True,MACRO_STALE_WRONG_SESSION_50D,1,HYST_BLOCK_STALE_MACRO_STALE_WRONG_SESSION_50D,False,True,False,False,False,False,False,False,False,False,False,False,False,False
2026-05-05 12:16:44,2026-05-05 12:15:00,2026-05-05 12:15:00,NQ,BRACKET_MACRO,ROTATION_ILLIQUID,TrendUp,LUNCH_AUCTION,TREND_COMPRESSION,TREND_COMPRESSION,LONG,66,15,MICRO_TREND_INSIDE_MACRO_STRUCTURE,LOCKED_IMMEDIATE,0,0.0,0,LUNCH,58.86,LONG,0.5945945945945946,0.7945205479452054,0.5343047965998786,110.0,13.0,0.0,0.9997759415737734,0.999551883150362,0.0015198298306089,21,0.0874233128834355,2.8770832226753185,7.298117789921069,0.0630177204571668,0,1,0,28148.25,20.5875,,,,False,FRESH,1,HYST_BLOCK_NQ_TRENDUP_NO_MACRO_AGE_1,False,True,False,False,False,False,False,False,False,False,False,False,False,False
2026-05-05 12:24:42,2026-03-16 10:45:00,2026-03-16 10:45:00,NQ,BRACKET_MACRO,ROTATION_ILLIQUID,TrendUp,POST_IB_MACRO,TRANSITION,TRANSITION,NONE,50,100,MACRO_STALE_WRONG_SESSION_50D,UNCHANGED,0,0.0,0,POST_IB_AM,60.57,NONE,0.3888888888888889,0.5670995670995671,-0.2655601659751037,40.0,8.0,0.0,0.9990086264998844,0.9980172529982207,0.0056608732382059,1,0.0,1.1616296070901413,1.7640782454060462,0.0574606116774791,0,1,0,24779.0,26.359375,,,,True,MACRO_STALE_WRONG_SESSION_50D,1,HYST_BLOCK_STALE_MACRO_STALE_WRONG_SESSION_50D,False,True,False,False,False,False,False,False,False,False,False,False,False,False
2026-05-05 12:24:43,2026-05-05 12:15:00,2026-05-05 12:15:00,NQ,BRACKET_MACRO,ROTATION_ILLIQUID,TrendUp,LUNCH_AUCTION,TREND_COMPRESSION,TREND_COMPRESSION,LONG,66,15,MICRO_TREND_INSIDE_MACRO_STRUCTURE,LOCKED_IMMEDIATE,0,0.0,0,LUNCH,58.86,LONG,0.5945945945945946,0.7945205479452054,0.5213270142180094,110.0,13.0,0.0,0.999931720626699,0.9998634412555102,0.0005216829548764,21,0.0874233128834355,2.807201461934981,7.12085308056872,0.0630177204571668,0,1,0,28148.25,21.1,,,,False,FRESH,1,HYST_BLOCK_NQ_TRENDUP_NO_MACRO_AGE_1,False,True,False,False,False,False,False,False,False,False,False,False,False,False
2026-05-05 12:26:19,2026-05-05 12:25:00,2026-05-05 12:20:00,NQ,BRACKET_MACRO,ROTATION_ILLIQUID,TrendUp,LUNCH_AUCTION,TREND_COMPRESSION,TREND_COMPRESSION,LONG,66,15,MICRO_TREND_INSIDE_MACRO_STRUCTURE,UNCHANGED,0,0.0,0,LUNCH,24.17,LONG,0.145631067961165,0.078125,0.198019801980198,120.0,14.0,0.0,0.9997788210112962,0.9995576420190516,0.0015023620067944,22,0.0199386503067484,2.4838292414801604,7.353135313531353,0.0567209775967413,0,1,0,28137.25,18.9375,,,,False,FRESH,2,HYST_PASSED_NQ_TRENDUP_NO_MACRO_2BAR,True,True,False,False,True,False,False,False,True,False,True,False,False,False
2026-05-05 12:26:29,2026-05-05 12:25:00,2026-05-05 12:25:00,NQ,BRACKET_MACRO,ROTATION_ILLIQUID,TrendUp,LUNCH_AUCTION,TREND_COMPRESSION,TREND_COMPRESSION,LONG,66,15,MICRO_TREND_INSIDE_MACRO_STRUCTURE,UNCHANGED,0,0.0,0,LUNCH,24.17,LONG,0.145631067961165,0.078125,0.198019801980198,120.0,14.0,0.0,0.9997986970708308,0.9995973941427114,0.0013810280744644,23,0.0199386503067484,2.4838292414801604,7.353135313531353,0.0567209775967413,0,1,0,28137.25,18.9375,,,,False,FRESH,3,HYST_PASSED_NQ_TRENDUP_NO_MACRO_2BAR,True,True,False,False,True,False,False,False,True,False,True,False,False,False
2026-05-05 12:27:55,2026-03-16 10:45:00,2026-03-16 10:45:00,NQ,BRACKET_MACRO,ROTATION_ILLIQUID,TrendUp,POST_IB_MACRO,TRANSITION,TRANSITION,NONE,50,100,MACRO_STALE_WRONG_SESSION_50D,UNCHANGED,0,0.0,0,POST_IB_AM,60.57,NONE,0.3888888888888889,0.5670995670995671,-0.2655601659751037,40.0,8.0,0.0,0.9990086264998844,0.998017252998228,0.0056608732381751,1,0.0,1.1616296070901413,1.7640782454060462,0.0574606116774791,0,1,0,24779.0,26.359375,,,,True,MACRO_STALE_WRONG_SESSION_50D,1,HYST_BLOCK_STALE_MACRO_STALE_WRONG_SESSION_50D,False,True,False,False,False,False,False,False,False,False,False,False,False,False
2026-05-05 12:27:56,2026-05-05 12:25:00,2026-05-05 12:25:00,NQ,BRACKET_MACRO,ROTATION_ILLIQUID,TrendUp,LUNCH_AUCTION,TREND_COMPRESSION,TREND_COMPRESSION,LONG,66,15,MICRO_TREND_INSIDE_MACRO_STRUCTURE,LOCKED_IMMEDIATE,0,0.0,0,LUNCH,24.1,LONG,0.145631067961165,0.078125,0.1944264419961114,120.0,14.0,0.0,0.9997986970708308,0.9995973941427114,0.0013810280744644,23,0.0199386503067484,2.438756513831784,7.219701879455606,0.0567209775967413,0,1,0,28137.25,19.2875,,,,False,FRESH,1,HYST_BLOCK_NQ_TRENDUP_NO_MACRO_AGE_1,False,True,False,False,False,False,False,False,False,False,False,False,False,False
2026-05-05 12:35:58,2026-05-05 12:35:00,2026-05-05 12:30:00,NQ,BRACKET_MACRO,ROTATION_ILLIQUID,TrendUp,LUNCH_AUCTION,TREND_COMPRESSION,TREND_COMPRESSION,LONG,66,15,MICRO_TREND_INSIDE_MACRO_STRUCTURE,UNCHANGED,0,0.0,0,LUNCH,62.04,NONE,1.0,0.4611872146118721,-1.8023617153511495,130.0,15.0,0.0,0.9334845885455316,0.8669691770885183,0.176391593668182,1,0.0,1.0318200372108035,5.668116842759478,0.043989967200463,0,1,0,28112.0,20.1125,,,,False,FRESH,2,HYST_PASSED_NQ_TRENDUP_NO_MACRO_2BAR,True,True,False,False,True,False,False,False,True,False,True,False,False,False
2026-05-05 12:36:07,2026-05-05 12:35:00,2026-05-05 12:35:00,NQ,BRACKET_MACRO,ROTATION_ILLIQUID,TrendUp,LUNCH_AUCTION,TREND_COMPRESSION,TREND_COMPRESSION,LONG,66,15,MICRO_TREND_INSIDE_MACRO_STRUCTURE,UNCHANGED,0,0.0,0,LUNCH,62.04,NONE,1.0,0.4611872146118721,-1.8023617153511495,130.0,15.0,0.0,0.9985133954487552,0.9970267908979632,0.0080539667015396,2,0.0,1.0318200372108035,5.668116842759478,0.043989967200463,0,1,0,28112.0,20.1125,,,,False,FRESH,3,HYST_PASSED_NQ_TRENDUP_NO_MACRO_2BAR,True,True,False,False,True,False,False,False,True,False,True,False,False,False
2026-05-05 12:45:36,2026-05-05 12:45:00,2026-05-05 12:40:00,NQ,BRACKET_MACRO,ROTATION_ILLIQUID,TrendUp,LUNCH_AUCTION,TREND_COMPRESSION,TREND_COMPRESSION,LONG,66,25,MICRO_TREND_INSIDE_MACRO_STRUCTURE,UNCHANGED,0,-1.507,0,LUNCH,59.26,NONE,1.0,0.4684684684684684,-1.4996849401386263,140.0,16.0,0.0,0.9994462178242136,0.9988924356509056,0.0033948755753164,3,0.0,0.7938643708623677,5.519848771266541,0.0406647479342679,0,1,0,28107.5,19.8375,,,,False,FRESH,4,HYST_PASSED_NQ_TRENDUP_NO_MACRO_2BAR,True,True,False,False,True,False,False,False,True,False,True,False,False,False
2026-05-05 12:45:46,2026-05-05 12:45:00,2026-05-05 12:45:00,NQ,BRACKET_MACRO,ROTATION_ILLIQUID,TrendUp,LUNCH_AUCTION,TREND_COMPRESSION,TREND_COMPRESSION,LONG,66,25,MICRO_TREND_INSIDE_MACRO_STRUCTURE,UNCHANGED,0,-1.507,0,LUNCH,59.26,NONE,1.0,0.4684684684684684,-1.4996849401386263,140.0,16.0,0.0,0.9994558221460644,0.9989116442938868,0.0033428672878322,4,0.0,0.7938643708623677,5.519848771266541,0.0406647479342679,0,1,0,28107.5,19.8375,,,,False,FRESH,5,HYST_PASSED_NQ_TRENDUP_NO_MACRO_2BAR,True,True,False,False,True,False,False,False,True,False,True,False,False,False
2026-05-05 12:56:47,2026-05-05 12:55:00,2026-05-05 12:55:00,NQ,BRACKET_MACRO,ROTATION_ILLIQUID,TrendUp,LUNCH_AUCTION,TREND_COMPRESSION,TREND_COMPRESSION,LONG,66,15,MICRO_TREND_INSIDE_MACRO_STRUCTURE,UNCHANGED,0,0.599,0,LUNCH,51.14,LONG,0.5714285714285714,0.4235807860262008,0.5947955390334573,150.0,17.0,0.0,0.9983700484194582,0.9967400968353384,0.0087222570703589,6,0.0,1.5685148977750203,6.245353159851301,0.0454340575137474,0,1,0,28124.0,20.175,,,,False,FRESH,6,HYST_PASSED_NQ_TRENDUP_NO_MACRO_2BAR,True,True,False,False,True,False,False,False,True,False,True,False,False,False
2026-05-05 13:06:21,2026-05-05 13:05:00,2026-05-05 13:00:00,NQ,BRACKET_MACRO,ROTATION_ILLIQUID,TrendUp,POST_LUNCH_ROTATION,TREND_COMPRESSION,TREND_COMPRESSION,LONG,66,25,MICRO_TREND_INSIDE_MACRO_STRUCTURE,UNCHANGED,0,1.083,0,LUNCH,64.0,LONG,1.0,0.1609756097560975,1.1011523687580027,160.0,18.0,0.0,0.9997304183709964,0.9994608367402672,0.0017926492003667,7,0.0,1.8333889927530451,6.709346991037132,0.045968944644267,0,1,0,28129.0,19.525,,,,False,FRESH,7,HYST_PASSED_NQ_TRENDUP_NO_MACRO_2BAR,True,True,False,False,True,False,False,False,True,False,True,False,False,False
2026-05-05 13:06:31,2026-05-05 13:05:00,2026-05-05 13:05:00,NQ,BRACKET_MACRO,ROTATION_ILLIQUID,TrendUp,POST_LUNCH_ROTATION,TREND_COMPRESSION,TREND_COMPRESSION,LONG,66,25,MICRO_TREND_INSIDE_MACRO_STRUCTURE,UNCHANGED,0,1.083,0,LUNCH,64.0,LONG,1.0,0.1609756097560975,1.1011523687580027,160.0,18.0,0.0,0.999664368812696,0.9993287376244052,0.0021787982734143,8,0.0,1.8333889927530451,6.709346991037132,0.045968944644267,0,1,0,28129.0,19.525,,,,False,FRESH,8,HYST_PASSED_NQ_TRENDUP_NO_MACRO_2BAR,True,True,False,False,True,False,False,False,True,False,True,False,False,False
2026-05-05 13:11:07,2026-05-04 14:25:00,2026-05-04 14:25:00,NQ,BRACKET_MACRO,ROTATION_ILLIQUID,TrendUp,AFTERNOON_TREND_TEST,TRANSITION,TRANSITION,NONE,50,100,MACRO_STALE_OVERNIGHT_22.8HR,UNCHANGED,0,0.0,0,PM,73.99,SHORT,1.0,0.1524390243902439,-1.805157593123209,10.0,2.0,57.44,0.9489224998650216,0.897844999730745,0.1454782934688051,14,0.4238095238095238,-1.226472314947795,-3.276026743075453,0.0152600436001245,0,1,1,27763.75,26.175,,,,True,MACRO_STALE_OVERNIGHT_22.8HR,1,HYST_BLOCK_STALE_MACRO_STALE_OVERNIGHT_22.8HR,False,True,False,False,False,False,False,False,False,False,False,False,False,False
2026-05-05 13:11:08,2026-05-05 13:05:00,2026-05-05 13:05:00,NQ,BRACKET_MACRO,ROTATION_ILLIQUID,TrendUp,POST_LUNCH_ROTATION,TREND_COMPRESSION,TREND_COMPRESSION,LONG,66,15,MICRO_TREND_INSIDE_MACRO_STRUCTURE,LOCKED_IMMEDIATE,0,0.0,0,LUNCH,64.0,LONG,1.0,0.1609756097560975,1.073657927590512,160.0,18.0,0.0,0.9998215867795002,0.9996431735619404,0.0012395308458719,8,0.0,1.7876114898128943,6.541822721598003,0.045968944644267,0,1,0,28129.0,20.025,,,,False,FRESH,1,HYST_BLOCK_NQ_TRENDUP_NO_MACRO_AGE_1,False,True,False,False,False,False,False,False,False,False,False,False,False,False
2026-05-05 13:15:54,2026-05-05 13:15:00,2026-05-05 13:10:00,NQ,BRACKET_MACRO,ROTATION_ILLIQUID,TrendUp,POST_LUNCH_ROTATION,TREND_COMPRESSION,TREND_COMPRESSION,LONG,66,15,MICRO_TREND_INSIDE_MACRO_STRUCTURE,UNCHANGED,0,0.0,0,LUNCH,34.85,NONE,0.1666666666666666,0.303030303030303,-0.1084010840108401,170.0,19.0,0.0,0.999705038738596,0.9994100774759076,0.0019422711173151,9,0.0,1.5386857482994942,6.720867208672087,0.0424985005569359,0,1,0,28122.0,18.45,,,,False,FRESH,2,HYST_PASSED_NQ_TRENDUP_NO_MACRO_2BAR,True,True,False,False,True,False,False,False,True,False,True,False,False,False
2026-05-05 13:16:04,2026-05-05 13:15:00,2026-05-05 13:15:00,NQ,BRACKET_MACRO,ROTATION_ILLIQUID,TrendUp,POST_LUNCH_ROTATION,TREND_COMPRESSION,TREND_COMPRESSION,LONG,66,15,MICRO_TREND_INSIDE_MACRO_STRUCTURE,UNCHANGED,0,0.0,0,LUNCH,34.85,NONE,0.1666666666666666,0.303030303030303,-0.1084010840108401,170.0,19.0,0.0,0.9994846715755475,0.9989693431491504,0.0031859003580662,10,0.0,1.5386857482994942,6.720867208672087,0.0424985005569359,0,1,0,28122.0,18.45,,,,False,FRESH,3,HYST_PASSED_NQ_TRENDUP_NO_MACRO_2BAR,True,True,False,False,True,False,False,False,True,False,True,False,False,False
2026-05-05 13:27:01,2026-05-05 13:25:00,2026-05-05 13:25:00,NQ,BRACKET_MACRO,ROTATION_ILLIQUID,TrendUp,POST_LUNCH_ROTATION,TREND_COMPRESSION,TREND_COMPRESSION,LONG,66,15,MICRO_TREND_INSIDE_MACRO_STRUCTURE,UNCHANGED,0,0.13,0,LUNCH,52.95,LONG,0.1515151515151515,0.631578947368421,0.1308044473512099,180.0,20.0,0.0,0.999518958057751,0.99903791611834,0.0029978287598456,12,0.0,1.9408305587887031,6.984957488554611,0.0445891783567134,0,1,0,28131.5,19.1125,,,,False,FRESH,4,HYST_PASSED_NQ_TRENDUP_NO_MACRO_2BAR,True,True,False,False,True,False,False,False,True,False,True,False,False,False
2026-05-05 13:31:48,2026-03-16 10:45:00,2026-03-16 10:45:00,NQ,BRACKET_MACRO,ROTATION_ILLIQUID,TrendUp,POST_IB_MACRO,TRANSITION,TRANSITION,NONE,50,100,MACRO_STALE_WRONG_SESSION_50D,UNCHANGED,0,0.0,0,POST_IB_AM,60.57,NONE,0.3888888888888889,0.5670995670995671,-0.2655601659751037,40.0,8.0,0.0,0.9990086264998844,0.9980172529982207,0.0056608732382059,1,0.0,1.1616296070901413,1.7640782454060462,0.0574606116774791,0,1,0,24779.0,26.359375,,,,True,MACRO_STALE_WRONG_SESSION_50D,1,HYST_BLOCK_STALE_MACRO_STALE_WRONG_SESSION_50D,False,True,False,False,False,False,False,False,False,False,False,False,False,False
2026-05-05 13:31:49,2026-05-05 13:25:00,2026-05-05 13:25:00,NQ,BRACKET_MACRO,ROTATION_ILLIQUID,TrendUp,POST_LUNCH_ROTATION,TREND_COMPRESSION,TREND_COMPRESSION,LONG,66,15,MICRO_TREND_INSIDE_MACRO_STRUCTURE,LOCKED_IMMEDIATE,0,0.0,0,LUNCH,52.95,LONG,0.1515151515151515,0.631578947368421,0.127959053103007,180.0,20.0,0.0,0.9999552442652524,0.9999104885286012,0.0003555894870158,12,0.0,1.898611595897586,6.833013435700575,0.0445891783567134,0,1,0,28131.5,19.5375,,,,False,FRESH,1,HYST_BLOCK_NQ_TRENDUP_NO_MACRO_AGE_1,False,True,False,False,False,False,False,False,False,False,False,False,False,False
2026-05-05 13:36:33,2026-05-05 13:35:00,2026-05-05 13:35:00,NQ,BRACKET_MACRO,ROTATION_ILLIQUID,TrendUp,POST_LUNCH_ROTATION,TREND_COMPRESSION,TREND_COMPRESSION,LONG,74,0,BRACKET_MACRO_WITH_INITIATIVE_EVIDENCE,UNCHANGED,0,0.0,0,PM,70.48,LONG,1.0,0.4814814814814814,0.7926023778071334,190.0,21.0,51.08,0.998975666733037,0.997951333469134,0.0058248992788311,14,0.0184049079754601,2.2005874786604087,7.344782034346102,0.0454211257250224,0,1,0,28137.0,18.925,,,,False,FRESH,2,HYST_PASSED_NQ_TRENDUP_NO_MACRO_2BAR,True,True,False,False,True,False,False,False,True,False,True,False,False,False
2026-05-05 13:39:45,2026-03-16 10:45:00,2026-03-16 10:45:00,NQ,BRACKET_MACRO,ROTATION_ILLIQUID,TrendUp,POST_IB_MACRO,TRANSITION,TRANSITION,NONE,50,100,MACRO_STALE_WRONG_SESSION_50D,UNCHANGED,0,0.0,0,POST_IB_AM,60.57,NONE,0.3888888888888889,0.5670995670995671,-0.2655601659751037,40.0,8.0,0.0,0.9990086264998844,0.998017252998228,0.0056608732381751,1,0.0,1.1616296070901413,1.7640782454060462,0.0574606116774791,0,1,0,24779.0,26.359375,,,,True,MACRO_STALE_WRONG_SESSION_50D,1,HYST_BLOCK_STALE_MACRO_STALE_WRONG_SESSION_50D,False,True,False,False,False,False,False,False,False,False,False,False,False,False
2026-05-05 13:39:46,2026-05-05 13:35:00,2026-05-05 13:35:00,NQ,BRACKET_MACRO,ROTATION_ILLIQUID,TrendUp,POST_LUNCH_ROTATION,TREND_COMPRESSION,TREND_COMPRESSION,LONG,74,0,BRACKET_MACRO_WITH_INITIATIVE_EVIDENCE,LOCKED_IMMEDIATE,0,0.0,0,PM,70.09,LONG,1.0,0.4814814814814814,0.7707129094412332,190.0,21.0,51.08,0.9987813205499008,0.9975626411027068,0.0067772477404064,14,0.0184049079754601,2.1398133864430693,7.141939627488761,0.0454211257250224,0,1,0,28137.0,19.4625,,,,False,FRESH,1,HYST_BLOCK_NQ_TRENDUP_NO_MACRO_AGE_1,False,True,False,False,False,False,False,False,False,False,False,False,False,False
2026-05-05 13:46:07,2026-05-05 13:45:00,2026-05-05 13:40:00,NQ,BRACKET_MACRO,ROTATION_ILLIQUID,TrendUp,POST_LUNCH_ROTATION,TREND_COMPRESSION,TREND_COMPRESSION,LONG,77,0,BRACKET_MACRO_WITH_INITIATIVE_EVIDENCE,UNCHANGED,0,0.0,0,PM,74.99,LONG,1.0,0.5725190839694656,0.8718980549966466,200.0,22.0,54.96,0.9993993458623002,0.9987986917218808,0.0036470036155876,15,0.0843558282208589,2.76606230638168,8.034875922199866,0.0480237312595205,0,1,0,28147.75,18.6375,,,,False,FRESH,2,HYST_PASSED_NQ_TRENDUP_NO_MACRO_2BAR,True,True,False,False,True,False,False,False,True,False,True,False,False,False
2026-05-05 13:46:18,2026-05-05 13:45:00,2026-05-05 13:45:00,NQ,BRACKET_MACRO,ROTATION_ILLIQUID,TrendUp,POST_LUNCH_ROTATION,TREND_COMPRESSION,TREND_COMPRESSION,LONG,77,0,BRACKET_MACRO_WITH_INITIATIVE_EVIDENCE,UNCHANGED,0,0.0,0,PM,74.99,LONG,1.0,0.5725190839694656,0.8718980549966466,200.0,22.0,54.96,0.9994641961197752,0.9989283922375736,0.003297421697426,16,0.0843558282208589,2.76606230638168,8.034875922199866,0.0480237312595205,0,1,0,28147.75,18.6375,,,,False,FRESH,3,HYST_PASSED_NQ_TRENDUP_NO_MACRO_2BAR,True,True,False,False,True,False,False,False,True,False,True,False,False,False
2026-05-05 13:55:41,2026-05-05 13:55:00,2026-05-05 13:50:00,NQ,BRACKET_MACRO,ROTATION_ILLIQUID,TrendUp,POST_LUNCH_ROTATION,TREND_COMPRESSION,TREND_COMPRESSION,LONG,78,10,BRACKET_MACRO_WITH_INITIATIVE_EVIDENCE,UNCHANGED,0,1.312,0,PM,76.0,LONG,1.0,1.0,1.3396481732070364,210.0,23.0,60.01,0.9993104843630248,0.998620968723232,0.0041179000139359,17,0.1702453987730061,3.4715226776096078,8.863328822733424,0.0516154452324665,0,1,0,28161.75,18.475,,,,False,FRESH,4,HYST_PASSED_NQ_TRENDUP_NO_MACRO_2BAR,True,True,False,False,True,False,False,False,True,False,True,False,False,False
2026-05-05 13:55:52,2026-05-05 13:55:00,2026-05-05 13:55:00,NQ,BRACKET_MACRO,ROTATION_ILLIQUID,TrendUp,POST_LUNCH_ROTATION,TREND_COMPRESSION,TREND_COMPRESSION,LONG,78,10,BRACKET_MACRO_WITH_INITIATIVE_EVIDENCE,UNCHANGED,0,1.312,0,PM,76.0,LONG,1.0,1.0,1.3396481732070364,210.0,23.0,60.01,0.9993374167048428,0.9986748334073694,0.0039761052272315,18,0.1702453987730061,3.4715226776096078,8.863328822733424,0.0516154452324665,0,1,0,28161.75,18.475,,,,False,FRESH,5,HYST_PASSED_NQ_TRENDUP_NO_MACRO_2BAR,True,True,False,False,True,False,False,False,True,False,True,False,False,False
2026-05-05 14:06:52,2026-04-27 11:05:00,2026-04-27 11:05:00,NQ,BRACKET_MACRO,ROTATION_ILLIQUID,TrendUp,MID_MORNING_DISCOVERY,TRANSITION,TRANSITION,NONE,50,100,MACRO_STALE_WRONG_SESSION_8D,UNCHANGED,0,0.0,0,POST_IB_AM,0.0,NONE,0.0,0.0,0.0,0.0,0.0,0.0,0.99993148899788,0.9998629779991712,0.0005232853141965,12,0.0,-0.6331706827849902,-1.353546291283162,0.0083197444174514,0,1,0,27340.0,46.175,,,,True,MACRO_STALE_WRONG_SESSION_8D,1,HYST_BLOCK_STALE_MACRO_STALE_WRONG_SESSION_8D,False,True,False,False,False,False,False,False,False,False,False,False,False,False
2026-05-05 14:06:53,2026-05-05 14:05:00,2026-05-05 14:05:00,NQ,BRACKET_MACRO,ROTATION_ILLIQUID,TrendUp,AFTERNOON_TREND_TEST,TREND_COMPRESSION,TREND_COMPRESSION,LONG,79,0,BRACKET_MACRO_WITH_INITIATIVE_EVIDENCE,LOCKED_IMMEDIATE,0,0.0,0,PM,76.65,LONG,1.0,1.0,1.4045801526717556,220.0,24.0,63.26,0.9994639812013628,0.9989279623991388,0.0032985892433409,20,0.2254601226993865,4.402773750944815,10.549618320610689,0.0535036778939218,0,1,0,28170.75,16.375,,,,False,FRESH,1,HYST_BLOCK_NQ_TRENDUP_NO_MACRO_AGE_1,False,True,False,False,False,False,False,False,False,False,False,False,False,False
2026-05-05 14:16:27,2026-05-05 14:15:00,2026-05-05 14:10:00,NQ,BRACKET_MACRO,ROTATION_ILLIQUID,TrendUp,AFTERNOON_TREND_TEST,TREND_COMPRESSION,TREND_COMPRESSION,LONG,79,0,BRACKET_MACRO_WITH_INITIATIVE_EVIDENCE,UNCHANGED,0,0.0,0,PM,77.36,LONG,1.0,1.0,1.2135922330097089,230.0,25.0,66.78,0.9996607651777196,0.99932153035793,0.0021995779525414,21,0.2852760736196319,5.191875154300952,11.812297734627832,0.0554121754971914,0,1,0,28180.5,15.45,,,,False,FRESH,2,HYST_PASSED_NQ_TRENDUP_NO_MACRO_2BAR,True,True,True,False,True,False,False,False,True,False,True,False,True,False
2026-05-05 14:16:36,2026-05-05 14:15:00,2026-05-05 14:15:00,NQ,BRACKET_MACRO,ROTATION_ILLIQUID,TrendUp,AFTERNOON_TREND_TEST,TREND_COMPRESSION,TREND_COMPRESSION,LONG,79,0,BRACKET_MACRO_WITH_INITIATIVE_EVIDENCE,UNCHANGED,0,0.0,0,PM,77.36,LONG,1.0,1.0,1.2135922330097089,230.0,25.0,66.78,0.9998029642829483,0.9996059285678144,0.0013547986750733,22,0.2852760736196319,5.191875154300952,11.812297734627832,0.0554121754971914,0,1,0,28180.5,15.45,,,,False,FRESH,3,HYST_PASSED_NQ_TRENDUP_NO_MACRO_2BAR,True,True,True,False,True,False,False,False,True,False,True,False,True,False
2026-05-05 14:26:01,2026-05-05 14:25:00,2026-05-05 14:20:00,NQ,BRACKET_MACRO,ROTATION_ILLIQUID,TrendUp,AFTERNOON_TREND_TEST,TREND_COMPRESSION,TREND_COMPRESSION,LONG,69,0,BRACKET_MACRO_WITH_INITIATIVE_EVIDENCE,UNCHANGED,0,0.033,0,PM,63.47,LONG,0.0263157894736842,0.5595238095238095,0.0352112676056338,240.0,26.0,63.44,0.999758955094332,0.999517910189977,0.0016223444856793,23,0.2285276073619632,4.911357588971185,12.200704225352114,0.051789851281668,0,1,0,28171.25,14.2,,,,False,FRESH,4,HYST_PASSED_NQ_TRENDUP_NO_MACRO_2BAR,True,True,True,False,True,False,False,False,True,False,True,False,True,False
2026-05-05 14:26:12,2026-05-05 14:25:00,2026-05-05 14:25:00,NQ,BRACKET_MACRO,ROTATION_ILLIQUID,TrendUp,AFTERNOON_TREND_TEST,TREND_COMPRESSION,TREND_COMPRESSION,LONG,69,0,BRACKET_MACRO_WITH_INITIATIVE_EVIDENCE,UNCHANGED,0,0.033,0,PM,63.47,LONG,0.0263157894736842,0.5595238095238095,0.0352112676056338,240.0,26.0,63.44,0.9983390938240098,0.996678187647726,0.0088653441500357,24,0.2285276073619632,4.911357588971185,12.200704225352114,0.051789851281668,0,1,0,28171.25,14.2,,,,False,FRESH,5,HYST_PASSED_NQ_TRENDUP_NO_MACRO_2BAR,True,True,True,False,True,False,False,False,True,False,True,False,True,False
2026-05-05 14:35:33,2026-05-05 14:35:00,2026-05-05 14:30:00,NQ,BRACKET_MACRO,ROTATION_ILLIQUID,TrendUp,AFTERNOON_TREND_TEST,TREND_COMPRESSION,TREND_COMPRESSION,LONG,66,0,MICRO_TREND_INSIDE_MACRO_STRUCTURE,UNCHANGED,0,-0.57,0,PM,66.62,NONE,0.8048780487804879,0.3620689655172414,-0.5983680870353582,250.0,27.0,63.8,0.9992039660253784,0.9984079320472926,0.0046715266072689,25,0.2346625766871165,5.061799230939854,12.638259292837716,0.0512952605239917,0,1,0,28172.25,13.7875,,,,False,FRESH,6,HYST_PASSED_NQ_TRENDUP_NO_MACRO_2BAR,True,True,True,False,True,False,False,False,True,False,True,False,True,False
2026-05-05 14:35:44,2026-05-05 14:35:00,2026-05-05 14:35:00,NQ,BRACKET_MACRO,ROTATION_ILLIQUID,TrendUp,AFTERNOON_TREND_TEST,TREND_COMPRESSION,TREND_COMPRESSION,LONG,66,0,MICRO_TREND_INSIDE_MACRO_STRUCTURE,UNCHANGED,0,-0.57,0,PM,66.62,NONE,0.8048780487804879,0.3620689655172414,-0.5983680870353582,250.0,27.0,63.8,0.9981143961399273,0.996228792280167,0.009891964282073,26,0.2346625766871165,5.061799230939854,12.638259292837716,0.0512952605239917,0,1,0,28172.25,13.7875,,,,False,FRESH,7,HYST_PASSED_NQ_TRENDUP_NO_MACRO_2BAR,True,True,True,False,True,False,False,False,True,False,True,False,True,False
2026-05-05 14:41:53,2026-04-06 15:55:00,2026-04-06 15:55:00,NQ,BRACKET_MACRO,ROTATION_ILLIQUID,TrendDown,LATE_DAY_CONVICTION,TRANSITION,TRANSITION,NONE,50,100,MACRO_STALE_WRONG_SESSION_29D,UNCHANGED,0,0.0,0,POWER_HOUR,38.35,LONG,1.0,0.1301939058171745,1.2507664009809931,0.0,0.0,0.31,0.99825121926974,0.9965024385382192,0.0092692965852485,4,0.0200803212851405,0.0095749270588801,-1.342734518700184,0.0098804421385066,0,1,0,24325.25,40.775,,,,True,MACRO_STALE_WRONG_SESSION_29D,1,HYST_BLOCK_STALE_MACRO_STALE_WRONG_SESSION_29D,False,True,False,False,False,False,False,False,False,False,False,False,False,False
2026-05-05 14:41:54,2026-05-05 14:35:00,2026-05-05 14:35:00,NQ,BRACKET_MACRO,ROTATION_ILLIQUID,TrendUp,AFTERNOON_TREND_TEST,TREND_COMPRESSION,TREND_COMPRESSION,LONG,66,0,MICRO_TREND_INSIDE_MACRO_STRUCTURE,LOCKED_IMMEDIATE,0,0.0,0,PM,66.47,NONE,0.8048780487804879,0.3620689655172414,-0.5919282511210763,250.0,27.0,63.8,0.9998211625869208,0.9996423251723844,0.0012421715788378,26,0.2346625766871165,5.0073224679162855,12.502242152466367,0.0512952605239917,0,1,0,28172.25,13.9375,,,,False,FRESH,1,HYST_BLOCK_NQ_TRENDUP_NO_MACRO_AGE_1,False,True,False,False,False,False,False,False,False,False,False,False,False,False
2026-05-05 14:46:39,2026-05-05 14:45:00,2026-05-05 14:45:00,NQ,BRACKET_MACRO,ROTATION_ILLIQUID,TrendUp,AFTERNOON_TREND_TEST,TREND_COMPRESSION,TREND_COMPRESSION,LONG,71,0,BRACKET_MACRO_WITH_INITIATIVE_EVIDENCE,UNCHANGED,0,0.0,0,PM,65.13,LONG,1.0,0.1956521739130435,0.3038936372269705,260.0,28.0,64.89,0.9981153408921832,0.9962306817848576,0.0098876900346964,28,0.2530674846625766,5.480844047479011,13.466286799620134,0.0515186746112483,0,1,0,28175.25,13.1625,,,,False,FRESH,2,HYST_PASSED_NQ_TRENDUP_NO_MACRO_2BAR,True,True,True,False,True,False,False,False,True,False,True,False,True,False
2026-05-05 14:56:14,2026-05-05 14:55:00,2026-05-05 14:50:00,NQ,BRACKET_MACRO,ROTATION_ILLIQUID,TrendDown,AFTERNOON_TREND_TEST,TRANSITION,TRANSITION,NONE,50,30,NO_CLEAR_STAGE_C_ALIGNMENT,LOCKED_IMMEDIATE,0,-0.881,1,PM,67.34,NONE,0.6619718309859155,0.7142857142857143,-0.9090909090909092,270.0,29.0,59.56,0.8107783081123181,0.6215566162269683,0.3499202286892106,1,0.1625766871165644,4.355188851776216,12.572533849129591,0.0463689542017406,0,1,0,28160.5,12.925,,,,False,FRESH,1,HYST_BLOCK_TRENDDOWN_AGE_1_OF_2,False,True,False,False,False,False,False,False,False,False,False,False,False,False
2026-05-05 14:56:23,2026-05-05 14:55:00,2026-05-05 14:55:00,NQ,BRACKET_MACRO,ROTATION_ILLIQUID,TrendUp,AFTERNOON_TREND_TEST,TREND_COMPRESSION,TREND_COMPRESSION,LONG,66,10,MICRO_TREND_INSIDE_MACRO_STRUCTURE,LOCKED_IMMEDIATE,0,-0.881,2,PM,67.34,NONE,0.6619718309859155,0.7142857142857143,-0.9090909090909092,270.0,29.0,59.56,0.8121185483502497,0.6242370967005195,0.3485092618954851,30,0.1625766871165644,4.355188851776216,12.572533849129591,0.0463689542017406,0,1,0,28160.5,12.925,,,,False,FRESH,1,HYST_BLOCK_NQ_TRENDUP_NO_MACRO_AGE_1,False,True,False,False,False,False,False,False,False,False,False,False,False,False
2026-05-05 15:05:50,2026-05-05 15:05:00,2026-05-05 15:00:00,NQ,BRACKET_MACRO,ROTATION_ILLIQUID,TrendUp,LATE_DAY_CONVICTION,TREND_COMPRESSION,TREND_COMPRESSION,LONG,66,30,MICRO_TREND_INSIDE_MACRO_STRUCTURE,UNCHANGED,0,-0.875,2,POWER_HOUR,62.87,NONE,0.6164383561643836,0.3258426966292135,-0.9009009009009008,280.0,30.0,60.83,0.9678094702674532,0.9356189405336542,0.1026305084666599,31,0.1840490797546012,4.712764596750911,13.293293293293292,0.0466390391234108,0,1,0,28164.0,12.4875,,,,False,FRESH,2,HYST_PASSED_NQ_TRENDUP_NO_MACRO_2BAR,True,True,True,False,True,False,False,False,True,False,True,False,True,False
2026-05-05 15:06:00,2026-05-05 15:05:00,2026-05-05 15:05:00,NQ,BRACKET_MACRO,ROTATION_ILLIQUID,TrendUp,LATE_DAY_CONVICTION,TREND_COMPRESSION,TREND_COMPRESSION,LONG,66,30,MICRO_TREND_INSIDE_MACRO_STRUCTURE,UNCHANGED,0,-0.875,2,POWER_HOUR,62.87,NONE,0.6164383561643836,0.3258426966292135,-0.9009009009009008,280.0,30.0,60.83,0.9535239116340622,0.9070478232673648,0.1356173507814038,32,0.1840490797546012,4.712764596750911,13.293293293293292,0.0466390391234108,0,1,0,28164.0,12.4875,,,,False,FRESH,3,HYST_PASSED_NQ_TRENDUP_NO_MACRO_2BAR,True,True,True,False,True,False,False,False,True,False,True,False,True,False
2026-05-05 15:15:22,2026-03-16 10:45:00,2026-03-16 10:45:00,NQ,BRACKET_MACRO,ROTATION_ILLIQUID,TrendUp,POST_IB_MACRO,TRANSITION,TRANSITION,NONE,50,100,MACRO_STALE_WRONG_SESSION_50D,UNCHANGED,0,0.0,0,POST_IB_AM,60.57,NONE,0.3888888888888889,0.5670995670995671,-0.2655601659751037,40.0,8.0,0.0,0.9990086264998844,0.9980172529982207,0.0056608732382059,1,0.0,1.1616296070901413,1.7640782454060462,0.0574606116774791,0,1,0,24779.0,26.359375,,,,True,MACRO_STALE_WRONG_SESSION_50D,1,HYST_BLOCK_STALE_MACRO_STALE_WRONG_SESSION_50D,False,True,False,False,False,False,False,False,False,False,False,False,False,False
2026-05-05 15:15:23,2026-05-05 15:05:00,2026-05-05 15:05:00,NQ,BRACKET_MACRO,ROTATION_ILLIQUID,TrendUp,LATE_DAY_CONVICTION,TREND_COMPRESSION,TREND_COMPRESSION,LONG,66,20,MICRO_TREND_INSIDE_MACRO_STRUCTURE,LOCKED_IMMEDIATE,0,0.0,0,POWER_HOUR,62.36,NONE,0.6164383561643836,0.3258426966292135,-0.872093023255814,280.0,30.0,60.83,0.9690112137601647,0.9380224275220742,0.0996632949140895,32,0.1840490797546012,4.56206572883155,12.868217054263566,0.0466390391234108,0,1,0,28164.0,12.9,,,,False,FRESH,1,HYST_BLOCK_NQ_TRENDUP_NO_MACRO_AGE_1,False,True,False,False,False,False,False,False,False,False,False,False,False,False
2026-05-05 15:16:56,2026-03-16 10:45:00,2026-03-16 10:45:00,NQ,BRACKET_MACRO,ROTATION_ILLIQUID,TrendUp,POST_IB_MACRO,TRANSITION,TRANSITION,NONE,50,100,MACRO_STALE_WRONG_SESSION_50D,UNCHANGED,0,0.0,0,POST_IB_AM,60.57,NONE,0.3888888888888889,0.5670995670995671,-0.2655601659751037,40.0,8.0,0.0,0.9990086264998844,0.9980172529982207,0.0056608732382059,1,0.0,1.1616296070901413,1.7640782454060462,0.0574606116774791,0,1,0,24779.0,26.359375,,,,True,MACRO_STALE_WRONG_SESSION_50D,1,HYST_BLOCK_STALE_MACRO_STALE_WRONG_SESSION_50D,False,True,False,False,False,False,False,False,False,False,False,False,False,False
2026-05-05 15:16:58,2026-05-05 15:15:00,2026-05-05 15:15:00,NQ,BRACKET_MACRO,ROTATION_ILLIQUID,TrendUp,LATE_DAY_CONVICTION,TREND_COMPRESSION,TREND_COMPRESSION,LONG,78,20,BRACKET_MACRO_WITH_INITIATIVE_EVIDENCE,LOCKED_IMMEDIATE,0,0.0,0,POWER_HOUR,75.61,LONG,1.0,0.0166666666666666,0.9342230695900856,290.0,31.0,63.98,0.9447274609146332,0.8894549218297156,0.1541927534423686,34,0.2377300613496932,5.055811839301445,13.326978074356528,0.0481007431874483,0,1,0,28172.75,13.1125,,,,False,FRESH,1,HYST_BLOCK_NQ_TRENDUP_NO_MACRO_AGE_1,False,True,False,False,False,False,False,False,False,False,False,False,False,False
2026-05-05 15:26:31,2026-03-03 09:40:00,2026-03-03 09:40:00,NQ,BALANCE_STRUCTURE,ROTATION_ILLIQUID,TrendUp,EARLY_TEST,TRANSITION,TRANSITION,NONE,50,100,MACRO_STALE_WRONG_SESSION_63D,UNCHANGED,0,0.0,0,OPEN,14.73,LONG,0.3863636363636363,0.0,0.4473684210526316,0.0,1.0,0.0,0.9358157316587138,0.8716314633201588,0.171917842151301,3,0.0,0.4363241504407166,0.4539473684210526,0.0869017632241813,0,1,0,24532.75,38.0,,,,True,MACRO_STALE_WRONG_SESSION_63D,1,HYST_BLOCK_STALE_MACRO_STALE_WRONG_SESSION_63D,False,True,False,False,False,False,False,False,False,False,False,False,False,False
2026-05-05 15:26:32,2026-05-05 15:25:00,2026-05-05 15:20:00,NQ,BRACKET_MACRO,ROTATION_ILLIQUID,TrendUp,LATE_DAY_CONVICTION,TREND_COMPRESSION,TREND_COMPRESSION,LONG,75,20,BRACKET_MACRO_WITH_INITIATIVE_EVIDENCE,LOCKED_IMMEDIATE,0,0.0,0,POWER_HOUR,71.84,LONG,1.0,0.063063063063063,0.7217473884140551,300.0,32.0,64.25,0.8790736943589594,0.758147388718132,0.2660088269915955,35,0.2423312883435582,5.019041753085711,13.333333333333334,0.0473812095032397,0,1,0,28173.5,13.1625,,,,False,FRESH,1,HYST_BLOCK_NQ_TRENDUP_NO_MACRO_AGE_1,False,True,False,False,False,False,False,False,False,False,False,False,False,False
2026-05-05 15:26:41,2026-05-05 15:25:00,2026-05-05 15:25:00,NQ,BRACKET_MACRO,ROTATION_ILLIQUID,TrendUp,LATE_DAY_CONVICTION,TREND_COMPRESSION,TREND_COMPRESSION,LONG,75,20,BRACKET_MACRO_WITH_INITIATIVE_EVIDENCE,UNCHANGED,0,0.0,0,POWER_HOUR,71.84,LONG,1.0,0.063063063063063,0.7217473884140551,300.0,32.0,64.25,0.9464390356990394,0.8928780713994464,0.1506676444993576,36,0.2423312883435582,5.019041753085711,13.333333333333334,0.0473812095032397,0,1,0,28173.5,13.1625,,,,False,FRESH,2,HYST_PASSED_NQ_TRENDUP_NO_MACRO_2BAR,True,True,True,False,True,False,False,False,True,False,True,False,True,False
2026-05-05 15:28:06,2026-02-24 12:55:00,2026-02-24 12:55:00,NQ,BRACKET_MACRO,ROTATION_ILLIQUID,TrendUp,LUNCH_AUCTION,TRANSITION,TRANSITION,NONE,50,100,MACRO_STALE_WRONG_SESSION_70D,UNCHANGED,0,0.0,0,LUNCH,58.17,SHORT,0.7407407407407407,0.9357798165137616,-0.4860267314702309,20.0,3.0,0.0,0.9997986518744072,0.9995973037510556,0.0013813055264087,8,0.0,-0.8654110029790033,-0.3280680437424058,0.0044925124792013,0,1,0,24821.25,20.575,,,,True,MACRO_STALE_WRONG_SESSION_70D,1,HYST_BLOCK_STALE_MACRO_STALE_WRONG_SESSION_70D,False,True,False,False,False,False,False,False,False,False,False,False,False,False
2026-05-05 15:28:08,2026-05-05 15:25:00,2026-05-05 15:25:00,NQ,BRACKET_MACRO,ROTATION_ILLIQUID,TrendUp,LATE_DAY_CONVICTION,TREND_COMPRESSION,TREND_COMPRESSION,LONG,75,20,BRACKET_MACRO_WITH_INITIATIVE_EVIDENCE,LOCKED_IMMEDIATE,0,0.0,0,POWER_HOUR,71.62,LONG,1.0,0.063063063063063,0.7096171802054155,300.0,32.0,64.25,0.9464390356990394,0.8928780713994464,0.1506676444993576,36,0.2423312883435582,4.934688110176707,13.109243697478991,0.0473812095032397,0,1,0,28173.5,13.3875,,,,False,FRESH,1,HYST_BLOCK_NQ_TRENDUP_NO_MACRO_AGE_1,False,True,False,False,False,False,False,False,False,False,False,False,False,False
2026-05-05 15:36:07,2026-05-05 15:35:00,2026-05-05 15:30:00,NQ,BRACKET_MACRO,ROTATION_ILLIQUID,TrendUp,LATE_DAY_CONVICTION,TREND_COMPRESSION,TREND_COMPRESSION,LONG,66,20,MICRO_TREND_INSIDE_MACRO_STRUCTURE,UNCHANGED,0,0.0,0,POWER_HOUR,70.09,NONE,0.8823529411764706,0.04,-0.8687258687258688,310.0,33.0,59.92,0.9974089929172923,0.9948179858352733,0.0129979110509966,37,0.1687116564417178,4.103030907011521,12.625482625482626,0.0434147636749867,0,1,0,28161.5,12.95,,,,False,FRESH,2,HYST_PASSED_NQ_TRENDUP_NO_MACRO_2BAR,True,True,True,False,True,False,False,False,True,False,True,False,True,False
2026-05-05 15:36:17,2026-05-05 15:35:00,2026-05-05 15:35:00,NQ,BRACKET_MACRO,ROTATION_ILLIQUID,TrendUp,LATE_DAY_CONVICTION,TREND_COMPRESSION,TREND_COMPRESSION,LONG,66,20,MICRO_TREND_INSIDE_MACRO_STRUCTURE,UNCHANGED,0,0.0,0,POWER_HOUR,70.09,NONE,0.8823529411764706,0.04,-0.8687258687258688,310.0,33.0,59.92,0.971999618625905,0.9439992372538786,0.0921312724969338,38,0.1687116564417178,4.103030907011521,12.625482625482626,0.0434147636749867,0,1,0,28161.5,12.95,,,,False,FRESH,3,HYST_PASSED_NQ_TRENDUP_NO_MACRO_2BAR,True,True,True,False,True,False,False,False,True,False,True,False,True,False
2026-05-05 15:42:31,2026-03-16 10:45:00,2026-03-16 10:45:00,NQ,BRACKET_MACRO,ROTATION_ILLIQUID,TrendUp,POST_IB_MACRO,TRANSITION,TRANSITION,NONE,50,100,MACRO_STALE_WRONG_SESSION_50D,UNCHANGED,0,0.0,0,POST_IB_AM,60.57,NONE,0.3888888888888889,0.5670995670995671,-0.2655601659751037,40.0,8.0,0.0,0.9990086264998844,0.998017252998228,0.0056608732381751,1,0.0,1.1616296070901413,1.7640782454060462,0.0574606116774791,0,1,0,24779.0,26.359375,,,,True,MACRO_STALE_WRONG_SESSION_50D,1,HYST_BLOCK_STALE_MACRO_STALE_WRONG_SESSION_50D,False,True,False,False,False,False,False,False,False,False,False,False,False,False
2026-05-05 15:42:32,2026-05-05 15:35:00,2026-05-05 15:35:00,NQ,BRACKET_MACRO,ROTATION_ILLIQUID,TrendUp,LATE_DAY_CONVICTION,TREND_COMPRESSION,TREND_COMPRESSION,LONG,66,20,MICRO_TREND_INSIDE_MACRO_STRUCTURE,LOCKED_IMMEDIATE,0,0.0,0,POWER_HOUR,69.55,NONE,0.8823529411764706,0.04,-0.8387698042870457,310.0,33.0,59.92,0.9973714033573567,0.9947428067115996,0.0131591343110732,38,0.1687116564417178,3.961547082631813,12.190121155638398,0.0434147636749867,0,1,0,28161.5,13.4125,,,,False,FRESH,1,HYST_BLOCK_NQ_TRENDUP_NO_MACRO_AGE_1,False,True,False,False,False,False,False,False,False,False,False,False,False,False
2026-05-05 15:45:45,2026-05-05 15:45:00,2026-05-05 15:40:00,NQ,BRACKET_MACRO,ROTATION_ILLIQUID,TrendUp,LATE_DAY_CONVICTION,TREND_COMPRESSION,TREND_COMPRESSION,LONG,66,20,MICRO_TREND_INSIDE_MACRO_STRUCTURE,UNCHANGED,0,0.0,0,POWER_HOUR,75.79,NONE,1.0,0.2164948453608247,-1.1017740429505136,320.0,34.0,58.93,0.9842721580334376,0.9685443160639222,0.0583646477907112,39,0.151840490797546,3.700060459773098,12.007469654528478,0.0419056308654848,0,1,0,28158.75,13.3875,,,,False,FRESH,2,HYST_PASSED_NQ_TRENDUP_NO_MACRO_2BAR,True,True,True,False,True,False,False,False,True,False,True,False,True,False
2026-05-05 15:45:54,2026-05-05 15:45:00,2026-05-05 15:45:00,NQ,BRACKET_MACRO,ROTATION_ILLIQUID,TrendUp,LATE_DAY_CONVICTION,TREND_COMPRESSION,TREND_COMPRESSION,LONG,66,20,MICRO_TREND_INSIDE_MACRO_STRUCTURE,UNCHANGED,0,0.0,0,POWER_HOUR,75.79,NONE,1.0,0.2164948453608247,-1.1017740429505136,320.0,34.0,58.93,0.9172223241177884,0.8344446482327308,0.2059458349192352,40,0.151840490797546,3.700060459773098,12.007469654528478,0.0419056308654848,0,1,0,28158.75,13.3875,,,,False,FRESH,3,HYST_PASSED_NQ_TRENDUP_NO_MACRO_2BAR,True,True,True,False,True,False,False,False,True,False,True,False,True,False
2026-05-05 15:53:50,2026-03-16 10:45:00,2026-03-16 10:45:00,NQ,BRACKET_MACRO,ROTATION_ILLIQUID,TrendUp,POST_IB_MACRO,TRANSITION,TRANSITION,NONE,50,100,MACRO_STALE_WRONG_SESSION_50D,UNCHANGED,0,0.0,0,POST_IB_AM,60.57,NONE,0.3888888888888889,0.5670995670995671,-0.2655601659751037,40.0,8.0,0.0,0.9990086264998844,0.998017252998228,0.0056608732381751,1,0.0,1.1616296070901413,1.7640782454060462,0.0574606116774791,0,1,0,24779.0,26.359375,,,,True,MACRO_STALE_WRONG_SESSION_50D,1,HYST_BLOCK_STALE_MACRO_STALE_WRONG_SESSION_50D,False,True,False,False,False,False,False,False,False,False,False,False,False,False
2026-05-05 15:53:51,2026-05-05 15:45:00,2026-05-05 15:45:00,NQ,BRACKET_MACRO,ROTATION_ILLIQUID,TrendUp,LATE_DAY_CONVICTION,TREND_COMPRESSION,TREND_COMPRESSION,LONG,66,20,MICRO_TREND_INSIDE_MACRO_STRUCTURE,LOCKED_IMMEDIATE,0,0.0,0,POWER_HOUR,75.79,NONE,1.0,0.2164948453608247,-1.0865561694290975,320.0,34.0,58.93,0.9762443929980358,0.9524887859993768,0.0810186138871969,40,0.151840490797546,3.6489546523176686,11.841620626151013,0.0419056308654848,0,1,0,28158.75,13.575,,,,False,FRESH,1,HYST_BLOCK_NQ_TRENDUP_NO_MACRO_AGE_1,False,True,False,False,False,False,False,False,False,False,False,False,False,False
2026-05-05 15:57:06,2026-05-05 15:55:00,2026-05-05 15:55:00,NQ,BRACKET_MACRO,ROTATION_ILLIQUID,TrendDown,LATE_DAY_CONVICTION,TRANSITION,TRANSITION,NONE,50,20,NO_CLEAR_STAGE_C_ALIGNMENT,LOCKED_IMMEDIATE,0,0.0,1,POWER_HOUR,66.79,NONE,1.0,0.9728506787330315,-2.840434419381788,330.0,35.0,18.19,0.7025885608734824,0.405177121747328,0.439051803673376,2,0.0,0.5822346324092629,8.086883876357561,0.0307966403665054,0,1,0,28119.0,14.9625,,,,False,FRESH,1,HYST_BLOCK_TRENDDOWN_AGE_1_OF_2,False,True,False,False,False,False,False,False,False,False,False,False,False,False
2026-05-05 16:02:19,2026-05-05 16:00:00,2026-05-05 16:00:00,NQ,BRACKET_MACRO,ROTATION_ILLIQUID,TrendDown,CASH_CLOSE,TRANSITION,TRANSITION,NONE,50,30,NO_CLEAR_STAGE_C_ALIGNMENT,UNCHANGED,0,-1.587,1,CLOSE,60.16,NONE,0.4133333333333333,0.5352112676056338,-1.507293354943274,335.0,36.0,49.86,0.960695472630102,0.9221536436804196,0.1222608662378313,3,0.00920245398773,1.5783915584862596,8.914100486223662,0.0344589937973811,0,1,0,28135.5,15.425,,,,False,FRESH,2,HYST_PASSED_TRENDDOWN_AGE_2,True,True,False,False,False,False,False,False,False,False,False,False,False,False
2026-05-05 16:23:27,2026-01-28 14:25:00,2026-01-28 14:25:00,NQ,BRACKET_MACRO,ROTATION_ILLIQUID,TrendDown,AFTERNOON_TREND_TEST,TRANSITION,TRANSITION,NONE,50,100,MACRO_STALE_WRONG_SESSION_97D,UNCHANGED,0,0.0,0,PM,39.16,SHORT,0.1888111888111888,0.0049751243781094,-0.4166666666666667,70.0,8.0,42.7,0.544197502958439,0.0883950059171347,0.4971781301218496,1,0.0,-1.3664757175111273,-0.2006172839506173,0.0016317308899209,0,1,0,26260.0,16.2,,,,True,MACRO_STALE_WRONG_SESSION_97D,1,HYST_BLOCK_STALE_MACRO_STALE_WRONG_SESSION_97D,False,True,False,False,False,False,False,False,False,False,False,False,False,False
2026-05-05 16:23:28,2026-05-05 16:00:00,2026-05-05 16:00:00,NQ,BRACKET_MACRO,ROTATION_ILLIQUID,TrendDown,CASH_CLOSE,TRANSITION,TRANSITION,NONE,50,100,MACRO_STALE_23.5MIN,UNCHANGED,0,0.0,0,CLOSE,60.16,NONE,0.4133333333333333,0.5352112676056338,-1.507293354943274,335.0,36.0,49.86,0.999213915805595,0.9984278319417318,0.004620275037752,3,0.00920245398773,1.5783915584862596,8.914100486223662,0.0344589937973811,0,1,0,28135.5,15.425,,,,True,MACRO_STALE_23.5MIN,1,HYST_BLOCK_STALE_MACRO_STALE_23.5MIN,False,True,False,False,False,False,False,False,False,False,False,False,False,False
