SnapshotTimestamp,MacroTimestamp,MicroTimestamp,Instrument,MacroRegime,MacroPlaybook,HMM_Micro,Phase,CandidateRegime,FinalRegime,FinalDirection,RegimeConfidence,ConflictScore,ReasonCode,PersistenceStatus,PendingCount,Velocity3CP,HMMFlipCount,PhaseBucket,DevelopingInitiativeScore,InitiativeDirection,RollingEfficiency10m,RollingEfficiency20m,LocalNetMove10mAtr,SameSideVwapMinutes,VwapHoldCount,LateExtensionPenalty,HMMStateProb,HMMStateMargin,HMMStateEntropy,HMMStateAge,IBExtensionPct,CloseVsVwapAtr,NetMoveAtr,DirectionalEfficiency,ReturnedToOpenFlag,TwoSidedTradeFlag,ValueBreakAcceptFlag,LastPrice,Atr5m,Adx5m,Chop5m,Rvol5m,StaleDataFlag,StaleReason,AllowMomo,AllowAdxx,AllowPine,AllowEsScalper,AllowBracketSniper,AllowExpansionBot,AllowCompressionBot,AllowFadeBot,AllowLong,AllowShort,AllowMomoLong,AllowMomoShort
2026-04-24 16:34:18,2026-04-24 16:00:00,2026-04-24 16:00:00,ES,BRACKET_MACRO,TREND_EXPANSION,Transition,CASH_CLOSE,TRANSITION,TRANSITION,NONE,50,100,MACRO_STALE_34.3MIN,UNCHANGED,0,0.0,0,,,,,,,,,,,,,,1.2873563218390804,3.960117369213871,7.721518987341772,0.0152328630290922,0,1,1,7194.75,3.95,,,,True,MACRO_STALE_34.3MIN,False,False,False,False,False,False,False,False,False,False,False,False
2026-04-27 11:26:21,2026-04-24 16:00:00,2026-04-24 16:00:00,ES,BRACKET_MACRO,TREND_EXPANSION,Transition,CASH_CLOSE,TRANSITION,TRANSITION,NONE,50,100,MACRO_STALE_4046.3MIN,UNCHANGED,0,0.0,0,CLOSE,76.42,LONG,0.5,0.7473684210526316,0.5128205128205128,75.0,9.0,100.0,0.9999964300141132,0.999993279618508,3.580816670138286e-05,1,3.883720930232558,3.900959581162716,7.289377289377289,0.04489059327769,0,1,0,7193.5,6.825,,,,True,MACRO_STALE_4046.3MIN,False,False,False,False,False,False,False,False,False,False,False,False
2026-04-27 11:34:41,2026-04-27 11:25:00,2026-04-24 20:30:00,ES,BRACKET_MACRO,ROTATION_ILLIQUID,Transition,MID_MORNING_DISCOVERY,TRANSITION,TRANSITION,NONE,50,100,MICRO_STALE_3784.7MIN,UNCHANGED,0,0.0,0,POST_IB_AM,74.14,SHORT,1.0,1.0,-0.5870020964360587,20.0,3.0,0.0,0.9999999519786807,0.999999903932607,6.186644393072204e-07,6,0.0136986301369863,-1.7110892472568062,-1.090146750524109,0.005,0,1,0,7180.0,5.9625,,,,True,MICRO_STALE_3784.7MIN,False,False,False,False,False,False,False,False,False,False,False,False
2026-04-27 11:51:22,2026-04-27 11:35:00,2026-04-27 11:00:00,ES,BRACKET_MACRO,ROTATION_ILLIQUID,TrendUp,MID_MORNING_DISCOVERY,TRANSITION,TRANSITION,NONE,50,100,MICRO_STALE_51.3MIN,UNCHANGED,0,0.0,1,POST_IB_AM,52.42,NONE,0.1612903225806451,0.3793103448275862,0.2242152466367712,30.0,4.0,0.0,0.965042650352442,0.930085300721832,0.1093368006621276,12,0.0,-0.9669845613324768,-0.358744394618834,0.0014585232452142,0,1,0,7184.5,5.575,,,,True,MICRO_STALE_51.3MIN,False,False,False,False,False,False,False,False,False,False,False,False
2026-04-27 12:34:10,2026-04-27 11:35:00,2026-04-27 11:20:00,ES,BRACKET_MACRO,ROTATION_ILLIQUID,TrendUp,MID_MORNING_DISCOVERY,TRANSITION,TRANSITION,NONE,50,100,MACRO_STALE_59.1MIN,UNCHANGED,0,0.0,0,POST_IB_AM,52.42,NONE,0.1612903225806451,0.3793103448275862,0.2242152466367712,30.0,4.0,0.0,0.9989971490439232,0.9979942980934096,0.0057180798624172,16,0.0,-0.9669845613324768,-0.358744394618834,0.0014585232452142,0,1,0,7184.5,5.575,,,,True,MACRO_STALE_59.1MIN,False,False,False,False,False,False,False,False,False,False,False,False
2026-04-27 12:35:16,2026-04-27 11:35:00,2026-04-27 11:20:00,ES,BRACKET_MACRO,ROTATION_ILLIQUID,TrendUp,MID_MORNING_DISCOVERY,TRANSITION,TRANSITION,NONE,50,100,MACRO_STALE_60.2MIN,UNCHANGED,0,0.0,0,POST_IB_AM,52.42,NONE,0.1612903225806451,0.3793103448275862,0.2242152466367712,30.0,4.0,0.0,0.9989971490439232,0.9979942980934096,0.0057180798624172,16,0.0,-0.9669845613324768,-0.358744394618834,0.0014585232452142,0,1,0,7184.5,5.575,,,,True,MACRO_STALE_60.2MIN,False,False,False,False,False,False,False,False,False,False,False,False
2026-04-27 12:48:23,2026-04-27 12:45:00,2026-04-27 11:20:00,ES,BRACKET_MACRO,ROTATION_ILLIQUID,TrendUp,LUNCH_AUCTION,TRANSITION,TRANSITION,NONE,50,100,MICRO_STALE_85.0MIN_BEHIND_MACRO,UNCHANGED,0,0.0,0,LUNCH,56.5,LONG,0.75,0.65,0.8163265306122449,30.0,4.0,0.0,0.9989971490439232,0.9979942980934096,0.0057180798624172,16,0.0,1.6311593737178915,2.517006802721089,0.0195353748680042,0,1,0,7195.75,3.675,,,,True,MICRO_STALE_85.0MIN_BEHIND_MACRO,False,False,False,False,False,False,False,False,False,False,False,False
2026-04-27 12:48:26,2026-04-27 12:45:00,2026-04-27 12:45:00,ES,BRACKET_MACRO,ROTATION_ILLIQUID,TrendUp,LUNCH_AUCTION,TREND_COMPRESSION,TREND_COMPRESSION,LONG,66,15,MICRO_TREND_INSIDE_MACRO_STRUCTURE,LOCKED_IMMEDIATE,0,0.0,0,LUNCH,56.5,LONG,0.75,0.65,0.8163265306122449,30.0,4.0,0.0,0.9996803225599598,0.9993606451226626,0.0020864642861125,33,0.0,1.6311593737178915,2.517006802721089,0.0195353748680042,0,1,0,7195.75,3.675,,,,False,FRESH,False,False,True,False,False,False,True,False,True,False,False,False
2026-04-27 12:55:22,2026-04-27 12:55:00,2026-04-27 12:50:00,ES,BRACKET_MACRO,ROTATION_ILLIQUID,TrendUp,LUNCH_AUCTION,TREND_COMPRESSION,TREND_COMPRESSION,LONG,66,25,MICRO_TREND_INSIDE_MACRO_STRUCTURE,UNCHANGED,0,2.542,0,LUNCH,52.55,NONE,1.0,0.217391304347826,-0.2909090909090909,40.0,5.0,0.0,0.999729255783416,0.9994585115643267,0.0017995395668638,34,0.0,1.5632247697286816,2.5454545454545454,0.0180226570545829,0,1,0,7195.25,3.4375,,,,False,FRESH,False,False,True,False,False,False,True,False,True,False,False,False
2026-04-27 12:55:27,2026-04-27 12:55:00,2026-04-27 12:55:00,ES,BRACKET_MACRO,ROTATION_ILLIQUID,TrendUp,LUNCH_AUCTION,TREND_COMPRESSION,TREND_COMPRESSION,LONG,66,25,MICRO_TREND_INSIDE_MACRO_STRUCTURE,UNCHANGED,0,2.542,0,LUNCH,52.55,NONE,1.0,0.217391304347826,-0.2909090909090909,40.0,5.0,0.0,0.9998293758386756,0.9996587516784722,0.0011909107743058,35,0.0,1.5632247697286816,2.5454545454545454,0.0180226570545829,0,1,0,7195.25,3.4375,,,,False,FRESH,False,False,True,False,False,False,True,False,True,False,False,False
2026-04-27 13:04:19,2026-03-09 11:05:00,2026-03-09 11:05:00,ES,MEAN_REVERSION_MACRO,ROTATION_ILLIQUID,TrendUp,MID_MORNING_DISCOVERY,TRANSITION,TRANSITION,NONE,50,100,MACRO_STALE_70679.3MIN,UNCHANGED,0,0.0,0,POST_IB_AM,24.84,NONE,0.3333333333333333,0.5348837209302325,0.2378121284185493,75.0,13.0,0.0,0.9783718214125066,0.956743642826038,0.0752436105062584,11,0.0,-0.4244496122187883,-0.380499405469679,0.008893829905503,1,1,0,6674.75,10.5125,,,,True,MACRO_STALE_70679.3MIN,False,False,False,False,False,False,False,False,False,False,False,False
2026-04-27 13:04:20,2026-04-27 12:55:00,2026-04-27 12:55:00,ES,BRACKET_MACRO,ROTATION_ILLIQUID,TrendUp,LUNCH_AUCTION,TREND_COMPRESSION,TREND_COMPRESSION,LONG,66,15,MICRO_TREND_INSIDE_MACRO_STRUCTURE,LOCKED_IMMEDIATE,0,0.0,0,LUNCH,52.41,NONE,1.0,0.217391304347826,-0.2846975088967971,40.0,5.0,0.0,0.9999017174547512,0.999803434912228,0.0007250956483894,35,0.0,1.5298463048946171,2.491103202846975,0.0180226570545829,0,1,0,7195.25,3.5125,,,,False,FRESH,False,False,True,False,False,False,True,False,True,False,False,False
2026-04-27 13:05:21,2026-04-27 13:05:00,2026-04-27 13:00:00,ES,BRACKET_MACRO,ROTATION_ILLIQUID,TrendUp,POST_LUNCH_ROTATION,TREND_COMPRESSION,TREND_COMPRESSION,LONG,66,15,MICRO_TREND_INSIDE_MACRO_STRUCTURE,UNCHANGED,0,0.0,0,LUNCH,54.4,LONG,0.5555555555555556,0.68,0.4016064257028112,50.0,6.0,0.0,0.9995859763282552,0.9991719526593252,0.0026249919316933,36,0.0,2.2378887959257923,3.3734939759036147,0.0210631895687061,0,1,0,7197.0,3.1125,,,,False,FRESH,False,False,True,False,False,False,True,False,True,False,False,False
2026-04-27 13:05:25,2026-04-27 13:05:00,2026-04-27 13:05:00,ES,BRACKET_MACRO,ROTATION_ILLIQUID,TrendUp,POST_LUNCH_ROTATION,TREND_COMPRESSION,TREND_COMPRESSION,LONG,66,15,MICRO_TREND_INSIDE_MACRO_STRUCTURE,UNCHANGED,0,0.0,0,LUNCH,54.4,LONG,0.5555555555555556,0.68,0.4016064257028112,50.0,6.0,0.0,0.999889707752964,0.9997794155038436,0.0008045266139681,37,0.0,2.2378887959257923,3.3734939759036147,0.0210631895687061,0,1,0,7197.0,3.1125,,,,False,FRESH,False,False,True,False,False,False,True,False,True,False,False,False
2026-04-27 13:15:19,2026-04-27 13:15:00,2026-04-27 13:10:00,ES,BRACKET_MACRO,ROTATION_ILLIQUID,TrendUp,POST_LUNCH_ROTATION,TREND_COMPRESSION,TREND_COMPRESSION,LONG,66,25,MICRO_TREND_INSIDE_MACRO_STRUCTURE,UNCHANGED,0,0.862,0,LUNCH,62.78,LONG,1.0,0.4666666666666667,0.9322033898305084,60.0,7.0,0.0,0.9998420674399628,0.9996841348816046,0.0011111333209076,38,0.0,2.660907622334504,3.8983050847457625,0.0224828934506353,0,1,0,7198.0,2.95,,,,False,FRESH,False,False,True,False,False,False,True,False,True,False,False,False
2026-04-27 13:15:24,2026-04-27 13:15:00,2026-04-27 13:15:00,ES,BRACKET_MACRO,ROTATION_ILLIQUID,TrendUp,POST_LUNCH_ROTATION,TREND_COMPRESSION,TREND_COMPRESSION,LONG,66,25,MICRO_TREND_INSIDE_MACRO_STRUCTURE,UNCHANGED,0,0.862,0,LUNCH,62.78,LONG,1.0,0.4666666666666667,0.9322033898305084,60.0,7.0,0.0,0.9996350757397896,0.9992701514815926,0.0023469277299456,39,0.0,2.660907622334504,3.8983050847457625,0.0224828934506353,0,1,0,7198.0,2.95,,,,False,FRESH,False,False,True,False,False,False,True,False,True,False,False,False
2026-04-27 13:25:20,2026-04-27 13:25:00,2026-04-27 13:20:00,ES,BRACKET_MACRO,ROTATION_ILLIQUID,TrendDown,POST_LUNCH_ROTATION,TRANSITION,TRANSITION,NONE,50,35,NO_CLEAR_STAGE_C_ALIGNMENT,LOCKED_IMMEDIATE,0,0.484,1,LUNCH,61.29,LONG,1.0,0.7333333333333333,0.4633204633204633,70.0,8.0,0.0,0.9993176321450374,0.998635264293538,0.0040803432411018,1,0.0,2.4854555316653704,3.7065637065637063,0.0225776105362182,0,1,0,7198.5,3.2375,,,,False,FRESH,False,False,False,False,False,False,False,False,False,False,False,False
2026-04-27 13:25:24,2026-04-27 13:25:00,2026-04-27 13:25:00,ES,BRACKET_MACRO,ROTATION_ILLIQUID,TrendUp,POST_LUNCH_ROTATION,TREND_COMPRESSION,TREND_COMPRESSION,LONG,66,15,MICRO_TREND_INSIDE_MACRO_STRUCTURE,LOCKED_IMMEDIATE,0,0.484,2,LUNCH,61.29,LONG,1.0,0.7333333333333333,0.4633204633204633,70.0,8.0,0.0,0.987560240093918,0.9751204801911062,0.0482823266500822,1,0.0,2.4854555316653704,3.7065637065637063,0.0225776105362182,0,1,0,7198.5,3.2375,,,,False,FRESH,False,False,True,False,False,False,True,False,True,False,False,False
2026-04-27 13:35:21,2026-04-27 13:35:00,2026-04-27 13:30:00,ES,BRACKET_MACRO,ROTATION_ILLIQUID,TrendUp,POST_LUNCH_ROTATION,TREND_COMPRESSION,TREND_COMPRESSION,LONG,66,10,MICRO_TREND_INSIDE_MACRO_STRUCTURE,UNCHANGED,0,2.802,2,PM,78.66,LONG,1.0,1.0,2.608695652173913,80.0,9.0,73.29,0.5707661178813375,0.1415322357621465,0.4927508933228691,2,0.4657534246575342,4.66336089983035,5.942028985507246,0.0373746581586144,0,1,0,7207.0,3.45,,,,False,FRESH,False,False,True,False,False,False,True,False,True,False,False,False
2026-04-27 13:35:26,2026-04-27 13:35:00,2026-04-27 13:35:00,ES,BRACKET_MACRO,ROTATION_ILLIQUID,TrendUp,POST_LUNCH_ROTATION,TREND_COMPRESSION,TREND_COMPRESSION,LONG,66,10,MICRO_TREND_INSIDE_MACRO_STRUCTURE,UNCHANGED,0,2.802,2,PM,78.66,LONG,1.0,1.0,2.608695652173913,80.0,9.0,73.29,0.979167998549332,0.9583359970991692,0.073043425997355,3,0.4657534246575342,4.66336089983035,5.942028985507246,0.0373746581586144,0,1,0,7207.0,3.45,,,,False,FRESH,False,False,True,False,False,False,True,False,True,False,False,False
2026-04-27 13:45:22,2026-04-27 13:45:00,2026-04-27 13:40:00,ES,BRACKET_MACRO,ROTATION_ILLIQUID,TrendUp,POST_LUNCH_ROTATION,TREND_COMPRESSION,TREND_COMPRESSION,LONG,66,10,MICRO_TREND_INSIDE_MACRO_STRUCTURE,UNCHANGED,0,1.348,1,PM,59.32,LONG,0.36,0.4285714285714285,1.3533834586466165,90.0,10.0,62.33,0.9994798312491858,0.9989596625013883,0.0032123157350756,4,0.2465753424657534,3.539596236339292,4.962406015037594,0.0293203020879609,0,1,0,7203.0,3.325,,,,False,FRESH,False,False,True,False,False,False,True,False,True,False,False,False
2026-04-27 13:45:26,2026-04-27 13:45:00,2026-04-27 13:45:00,ES,BRACKET_MACRO,ROTATION_ILLIQUID,TrendUp,POST_LUNCH_ROTATION,TREND_COMPRESSION,TREND_COMPRESSION,LONG,66,10,MICRO_TREND_INSIDE_MACRO_STRUCTURE,UNCHANGED,0,1.348,0,PM,59.32,LONG,0.36,0.4285714285714285,1.3533834586466165,90.0,10.0,62.33,0.9958668038598394,0.9917336077161766,0.0193397122831019,5,0.2465753424657534,3.539596236339292,4.962406015037594,0.0293203020879609,0,1,0,7203.0,3.325,,,,False,FRESH,False,False,True,False,False,False,True,False,True,False,False,False
2026-04-27 13:55:22,2026-04-27 13:55:00,2026-04-27 13:50:00,ES,BRACKET_MACRO,ROTATION_ILLIQUID,TrendUp,POST_LUNCH_ROTATION,TREND_COMPRESSION,TREND_COMPRESSION,LONG,66,10,MICRO_TREND_INSIDE_MACRO_STRUCTURE,UNCHANGED,0,-1.434,0,PM,76.05,NONE,1.0,0.3090909090909091,-1.5019762845849802,100.0,11.0,60.27,0.999731303674912,0.9994626073520084,0.0017873997822289,6,0.2054794520547945,3.4225132372059464,4.980237154150197,0.0274032187907786,0,1,0,7202.25,3.1625,,,,False,FRESH,False,False,True,False,False,False,True,False,True,False,False,False
2026-04-27 13:55:26,2026-04-27 13:55:00,2026-04-27 13:55:00,ES,BRACKET_MACRO,ROTATION_ILLIQUID,TrendUp,POST_LUNCH_ROTATION,TREND_COMPRESSION,TREND_COMPRESSION,LONG,66,10,MICRO_TREND_INSIDE_MACRO_STRUCTURE,UNCHANGED,0,-1.434,0,PM,76.05,NONE,1.0,0.3090909090909091,-1.5019762845849802,100.0,11.0,60.27,0.9987389305190948,0.9974778610377956,0.006981861690605,7,0.2054794520547945,3.4225132372059464,4.980237154150197,0.0274032187907786,0,1,0,7202.25,3.1625,,,,False,FRESH,False,False,True,False,False,False,True,False,True,False,False,False
2026-04-27 14:05:24,2026-04-27 14:05:00,2026-04-27 14:00:00,ES,BRACKET_MACRO,ROTATION_ILLIQUID,TrendUp,AFTERNOON_TREND_TEST,TREND_COMPRESSION,TREND_COMPRESSION,LONG,66,0,MICRO_TREND_INSIDE_MACRO_STRUCTURE,UNCHANGED,0,0.233,0,PM,57.55,LONG,0.3333333333333333,0.3559322033898305,0.2371541501976284,110.0,12.0,64.38,0.9996344588039204,0.9992689176106788,0.0023504499266866,8,0.2876712328767123,3.839616704597129,5.454545454545454,0.0294117647058823,0,1,0,7203.75,3.1625,,,,False,FRESH,True,False,True,False,False,False,True,False,True,False,True,False
2026-04-27 14:05:29,2026-04-27 14:05:00,2026-04-27 14:05:00,ES,BRACKET_MACRO,ROTATION_ILLIQUID,TrendUp,AFTERNOON_TREND_TEST,TREND_COMPRESSION,TREND_COMPRESSION,LONG,66,0,MICRO_TREND_INSIDE_MACRO_STRUCTURE,UNCHANGED,0,0.233,0,PM,57.55,LONG,0.3333333333333333,0.3559322033898305,0.2371541501976284,110.0,12.0,64.38,0.9993941095405732,0.9987882190813416,0.0036750023111656,9,0.2876712328767123,3.839616704597129,5.454545454545454,0.0294117647058823,0,1,0,7203.75,3.1625,,,,False,FRESH,True,False,True,False,False,False,True,False,True,False,True,False
2026-04-27 14:15:25,2026-04-27 14:15:00,2026-04-27 14:10:00,ES,BRACKET_MACRO,ROTATION_ILLIQUID,TrendUp,AFTERNOON_TREND_TEST,TREND_COMPRESSION,TREND_COMPRESSION,LONG,66,10,MICRO_TREND_INSIDE_MACRO_STRUCTURE,UNCHANGED,0,1.039,0,PM,77.84,LONG,1.0,0.1875,1.0612244897959184,120.0,13.0,69.18,0.999578759505338,0.999157519012262,0.0026654959779842,10,0.3835616438356164,4.4795954333833885,6.204081632653061,0.0318658280922431,0,1,0,7205.5,3.0625,,,,False,FRESH,True,False,True,False,False,False,True,False,True,False,True,False
2026-04-27 14:15:29,2026-04-27 14:15:00,2026-04-27 14:15:00,ES,BRACKET_MACRO,ROTATION_ILLIQUID,TrendUp,AFTERNOON_TREND_TEST,TREND_COMPRESSION,TREND_COMPRESSION,LONG,66,10,MICRO_TREND_INSIDE_MACRO_STRUCTURE,UNCHANGED,0,1.039,0,PM,77.84,LONG,1.0,0.1875,1.0612244897959184,120.0,13.0,69.18,0.9991935547806602,0.9983871095585312,0.0047250629549507,11,0.3835616438356164,4.4795954333833885,6.204081632653061,0.0318658280922431,0,1,0,7205.5,3.0625,,,,False,FRESH,True,False,True,False,False,False,True,False,True,False,True,False
2026-04-27 14:25:19,2026-04-27 14:25:00,2026-04-27 14:20:00,ES,BRACKET_MACRO,ROTATION_ILLIQUID,TrendUp,AFTERNOON_TREND_TEST,TREND_COMPRESSION,TREND_COMPRESSION,LONG,66,10,MICRO_TREND_INSIDE_MACRO_STRUCTURE,UNCHANGED,0,0.726,0,PM,77.67,LONG,1.0,0.6666666666666666,0.7317073170731707,130.0,14.0,70.55,0.9996892080242354,0.9993784160455444,0.0020347914355379,12,0.410958904109589,4.542209555593883,6.341463414634146,0.0321252059308072,0,1,0,7206.0,3.075,,,,False,FRESH,True,False,True,False,False,False,True,False,True,False,True,False
2026-04-27 14:25:23,2026-04-27 14:25:00,2026-04-27 14:25:00,ES,BRACKET_MACRO,ROTATION_ILLIQUID,TrendUp,AFTERNOON_TREND_TEST,TREND_COMPRESSION,TREND_COMPRESSION,LONG,66,10,MICRO_TREND_INSIDE_MACRO_STRUCTURE,UNCHANGED,0,0.726,0,PM,77.67,LONG,1.0,0.6666666666666666,0.7317073170731707,130.0,14.0,70.55,0.999471582864756,0.9989431657265848,0.0032572554259082,13,0.410958904109589,4.542209555593883,6.341463414634146,0.0321252059308072,0,1,0,7206.0,3.075,,,,False,FRESH,True,False,True,False,False,False,True,False,True,False,True,False
2026-04-27 14:35:21,2026-04-27 14:35:00,2026-04-27 14:30:00,ES,BRACKET_MACRO,ROTATION_ILLIQUID,TrendUp,AFTERNOON_TREND_TEST,TREND_COMPRESSION,TREND_COMPRESSION,LONG,66,0,MICRO_TREND_INSIDE_MACRO_STRUCTURE,UNCHANGED,0,0.246,0,PM,78.25,LONG,1.0,1.0,0.2479338842975206,140.0,15.0,71.23,0.999600130292562,0.9992002605879402,0.0025452884245314,14,0.4246575342465753,4.623707599927333,6.528925619834711,0.0319320937752627,0,1,0,7206.25,3.025,,,,False,FRESH,True,False,True,False,False,False,True,False,True,False,True,False
2026-04-27 14:35:26,2026-04-27 14:35:00,2026-04-27 14:35:00,ES,BRACKET_MACRO,ROTATION_ILLIQUID,TrendUp,AFTERNOON_TREND_TEST,TREND_COMPRESSION,TREND_COMPRESSION,LONG,66,0,MICRO_TREND_INSIDE_MACRO_STRUCTURE,UNCHANGED,0,0.246,0,PM,78.25,LONG,1.0,1.0,0.2479338842975206,140.0,15.0,71.23,0.999216518292495,0.9984330365859616,0.0046068499180498,15,0.4246575342465753,4.623707599927333,6.528925619834711,0.0319320937752627,0,1,0,7206.25,3.025,,,,False,FRESH,True,False,True,False,False,False,True,False,True,False,True,False
2026-04-27 14:40:24,2026-03-09 11:05:00,2026-03-09 11:05:00,ES,MEAN_REVERSION_MACRO,ROTATION_ILLIQUID,TrendUp,MID_MORNING_DISCOVERY,TRANSITION,TRANSITION,NONE,50,100,MACRO_STALE_70775.4MIN,UNCHANGED,0,0.0,0,POST_IB_AM,24.84,NONE,0.3333333333333333,0.5348837209302325,0.2378121284185493,75.0,13.0,0.0,0.9783718214125066,0.956743642826038,0.0752436105062584,11,0.0,-0.4244496122187883,-0.380499405469679,0.008893829905503,1,1,0,6674.75,10.5125,,,,True,MACRO_STALE_70775.4MIN,False,False,False,False,False,False,False,False,False,False,False,False
2026-04-27 14:40:26,2026-04-27 14:35:00,2026-04-27 14:35:00,ES,BRACKET_MACRO,ROTATION_ILLIQUID,TrendUp,AFTERNOON_TREND_TEST,TREND_COMPRESSION,TREND_COMPRESSION,LONG,66,0,MICRO_TREND_INSIDE_MACRO_STRUCTURE,LOCKED_IMMEDIATE,0,0.0,0,PM,78.25,LONG,1.0,1.0,0.2469135802469135,140.0,15.0,71.23,0.9996465411340296,0.9992930822707672,0.002281331328895,15,0.4246575342465753,4.604679996635451,6.502057613168724,0.0319320937752627,0,1,0,7206.25,3.0375,,,,False,FRESH,True,False,True,False,False,False,True,False,True,False,True,False
2026-04-27 14:45:21,2026-04-27 14:45:00,2026-04-27 14:40:00,ES,BRACKET_MACRO,ROTATION_ILLIQUID,TrendUp,AFTERNOON_TREND_TEST,TREND_COMPRESSION,TREND_COMPRESSION,LONG,66,0,MICRO_TREND_INSIDE_MACRO_STRUCTURE,UNCHANGED,0,0.0,0,PM,66.76,NONE,0.8181818181818182,0.0,-0.7407407407407407,150.0,16.0,64.38,0.9946962642462938,0.98939252849187,0.0238605466750759,16,0.2876712328767123,3.705569576619839,5.679012345679012,0.0274027005559968,0,1,0,7203.75,3.0375,,,,False,FRESH,True,False,True,False,False,False,True,False,True,False,True,False
2026-04-27 14:45:25,2026-04-27 14:45:00,2026-04-27 14:45:00,ES,BRACKET_MACRO,ROTATION_ILLIQUID,TrendUp,AFTERNOON_TREND_TEST,TREND_COMPRESSION,TREND_COMPRESSION,LONG,66,0,MICRO_TREND_INSIDE_MACRO_STRUCTURE,UNCHANGED,0,0.0,0,PM,66.76,NONE,0.8181818181818182,0.0,-0.7407407407407407,150.0,16.0,64.38,0.9969835379580606,0.9939670759183576,0.0148009403371275,17,0.2876712328767123,3.705569576619839,5.679012345679012,0.0274027005559968,0,1,0,7203.75,3.0375,,,,False,FRESH,True,False,True,False,False,False,True,False,True,False,True,False
2026-04-27 14:55:22,2026-04-27 14:55:00,2026-04-27 14:50:00,ES,BRACKET_MACRO,ROTATION_ILLIQUID,TrendUp,AFTERNOON_TREND_TEST,TREND_COMPRESSION,TREND_COMPRESSION,LONG,66,10,MICRO_TREND_INSIDE_MACRO_STRUCTURE,UNCHANGED,0,-0.919,0,PM,75.81,NONE,1.0,0.5714285714285714,-0.9482758620689656,160.0,17.0,63.7,0.9988580233482148,0.9977160466963192,0.006404274778665,18,0.273972602739726,3.7326619325615646,5.862068965517242,0.0265107212475633,0,1,0,7203.5,2.9,,,,False,FRESH,True,False,True,False,False,False,True,False,True,False,True,False
2026-04-27 14:55:27,2026-04-27 14:55:00,2026-04-27 14:55:00,ES,BRACKET_MACRO,ROTATION_ILLIQUID,TrendUp,AFTERNOON_TREND_TEST,TREND_COMPRESSION,TREND_COMPRESSION,LONG,66,10,MICRO_TREND_INSIDE_MACRO_STRUCTURE,UNCHANGED,0,-0.919,0,PM,75.81,NONE,1.0,0.5714285714285714,-0.9482758620689656,160.0,17.0,63.7,0.9987635260308596,0.9975270520636852,0.0068632683322641,19,0.273972602739726,3.7326619325615646,5.862068965517242,0.0265107212475633,0,1,0,7203.5,2.9,,,,False,FRESH,True,False,True,False,False,False,True,False,True,False,True,False
2026-04-27 15:05:16,2026-04-27 15:05:00,2026-04-27 15:00:00,ES,BRACKET_MACRO,ROTATION_ILLIQUID,TrendUp,LATE_DAY_CONVICTION,TREND_COMPRESSION,TREND_COMPRESSION,LONG,66,20,MICRO_TREND_INSIDE_MACRO_STRUCTURE,UNCHANGED,0,-0.089,0,POWER_HOUR,76.74,NONE,1.0,0.8333333333333334,-0.1,170.0,18.0,63.7,0.9980871021176684,0.9961742042318308,0.0100153008460236,20,0.273972602739726,4.261905755676343,6.8,0.0260536398467432,0,1,0,7203.5,2.5,,,,False,FRESH,True,False,True,False,False,False,True,False,True,False,True,False
2026-04-27 15:05:21,2026-04-27 15:05:00,2026-04-27 15:05:00,ES,BRACKET_MACRO,ROTATION_ILLIQUID,TrendUp,LATE_DAY_CONVICTION,TREND_COMPRESSION,TREND_COMPRESSION,LONG,66,20,MICRO_TREND_INSIDE_MACRO_STRUCTURE,UNCHANGED,0,-0.089,0,POWER_HOUR,76.74,NONE,1.0,0.8333333333333334,-0.1,170.0,18.0,63.7,0.993213981685565,0.9864279633727528,0.029319018635742,21,0.273972602739726,4.261905755676343,6.8,0.0260536398467432,0,1,0,7203.5,2.5,,,,False,FRESH,True,False,True,False,False,False,True,False,True,False,True,False
2026-04-27 15:15:18,2026-04-27 15:15:00,2026-04-27 15:10:00,ES,BRACKET_MACRO,ROTATION_ILLIQUID,TrendUp,LATE_DAY_CONVICTION,TREND_COMPRESSION,TREND_COMPRESSION,LONG,66,20,MICRO_TREND_INSIDE_MACRO_STRUCTURE,UNCHANGED,0,0.196,0,POWER_HOUR,77.01,LONG,1.0,0.6923076923076923,0.223463687150838,180.0,19.0,65.07,0.9963709022360672,0.9927418044728108,0.0173221325268776,22,0.3013698630136986,4.90997476838069,7.82122905027933,0.026345502446368,0,1,0,7204.0,2.2375,,,,False,FRESH,True,False,True,False,False,False,True,False,True,False,True,False
2026-04-27 15:15:23,2026-04-27 15:15:00,2026-04-27 15:15:00,ES,BRACKET_MACRO,ROTATION_ILLIQUID,TrendUp,LATE_DAY_CONVICTION,TREND_COMPRESSION,TREND_COMPRESSION,LONG,66,20,MICRO_TREND_INSIDE_MACRO_STRUCTURE,UNCHANGED,0,0.196,0,POWER_HOUR,77.01,LONG,1.0,0.6923076923076923,0.223463687150838,180.0,19.0,65.07,0.993601750298885,0.9872035005979553,0.0279161290254877,23,0.3013698630136986,4.90997476838069,7.82122905027933,0.026345502446368,0,1,0,7204.0,2.2375,,,,False,FRESH,True,False,True,False,False,False,True,False,True,False,True,False
2026-04-27 15:25:19,2026-04-27 15:25:00,2026-04-27 15:20:00,ES,BRACKET_MACRO,ROTATION_ILLIQUID,TrendUp,LATE_DAY_CONVICTION,TREND_COMPRESSION,TREND_COMPRESSION,LONG,66,30,MICRO_TREND_INSIDE_MACRO_STRUCTURE,UNCHANGED,0,0.851,0,POWER_HOUR,75.4,LONG,1.0,0.7777777777777778,0.8648648648648649,190.0,20.0,69.18,0.9988675927215536,0.9977351854399644,0.0063574869136971,24,0.3835616438356164,5.281748343266568,8.216216216216216,0.0280961182994454,0,1,0,7205.5,2.3125,,,,False,FRESH,True,False,True,False,False,False,True,False,True,False,True,False
2026-04-27 15:25:23,2026-04-27 15:25:00,2026-04-27 15:25:00,ES,BRACKET_MACRO,ROTATION_ILLIQUID,TrendUp,LATE_DAY_CONVICTION,TREND_COMPRESSION,TREND_COMPRESSION,LONG,66,30,MICRO_TREND_INSIDE_MACRO_STRUCTURE,UNCHANGED,0,0.851,0,POWER_HOUR,75.4,LONG,1.0,0.7777777777777778,0.8648648648648649,190.0,20.0,69.18,0.9950935448353144,0.990187089670433,0.0223495244006392,25,0.3835616438356164,5.281748343266568,8.216216216216216,0.0280961182994454,0,1,0,7205.5,2.3125,,,,False,FRESH,True,False,True,False,False,False,True,False,True,False,True,False
2026-04-27 15:35:21,2026-04-27 15:35:00,2026-04-27 15:30:00,ES,BRACKET_MACRO,ROTATION_ILLIQUID,TrendUp,LATE_DAY_CONVICTION,TREND_COMPRESSION,TREND_COMPRESSION,LONG,66,30,MICRO_TREND_INSIDE_MACRO_STRUCTURE,UNCHANGED,0,0.991,0,POWER_HOUR,78.25,LONG,1.0,1.0,0.9944751381215468,200.0,21.0,71.23,0.9991118605573632,0.9982237211132974,0.0051418745915218,26,0.4246575342465753,5.596368493329288,8.7292817679558,0.0287481804949053,0,1,0,7206.25,2.2625,,,,False,FRESH,True,False,True,False,False,False,True,False,True,False,True,False
2026-04-27 15:35:25,2026-04-27 15:35:00,2026-04-27 15:35:00,ES,BRACKET_MACRO,ROTATION_ILLIQUID,TrendUp,LATE_DAY_CONVICTION,TREND_COMPRESSION,TREND_COMPRESSION,LONG,66,30,MICRO_TREND_INSIDE_MACRO_STRUCTURE,UNCHANGED,0,0.991,0,POWER_HOUR,78.25,LONG,1.0,1.0,0.9944751381215468,200.0,21.0,71.23,0.9914647628142788,0.9829295256282692,0.0354591035326175,27,0.4246575342465753,5.596368493329288,8.7292817679558,0.0287481804949053,0,1,0,7206.25,2.2625,,,,False,FRESH,True,False,True,False,False,False,True,False,True,False,True,False
2026-04-27 15:45:22,2026-04-27 15:45:00,2026-04-27 15:40:00,ES,BRACKET_MACRO,ROTATION_ILLIQUID,TrendUp,LATE_DAY_CONVICTION,TREND_COMPRESSION,TREND_COMPRESSION,LONG,66,20,MICRO_TREND_INSIDE_MACRO_STRUCTURE,UNCHANGED,0,0.545,0,POWER_HOUR,78.52,LONG,1.0,1.0,0.5434782608695653,210.0,22.0,72.6,0.9986666869513208,0.9973333739006072,0.0073282228954125,28,0.4520547945205479,5.581496818150971,8.804347826086957,0.0288770053475935,0,1,0,7206.75,2.3,,,,False,FRESH,True,False,True,False,False,False,True,False,True,False,True,False
2026-04-27 15:45:26,2026-04-27 15:45:00,2026-04-27 15:45:00,ES,BRACKET_MACRO,ROTATION_ILLIQUID,TrendUp,LATE_DAY_CONVICTION,TREND_COMPRESSION,TREND_COMPRESSION,LONG,66,20,MICRO_TREND_INSIDE_MACRO_STRUCTURE,UNCHANGED,0,0.545,0,POWER_HOUR,78.52,LONG,1.0,1.0,0.5434782608695653,210.0,22.0,72.6,0.9955977633031734,0.9911955266088024,0.0203979010670808,29,0.4520547945205479,5.581496818150971,8.804347826086957,0.0288770053475935,0,1,0,7206.75,2.3,,,,False,FRESH,True,False,True,False,False,False,True,False,True,False,True,False
2026-04-27 15:46:23,2026-03-09 11:05:00,2026-03-09 11:05:00,ES,MEAN_REVERSION_MACRO,ROTATION_ILLIQUID,TrendUp,MID_MORNING_DISCOVERY,TRANSITION,TRANSITION,NONE,50,100,MACRO_STALE_70841.4MIN,UNCHANGED,0,0.0,0,POST_IB_AM,24.84,NONE,0.3333333333333333,0.5348837209302325,0.2378121284185493,75.0,13.0,0.0,0.9783718214125066,0.956743642826038,0.0752436105062584,11,0.0,-0.4244496122187883,-0.380499405469679,0.008893829905503,1,1,0,6674.75,10.5125,,,,True,MACRO_STALE_70841.4MIN,False,False,False,False,False,False,False,False,False,False,False,False
2026-04-27 15:46:25,2026-04-27 15:45:00,2026-04-27 15:45:00,ES,BRACKET_MACRO,ROTATION_ILLIQUID,TrendUp,LATE_DAY_CONVICTION,TREND_COMPRESSION,TREND_COMPRESSION,LONG,66,20,MICRO_TREND_INSIDE_MACRO_STRUCTURE,LOCKED_IMMEDIATE,0,0.0,0,POWER_HOUR,78.52,LONG,1.0,1.0,0.5181347150259067,210.0,22.0,72.6,0.9955977633031734,0.9911955266088024,0.0203979010670808,29,0.4520547945205479,5.321219764454812,8.393782383419689,0.0288770053475935,0,1,0,7206.75,2.4125,,,,False,FRESH,True,False,True,False,False,False,True,False,True,False,True,False
2026-04-27 15:55:22,2026-04-27 15:55:00,2026-04-27 15:50:00,ES,BRACKET_MACRO,ROTATION_ILLIQUID,TrendUp,LATE_DAY_CONVICTION,TREND_COMPRESSION,TREND_COMPRESSION,LONG,66,20,MICRO_TREND_INSIDE_MACRO_STRUCTURE,UNCHANGED,0,0.0,0,POWER_HOUR,78.66,LONG,1.0,1.0,0.303030303030303,220.0,23.0,73.29,0.9709715230348422,0.9419430460695182,0.0947480361951644,30,0.4657534246575342,5.0049629575461045,8.282828282828282,0.0285019117135905,0,1,0,7207.0,2.475,,,,False,FRESH,True,False,True,False,False,False,True,False,True,False,True,False
2026-04-27 15:55:28,2026-04-27 15:55:00,2026-04-27 15:55:00,ES,BRACKET_MACRO,ROTATION_ILLIQUID,TrendUp,LATE_DAY_CONVICTION,TREND_COMPRESSION,TREND_COMPRESSION,LONG,66,20,MICRO_TREND_INSIDE_MACRO_STRUCTURE,UNCHANGED,0,0.0,0,POWER_HOUR,78.66,LONG,1.0,1.0,0.303030303030303,220.0,23.0,73.29,0.9983168630320056,0.9966337260639044,0.0089678479660416,31,0.4657534246575342,5.0049629575461045,8.282828282828282,0.0285019117135905,0,1,0,7207.0,2.475,,,,False,FRESH,True,False,True,False,False,False,True,False,True,False,True,False
2026-04-27 16:00:26,2026-04-27 16:00:00,2026-04-27 15:55:00,ES,BRACKET_MACRO,ROTATION_ILLIQUID,TrendUp,CASH_CLOSE,TREND_COMPRESSION,TREND_COMPRESSION,LONG,66,20,MICRO_TREND_INSIDE_MACRO_STRUCTURE,UNCHANGED,0,0.201,0,CLOSE,73.09,LONG,1.0,1.0,0.1951219512195122,225.0,24.0,73.97,0.8480878782790386,0.6961757565603052,0.3073023882046721,31,0.4794520547945205,4.542599682416838,8.097560975609756,0.0284831846259437,0,1,0,7207.25,2.5625,,,,False,FRESH,False,False,True,False,False,False,True,False,True,False,False,False
2026-04-27 16:00:31,2026-04-27 16:00:00,2026-04-27 16:00:00,ES,BRACKET_MACRO,ROTATION_ILLIQUID,TrendDown,CASH_CLOSE,TRANSITION,TRANSITION,NONE,50,40,NO_CLEAR_STAGE_C_ALIGNMENT,LOCKED_IMMEDIATE,0,0.201,1,CLOSE,73.09,LONG,1.0,1.0,0.1951219512195122,225.0,24.0,73.97,0.8948079674165226,0.7896159348350439,0.2426205626167633,2,0.4794520547945205,4.542599682416838,8.097560975609756,0.0284831846259437,0,1,0,7207.25,2.5625,,,,False,FRESH,False,False,False,False,False,False,False,False,False,False,False,False
2026-04-27 16:03:20,2026-03-09 11:05:00,2026-03-09 11:05:00,ES,MEAN_REVERSION_MACRO,ROTATION_ILLIQUID,TrendUp,MID_MORNING_DISCOVERY,TRANSITION,TRANSITION,NONE,50,100,MACRO_STALE_70858.3MIN,UNCHANGED,0,0.0,0,POST_IB_AM,24.84,NONE,0.3333333333333333,0.5348837209302325,0.2378121284185493,75.0,13.0,0.0,0.9783718214125066,0.956743642826038,0.0752436105062584,11,0.0,-0.4244496122187883,-0.380499405469679,0.008893829905503,1,1,0,6674.75,10.5125,,,,True,MACRO_STALE_70858.3MIN,False,False,False,False,False,False,False,False,False,False,False,False
2026-04-27 16:03:21,2026-04-27 16:00:00,2026-04-27 16:00:00,ES,BRACKET_MACRO,ROTATION_ILLIQUID,TrendDown,CASH_CLOSE,TRANSITION,TRANSITION,NONE,50,40,NO_CLEAR_STAGE_C_ALIGNMENT,UNCHANGED,0,0.0,0,CLOSE,73.09,LONG,1.0,1.0,0.1951219512195122,225.0,24.0,73.97,0.7498909325141275,0.4997818650270471,0.4057254732872192,2,0.4794520547945205,4.542599682416838,8.097560975609756,0.0284831846259437,0,1,0,7207.25,2.5625,,,,False,FRESH,False,False,False,False,False,False,False,False,False,False,False,False
2026-04-28 08:42:34,2026-04-27 16:00:00,2026-04-27 16:00:00,ES,BRACKET_MACRO,ROTATION_ILLIQUID,TrendDown,CASH_CLOSE,TRANSITION,TRANSITION,NONE,50,100,MACRO_STALE_1002.6MIN,UNCHANGED,0,0.0,0,CLOSE,73.09,LONG,1.0,1.0,0.1951219512195122,225.0,24.0,73.97,0.9712247550310966,0.9424495100655572,0.0941060440254553,2,0.4794520547945205,4.542599682416838,8.097560975609756,0.0284831846259437,0,1,0,7207.25,2.5625,,,,True,MACRO_STALE_1002.6MIN,False,False,False,False,False,False,False,False,False,False,False,False
2026-04-28 09:03:29,2026-03-13 13:15:00,2026-03-13 13:15:00,ES,BRACKET_MACRO,ROTATION_LIQUID,TrendUp,POST_LUNCH_ROTATION,TRANSITION,TRANSITION,NONE,50,100,MACRO_STALE_65988.5MIN,UNCHANGED,0,0.0,0,LUNCH,41.38,LONG,0.1666666666666666,0.4285714285714285,0.0763358778625954,190.0,23.0,0.0,0.9999757387300602,0.9999514774565073,0.0002034752073842,5,0.6373626373626373,1.197291757578166,5.305343511450382,0.0663801337153772,0,1,-1,6758.25,6.55,,,,True,MACRO_STALE_65988.5MIN,False,False,False,False,False,False,False,False,False,False,False,False
2026-04-28 09:03:30,2026-04-27 16:00:00,2026-04-27 16:00:00,ES,BRACKET_MACRO,ROTATION_ILLIQUID,TrendDown,CASH_CLOSE,TRANSITION,TRANSITION,NONE,50,100,MACRO_STALE_1023.5MIN,UNCHANGED,0,0.0,0,CLOSE,73.09,LONG,1.0,1.0,0.1951219512195122,225.0,24.0,73.97,0.971224755299627,0.9424495105976812,0.0941060433528782,2,0.4794520547945205,4.542599682416838,8.097560975609756,0.0284831846259437,0,1,0,7207.25,2.5625,,,,True,MACRO_STALE_1023.5MIN,False,False,False,False,False,False,False,False,False,False,False,False
2026-04-28 09:31:36,2026-04-28 09:25:00,2026-04-28 09:25:00,ES,UNRESOLVED,TRANSITION,Balance,PREMARKET_CONTEXT,TRANSITION,TRANSITION,NONE,55,0,OPENING_OR_UNRESOLVED_UNRESOLVED,UNCHANGED,0,0.0,0,PREMARKET,0.0,NONE,0.0,0.0,0.0,0.0,0.0,0.0,0.9999938242881102,0.9999877119555186,5.814485397130313e-05,7,0.0,0.0,0.0,0.0,0,0,0,7167.75,0.0,,,,False,FRESH,False,False,False,False,False,False,False,False,False,False,False,False
2026-04-28 09:36:21,2026-04-28 09:35:00,2026-04-28 09:30:00,ES,OPENING_AUCTION,ROTATION_ILLIQUID,TrendDown,OPENING_AUCTION,TRANSITION,TRANSITION,NONE,55,20,OPENING_OR_UNRESOLVED_OPENING_AUCTION,UNCHANGED,0,0.0,1,OPEN,0.0,LONG,0.0,0.0,0.0,0.0,0.0,0.0,0.9983394573518608,0.9966789147020242,0.0088636661884315,1,0.0,0.2106198422412717,0.21875,0.04375,0,1,0,7169.25,8.0,,,,False,FRESH,False,False,False,True,False,False,False,False,False,False,False,False
2026-04-28 09:36:30,2026-04-28 09:35:00,2026-04-28 09:35:00,ES,OPENING_AUCTION,ROTATION_ILLIQUID,TrendUp,OPENING_AUCTION,TRANSITION,TRANSITION,NONE,55,20,OPENING_OR_UNRESOLVED_OPENING_AUCTION,UNCHANGED,0,0.0,2,OPEN,0.0,LONG,0.0,0.0,0.0,0.0,0.0,0.0,0.5696578398232353,0.1393156796440394,0.4929769118075866,1,0.0,0.2106198422412717,0.21875,0.04375,0,1,0,7169.25,8.0,,,,False,FRESH,False,False,False,True,False,False,False,False,False,False,False,False
2026-04-28 09:37:58,2026-04-27 10:55:00,2026-04-27 10:55:00,ES,BRACKET_MACRO,ROTATION_ILLIQUID,TrendUp,POST_IB_MACRO,TRANSITION,TRANSITION,NONE,50,100,MACRO_STALE_1363.0MIN,UNCHANGED,0,0.0,0,POST_IB_AM,0.0,NONE,0.0,0.0,0.0,0.0,0.0,0.0,0.999953306788162,0.9999066135788574,0.0003695554866275,11,0.0,-0.1859540506642848,0.5,0.0032377428307123,0,1,0,7190.0,7.0,,,,True,MACRO_STALE_1363.0MIN,False,False,False,False,False,False,False,False,False,False,False,False
2026-04-28 09:37:59,2026-04-28 09:35:00,2026-04-28 09:35:00,ES,OPENING_AUCTION,ROTATION_ILLIQUID,TrendUp,OPENING_AUCTION,TRANSITION,TRANSITION,NONE,55,20,OPENING_OR_UNRESOLVED_OPENING_AUCTION,UNCHANGED,0,0.0,0,OPEN,0.0,LONG,0.0,0.0,0.0,0.0,0.0,0.0,0.5696578398232353,0.1393156796440394,0.4929769118075866,1,0.0,0.187217637547797,0.1944444444444444,0.04375,0,1,0,7169.25,9.0,,,,False,FRESH,False,False,False,True,False,False,False,False,False,False,False,False
2026-04-28 09:41:11,2026-04-28 09:40:00,2026-04-28 09:35:00,ES,BALANCE_STRUCTURE,ROTATION_ILLIQUID,TrendDown,EARLY_TEST,TRANSITION,TRANSITION,NONE,50,20,NO_CLEAR_STAGE_C_ALIGNMENT,UNCHANGED,0,0.0,0,OPEN,42.6,LONG,1.0,0.0,0.826530612244898,0.0,1.0,0.0,0.9908480515639984,0.981696103124648,0.0375585825113393,2,0.0,0.6621087997143836,0.8571428571428572,0.1228070175438596,0,1,0,7174.5,8.166666666666666,,,,False,FRESH,False,False,False,False,False,False,False,False,False,False,False,False
2026-04-28 09:41:21,2026-04-28 09:40:00,2026-04-28 09:40:00,ES,BALANCE_STRUCTURE,ROTATION_ILLIQUID,TrendUp,EARLY_TEST,TRANSITION,TRANSITION,NONE,50,0,NO_CLEAR_STAGE_C_ALIGNMENT,UNCHANGED,0,0.0,1,OPEN,42.6,LONG,1.0,0.0,0.826530612244898,0.0,1.0,0.0,0.5523193032258076,0.1046386064539925,0.4960436588134227,1,0.0,0.6621087997143836,0.8571428571428572,0.1228070175438596,0,1,0,7174.5,8.166666666666666,,,,False,FRESH,False,False,False,False,False,False,False,False,False,False,False,False
2026-04-28 09:45:58,2026-04-28 09:45:00,2026-04-28 09:40:00,ES,BALANCE_STRUCTURE,ROTATION_ILLIQUID,TrendDown,FIRST_ACCEPTANCE,TRANSITION,TRANSITION,NONE,50,30,NO_CLEAR_STAGE_C_ALIGNMENT,UNCHANGED,0,0.996,0,EARLY_AM,52.35,LONG,1.0,0.0,1.0074074074074073,5.0,2.0,0.0,0.9998832281934156,0.9997664563894724,0.0008469827505559,3,0.0,0.7586314968687172,1.2148148148148148,0.1331168831168831,0,1,0,7177.75,8.4375,,,,False,FRESH,False,False,False,False,False,False,False,False,False,False,False,False
2026-04-28 09:46:08,2026-04-28 09:45:00,2026-04-28 09:45:00,ES,BALANCE_STRUCTURE,ROTATION_ILLIQUID,TrendDown,FIRST_ACCEPTANCE,TRANSITION,TRANSITION,NONE,50,30,NO_CLEAR_STAGE_C_ALIGNMENT,UNCHANGED,0,0.996,0,EARLY_AM,52.35,LONG,1.0,0.0,1.0074074074074073,5.0,2.0,0.0,0.7976981008903686,0.5953962017821788,0.3632540362316924,4,0.0,0.7586314968687172,1.2148148148148148,0.1331168831168831,0,1,0,7177.75,8.4375,,,,False,FRESH,False,False,False,False,False,False,False,False,False,False,False,False
2026-04-28 09:50:46,2026-04-28 09:50:00,2026-04-28 09:45:00,ES,BALANCE_STRUCTURE,ROTATION_ILLIQUID,TrendDown,EARLY_CONTINUATION,ROTATION_ILLIQUID,TRANSITION,NONE,62,20,COMPRESSED_BALANCE_LOW_EDGE,PENDING_ROTATION_ILLIQUID_1_OF_2,1,0.207,0,EARLY_AM,45.78,LONG,0.3684210526315789,0.7391304347826086,0.2,10.0,3.0,0.0,0.994153396809944,0.9883067936178598,0.0258906736088776,4,0.0,0.4389777110174431,1.0,0.0921052631578947,0,1,0,7176.25,8.75,,,,False,FRESH,False,False,False,False,False,False,False,False,False,False,False,False
2026-04-28 09:50:56,2026-04-28 09:50:00,2026-04-28 09:50:00,ES,BALANCE_STRUCTURE,ROTATION_ILLIQUID,TrendUp,EARLY_CONTINUATION,TREND_COMPRESSION,TREND_COMPRESSION,LONG,66,0,MICRO_TREND_INSIDE_MACRO_STRUCTURE,LOCKED_IMMEDIATE,0,0.207,1,EARLY_AM,45.78,LONG,0.3684210526315789,0.7391304347826086,0.2,10.0,3.0,0.0,0.870700298096984,0.7414005961931717,0.2777572410992038,1,0.0,0.4389777110174431,1.0,0.0921052631578947,0,1,0,7176.25,8.75,,,,False,FRESH,True,False,True,False,False,False,True,False,True,False,True,False
2026-04-28 09:55:37,2026-04-28 09:55:00,2026-04-28 09:50:00,ES,BALANCE_STRUCTURE,ROTATION_ILLIQUID,TrendDown,EARLY_CONTINUATION,TRANSITION,TRANSITION,NONE,50,30,NO_CLEAR_STAGE_C_ALIGNMENT,LOCKED_IMMEDIATE,0,-0.88,0,EARLY_AM,39.32,SHORT,1.0,0.0625,-0.8955223880597015,0.0,1.0,0.0,0.9979675062824064,0.9959350125652182,0.0105524648061395,5,0.0,-0.2739229828313448,0.3283582089552239,0.024070021881838,0,1,0,7170.25,8.375,,,,False,FRESH,False,False,False,False,False,False,False,False,False,False,False,False
2026-04-28 09:55:45,2026-04-28 09:55:00,2026-04-28 09:55:00,ES,BALANCE_STRUCTURE,ROTATION_ILLIQUID,TrendUp,EARLY_CONTINUATION,TRANSITION,TRANSITION,NONE,50,30,NO_CLEAR_STAGE_C_ALIGNMENT,UNCHANGED,0,-0.88,1,EARLY_AM,39.32,SHORT,1.0,0.0625,-0.8955223880597015,0.0,1.0,0.0,0.6108654251415232,0.2217308502817031,0.4821193938516065,1,0.0,-0.2739229828313448,0.3283582089552239,0.024070021881838,0,1,0,7170.25,8.375,,,,False,FRESH,False,False,False,False,False,False,False,False,False,False,False,False
2026-04-28 10:02:01,2026-04-28 10:00:00,2026-04-28 10:00:00,ES,BALANCE_STRUCTURE,ROTATION_ILLIQUID,TrendUp,PRE_DECISION,TRANSITION,TRANSITION,NONE,50,30,NO_CLEAR_STAGE_C_ALIGNMENT,UNCHANGED,0,-0.788,1,EARLY_AM,43.03,SHORT,1.0,0.4347826086956521,-0.7875,5.0,2.0,0.0,0.6954398882533487,0.3908797765041479,0.4433969603746557,2,0.0,-0.2876479448492622,0.2333333333333333,0.0149812734082397,0,1,0,7169.5,8.571428571428571,,,,False,FRESH,False,False,False,False,False,False,False,False,False,False,False,False
2026-04-28 10:03:38,2026-03-09 11:05:00,2026-03-09 11:05:00,ES,MEAN_REVERSION_MACRO,ROTATION_ILLIQUID,TrendUp,MID_MORNING_DISCOVERY,TRANSITION,TRANSITION,NONE,50,100,MACRO_STALE_71938.6MIN,UNCHANGED,0,0.0,0,POST_IB_AM,24.84,NONE,0.3333333333333333,0.5348837209302325,0.2378121284185493,75.0,13.0,0.0,0.9783718214125066,0.956743642826038,0.0752436105062584,11,0.0,-0.4244496122187883,-0.380499405469679,0.008893829905503,1,1,0,6674.75,10.5125,,,,True,MACRO_STALE_71938.6MIN,False,False,False,False,False,False,False,False,False,False,False,False
2026-04-28 10:03:39,2026-04-28 10:00:00,2026-04-28 10:00:00,ES,BALANCE_STRUCTURE,ROTATION_ILLIQUID,TrendUp,PRE_DECISION,ROTATION_ILLIQUID,TRANSITION,NONE,62,20,COMPRESSED_BALANCE_LOW_EDGE,PENDING_ROTATION_ILLIQUID_1_OF_2,1,0.0,0,EARLY_AM,42.53,SHORT,1.0,0.4347826086956521,-0.7651821862348178,5.0,2.0,0.0,0.6776346332739369,0.3552692665487584,0.4534675914150949,2,0.0,-0.2794959788009025,0.2267206477732793,0.0149812734082397,0,1,0,7169.5,8.821428571428571,,,,False,FRESH,False,False,False,False,False,False,False,False,False,False,False,False
2026-04-28 10:06:49,2026-04-28 10:05:00,2026-04-28 10:05:00,ES,BALANCE_STRUCTURE,ROTATION_ILLIQUID,TrendUp,END_FIRST_WINDOW,ROTATION_ILLIQUID,ROTATION_ILLIQUID,NONE,62,20,COMPRESSED_BALANCE_LOW_EDGE,LOCKED_AFTER_2_CONFIRMATIONS,0,0.0,0,EARLY_AM,53.73,SHORT,1.0,1.0,-0.2406015037593984,10.0,3.0,0.0,0.999137137807284,0.998274275617401,0.0050135117645917,3,0.0,-0.4050199931737559,0.0902255639097744,0.0049019607843137,0,1,0,7168.25,8.3125,,,,False,FRESH,False,False,False,False,False,False,False,False,False,False,False,False
2026-04-28 10:11:39,2026-04-28 10:10:00,2026-04-28 10:10:00,ES,BRACKET_MACRO,ROTATION_ILLIQUID,TrendUp,PRE_IB_MATURATION,ROTATION_ILLIQUID,ROTATION_ILLIQUID,NONE,62,0,COMPRESSED_BALANCE_LOW_EDGE,UNCHANGED,0,0.647,0,EARLY_AM,26.96,LONG,0.6875,0.0847457627118644,0.6578073089700996,0.0,1.0,0.0,0.9921520402157924,0.9843040804350204,0.0330810563688097,4,0.0,0.3850526379162005,0.8970099667774086,0.0437956204379562,0,1,0,7175.0,8.36111111111111,,,,False,FRESH,False,False,False,False,False,False,False,False,False,False,False,False
2026-04-28 10:13:15,2026-04-27 10:55:00,2026-04-27 10:55:00,ES,BRACKET_MACRO,ROTATION_ILLIQUID,TrendUp,POST_IB_MACRO,TRANSITION,TRANSITION,NONE,50,100,MACRO_STALE_1398.2MIN,UNCHANGED,0,0.0,0,POST_IB_AM,0.0,NONE,0.0,0.0,0.0,0.0,0.0,0.0,0.999953306788162,0.9999066135788574,0.0003695554866275,11,0.0,-0.1859540506642848,0.5,0.0032377428307123,0,1,0,7190.0,7.0,,,,True,MACRO_STALE_1398.2MIN,False,False,False,False,False,False,False,False,False,False,False,False
2026-04-28 10:13:17,2026-04-28 10:10:00,2026-04-28 10:10:00,ES,BRACKET_MACRO,ROTATION_ILLIQUID,TrendUp,PRE_IB_MATURATION,ROTATION_ILLIQUID,TRANSITION,NONE,62,0,COMPRESSED_BALANCE_LOW_EDGE,PENDING_ROTATION_ILLIQUID_1_OF_2,1,0.0,0,EARLY_AM,26.64,LONG,0.6875,0.0847457627118644,0.6449511400651465,0.0,1.0,0.0,0.9962788334331808,0.99255766686873,0.017694215423094,4,0.0,0.3775271791947112,0.8794788273615635,0.0437956204379562,0,1,0,7175.0,8.527777777777779,,,,False,FRESH,False,False,False,False,False,False,False,False,False,False,False,False
2026-04-28 10:16:28,2026-04-28 10:15:00,2026-04-28 10:10:00,ES,BRACKET_MACRO,ROTATION_ILLIQUID,TrendUp,PRE_IB_MATURATION,ROTATION_ILLIQUID,ROTATION_ILLIQUID,NONE,62,20,COMPRESSED_BALANCE_LOW_EDGE,LOCKED_AFTER_2_CONFIRMATIONS,0,0.0,0,EARLY_AM,1.03,NONE,0.1489361702127659,0.0181818181818181,0.219435736677116,0.0,0.0,0.0,0.992061044050869,0.9841220881052172,0.0333983464283367,4,0.0,-0.2238145480198832,0.3134796238244514,0.0134952766531713,0,1,0,7170.0,7.975,,,,False,FRESH,False,False,False,False,False,False,False,False,False,False,False,False
2026-04-28 10:16:36,2026-04-28 10:15:00,2026-04-28 10:15:00,ES,BRACKET_MACRO,ROTATION_ILLIQUID,TrendUp,PRE_IB_MATURATION,ROTATION_ILLIQUID,ROTATION_ILLIQUID,NONE,62,20,COMPRESSED_BALANCE_LOW_EDGE,UNCHANGED,0,0.0,0,EARLY_AM,1.03,NONE,0.1489361702127659,0.0181818181818181,0.219435736677116,0.0,0.0,0.0,0.9998157641662758,0.9996315283357698,0.0012757152957274,5,0.0,-0.2238145480198832,0.3134796238244514,0.0134952766531713,0,1,0,7170.0,7.975,,,,False,FRESH,False,False,False,False,False,False,False,False,False,False,False,False
2026-04-28 10:21:18,2026-04-28 10:20:00,2026-04-28 10:15:00,ES,BRACKET_MACRO,ROTATION_ILLIQUID,TrendUp,PRE_IB_MATURATION,TRANSITION,TRANSITION,NONE,50,30,NO_CLEAR_STAGE_C_ALIGNMENT,LOCKED_IMMEDIATE,0,-0.952,0,EARLY_AM,44.04,SHORT,1.0,0.1428571428571428,-0.9798850574712644,0.0,1.0,0.0,0.9995847738638576,0.9991695477268,0.002631746978779,5,0.0,-0.5486493678032254,-0.0316091954022988,0.0012360939431396,0,1,0,7167.25,7.909090909090909,,,,False,FRESH,False,False,False,False,False,False,False,False,False,False,False,False
2026-04-28 10:21:28,2026-04-28 10:20:00,2026-04-28 10:20:00,ES,BRACKET_MACRO,ROTATION_ILLIQUID,TrendUp,PRE_IB_MATURATION,TRANSITION,TRANSITION,NONE,50,30,NO_CLEAR_STAGE_C_ALIGNMENT,UNCHANGED,0,-0.952,0,EARLY_AM,44.04,SHORT,1.0,0.1428571428571428,-0.9798850574712644,0.0,1.0,0.0,0.998758291427234,0.9975165828549754,0.0068885376391279,6,0.0,-0.5486493678032254,-0.0316091954022988,0.0012360939431396,0,1,0,7167.25,7.909090909090909,,,,False,FRESH,False,False,False,False,False,False,False,False,False,False,False,False
2026-04-28 10:26:09,2026-04-28 10:25:00,2026-04-28 10:20:00,ES,BRACKET_MACRO,ROTATION_ILLIQUID,TrendUp,NEAR_IB_CONDITION,ROTATION_ILLIQUID,TRANSITION,NONE,62,20,COMPRESSED_BALANCE_LOW_EDGE,PENDING_ROTATION_ILLIQUID_1_OF_2,1,-0.255,0,EARLY_AM,22.48,SHORT,0.5714285714285714,0.0163934426229508,-0.2601626016260163,5.0,2.0,0.0,0.9966668225759936,0.9933336451531406,0.0161145365000494,6,0.0,-0.4414498605151382,0.065040650406504,0.0023174971031286,0,1,0,7168.0,7.6875,,,,False,FRESH,False,False,False,False,False,False,False,False,False,False,False,False
2026-04-28 10:26:17,2026-04-28 10:25:00,2026-04-28 10:25:00,ES,BRACKET_MACRO,ROTATION_ILLIQUID,TrendUp,NEAR_IB_CONDITION,ROTATION_ILLIQUID,ROTATION_ILLIQUID,NONE,62,20,COMPRESSED_BALANCE_LOW_EDGE,LOCKED_AFTER_2_CONFIRMATIONS,0,-0.255,0,EARLY_AM,22.48,SHORT,0.5714285714285714,0.0163934426229508,-0.2601626016260163,5.0,2.0,0.0,0.9998467830983522,0.9996935661987262,0.0010813069319534,7,0.0,-0.4414498605151382,0.065040650406504,0.0023174971031286,0,1,0,7168.0,7.6875,,,,False,FRESH,False,False,False,False,False,False,False,False,False,False,False,False
2026-04-28 10:31:00,2026-04-28 10:30:00,2026-04-28 10:25:00,ES,BRACKET_MACRO,ROTATION_ILLIQUID,TrendUp,NEAR_IB_CONDITION,TRANSITION,TRANSITION,NONE,50,20,NO_CLEAR_STAGE_C_ALIGNMENT,LOCKED_IMMEDIATE,0,-0.097,0,EARLY_AM,51.55,SHORT,0.3333333333333333,0.85,-0.0982367758186398,10.0,3.0,0.0,0.9995806318769492,0.9991612637540932,0.0026549960310791,7,0.0,-0.6041896339017652,-0.1309823677581864,0.004250797024442,0,1,0,7166.5,7.634615384615385,,,,False,FRESH,False,False,False,False,False,False,False,False,False,False,False,False
2026-04-28 10:31:08,2026-04-28 10:30:00,2026-04-28 10:30:00,ES,BRACKET_MACRO,ROTATION_ILLIQUID,TrendUp,NEAR_IB_CONDITION,TRANSITION,TRANSITION,NONE,50,20,NO_CLEAR_STAGE_C_ALIGNMENT,UNCHANGED,0,-0.097,0,EARLY_AM,51.55,SHORT,0.3333333333333333,0.85,-0.0982367758186398,10.0,3.0,0.0,0.9997708835285148,0.9995417670570946,0.0015504496009837,8,0.0,-0.6041896339017652,-0.1309823677581864,0.004250797024442,0,1,0,7166.5,7.634615384615385,,,,False,FRESH,False,False,False,False,False,False,False,False,False,False,False,False
2026-04-28 10:35:52,2026-04-28 10:35:00,2026-04-28 10:30:00,ES,BRACKET_MACRO,ROTATION_ILLIQUID,TrendUp,POST_IB_MACRO,TREND_COMPRESSION,TREND_COMPRESSION,SHORT,66,20,DEVELOPING_INITIATIVE_PHASE_AWARE,LOCKED_IMMEDIATE,0,-0.693,0,POST_IB_AM,66.76,SHORT,1.0,0.8285714285714286,-0.708433734939759,15.0,4.0,0.0,0.9995483814578492,0.9990967629188812,0.0028350301616338,8,0.0,-1.084110950875862,-0.6409638554216868,0.0189054726368159,0,1,0,7162.75,7.410714285714286,,,,False,FRESH,True,False,True,False,False,False,True,False,False,True,False,True
2026-04-28 10:36:01,2026-04-28 10:35:00,2026-04-28 10:35:00,ES,BRACKET_MACRO,ROTATION_ILLIQUID,TrendUp,POST_IB_MACRO,TREND_COMPRESSION,TREND_COMPRESSION,SHORT,66,20,DEVELOPING_INITIATIVE_PHASE_AWARE,UNCHANGED,0,-0.693,0,POST_IB_AM,66.76,SHORT,1.0,0.8285714285714286,-0.708433734939759,15.0,4.0,0.0,0.9993271658071222,0.9986543316151886,0.0040301661097176,9,0.0,-1.084110950875862,-0.6409638554216868,0.0189054726368159,0,1,0,7162.75,7.410714285714286,,,,False,FRESH,True,False,True,False,False,False,True,False,False,True,False,True
2026-04-28 10:45:36,2026-04-28 10:45:00,2026-04-28 10:40:00,ES,BRACKET_MACRO,ROTATION_ILLIQUID,TrendDown,POST_IB_MACRO,TREND_COMPRESSION,TREND_COMPRESSION,SHORT,72,10,DEVELOPING_INITIATIVE_PHASE_AWARE,UNCHANGED,0,-1.044,1,POST_IB_AM,75.53,SHORT,1.0,0.8536585365853658,-1.005893909626719,25.0,5.0,0.0,0.999966970710157,0.9999339414184484,0.0002696604777919,2,0.1529411764705882,-1.228811465435678,-1.1316306483300589,0.0303541315345699,0,1,0,7158.5,7.953125,,,,False,FRESH,True,False,True,False,False,False,True,False,False,True,False,True
2026-04-28 10:45:45,2026-04-28 10:45:00,2026-04-28 10:45:00,ES,BRACKET_MACRO,ROTATION_ILLIQUID,TrendUp,POST_IB_MACRO,TREND_COMPRESSION,TREND_COMPRESSION,SHORT,72,30,DEVELOPING_INITIATIVE_PHASE_AWARE,UNCHANGED,0,-1.044,2,POST_IB_AM,75.53,SHORT,1.0,0.8536585365853658,-1.005893909626719,25.0,5.0,0.0,0.6882436453146225,0.3764872906305064,0.4475952379067222,1,0.1529411764705882,-1.228811465435678,-1.1316306483300589,0.0303541315345699,0,1,0,7158.5,7.953125,,,,False,FRESH,True,False,True,False,False,False,True,False,False,True,False,True
2026-04-28 10:56:57,2026-04-28 10:55:00,2026-04-28 10:55:00,ES,BRACKET_MACRO,ROTATION_LIQUID,TrendUp,POST_IB_MACRO,TREND_EXPANSION,TREND_EXPANSION,SHORT,80,30,DEVELOPING_INITIATIVE_PHASE_AWARE,LOCKED_IMMEDIATE,0,-1.567,2,POST_IB_AM,79.41,SHORT,1.0,1.0,-1.458670988654781,35.0,6.0,0.0,0.9561888596836722,0.9123777193705191,0.1297506022288687,3,0.5411764705882353,-1.8867777975732152,-2.012965964343598,0.0497118155619596,0,1,0,7150.25,8.569444444444445,,,,False,FRESH,True,True,True,False,False,True,False,False,False,True,False,True
2026-04-28 11:06:36,2026-04-28 11:05:00,2026-04-28 11:05:00,ES,MEAN_REVERSION_MACRO,ROTATION_ILLIQUID,TrendDown,MID_MORNING_DISCOVERY,TRANSITION,TRANSITION,NONE,52,50,HMM_TRANSITION_OR_RETURN_TO_OPEN,LOCKED_IMMEDIATE,0,0.179,3,POST_IB_AM,22.64,NONE,0.0833333333333333,0.25,0.1729106628242074,45.0,7.0,0.0,0.867610434303719,0.7352208686040543,0.281977673844432,7,0.0823529411764705,-0.5853648074277197,-0.8645533141210374,0.0187852222917971,1,1,0,7160.0,8.675,,,,False,FRESH,False,False,False,False,False,False,False,False,False,False,False,False
2026-04-28 11:16:12,2026-04-28 11:15:00,2026-04-28 11:10:00,ES,MEAN_REVERSION_MACRO,ROTATION_ILLIQUID,TrendUp,MID_MORNING_DISCOVERY,TRANSITION,TRANSITION,NONE,55,80,HIGH_CONFLICT_STAGE_A_B_OR_PRICE_ACTION,UNCHANGED,0,1.196,3,POST_IB_AM,48.2,NONE,1.0,0.0989010989010989,1.21122599704579,55.0,8.0,0.0,0.9009078255578832,0.8018156511130977,0.2330556156469527,1,0.0588235294117647,-0.4810901639845362,-0.827178729689808,0.0161569532602423,1,1,0,7160.5,8.4625,,,,False,FRESH,False,False,False,False,False,False,False,False,False,False,False,False
2026-04-28 11:16:21,2026-04-28 11:15:00,2026-04-28 11:15:00,ES,MEAN_REVERSION_MACRO,ROTATION_ILLIQUID,TrendUp,MID_MORNING_DISCOVERY,TRANSITION,TRANSITION,NONE,55,60,HIGH_CONFLICT_STAGE_A_B_OR_PRICE_ACTION,UNCHANGED,0,1.196,2,POST_IB_AM,48.2,NONE,1.0,0.0989010989010989,1.21122599704579,55.0,8.0,0.0,0.9997166494748584,0.9994332989497122,0.0018740258468506,2,0.0588235294117647,-0.4810901639845362,-0.827178729689808,0.0161569532602423,1,1,0,7160.5,8.4625,,,,False,FRESH,False,False,False,False,False,False,False,False,False,False,False,False
2026-04-28 11:25:50,2026-04-28 11:25:00,2026-04-28 11:20:00,ES,BRACKET_MACRO,ROTATION_ILLIQUID,TrendUp,MID_MORNING_DISCOVERY,TRANSITION,TRANSITION,NONE,50,20,NO_CLEAR_STAGE_C_ALIGNMENT,UNCHANGED,0,-0.442,2,POST_IB_AM,57.61,SHORT,0.7894736842105263,0.0989010989010989,-0.4504504504504505,65.0,9.0,0.0,0.9974769634114906,0.9949539268225452,0.0127053773122657,3,0.2588235294117647,-0.9627791178377472,-1.3513513513513515,0.0241935483870967,0,1,0,7156.25,8.325,,,,False,FRESH,False,False,False,False,False,False,False,False,False,False,False,False
2026-04-28 11:25:59,2026-04-28 11:25:00,2026-04-28 11:25:00,ES,BRACKET_MACRO,ROTATION_ILLIQUID,TrendUp,MID_MORNING_DISCOVERY,TRANSITION,TRANSITION,NONE,50,20,NO_CLEAR_STAGE_C_ALIGNMENT,UNCHANGED,0,-0.442,1,POST_IB_AM,57.61,SHORT,0.7894736842105263,0.0989010989010989,-0.4504504504504505,65.0,9.0,0.0,0.9993808641742944,0.9987617283521062,0.0037456803369011,4,0.2588235294117647,-0.9627791178377472,-1.3513513513513515,0.0241935483870967,0,1,0,7156.25,8.325,,,,False,FRESH,False,False,False,False,False,False,False,False,False,False,False,False
2026-04-28 11:29:03,2026-04-08 11:55:00,2026-04-08 11:55:00,ES,BRACKET_MACRO,ROTATION_ILLIQUID,TrendUp,MID_MORNING_DISCOVERY,TRANSITION,TRANSITION,NONE,50,100,MACRO_STALE_28774.0MIN,UNCHANGED,0,0.0,0,POST_IB_AM,65.53,NONE,0.4,0.5625,-0.4395604395604395,30.0,4.0,0.0,0.9998488774477688,0.9996977548945282,0.0010680268648475,5,0.4651162790697674,1.351647317339714,1.4285714285714286,0.0226283724978241,0,1,0,6843.0,4.55,,,,True,MACRO_STALE_28774.0MIN,False,False,False,False,False,False,False,False,False,False,False,False
2026-04-28 11:29:04,2026-04-28 11:25:00,2026-04-28 11:25:00,ES,BRACKET_MACRO,ROTATION_ILLIQUID,TrendUp,MID_MORNING_DISCOVERY,TRANSITION,TRANSITION,NONE,50,20,NO_CLEAR_STAGE_C_ALIGNMENT,UNCHANGED,0,0.0,0,POST_IB_AM,57.44,SHORT,0.7894736842105263,0.0989010989010989,-0.4464285714285714,65.0,9.0,0.0,0.9995968654774776,0.9991937309527552,0.0025637048293814,4,0.2588235294117647,-0.9541828757141956,-1.3392857142857142,0.0241935483870967,0,1,0,7156.25,8.4,,,,False,FRESH,False,False,False,False,False,False,False,False,False,False,False,False
2026-04-28 11:35:36,2026-04-28 11:35:00,2026-04-28 11:30:00,ES,BRACKET_MACRO,ROTATION_LIQUID,TrendUp,MID_MORNING_DISCOVERY,TREND_COMPRESSION,TREND_COMPRESSION,SHORT,74,20,DEVELOPING_INITIATIVE_PHASE_AWARE,LOCKED_IMMEDIATE,0,0.0,0,POST_IB_AM,79.29,SHORT,1.0,0.0123456790123456,-1.2578616352201255,75.0,10.0,0.0,0.9966833508003444,0.9933667015982652,0.0160465421721794,5,0.5294117647058824,-1.6437511095681423,-2.138364779874214,0.0343260979303382,0,1,0,7150.5,7.95,,,,False,FRESH,True,False,True,False,False,False,True,False,False,True,False,True
2026-04-28 11:35:45,2026-04-28 11:35:00,2026-04-28 11:35:00,ES,BRACKET_MACRO,ROTATION_LIQUID,TrendUp,MID_MORNING_DISCOVERY,TREND_COMPRESSION,TREND_COMPRESSION,SHORT,74,20,DEVELOPING_INITIATIVE_PHASE_AWARE,UNCHANGED,0,0.0,0,POST_IB_AM,79.29,SHORT,1.0,0.0123456790123456,-1.2578616352201255,75.0,10.0,0.0,0.999615641344562,0.9992312826901942,0.0024575271581953,6,0.5294117647058824,-1.6437511095681423,-2.138364779874214,0.0343260979303382,0,1,0,7150.5,7.95,,,,False,FRESH,True,False,True,False,False,False,True,False,False,True,False,True
2026-04-28 11:46:52,2026-04-28 11:45:00,2026-04-28 11:45:00,ES,BRACKET_MACRO,ROTATION_ILLIQUID,TrendUp,MID_MORNING_DISCOVERY,TREND_COMPRESSION,TREND_COMPRESSION,SHORT,68,20,DEVELOPING_INITIATIVE_PHASE_AWARE,UNCHANGED,0,-0.562,0,POST_IB_AM,69.77,SHORT,0.6428571428571429,0.7021276595744681,-0.5872756933115824,85.0,11.0,0.0,0.9994128904561173,0.9988257809130552,0.0035744268525526,8,0.4705882352941176,-1.481963051463688,-2.0554649265905383,0.0300285986653956,0,1,0,7151.75,7.6625,,,,False,FRESH,True,False,True,False,False,False,True,False,False,True,False,True
2026-04-28 11:51:39,2026-03-09 11:05:00,2026-03-09 11:05:00,ES,MEAN_REVERSION_MACRO,ROTATION_ILLIQUID,TrendUp,MID_MORNING_DISCOVERY,TRANSITION,TRANSITION,NONE,50,100,MACRO_STALE_72046.7MIN,UNCHANGED,0,0.0,0,POST_IB_AM,24.84,NONE,0.3333333333333333,0.5348837209302325,0.2378121284185493,75.0,13.0,0.0,0.9783718214125066,0.9567436428261952,0.0752436105059368,11,0.0,-0.4244496122187883,-0.380499405469679,0.008893829905503,1,1,0,6674.75,10.5125,,,,True,MACRO_STALE_72046.7MIN,False,False,False,False,False,False,False,False,False,False,False,False
2026-04-28 11:51:41,2026-04-28 11:45:00,2026-04-28 11:45:00,ES,BRACKET_MACRO,ROTATION_ILLIQUID,TrendUp,MID_MORNING_DISCOVERY,TREND_COMPRESSION,TREND_COMPRESSION,SHORT,68,20,DEVELOPING_INITIATIVE_PHASE_AWARE,LOCKED_IMMEDIATE,0,0.0,0,POST_IB_AM,69.77,SHORT,0.6428571428571429,0.7021276595744681,-0.576,85.0,11.0,0.0,0.9999823196957112,0.9999646393942876,0.000152317389093,8,0.4705882352941176,-1.4535093608755851,-2.016,0.0300285986653956,0,1,0,7151.75,7.8125,,,,False,FRESH,True,False,True,False,False,False,True,False,False,True,False,True
2026-04-28 11:56:33,2026-04-28 11:55:00,2026-04-28 11:50:00,ES,BRACKET_MACRO,ROTATION_ILLIQUID,TrendUp,MID_MORNING_DISCOVERY,TRANSITION,TRANSITION,NONE,50,20,NO_CLEAR_STAGE_C_ALIGNMENT,LOCKED_IMMEDIATE,0,0.0,0,POST_IB_AM,78.35,NONE,1.0,0.6666666666666666,0.2657807308970099,95.0,12.0,0.0,0.9997336274304804,0.9994672548607034,0.0017736110869208,9,0.4352941176470588,-1.350435814412317,-1.9933554817275747,0.0272975432211101,0,1,0,7152.5,7.525,,,,False,FRESH,False,False,False,False,False,False,False,False,False,False,False,False
2026-04-28 11:56:43,2026-04-28 11:55:00,2026-04-28 11:55:00,ES,BRACKET_MACRO,ROTATION_ILLIQUID,TrendUp,MID_MORNING_DISCOVERY,TRANSITION,TRANSITION,NONE,50,20,NO_CLEAR_STAGE_C_ALIGNMENT,UNCHANGED,0,0.0,0,POST_IB_AM,78.35,NONE,1.0,0.6666666666666666,0.2657807308970099,95.0,12.0,0.0,0.9996756078175864,0.999351215633082,0.0021138099200217,10,0.4352941176470588,-1.350435814412317,-1.9933554817275747,0.0272975432211101,0,1,0,7152.5,7.525,,,,False,FRESH,False,False,False,False,False,False,False,False,False,False,False,False
2026-04-28 12:06:28,2026-04-28 12:05:00,2026-04-28 12:00:00,ES,BRACKET_MACRO,ROTATION_ILLIQUID,TrendUp,LUNCH_AUCTION,TRANSITION,TRANSITION,NONE,50,35,NO_CLEAR_STAGE_C_ALIGNMENT,UNCHANGED,0,0.459,0,LUNCH,54.45,NONE,1.0,0.0952380952380952,0.4651162790697674,105.0,13.0,0.0,0.9969142970436212,0.993828594085573,0.0150900933709001,11,0.3058823529411765,-0.9448846437527114,-1.627906976744186,0.0213228894691035,0,1,0,7155.25,7.525,,,,False,FRESH,False,False,False,False,False,False,False,False,False,False,False,False
2026-04-28 12:06:37,2026-04-28 12:05:00,2026-04-28 12:05:00,ES,BRACKET_MACRO,ROTATION_ILLIQUID,TrendUp,LUNCH_AUCTION,TRANSITION,TRANSITION,NONE,50,35,NO_CLEAR_STAGE_C_ALIGNMENT,UNCHANGED,0,0.459,0,LUNCH,54.45,NONE,1.0,0.0952380952380952,0.4651162790697674,105.0,13.0,0.0,0.9993228156492012,0.9986456312955836,0.0040530736960512,12,0.3058823529411765,-0.9448846437527114,-1.627906976744186,0.0213228894691035,0,1,0,7155.25,7.525,,,,False,FRESH,False,False,False,False,False,False,False,False,False,False,False,False
2026-04-28 12:16:04,2026-04-28 12:15:00,2026-04-28 12:10:00,ES,BRACKET_MACRO,ROTATION_ILLIQUID,TrendUp,LUNCH_AUCTION,TRANSITION,TRANSITION,NONE,50,45,NO_CLEAR_STAGE_C_ALIGNMENT,UNCHANGED,0,0.784,0,LUNCH,58.28,NONE,1.0,1.0,0.8258527827648114,115.0,14.0,0.0,0.999460546003626,0.9989210920041256,0.0033172424330716,13,0.1647058823529411,-0.5684203796764145,-1.3285457809694794,0.0154553049289891,0,1,0,7158.25,6.9625,,,,False,FRESH,False,False,False,False,False,False,False,False,False,False,False,False
2026-04-28 12:16:13,2026-04-28 12:15:00,2026-04-28 12:15:00,ES,BRACKET_MACRO,ROTATION_ILLIQUID,TrendUp,LUNCH_AUCTION,TRANSITION,TRANSITION,NONE,50,45,NO_CLEAR_STAGE_C_ALIGNMENT,UNCHANGED,0,0.784,0,LUNCH,58.28,NONE,1.0,1.0,0.8258527827648114,115.0,14.0,0.0,0.9998736725520624,0.9997473451009268,0.0009091248554584,14,0.1647058823529411,-0.5684203796764145,-1.3285457809694794,0.0154553049289891,0,1,0,7158.25,6.9625,,,,False,FRESH,False,False,False,False,False,False,False,False,False,False,False,False
2026-04-28 12:17:41,2026-04-27 10:55:00,2026-04-27 10:55:00,ES,BRACKET_MACRO,ROTATION_ILLIQUID,TrendUp,POST_IB_MACRO,TRANSITION,TRANSITION,NONE,50,100,MACRO_STALE_1522.7MIN,UNCHANGED,0,0.0,0,POST_IB_AM,0.0,NONE,0.0,0.0,0.0,0.0,0.0,0.0,0.999953306788162,0.9999066135788574,0.0003695554866275,11,0.0,-0.1859540506642848,0.5,0.0032377428307123,0,1,0,7190.0,7.0,,,,True,MACRO_STALE_1522.7MIN,False,False,False,False,False,False,False,False,False,False,False,False
2026-04-28 12:17:43,2026-04-28 12:15:00,2026-04-28 12:15:00,ES,BRACKET_MACRO,ROTATION_ILLIQUID,TrendUp,LUNCH_AUCTION,TRANSITION,TRANSITION,NONE,50,35,NO_CLEAR_STAGE_C_ALIGNMENT,UNCHANGED,0,0.0,0,LUNCH,58.17,NONE,1.0,1.0,0.8127208480565371,115.0,14.0,0.0,0.9998736725520624,0.9997473451009268,0.0009091248554584,14,0.1647058823529411,-0.5593818930737859,-1.3074204946996466,0.0154553049289891,0,1,0,7158.25,7.075,,,,False,FRESH,False,False,False,False,False,False,False,False,False,False,False,False
2026-04-28 12:25:52,2026-04-28 12:25:00,2026-04-28 12:20:00,ES,BRACKET_MACRO,ROTATION_ILLIQUID,TrendUp,LUNCH_AUCTION,TRANSITION,TRANSITION,NONE,50,35,NO_CLEAR_STAGE_C_ALIGNMENT,UNCHANGED,0,0.0,0,LUNCH,58.12,NONE,1.0,1.0,0.5128205128205128,125.0,15.0,0.0,0.9998432355857458,0.9996864711748464,0.0011037544118298,15,0.1529411764705882,-0.5648695616933223,-1.4201183431952662,0.0145867098865478,0,1,0,7158.5,6.3375,,,,False,FRESH,False,False,False,False,False,False,False,False,False,False,False,False
2026-04-28 12:26:02,2026-04-28 12:25:00,2026-04-28 12:25:00,ES,BRACKET_MACRO,ROTATION_ILLIQUID,TrendUp,LUNCH_AUCTION,TRANSITION,TRANSITION,NONE,50,35,NO_CLEAR_STAGE_C_ALIGNMENT,UNCHANGED,0,0.0,0,LUNCH,58.12,NONE,1.0,1.0,0.5128205128205128,125.0,15.0,0.0,0.9996159766446152,0.9992319532884404,0.002455625121808,16,0.1529411764705882,-0.5648695616933223,-1.4201183431952662,0.0145867098865478,0,1,0,7158.5,6.3375,,,,False,FRESH,False,False,False,False,False,False,False,False,False,False,False,False
2026-04-28 12:35:40,2026-04-28 12:35:00,2026-04-28 12:30:00,ES,BRACKET_MACRO,ROTATION_ILLIQUID,TrendUp,LUNCH_AUCTION,TRANSITION,TRANSITION,NONE,50,45,NO_CLEAR_STAGE_C_ALIGNMENT,UNCHANGED,0,-1.023,0,LUNCH,66.56,SHORT,0.9285714285714286,0.0588235294117647,-1.1504424778761062,135.0,16.0,0.0,0.9996885949754776,0.9993771899505411,0.0020383623987092,17,0.4705882352941176,-1.8036334705550316,-2.787610619469026,0.02475442043222,0,1,0,7151.75,5.65,,,,False,FRESH,False,False,False,False,False,False,False,False,False,False,False,False
2026-04-28 12:35:49,2026-04-28 12:35:00,2026-04-28 12:35:00,ES,BRACKET_MACRO,ROTATION_ILLIQUID,TrendUp,LUNCH_AUCTION,TRANSITION,TRANSITION,NONE,50,45,NO_CLEAR_STAGE_C_ALIGNMENT,UNCHANGED,0,-1.023,0,LUNCH,66.56,SHORT,0.9285714285714286,0.0588235294117647,-1.1504424778761062,135.0,16.0,0.0,0.999488511636054,0.99897702327056,0.0031649204391067,18,0.4705882352941176,-1.8036334705550316,-2.787610619469026,0.02475442043222,0,1,0,7151.75,5.65,,,,False,FRESH,False,False,False,False,False,False,False,False,False,False,False,False
2026-04-28 13:01:42,2026-04-28 12:55:00,2026-04-28 12:40:00,ES,BRACKET_MACRO,ROTATION_LIQUID,TrendUp,LUNCH_AUCTION,TRANSITION,TRANSITION,NONE,50,45,NO_CLEAR_STAGE_C_ALIGNMENT,UNCHANGED,0,-1.434,0,LUNCH,69.41,SHORT,1.0,0.9411764705882352,-0.2843601895734597,155.0,18.0,0.0,0.997658817234122,0.995317634468897,0.0119160954248586,19,0.5411764705882353,-2.175923091645061,-3.2701421800947865,0.0264773599386032,0,1,0,7150.25,5.275,,,,False,FRESH,False,False,False,False,False,False,False,False,False,False,False,False
2026-04-28 13:06:33,2026-04-28 13:05:00,2026-04-28 13:00:00,ES,BRACKET_MACRO,ROTATION_LIQUID,TrendUp,POST_LUNCH_ROTATION,ROTATION_LIQUID,ROTATION_LIQUID,BOTH,64,35,BALANCED_TRADEABLE_RANGE,LOCKED_IMMEDIATE,0,-0.285,0,LUNCH,69.41,SHORT,0.0,1.0,0.0,165.0,19.0,0.0,0.9467917453673242,0.8935834907378023,0.1499360743468082,20,0.5411764705882353,-2.326116727556132,-3.5294117647058822,0.0259984928409947,0,1,0,7150.25,4.8875,,,,False,FRESH,False,False,True,False,True,False,False,True,True,True,False,False
2026-04-28 13:06:42,2026-04-28 13:05:00,2026-04-28 13:05:00,ES,BRACKET_MACRO,ROTATION_LIQUID,TrendUp,POST_LUNCH_ROTATION,ROTATION_LIQUID,ROTATION_LIQUID,BOTH,64,35,BALANCED_TRADEABLE_RANGE,UNCHANGED,0,-0.285,0,LUNCH,69.41,SHORT,0.0,1.0,0.0,165.0,19.0,0.0,0.9993070123276272,0.9986140246557692,0.0041361238537633,21,0.5411764705882353,-2.326116727556132,-3.5294117647058822,0.0259984928409947,0,1,0,7150.25,4.8875,,,,False,FRESH,False,False,True,False,True,False,False,True,True,True,False,False
2026-04-28 13:08:11,2026-04-16 11:55:00,2026-04-16 11:55:00,ES,BRACKET_MACRO,ROTATION_ILLIQUID,TrendUp,MID_MORNING_DISCOVERY,TRANSITION,TRANSITION,NONE,50,100,MACRO_STALE_17353.2MIN,UNCHANGED,0,0.0,0,POST_IB_AM,43.25,NONE,0.2941176470588235,0.1363636363636363,-0.5076142131979695,20.0,3.0,0.0,0.9999819363687352,0.9999638727395632,0.0001553403004377,30,0.0,0.9820496994067754,0.4060913705583756,0.0072463768115942,0,1,0,7068.25,2.4625,,,,True,MACRO_STALE_17353.2MIN,False,False,False,False,False,False,False,False,False,False,False,False
2026-04-28 13:08:12,2026-04-28 13:05:00,2026-04-28 13:05:00,ES,BRACKET_MACRO,ROTATION_LIQUID,TrendUp,POST_LUNCH_ROTATION,ROTATION_LIQUID,ROTATION_LIQUID,BOTH,64,35,BALANCED_TRADEABLE_RANGE,LOCKED_IMMEDIATE,0,0.0,0,LUNCH,69.41,SHORT,0.0,1.0,0.0,165.0,19.0,0.0,0.9993070123276272,0.9986140246557692,0.0041361238537633,21,0.5411764705882353,-2.2967465668546656,-3.484848484848485,0.0259984928409947,0,1,0,7150.25,4.95,,,,False,FRESH,False,False,True,False,True,False,False,True,True,True,False,False
2026-04-28 13:15:34,2026-04-28 13:15:00,2026-04-28 13:10:00,ES,BRACKET_MACRO,ROTATION_ILLIQUID,TrendUp,POST_LUNCH_ROTATION,TRANSITION,TRANSITION,NONE,50,35,NO_CLEAR_STAGE_C_ALIGNMENT,LOCKED_IMMEDIATE,0,0.0,0,LUNCH,62.57,NONE,1.0,0.3684210526315789,0.7046070460704608,175.0,20.0,0.0,0.9997021278362144,0.9994042556733131,0.0019593285046305,22,0.388235294117647,-1.7047544838301034,-3.035230352303523,0.0204978038067349,0,1,0,7153.5,4.6125,,,,False,FRESH,False,False,False,False,False,False,False,False,False,False,False,False
2026-04-28 13:15:43,2026-04-28 13:15:00,2026-04-28 13:15:00,ES,BRACKET_MACRO,ROTATION_ILLIQUID,TrendUp,POST_LUNCH_ROTATION,TRANSITION,TRANSITION,NONE,50,35,NO_CLEAR_STAGE_C_ALIGNMENT,UNCHANGED,0,0.0,0,LUNCH,62.57,NONE,1.0,0.3684210526315789,0.7046070460704608,175.0,20.0,0.0,0.9994654233095948,0.9989308466167386,0.0032907538322284,23,0.388235294117647,-1.7047544838301034,-3.035230352303523,0.0204978038067349,0,1,0,7153.5,4.6125,,,,False,FRESH,False,False,False,False,False,False,False,False,False,False,False,False
2026-04-28 13:25:18,2026-03-09 11:05:00,2026-03-09 11:05:00,ES,MEAN_REVERSION_MACRO,ROTATION_ILLIQUID,TrendUp,MID_MORNING_DISCOVERY,TRANSITION,TRANSITION,NONE,50,100,MACRO_STALE_72140.3MIN,UNCHANGED,0,0.0,0,POST_IB_AM,24.84,NONE,0.3333333333333333,0.5348837209302325,0.2378121284185493,75.0,13.0,0.0,0.9783718214125066,0.9567436428261952,0.0752436105059368,11,0.0,-0.4244496122187883,-0.380499405469679,0.008893829905503,1,1,0,6674.75,10.5125,,,,True,MACRO_STALE_72140.3MIN,False,False,False,False,False,False,False,False,False,False,False,False
2026-04-28 13:25:19,2026-04-28 13:15:00,2026-04-28 13:15:00,ES,BRACKET_MACRO,ROTATION_ILLIQUID,TrendUp,POST_LUNCH_ROTATION,TRANSITION,TRANSITION,NONE,50,35,NO_CLEAR_STAGE_C_ALIGNMENT,UNCHANGED,0,0.0,0,LUNCH,62.2,NONE,1.0,0.3684210526315789,0.6842105263157895,175.0,20.0,0.0,0.9999586657316246,0.9999173314615346,0.0003307768190878,23,0.388235294117647,-1.655406327719232,-2.9473684210526314,0.0204978038067349,0,1,0,7153.5,4.75,,,,False,FRESH,False,False,False,False,False,False,False,False,False,False,False,False
2026-04-28 13:26:56,2026-04-28 13:25:00,2026-04-28 13:25:00,ES,BRACKET_MACRO,ROTATION_ILLIQUID,TrendUp,POST_LUNCH_ROTATION,TRANSITION,TRANSITION,NONE,50,35,NO_CLEAR_STAGE_C_ALIGNMENT,UNCHANGED,0,0.0,0,LUNCH,45.34,NONE,0.5294117647058824,0.5294117647058824,0.5056179775280899,185.0,21.0,0.0,0.9998071855017192,0.9996143710063696,0.001328786381003,25,0.4352941176470588,-1.9574018082181448,-3.3707865168539324,0.0214438884917798,0,1,0,7152.5,4.45,,,,False,FRESH,False,False,False,False,False,False,False,False,False,False,False,False
2026-04-28 13:36:45,2026-04-28 13:35:00,2026-04-28 13:35:00,ES,BRACKET_MACRO,ROTATION_ILLIQUID,TrendUp,POST_LUNCH_ROTATION,TRANSITION,TRANSITION,NONE,50,30,NO_CLEAR_STAGE_C_ALIGNMENT,UNCHANGED,0,1.097,0,PM,62.44,NONE,0.7142857142857143,0.8048780487804879,1.11731843575419,195.0,22.0,20.88,0.9902741704666512,0.980548340933502,0.0394850173780381,27,0.1529411764705882,-0.5796384223806819,-2.011173184357542,0.0125523012552301,0,1,0,7158.5,4.475,,,,False,FRESH,False,False,False,False,False,False,False,False,False,False,False,False
2026-04-28 13:40:03,2026-04-27 10:55:00,2026-04-27 10:55:00,ES,BRACKET_MACRO,ROTATION_ILLIQUID,TrendUp,POST_IB_MACRO,TRANSITION,TRANSITION,NONE,50,100,MACRO_STALE_1605.0MIN,UNCHANGED,0,0.0,0,POST_IB_AM,0.0,NONE,0.0,0.0,0.0,0.0,0.0,0.0,0.999953306788162,0.999906613578857,0.0003695554866297,11,0.0,-0.1859540506642848,0.5,0.0032377428307123,0,1,0,7190.0,7.0,,,,True,MACRO_STALE_1605.0MIN,False,False,False,False,False,False,False,False,False,False,False,False
2026-04-28 13:40:04,2026-04-28 13:35:00,2026-04-28 13:35:00,ES,BRACKET_MACRO,ROTATION_ILLIQUID,TrendUp,POST_LUNCH_ROTATION,TRANSITION,TRANSITION,NONE,50,20,NO_CLEAR_STAGE_C_ALIGNMENT,UNCHANGED,0,0.0,0,PM,62.36,NONE,0.7142857142857143,0.8048780487804879,1.1049723756906076,195.0,22.0,20.65,0.9756362485732136,0.9512724971430976,0.082643010837476,27,0.1529411764705882,-0.5732335779344864,-1.9889502762430935,0.0125523012552301,0,1,0,7158.5,4.525,,,,False,FRESH,False,False,False,False,False,False,False,False,False,False,False,False
2026-04-28 13:46:35,2026-04-28 13:45:00,2026-04-28 13:40:00,ES,MEAN_REVERSION_MACRO,ROTATION_ILLIQUID,TrendUp,POST_LUNCH_ROTATION,ROTATION_ILLIQUID,TRANSITION,NONE,62,50,COMPRESSED_BALANCE_LOW_EDGE,PENDING_ROTATION_ILLIQUID_1_OF_2,1,0.0,0,PM,20.67,LONG,1.0,0.8461538461538461,2.0114942528735638,0.0,0.0,1.2,0.9985691225397932,0.9971382450763914,0.007791518804854,28,0.0235294117647058,0.0375870528310853,-1.4367816091954024,0.0084918478260869,1,1,0,7161.25,4.35,,,,False,FRESH,False,False,False,False,False,False,False,False,False,False,False,False
2026-04-28 13:46:44,2026-04-28 13:45:00,2026-04-28 13:45:00,ES,MEAN_REVERSION_MACRO,ROTATION_ILLIQUID,TrendUp,POST_LUNCH_ROTATION,ROTATION_ILLIQUID,ROTATION_ILLIQUID,NONE,62,50,COMPRESSED_BALANCE_LOW_EDGE,LOCKED_AFTER_2_CONFIRMATIONS,0,0.0,0,PM,20.67,LONG,1.0,0.8461538461538461,2.0114942528735638,0.0,0.0,1.2,0.9995227061294176,0.9990454122619644,0.0029771647148449,29,0.0235294117647058,0.0375870528310853,-1.4367816091954024,0.0084918478260869,1,1,0,7161.25,4.35,,,,False,FRESH,False,False,False,False,False,False,False,False,False,False,False,False
2026-04-28 13:51:28,2026-03-09 11:05:00,2026-03-09 11:05:00,ES,MEAN_REVERSION_MACRO,ROTATION_ILLIQUID,TrendUp,MID_MORNING_DISCOVERY,TRANSITION,TRANSITION,NONE,50,100,MACRO_STALE_72166.5MIN,UNCHANGED,0,0.0,0,POST_IB_AM,24.84,NONE,0.3333333333333333,0.5348837209302325,0.2378121284185493,75.0,13.0,0.0,0.9783718214125066,0.956743642826038,0.0752436105062584,11,0.0,-0.4244496122187883,-0.380499405469679,0.008893829905503,1,1,0,6674.75,10.5125,,,,True,MACRO_STALE_72166.5MIN,False,False,False,False,False,False,False,False,False,False,False,False
2026-04-28 13:51:29,2026-04-28 13:45:00,2026-04-28 13:45:00,ES,MEAN_REVERSION_MACRO,ROTATION_ILLIQUID,TrendUp,POST_LUNCH_ROTATION,ROTATION_ILLIQUID,TRANSITION,NONE,62,50,COMPRESSED_BALANCE_LOW_EDGE,PENDING_ROTATION_ILLIQUID_1_OF_2,1,0.0,0,PM,20.67,LONG,1.0,0.8461538461538461,2.0114942528735638,0.0,0.0,1.2,0.9996022146485208,0.999204429299484,0.0025335208055186,29,0.0235294117647058,0.0375870528310853,-1.4367816091954024,0.0084918478260869,1,1,0,7161.25,4.35,,,,False,FRESH,False,False,False,False,False,False,False,False,False,False,False,False
2026-04-28 13:56:26,2026-04-28 13:55:00,2026-04-28 13:50:00,ES,MEAN_REVERSION_MACRO,ROTATION_ILLIQUID,TrendUp,POST_LUNCH_ROTATION,ROTATION_ILLIQUID,ROTATION_ILLIQUID,NONE,62,50,COMPRESSED_BALANCE_LOW_EDGE,LOCKED_AFTER_2_CONFIRMATIONS,0,0.0,0,PM,24.03,LONG,1.0,0.8181818181818182,0.9907120743034056,0.0,1.0,10.81,0.9994769860374094,0.9989539720775292,0.0032278278901963,30,0.0,0.3458287639191285,-1.238390092879257,0.0066577896138482,1,1,0,7162.5,4.0375,,,,False,FRESH,False,False,False,False,False,False,False,False,False,False,False,False
2026-04-28 13:56:34,2026-04-28 13:55:00,2026-04-28 13:55:00,ES,MEAN_REVERSION_MACRO,ROTATION_ILLIQUID,TrendUp,POST_LUNCH_ROTATION,ROTATION_ILLIQUID,ROTATION_ILLIQUID,NONE,62,50,COMPRESSED_BALANCE_LOW_EDGE,UNCHANGED,0,0.0,0,PM,24.03,LONG,1.0,0.8181818181818182,0.9907120743034056,0.0,1.0,10.81,0.9995032486837911,0.9990064973682964,0.0030842110002749,31,0.0,0.3458287639191285,-1.238390092879257,0.0066577896138482,1,1,0,7162.5,4.0375,,,,False,FRESH,False,False,False,False,False,False,False,False,False,False,False,False
2026-04-28 14:04:35,2026-04-28 13:55:00,2026-04-28 13:55:00,ES,MEAN_REVERSION_MACRO,ROTATION_ILLIQUID,TrendUp,POST_LUNCH_ROTATION,ROTATION_ILLIQUID,TRANSITION,NONE,62,50,COMPRESSED_BALANCE_LOW_EDGE,PENDING_ROTATION_ILLIQUID_1_OF_2,1,0.0,0,PM,23.91,LONG,1.0,0.8181818181818182,0.9609609609609612,0.0,1.0,10.48,0.9999321071138032,0.9998642142304704,0.0005190080375441,31,0.0,0.3354435157533889,-1.2012012012012012,0.0066577896138482,1,1,0,7162.5,4.1625,,,,False,FRESH,False,False,False,False,False,False,False,False,False,False,False,False
2026-04-28 14:05:44,2026-03-09 11:05:00,2026-03-09 11:05:00,ES,MEAN_REVERSION_MACRO,ROTATION_ILLIQUID,TrendUp,MID_MORNING_DISCOVERY,TRANSITION,TRANSITION,NONE,50,100,MACRO_STALE_72180.7MIN,UNCHANGED,0,0.0,0,POST_IB_AM,24.84,NONE,0.3333333333333333,0.5348837209302325,0.2378121284185493,75.0,13.0,0.0,0.9783718214125066,0.9567436428261952,0.0752436105059368,11,0.0,-0.4244496122187883,-0.380499405469679,0.008893829905503,1,1,0,6674.75,10.5125,,,,True,MACRO_STALE_72180.7MIN,False,False,False,False,False,False,False,False,False,False,False,False
2026-04-28 14:05:45,2026-04-28 14:05:00,2026-04-28 14:00:00,ES,MEAN_REVERSION_MACRO,ROTATION_ILLIQUID,TrendUp,AFTERNOON_TREND_TEST,ROTATION_ILLIQUID,TRANSITION,NONE,62,50,COMPRESSED_BALANCE_LOW_EDGE,PENDING_ROTATION_ILLIQUID_1_OF_2,1,0.0,0,PM,36.38,LONG,1.0,1.0,0.438871473354232,10.0,2.0,14.42,0.9998124681590844,0.999624936321746,0.0012961391041288,32,0.0,0.461356006476265,-1.1285266457680252,0.0058804312316236,1,1,0,7163.0,3.9875,,,,False,FRESH,False,False,False,False,False,False,False,False,False,False,False,False
2026-04-28 14:05:49,2026-04-28 14:05:00,2026-04-28 14:05:00,ES,MEAN_REVERSION_MACRO,ROTATION_ILLIQUID,TrendUp,AFTERNOON_TREND_TEST,ROTATION_ILLIQUID,ROTATION_ILLIQUID,NONE,62,50,COMPRESSED_BALANCE_LOW_EDGE,LOCKED_AFTER_2_CONFIRMATIONS,0,0.0,0,PM,36.38,LONG,1.0,1.0,0.438871473354232,10.0,2.0,14.42,0.998830033191097,0.9976600663834708,0.0065407973903026,33,0.0,0.461356006476265,-1.1285266457680252,0.0058804312316236,1,1,0,7163.0,3.9875,,,,False,FRESH,False,False,False,False,False,False,False,False,False,False,False,False
2026-04-28 14:15:51,2026-04-28 14:15:00,2026-04-28 14:10:00,ES,MEAN_REVERSION_MACRO,ROTATION_ILLIQUID,TrendUp,AFTERNOON_TREND_TEST,TRANSITION,TRANSITION,NONE,52,50,HMM_TRANSITION_OR_RETURN_TO_OPEN,LOCKED_IMMEDIATE,0,0.0,0,PM,51.95,LONG,1.0,1.0,0.5161290322580645,20.0,3.0,26.64,0.9995747037849596,0.9991494075704552,0.0026882192404105,34,0.0,0.8524792841173269,-0.7741935483870968,0.0038424591738712,1,1,0,7164.5,3.875,,,,False,FRESH,False,False,False,False,False,False,False,False,False,False,False,False
2026-04-28 14:16:01,2026-04-28 14:15:00,2026-04-28 14:15:00,ES,MEAN_REVERSION_MACRO,ROTATION_ILLIQUID,TrendUp,AFTERNOON_TREND_TEST,TRANSITION,TRANSITION,NONE,52,50,HMM_TRANSITION_OR_RETURN_TO_OPEN,UNCHANGED,0,0.0,0,PM,51.95,LONG,1.0,1.0,0.5161290322580645,20.0,3.0,26.64,0.9995625507881049,0.9991251015787386,0.0027561435618607,35,0.0,0.8524792841173269,-0.7741935483870968,0.0038424591738712,1,1,0,7164.5,3.875,,,,False,FRESH,False,False,False,False,False,False,False,False,False,False,False,False
2026-04-28 14:27:02,2026-04-27 10:55:00,2026-04-27 10:55:00,ES,BRACKET_MACRO,ROTATION_ILLIQUID,TrendUp,POST_IB_MACRO,TRANSITION,TRANSITION,NONE,50,100,MACRO_STALE_1652.0MIN,UNCHANGED,0,0.0,0,POST_IB_AM,0.0,NONE,0.0,0.0,0.0,0.0,0.0,0.0,0.999953306788162,0.999906613578857,0.0003695554866297,11,0.0,-0.1859540506642848,0.5,0.0032377428307123,0,1,0,7190.0,7.0,,,,True,MACRO_STALE_1652.0MIN,False,False,False,False,False,False,False,False,False,False,False,False
2026-04-28 14:27:03,2026-04-28 14:25:00,2026-04-28 14:25:00,ES,MEAN_REVERSION_MACRO,ROTATION_ILLIQUID,TrendUp,AFTERNOON_TREND_TEST,TRANSITION,TRANSITION,NONE,52,50,HMM_TRANSITION_OR_RETURN_TO_OPEN,UNCHANGED,0,0.0,0,PM,56.0,LONG,1.0,1.0,1.316614420062696,30.0,4.0,50.0,0.9995431470097662,0.9990862940221328,0.0028640908350587,37,0.0,1.7114705127451062,0.1880877742946708,0.0009363295880149,1,1,0,7168.25,3.9875,,,,False,FRESH,False,False,False,False,False,False,False,False,False,False,False,False
2026-04-28 14:36:31,2026-04-28 14:35:00,2026-04-28 14:30:00,ES,MEAN_REVERSION_MACRO,ROTATION_ILLIQUID,TrendUp,AFTERNOON_TREND_TEST,TRANSITION,TRANSITION,NONE,52,50,HMM_TRANSITION_OR_RETURN_TO_OPEN,UNCHANGED,0,0.0,0,PM,21.25,LONG,0.0344827586206896,0.2432432432432432,0.0638977635782747,40.0,5.0,25.73,0.9989005794989544,0.9978011589977228,0.0061957527270258,38,0.0,0.823366104514701,-0.7028753993610224,0.0033670033670033,1,1,0,7164.75,3.9125,,,,False,FRESH,False,False,False,False,False,False,False,False,False,False,False,False
2026-04-28 14:36:39,2026-04-28 14:35:00,2026-04-28 14:35:00,ES,MEAN_REVERSION_MACRO,ROTATION_ILLIQUID,TrendUp,AFTERNOON_TREND_TEST,TRANSITION,TRANSITION,NONE,52,50,HMM_TRANSITION_OR_RETURN_TO_OPEN,UNCHANGED,0,0.0,0,PM,21.25,LONG,0.0344827586206896,0.2432432432432432,0.0638977635782747,40.0,5.0,25.73,0.9990083470675818,0.9980166941325708,0.005662267141697,39,0.0,0.823366104514701,-0.7028753993610224,0.0033670033670033,1,1,0,7164.75,3.9125,,,,False,FRESH,False,False,False,False,False,False,False,False,False,False,False,False
2026-04-28 14:46:00,2026-04-28 14:45:00,2026-04-28 14:40:00,ES,MEAN_REVERSION_MACRO,ROTATION_ILLIQUID,TrendUp,AFTERNOON_TREND_TEST,TRANSITION,TRANSITION,NONE,52,50,HMM_TRANSITION_OR_RETURN_TO_OPEN,UNCHANGED,0,-0.194,0,PM,37.74,NONE,0.12,0.391304347826087,-0.202020202020202,50.0,6.0,49.84,0.9989810115549772,0.9979620231119776,0.0057983531698204,40,0.0,1.5947757810257222,0.0,0.0,1,1,0,7167.5,3.7125,,,,False,FRESH,False,False,False,False,False,False,False,False,False,False,False,False
2026-04-28 14:46:09,2026-04-28 14:45:00,2026-04-28 14:45:00,ES,MEAN_REVERSION_MACRO,ROTATION_ILLIQUID,TrendUp,AFTERNOON_TREND_TEST,TRANSITION,TRANSITION,NONE,52,50,HMM_TRANSITION_OR_RETURN_TO_OPEN,UNCHANGED,0,-0.194,0,PM,37.74,NONE,0.12,0.391304347826087,-0.202020202020202,50.0,6.0,49.84,0.9992874411707215,0.99857488233987,0.0042386149341121,41,0.0,1.5947757810257222,0.0,0.0,1,1,0,7167.5,3.7125,,,,False,FRESH,False,False,False,False,False,False,False,False,False,False,False,False
2026-04-28 14:49:09,2026-03-09 11:05:00,2026-03-09 11:05:00,ES,MEAN_REVERSION_MACRO,ROTATION_ILLIQUID,TrendUp,MID_MORNING_DISCOVERY,TRANSITION,TRANSITION,NONE,50,100,MACRO_STALE_72224.2MIN,UNCHANGED,0,0.0,0,POST_IB_AM,24.84,NONE,0.3333333333333333,0.5348837209302325,0.2378121284185493,75.0,13.0,0.0,0.9783718214125066,0.956743642826038,0.0752436105062584,11,0.0,-0.4244496122187883,-0.380499405469679,0.008893829905503,1,1,0,6674.75,10.5125,,,,True,MACRO_STALE_72224.2MIN,False,False,False,False,False,False,False,False,False,False,False,False
2026-04-28 14:49:10,2026-04-28 14:45:00,2026-04-28 14:45:00,ES,MEAN_REVERSION_MACRO,ROTATION_ILLIQUID,TrendUp,AFTERNOON_TREND_TEST,TRANSITION,TRANSITION,NONE,52,50,HMM_TRANSITION_OR_RETURN_TO_OPEN,UNCHANGED,0,0.0,0,PM,37.74,NONE,0.12,0.391304347826087,-0.2006688963210702,50.0,6.0,49.5,0.999456837892017,0.998913675786604,0.0033373598094807,41,0.0,1.5840570647416954,0.0,0.0,1,1,0,7167.5,3.7375,,,,False,FRESH,False,False,False,False,False,False,False,False,False,False,False,False
2026-04-28 14:57:05,2026-04-28 14:55:00,2026-04-28 14:55:00,ES,MEAN_REVERSION_MACRO,ROTATION_ILLIQUID,TrendUp,AFTERNOON_TREND_TEST,TRANSITION,TRANSITION,NONE,52,30,HMM_TRANSITION_OR_RETURN_TO_OPEN,UNCHANGED,0,0.0,0,PM,56.0,LONG,1.0,0.4166666666666667,1.3013698630136987,60.0,7.0,50.0,0.9994515385701608,0.9989030771437454,0.0033660782267045,43,0.0,2.1491047300170902,0.547945205479452,0.0023724792408066,1,1,0,7169.5,3.65,,,,False,FRESH,False,False,False,False,False,False,False,False,False,False,False,False
2026-04-28 15:06:33,2026-04-28 15:05:00,2026-04-28 15:00:00,ES,MEAN_REVERSION_MACRO,ROTATION_ILLIQUID,TrendUp,LATE_DAY_CONVICTION,TRANSITION,TRANSITION,NONE,52,30,HMM_TRANSITION_OR_RETURN_TO_OPEN,UNCHANGED,0,0.693,0,POWER_HOUR,51.09,LONG,1.0,0.2,0.7272727272727273,70.0,8.0,50.0,0.9992735216416512,0.9985470432814828,0.0043112725418604,44,0.0,2.390536538234764,0.7272727272727273,0.0029146021568055,1,1,0,7170.0,3.4375,,,,False,FRESH,False,False,False,False,False,False,False,False,False,False,False,False
2026-04-28 15:06:42,2026-04-28 15:05:00,2026-04-28 15:05:00,ES,MEAN_REVERSION_MACRO,ROTATION_ILLIQUID,TrendUp,LATE_DAY_CONVICTION,TRANSITION,TRANSITION,NONE,52,30,HMM_TRANSITION_OR_RETURN_TO_OPEN,UNCHANGED,0,0.693,0,POWER_HOUR,51.09,LONG,1.0,0.2,0.7272727272727273,70.0,8.0,50.0,0.9982537976265616,0.9965075952547096,0.0092574903097894,45,0.0,2.390536538234764,0.7272727272727273,0.0029146021568055,1,1,0,7170.0,3.4375,,,,False,FRESH,False,False,False,False,False,False,False,False,False,False,False,False
2026-04-28 15:09:45,2026-03-09 11:05:00,2026-03-09 11:05:00,ES,MEAN_REVERSION_MACRO,ROTATION_ILLIQUID,TrendUp,MID_MORNING_DISCOVERY,TRANSITION,TRANSITION,NONE,50,100,MACRO_STALE_72244.7MIN,UNCHANGED,0,0.0,0,POST_IB_AM,24.84,NONE,0.3333333333333333,0.5348837209302325,0.2378121284185493,75.0,13.0,0.0,0.9783718214125066,0.956743642826038,0.0752436105062584,11,0.0,-0.4244496122187883,-0.380499405469679,0.008893829905503,1,1,0,6674.75,10.5125,,,,True,MACRO_STALE_72244.7MIN,False,False,False,False,False,False,False,False,False,False,False,False
2026-04-28 15:09:46,2026-04-28 15:05:00,2026-04-28 15:05:00,ES,MEAN_REVERSION_MACRO,ROTATION_ILLIQUID,TrendUp,LATE_DAY_CONVICTION,TRANSITION,TRANSITION,NONE,52,30,HMM_TRANSITION_OR_RETURN_TO_OPEN,UNCHANGED,0,0.0,0,POWER_HOUR,50.68,LONG,1.0,0.2,0.7042253521126761,70.0,8.0,50.0,0.9404648956539844,0.880929791307293,0.1627983430818671,45,0.0,2.3147257505197687,0.7042253521126761,0.0029146021568055,1,1,0,7170.0,3.55,,,,False,FRESH,False,False,False,False,False,False,False,False,False,False,False,False
2026-04-28 15:14:32,2026-04-27 10:55:00,2026-04-27 10:55:00,ES,BRACKET_MACRO,ROTATION_ILLIQUID,TrendUp,POST_IB_MACRO,TRANSITION,TRANSITION,NONE,50,100,MACRO_STALE_1699.5MIN,UNCHANGED,0,0.0,0,POST_IB_AM,0.0,NONE,0.0,0.0,0.0,0.0,0.0,0.0,0.999953306788162,0.9999066135788574,0.0003695554866275,11,0.0,-0.1859540506642848,0.5,0.0032377428307123,0,1,0,7190.0,7.0,,,,True,MACRO_STALE_1699.5MIN,False,False,False,False,False,False,False,False,False,False,False,False
2026-04-28 15:14:33,2026-04-28 15:05:00,2026-04-28 15:05:00,ES,MEAN_REVERSION_MACRO,ROTATION_ILLIQUID,TrendUp,LATE_DAY_CONVICTION,TRANSITION,TRANSITION,NONE,52,30,HMM_TRANSITION_OR_RETURN_TO_OPEN,UNCHANGED,0,0.0,0,POWER_HOUR,50.68,LONG,1.0,0.2,0.7042253521126761,70.0,8.0,50.0,0.992367059515145,0.9847341190327096,0.0323282520175878,45,0.0,2.3147257505197687,0.7042253521126761,0.0029146021568055,1,1,0,7170.0,3.55,,,,False,FRESH,False,False,False,False,False,False,False,False,False,False,False,False
2026-04-28 15:16:08,2026-04-28 15:15:00,2026-04-28 15:10:00,ES,MEAN_REVERSION_MACRO,ROTATION_ILLIQUID,TrendUp,LATE_DAY_CONVICTION,TREND_COMPRESSION,TREND_COMPRESSION,LONG,66,30,MICRO_TREND_INSIDE_MACRO_STRUCTURE,LOCKED_IMMEDIATE,0,0.0,0,POWER_HOUR,56.0,LONG,1.0,1.0,1.1152416356877324,80.0,9.0,50.0,0.9966728683920152,0.9933457367873986,0.0160896719165205,46,0.0,3.336642850668072,1.7100371747211898,0.006578947368421,1,1,0,7173.25,3.3625,,,,False,FRESH,True,False,True,False,False,False,True,False,True,False,True,False
2026-04-28 15:16:17,2026-04-28 15:15:00,2026-04-28 15:15:00,ES,MEAN_REVERSION_MACRO,ROTATION_ILLIQUID,TrendUp,LATE_DAY_CONVICTION,TREND_COMPRESSION,TREND_COMPRESSION,LONG,66,30,MICRO_TREND_INSIDE_MACRO_STRUCTURE,UNCHANGED,0,0.0,0,POWER_HOUR,56.0,LONG,1.0,1.0,1.1152416356877324,80.0,9.0,50.0,0.9981136460236418,0.9962272920451388,0.0098953577227127,47,0.0,3.336642850668072,1.7100371747211898,0.006578947368421,1,1,0,7173.25,3.3625,,,,False,FRESH,True,False,True,False,False,False,True,False,True,False,True,False
2026-04-28 15:25:38,2026-04-28 15:25:00,2026-04-28 15:20:00,ES,MEAN_REVERSION_MACRO,ROTATION_ILLIQUID,TrendUp,LATE_DAY_CONVICTION,TRANSITION,TRANSITION,NONE,52,30,HMM_TRANSITION_OR_RETURN_TO_OPEN,LOCKED_IMMEDIATE,0,0.216,0,POWER_HOUR,36.59,LONG,0.1304347826086956,0.3939393939393939,0.2150537634408602,90.0,10.0,50.0,0.9966618795646826,0.9933237591258188,0.0161348596985754,48,0.0,2.4482877330649977,0.931899641577061,0.0036434977578475,1,1,0,7170.75,3.4875,,,,False,FRESH,False,False,False,False,False,False,False,False,False,False,False,False
2026-04-28 15:25:47,2026-04-28 15:25:00,2026-04-28 15:25:00,ES,MEAN_REVERSION_MACRO,ROTATION_ILLIQUID,TrendUp,LATE_DAY_CONVICTION,TRANSITION,TRANSITION,NONE,52,30,HMM_TRANSITION_OR_RETURN_TO_OPEN,UNCHANGED,0,0.216,0,POWER_HOUR,36.59,LONG,0.1304347826086956,0.3939393939393939,0.2150537634408602,90.0,10.0,50.0,0.9893600162370532,0.978720032471567,0.0425032919806614,49,0.0,2.4482877330649977,0.931899641577061,0.0036434977578475,1,1,0,7170.75,3.4875,,,,False,FRESH,False,False,False,False,False,False,False,False,False,False,False,False
2026-04-28 15:28:47,2026-03-09 11:05:00,2026-03-09 11:05:00,ES,MEAN_REVERSION_MACRO,ROTATION_ILLIQUID,TrendUp,MID_MORNING_DISCOVERY,TRANSITION,TRANSITION,NONE,50,100,MACRO_STALE_72263.8MIN,UNCHANGED,0,0.0,0,POST_IB_AM,24.84,NONE,0.3333333333333333,0.5348837209302325,0.2378121284185493,75.0,13.0,0.0,0.9783718214125066,0.956743642826038,0.0752436105062584,11,0.0,-0.4244496122187883,-0.380499405469679,0.008893829905503,1,1,0,6674.75,10.5125,,,,True,MACRO_STALE_72263.8MIN,False,False,False,False,False,False,False,False,False,False,False,False
2026-04-28 15:28:49,2026-04-28 15:25:00,2026-04-28 15:25:00,ES,MEAN_REVERSION_MACRO,ROTATION_ILLIQUID,TrendUp,LATE_DAY_CONVICTION,TRANSITION,TRANSITION,NONE,52,30,HMM_TRANSITION_OR_RETURN_TO_OPEN,UNCHANGED,0,0.0,0,POWER_HOUR,36.53,LONG,0.1304347826086956,0.3939393939393939,0.2142857142857142,90.0,10.0,50.0,0.9921912126323374,0.9843824252631808,0.0329442323259403,49,0.0,2.439543848304051,0.9285714285714286,0.0036434977578475,1,1,0,7170.75,3.5,,,,False,FRESH,False,False,False,False,False,False,False,False,False,False,False,False
2026-04-28 15:36:48,2026-03-09 11:05:00,2026-03-09 11:05:00,ES,MEAN_REVERSION_MACRO,ROTATION_ILLIQUID,TrendUp,MID_MORNING_DISCOVERY,TRANSITION,TRANSITION,NONE,50,100,MACRO_STALE_72271.8MIN,UNCHANGED,0,0.0,0,POST_IB_AM,24.84,NONE,0.3333333333333333,0.5348837209302325,0.2378121284185493,75.0,13.0,0.0,0.9783718214125066,0.956743642826038,0.0752436105062584,11,0.0,-0.4244496122187883,-0.380499405469679,0.008893829905503,1,1,0,6674.75,10.5125,,,,True,MACRO_STALE_72271.8MIN,False,False,False,False,False,False,False,False,False,False,False,False
2026-04-28 15:36:49,2026-04-28 15:35:00,2026-04-28 15:35:00,ES,MEAN_REVERSION_MACRO,ROTATION_ILLIQUID,TrendUp,LATE_DAY_CONVICTION,TRANSITION,TRANSITION,NONE,52,50,HMM_TRANSITION_OR_RETURN_TO_OPEN,UNCHANGED,0,0.0,0,POWER_HOUR,56.0,NONE,1.0,0.2682926829268293,-1.911764705882353,100.0,11.0,40.74,0.988020905900687,0.97604181179853,0.0468224252738208,51,0.0,1.3037251522117752,-0.2205882352941176,0.0008275862068965,1,1,0,7166.75,3.4,,,,False,FRESH,False,False,False,False,False,False,False,False,False,False,False,False
2026-04-28 15:46:20,2026-04-28 15:45:00,2026-04-28 15:40:00,ES,MEAN_REVERSION_MACRO,ROTATION_ILLIQUID,TrendUp,LATE_DAY_CONVICTION,TREND_COMPRESSION,TREND_COMPRESSION,LONG,66,30,MICRO_TREND_INSIDE_MACRO_STRUCTURE,LOCKED_IMMEDIATE,0,0.0,0,POWER_HOUR,15.36,LONG,0.0303030303030303,0.0714285714285714,0.072463768115942,110.0,12.0,50.0,0.9953607012371252,0.9907214024721718,0.0213204097320022,52,0.0,2.477829487061304,1.0144927536231882,0.0037981551817688,1,1,0,7171.0,3.45,,,,False,FRESH,True,False,True,False,False,False,True,False,True,False,True,False
2026-04-28 15:46:29,2026-04-28 15:45:00,2026-04-28 15:45:00,ES,MEAN_REVERSION_MACRO,ROTATION_ILLIQUID,TrendUp,LATE_DAY_CONVICTION,TREND_COMPRESSION,TREND_COMPRESSION,LONG,66,30,MICRO_TREND_INSIDE_MACRO_STRUCTURE,UNCHANGED,0,0.0,0,POWER_HOUR,15.36,LONG,0.0303030303030303,0.0714285714285714,0.072463768115942,110.0,12.0,50.0,0.9956750466323924,0.9913500932681067,0.0200951831597702,53,0.0,2.477829487061304,1.0144927536231882,0.0037981551817688,1,1,0,7171.0,3.45,,,,False,FRESH,True,False,True,False,False,False,True,False,True,False,True,False
2026-04-28 15:51:04,2026-03-09 11:05:00,2026-03-09 11:05:00,ES,MEAN_REVERSION_MACRO,ROTATION_ILLIQUID,TrendUp,MID_MORNING_DISCOVERY,TRANSITION,TRANSITION,NONE,50,100,MACRO_STALE_72286.1MIN,UNCHANGED,0,0.0,0,POST_IB_AM,24.84,NONE,0.3333333333333333,0.5348837209302325,0.2378121284185493,75.0,13.0,0.0,0.9783718214125066,0.956743642826038,0.0752436105062584,11,0.0,-0.4244496122187883,-0.380499405469679,0.008893829905503,1,1,0,6674.75,10.5125,,,,True,MACRO_STALE_72286.1MIN,False,False,False,False,False,False,False,False,False,False,False,False
2026-04-28 15:51:05,2026-04-28 15:45:00,2026-04-28 15:45:00,ES,MEAN_REVERSION_MACRO,ROTATION_ILLIQUID,TrendUp,LATE_DAY_CONVICTION,TRANSITION,TRANSITION,NONE,52,30,HMM_TRANSITION_OR_RETURN_TO_OPEN,UNCHANGED,0,0.0,0,POWER_HOUR,15.27,LONG,0.0303030303030303,0.0714285714285714,0.0711743772241992,110.0,12.0,50.0,0.998982268795737,0.9979645375888462,0.0057921059181052,53,0.0,2.433796707682437,0.99644128113879,0.0037981551817688,1,1,0,7171.0,3.5125,,,,False,FRESH,False,False,False,False,False,False,False,False,False,False,False,False
2026-04-28 15:52:38,2026-03-09 11:05:00,2026-03-09 11:05:00,ES,MEAN_REVERSION_MACRO,ROTATION_ILLIQUID,TrendUp,MID_MORNING_DISCOVERY,TRANSITION,TRANSITION,NONE,50,100,MACRO_STALE_72287.6MIN,UNCHANGED,0,0.0,0,POST_IB_AM,24.84,NONE,0.3333333333333333,0.5348837209302325,0.2378121284185493,75.0,13.0,0.0,0.9783718214125066,0.9567436428261952,0.0752436105059368,11,0.0,-0.4244496122187883,-0.380499405469679,0.008893829905503,1,1,0,6674.75,10.5125,,,,True,MACRO_STALE_72287.6MIN,False,False,False,False,False,False,False,False,False,False,False,False
2026-04-28 15:52:39,2026-04-28 15:45:00,2026-04-28 15:45:00,ES,MEAN_REVERSION_MACRO,ROTATION_ILLIQUID,TrendUp,LATE_DAY_CONVICTION,TRANSITION,TRANSITION,NONE,52,30,HMM_TRANSITION_OR_RETURN_TO_OPEN,UNCHANGED,0,0.0,0,POWER_HOUR,15.27,LONG,0.0303030303030303,0.0714285714285714,0.0711743772241992,110.0,12.0,50.0,0.9998421988448376,0.9996843976875333,0.0011103036008924,53,0.0,2.433739994408967,0.99644128113879,0.0037981551817688,1,1,0,7171.0,3.5125,,,,False,FRESH,False,False,False,False,False,False,False,False,False,False,False,False
2026-04-28 15:55:49,2026-04-28 15:55:00,2026-04-28 15:50:00,ES,MEAN_REVERSION_MACRO,ROTATION_ILLIQUID,TrendUp,LATE_DAY_CONVICTION,TREND_COMPRESSION,TREND_COMPRESSION,LONG,66,30,MICRO_TREND_INSIDE_MACRO_STRUCTURE,LOCKED_IMMEDIATE,0,0.0,0,POWER_HOUR,56.0,LONG,1.0,0.1818181818181818,1.263157894736842,120.0,13.0,50.0,0.9879542099571388,0.9759084199112018,0.0470345815141646,54,0.0,2.3801649987290148,1.0526315789473684,0.0039840637450199,1,1,0,7171.25,3.5625,,,,False,FRESH,True,False,True,False,False,False,True,False,True,False,True,False
2026-04-28 15:55:59,2026-04-28 15:55:00,2026-04-28 15:55:00,ES,MEAN_REVERSION_MACRO,ROTATION_ILLIQUID,TrendUp,LATE_DAY_CONVICTION,TREND_COMPRESSION,TREND_COMPRESSION,LONG,66,30,MICRO_TREND_INSIDE_MACRO_STRUCTURE,UNCHANGED,0,0.0,0,POWER_HOUR,56.0,LONG,1.0,0.1818181818181818,1.263157894736842,120.0,13.0,50.0,0.9921763242254468,0.984352648451516,0.0329962523434102,55,0.0,2.3801649987290148,1.0526315789473684,0.0039840637450199,1,1,0,7171.25,3.5625,,,,False,FRESH,True,False,True,False,False,False,True,False,True,False,True,False
2026-04-28 16:00:36,2026-04-28 16:00:00,2026-04-28 15:55:00,ES,MEAN_REVERSION_MACRO,ROTATION_ILLIQUID,TrendUp,CASH_CLOSE,TREND_COMPRESSION,TREND_COMPRESSION,LONG,66,30,MICRO_TREND_INSIDE_MACRO_STRUCTURE,UNCHANGED,0,0.141,0,CLOSE,41.78,LONG,1.0,0.0857142857142857,0.1398601398601398,125.0,14.0,50.0,0.692963879081906,0.385927758160858,0.4448612461214832,55,0.0,2.273420783691566,1.1188811188811187,0.0041862899005756,1,1,0,7171.5,3.575,,,,False,FRESH,False,False,True,False,False,False,True,False,True,False,False,False
2026-04-28 16:00:44,2026-04-28 16:00:00,2026-04-28 16:00:00,ES,MEAN_REVERSION_MACRO,ROTATION_ILLIQUID,TrendDown,CASH_CLOSE,TRANSITION,TRANSITION,NONE,52,50,HMM_TRANSITION_OR_RETURN_TO_OPEN,LOCKED_IMMEDIATE,0,0.141,1,CLOSE,41.78,LONG,1.0,0.0857142857142857,0.1398601398601398,125.0,14.0,50.0,0.9544490276259628,0.908898055249876,0.1335941854833819,2,0.0,2.273420783691566,1.1188811188811187,0.0041862899005756,1,1,0,7171.5,3.575,,,,False,FRESH,False,False,False,False,False,False,False,False,False,False,False,False
2026-04-28 16:14:44,2026-04-27 10:55:00,2026-04-27 10:55:00,ES,BRACKET_MACRO,ROTATION_ILLIQUID,TrendUp,POST_IB_MACRO,TRANSITION,TRANSITION,NONE,50,100,MACRO_STALE_1759.7MIN,UNCHANGED,0,0.0,0,POST_IB_AM,0.0,NONE,0.0,0.0,0.0,0.0,0.0,0.0,0.999953306788162,0.9999066135788574,0.0003695554866275,11,0.0,-0.1859540506642848,0.5,0.0032377428307123,0,1,0,7190.0,7.0,,,,True,MACRO_STALE_1759.7MIN,False,False,False,False,False,False,False,False,False,False,False,False
2026-04-28 16:14:46,2026-04-28 16:00:00,2026-04-28 16:00:00,ES,MEAN_REVERSION_MACRO,ROTATION_ILLIQUID,TrendDown,CASH_CLOSE,TRANSITION,TRANSITION,NONE,52,50,HMM_TRANSITION_OR_RETURN_TO_OPEN,UNCHANGED,0,0.0,0,CLOSE,41.78,LONG,1.0,0.0857142857142857,0.1398601398601398,125.0,14.0,50.0,0.9956702338616452,0.9913404677253124,0.0201140637617231,2,0.0,2.273477978556988,1.1188811188811187,0.0041862899005756,1,1,0,7171.5,3.575,,,,False,FRESH,False,False,False,False,False,False,False,False,False,False,False,False
2026-04-28 16:52:19,2026-04-22 14:45:00,2026-04-22 14:45:00,ES,BRACKET_MACRO,ROTATION_LIQUID,TrendUp,AFTERNOON_TREND_TEST,TRANSITION,TRANSITION,NONE,50,100,MACRO_STALE_8767.3MIN,UNCHANGED,0,0.0,0,PM,70.66,NONE,1.0,0.238095238095238,-0.7729468599033816,50.0,6.0,35.04,0.9805387788607856,0.961077557724034,0.0692023384467296,3,0.7090909090909091,0.6560640779535523,1.288244766505636,0.0145454545454545,0,1,0,7156.25,7.7625,,,,True,MACRO_STALE_8767.3MIN,False,False,False,False,False,False,False,False,False,False,False,False
2026-04-28 16:52:20,2026-04-28 16:00:00,2026-04-28 16:00:00,ES,MEAN_REVERSION_MACRO,ROTATION_ILLIQUID,TrendDown,CASH_CLOSE,TRANSITION,TRANSITION,NONE,50,100,MACRO_STALE_52.3MIN,UNCHANGED,0,0.0,0,CLOSE,41.78,LONG,1.0,0.0857142857142857,0.1398601398601398,125.0,14.0,50.0,0.9956703731942468,0.9913407463869314,0.0201135172230767,2,0.0,2.273420783691566,1.1188811188811187,0.0041862899005756,1,1,0,7171.5,3.575,,,,True,MACRO_STALE_52.3MIN,False,False,False,False,False,False,False,False,False,False,False,False
2026-04-29 09:18:11,2026-04-28 16:00:00,2026-04-28 16:00:00,ES,MEAN_REVERSION_MACRO,ROTATION_ILLIQUID,TrendDown,CASH_CLOSE,TRANSITION,TRANSITION,NONE,50,100,MACRO_STALE_1038.2MIN,UNCHANGED,0,0.0,0,CLOSE,41.78,LONG,1.0,0.0857142857142857,0.1398601398601398,125.0,14.0,50.0,0.9956702338616452,0.991340467726919,0.0201140637565747,2,0.0,2.273420783691566,1.1188811188811187,0.0041862899005756,1,1,0,7171.5,3.575,,,,True,MACRO_STALE_1038.2MIN,False,False,False,False,False,False,False,False,False,False,False,False
2026-04-29 09:30:22,2026-04-27 10:55:00,2026-04-27 10:55:00,ES,BRACKET_MACRO,ROTATION_ILLIQUID,TrendUp,POST_IB_MACRO,TRANSITION,TRANSITION,NONE,50,100,MACRO_STALE_2795.4MIN,UNCHANGED,0,0.0,0,POST_IB_AM,0.0,NONE,0.0,0.0,0.0,0.0,0.0,0.0,0.999953306788162,0.9999066135788574,0.0003695554866275,11,0.0,-0.1859540506642848,0.5,0.0032377428307123,0,1,0,7190.0,7.0,,,,True,MACRO_STALE_2795.4MIN,False,False,False,False,False,False,False,False,False,False,False,False
2026-04-29 09:30:23,2026-04-29 09:25:00,2026-04-29 09:25:00,ES,UNRESOLVED,TRANSITION,TrendDown,PREMARKET_CONTEXT,TRANSITION,TRANSITION,NONE,55,20,OPENING_OR_UNRESOLVED_UNRESOLVED,UNCHANGED,0,0.0,0,PREMARKET,0.0,NONE,0.0,0.0,0.0,0.0,0.0,0.0,0.9999999339997908,0.999999869811964,8.407332080330482e-07,3,0.0,0.0,0.0,0.0,0,0,0,7164.0,0.0,,,,False,FRESH,False,False,False,False,False,False,False,False,False,False,False,False
2026-04-29 09:35:18,2026-04-29 09:35:00,2026-04-29 09:30:00,ES,OPENING_AUCTION,ROTATION_ILLIQUID,TrendDown,OPENING_AUCTION,TRANSITION,TRANSITION,NONE,55,0,OPENING_OR_UNRESOLVED_OPENING_AUCTION,UNCHANGED,0,0.0,0,OPEN,0.78,SHORT,0.0,0.0,0.0,0.0,1.0,0.0,0.999999999992724,0.9999999999831533,1.8041724881576384e-10,4,0.0,-0.4098381370841349,-1.181818181818182,0.3277310924369748,0,1,1,7154.25,8.25,,,,False,FRESH,False,False,False,True,False,False,False,False,False,False,False,False
2026-04-29 09:35:22,2026-04-29 09:35:00,2026-04-29 09:35:00,ES,OPENING_AUCTION,ROTATION_ILLIQUID,TrendUp,OPENING_AUCTION,TRANSITION,TRANSITION,NONE,55,20,OPENING_OR_UNRESOLVED_OPENING_AUCTION,UNCHANGED,0,0.0,1,OPEN,0.78,SHORT,0.0,0.0,0.0,0.0,1.0,0.0,0.8830178929770811,0.7660357859536957,0.260311677401387,1,0.0,-0.4098381370841349,-1.181818181818182,0.3277310924369748,0,1,1,7154.25,8.25,,,,False,FRESH,False,False,False,True,False,False,False,False,False,False,False,False
2026-04-29 09:40:22,2026-04-29 09:40:00,2026-04-29 09:35:00,ES,BALANCE_STRUCTURE,ROTATION_ILLIQUID,TrendDown,EARLY_TEST,TRANSITION,TRANSITION,NONE,50,30,NO_CLEAR_STAGE_C_ALIGNMENT,UNCHANGED,0,-0.975,0,OPEN,16.5,NONE,0.3928571428571428,0.0,-0.717391304347826,0.0,0.0,0.0,0.9836914799474288,0.9673829598966884,0.0600895312489157,5,0.0,0.1542830733022761,-0.717391304347826,0.1164021164021164,0,1,0,7158.5,7.666666666666667,,,,False,FRESH,False,False,False,False,False,False,False,False,False,False,False,False
2026-04-29 09:40:27,2026-04-29 09:40:00,2026-04-29 09:40:00,ES,BALANCE_STRUCTURE,ROTATION_ILLIQUID,TrendUp,EARLY_TEST,TRANSITION,TRANSITION,NONE,50,30,NO_CLEAR_STAGE_C_ALIGNMENT,UNCHANGED,0,-0.975,1,OPEN,16.5,NONE,0.3928571428571428,0.0,-0.717391304347826,0.0,0.0,0.0,0.8914919277408193,0.7829838554813019,0.2476996939346376,1,0.0,0.1542830733022761,-0.717391304347826,0.1164021164021164,0,1,0,7158.5,7.666666666666667,,,,False,FRESH,False,False,False,False,False,False,False,False,False,False,False,False
2026-04-29 09:41:24,2026-04-27 10:55:00,2026-04-27 10:55:00,ES,BRACKET_MACRO,ROTATION_ILLIQUID,TrendUp,POST_IB_MACRO,TRANSITION,TRANSITION,NONE,50,100,MACRO_STALE_2806.4MIN,UNCHANGED,0,0.0,0,POST_IB_AM,0.0,NONE,0.0,0.0,0.0,0.0,0.0,0.0,0.999953306788162,0.9999066135788574,0.0003695554866275,11,0.0,-0.1859540506642848,0.5,0.0032377428307123,0,1,0,7190.0,7.0,,,,True,MACRO_STALE_2806.4MIN,False,False,False,False,False,False,False,False,False,False,False,False
2026-04-29 09:41:25,2026-04-29 09:40:00,2026-04-29 09:40:00,ES,BALANCE_STRUCTURE,ROTATION_ILLIQUID,TrendUp,EARLY_TEST,ROTATION_ILLIQUID,TRANSITION,NONE,62,20,COMPRESSED_BALANCE_LOW_EDGE,PENDING_ROTATION_ILLIQUID_1_OF_2,1,0.0,0,OPEN,16.19,NONE,0.3928571428571428,0.0,-0.7021276595744681,0.0,0.0,0.0,0.8914919277408193,0.7829838554813019,0.2476996939346376,1,0.0,0.1510004547213766,-0.7021276595744681,0.1164021164021164,0,1,0,7158.5,7.833333333333333,,,,False,FRESH,False,False,False,False,False,False,False,False,False,False,False,False
2026-04-29 09:45:17,2026-04-29 09:45:00,2026-04-29 09:40:00,ES,BALANCE_STRUCTURE,ROTATION_ILLIQUID,TrendDown,FIRST_ACCEPTANCE,TREND_COMPRESSION,TREND_COMPRESSION,SHORT,66,0,MICRO_TREND_INSIDE_MACRO_STRUCTURE,LOCKED_IMMEDIATE,0,0.0,0,EARLY_AM,8.31,SHORT,0.1052631578947368,0.0,-0.1441441441441441,0.0,1.0,0.0,0.6356061199717848,0.2712122399451379,0.4731350504717523,6,0.0,-0.5617570721280556,-1.5495495495495497,0.1713147410358565,0,1,1,7153.25,6.9375,,,,False,FRESH,True,False,True,False,False,False,True,False,False,True,False,True
2026-04-29 09:45:21,2026-04-29 09:45:00,2026-04-29 09:45:00,ES,BALANCE_STRUCTURE,ROTATION_ILLIQUID,TrendUp,FIRST_ACCEPTANCE,TRANSITION,TRANSITION,NONE,50,20,NO_CLEAR_STAGE_C_ALIGNMENT,LOCKED_IMMEDIATE,0,0.0,1,EARLY_AM,8.31,SHORT,0.1052631578947368,0.0,-0.1441441441441441,0.0,1.0,0.0,0.996559394732599,0.9931187894663612,0.0165550437550707,2,0.0,-0.5617570721280556,-1.5495495495495497,0.1713147410358565,0,1,1,7153.25,6.9375,,,,False,FRESH,False,False,False,False,False,False,False,False,False,False,False,False
2026-04-29 09:51:39,2026-04-29 09:50:00,2026-04-29 09:50:00,ES,BALANCE_STRUCTURE,ROTATION_ILLIQUID,TrendUp,EARLY_CONTINUATION,TRANSITION,TRANSITION,NONE,50,30,NO_CLEAR_STAGE_C_ALIGNMENT,UNCHANGED,0,-0.778,1,EARLY_AM,54.93,SHORT,1.0,0.569620253164557,-0.777027027027027,5.0,2.0,0.0,0.997021047219602,0.9940420944408676,0.0146438214909701,3,0.0,-0.4651061093889783,-1.5202702702702702,0.1424050632911392,0,1,1,7152.75,7.4,,,,False,FRESH,False,False,False,False,False,False,False,False,False,False,False,False
2026-04-29 09:56:10,2026-04-29 09:55:00,2026-04-29 09:50:00,ES,BALANCE_STRUCTURE,ROTATION_ILLIQUID,TrendUp,EARLY_CONTINUATION,TRANSITION,TRANSITION,NONE,50,30,NO_CLEAR_STAGE_C_ALIGNMENT,UNCHANGED,0,0.85,1,EARLY_AM,36.55,LONG,0.8571428571428571,0.303030303030303,0.8780487804878049,0.0,1.0,0.0,0.8693470539995172,0.7386941079976024,0.2796130882973423,3,0.0,0.4308133102200017,-0.6951219512195123,0.0488431876606683,0,1,0,7159.25,6.833333333333333,,,,False,FRESH,False,False,False,False,False,False,False,False,False,False,False,False
2026-04-29 09:56:19,2026-04-29 09:55:00,2026-04-29 09:55:00,ES,BALANCE_STRUCTURE,ROTATION_ILLIQUID,TrendUp,EARLY_CONTINUATION,TRANSITION,TRANSITION,NONE,50,30,NO_CLEAR_STAGE_C_ALIGNMENT,UNCHANGED,0,0.85,1,EARLY_AM,36.55,LONG,0.8571428571428571,0.303030303030303,0.8780487804878049,0.0,1.0,0.0,0.9960985916099332,0.9921971832226696,0.018417898173472,4,0.0,0.4308133102200017,-0.6951219512195123,0.0488431876606683,0,1,0,7159.25,6.833333333333333,,,,False,FRESH,False,False,False,False,False,False,False,False,False,False,False,False
2026-04-29 09:57:40,2026-03-09 11:05:00,2026-03-09 11:05:00,ES,MEAN_REVERSION_MACRO,ROTATION_ILLIQUID,TrendUp,MID_MORNING_DISCOVERY,TRANSITION,TRANSITION,NONE,50,100,MACRO_STALE_73372.7MIN,UNCHANGED,0,0.0,0,POST_IB_AM,24.84,NONE,0.3333333333333333,0.5348837209302325,0.2378121284185493,75.0,13.0,0.0,0.9783718214125066,0.956743642826038,0.0752436105062584,11,0.0,-0.4244496122187883,-0.380499405469679,0.008893829905503,1,1,0,6674.75,10.5125,,,,True,MACRO_STALE_73372.7MIN,False,False,False,False,False,False,False,False,False,False,False,False
2026-04-29 09:57:41,2026-04-29 09:55:00,2026-04-29 09:55:00,ES,BALANCE_STRUCTURE,ROTATION_ILLIQUID,TrendUp,EARLY_CONTINUATION,ROTATION_ILLIQUID,TRANSITION,NONE,62,20,COMPRESSED_BALANCE_LOW_EDGE,PENDING_ROTATION_ILLIQUID_1_OF_2,1,0.0,0,EARLY_AM,35.13,LONG,0.8571428571428571,0.303030303030303,0.8181818181818182,0.0,1.0,0.0,0.9960985916099332,0.9921971832226696,0.018417898173472,4,0.0,0.4014396754322744,-0.6477272727272727,0.0488431876606683,0,1,0,7159.25,7.333333333333333,,,,False,FRESH,False,False,False,False,False,False,False,False,False,False,False,False
2026-04-29 10:00:40,2026-04-29 10:00:00,2026-04-29 09:55:00,ES,BALANCE_STRUCTURE,ROTATION_ILLIQUID,TrendUp,PRE_DECISION,TRANSITION,TRANSITION,NONE,50,20,NO_CLEAR_STAGE_C_ALIGNMENT,UNCHANGED,0,0.0,0,EARLY_AM,50.16,LONG,1.0,0.1636363636363636,1.1851851851851851,5.0,2.0,0.0,0.9839586260581724,0.9679172521189142,0.0592978991411729,4,0.0,0.5707336544701657,-0.4814814814814814,0.0295454545454545,0,1,0,7160.75,6.75,,,,False,FRESH,False,False,False,False,False,False,False,False,False,False,False,False
2026-04-29 10:00:49,2026-04-29 10:00:00,2026-04-29 10:00:00,ES,BALANCE_STRUCTURE,ROTATION_ILLIQUID,TrendUp,PRE_DECISION,TRANSITION,TRANSITION,NONE,50,20,NO_CLEAR_STAGE_C_ALIGNMENT,UNCHANGED,0,0.0,0,EARLY_AM,50.16,LONG,1.0,0.1636363636363636,1.1851851851851851,5.0,2.0,0.0,0.9968788011996716,0.9937576023970232,0.01523788803163,5,0.0,0.5707336544701657,-0.4814814814814814,0.0295454545454545,0,1,0,7160.75,6.75,,,,False,FRESH,False,False,False,False,False,False,False,False,False,False,False,False
2026-04-29 10:06:39,2026-04-27 10:55:00,2026-04-27 10:55:00,ES,BRACKET_MACRO,ROTATION_ILLIQUID,TrendUp,POST_IB_MACRO,TRANSITION,TRANSITION,NONE,50,100,MACRO_STALE_2831.6MIN,UNCHANGED,0,0.0,0,POST_IB_AM,0.0,NONE,0.0,0.0,0.0,0.0,0.0,0.0,0.999953306788162,0.9999066135788574,0.0003695554866275,11,0.0,-0.1859540506642848,0.5,0.0032377428307123,0,1,0,7190.0,7.0,,,,True,MACRO_STALE_2831.6MIN,False,False,False,False,False,False,False,False,False,False,False,False
2026-04-29 10:06:40,2026-04-29 10:05:00,2026-04-29 10:05:00,ES,BALANCE_STRUCTURE,ROTATION_ILLIQUID,TrendUp,END_FIRST_WINDOW,TRANSITION,TRANSITION,NONE,50,20,NO_CLEAR_STAGE_C_ALIGNMENT,UNCHANGED,0,0.0,0,EARLY_AM,49.77,LONG,0.7142857142857143,0.8285714285714286,0.1834862385321101,10.0,3.0,0.0,0.99988423202787,0.9997684640546824,0.0008404226779662,6,0.0,0.5069010080800364,-0.5137614678899083,0.0273972602739726,0,1,0,7160.5,6.8125,,,,False,FRESH,False,False,False,False,False,False,False,False,False,False,False,False
2026-04-29 10:11:09,2026-04-29 10:10:00,2026-04-29 10:05:00,ES,BRACKET_MACRO,ROTATION_ILLIQUID,TrendUp,PRE_IB_MATURATION,TRANSITION,TRANSITION,NONE,50,20,NO_CLEAR_STAGE_C_ALIGNMENT,UNCHANGED,0,0.0,0,EARLY_AM,61.05,LONG,0.6666666666666666,0.9473684210526316,0.1565217391304347,15.0,4.0,0.0,0.9991216806836504,0.9982433613644052,0.0050920686022578,6,0.0,0.6963529022290458,-0.3521739130434782,0.0160142348754448,0,1,0,7161.75,6.388888888888889,,,,False,FRESH,False,False,False,False,False,False,False,False,False,False,False,False
2026-04-29 10:11:18,2026-04-29 10:10:00,2026-04-29 10:10:00,ES,BRACKET_MACRO,ROTATION_ILLIQUID,TrendUp,PRE_IB_MATURATION,TRANSITION,TRANSITION,NONE,50,20,NO_CLEAR_STAGE_C_ALIGNMENT,UNCHANGED,0,0.0,0,EARLY_AM,61.05,LONG,0.6666666666666666,0.9473684210526316,0.1565217391304347,15.0,4.0,0.0,0.999762794717429,0.9995255894355668,0.0015992498906194,7,0.0,0.6963529022290458,-0.3521739130434782,0.0160142348754448,0,1,0,7161.75,6.388888888888889,,,,False,FRESH,False,False,False,False,False,False,False,False,False,False,False,False
2026-04-29 10:15:39,2026-04-29 10:15:00,2026-04-29 10:10:00,ES,BRACKET_MACRO,ROTATION_ILLIQUID,TrendUp,PRE_IB_MATURATION,TREND_COMPRESSION,TREND_COMPRESSION,LONG,69,20,DEVELOPING_INITIATIVE_PHASE_AWARE,LOCKED_IMMEDIATE,0,0.655,0,EARLY_AM,70.7,LONG,1.0,0.9166666666666666,0.6772908366533864,20.0,5.0,0.0,0.9972660463464542,0.9945320926955558,0.0136089604934584,7,0.0,1.1072821484098478,0.1195219123505976,0.0049099836333878,0,1,0,7164.75,6.275,,,,False,FRESH,True,False,True,False,False,False,True,False,True,False,True,False
2026-04-29 10:15:48,2026-04-29 10:15:00,2026-04-29 10:15:00,ES,BRACKET_MACRO,ROTATION_ILLIQUID,TrendUp,PRE_IB_MATURATION,TREND_COMPRESSION,TREND_COMPRESSION,LONG,69,20,DEVELOPING_INITIATIVE_PHASE_AWARE,UNCHANGED,0,0.655,0,EARLY_AM,70.7,LONG,1.0,0.9166666666666666,0.6772908366533864,20.0,5.0,0.0,0.993584416876278,0.9871688337525332,0.0279791956580444,8,0.0,1.1072821484098478,0.1195219123505976,0.0049099836333878,0,1,0,7164.75,6.275,,,,False,FRESH,True,False,True,False,False,False,True,False,True,False,True,False
2026-04-29 10:21:40,2026-03-09 11:05:00,2026-03-09 11:05:00,ES,MEAN_REVERSION_MACRO,ROTATION_ILLIQUID,TrendUp,MID_MORNING_DISCOVERY,TRANSITION,TRANSITION,NONE,50,100,MACRO_STALE_73396.7MIN,UNCHANGED,0,0.0,0,POST_IB_AM,24.84,NONE,0.3333333333333333,0.5348837209302325,0.2378121284185493,75.0,13.0,0.0,0.9783718214125066,0.956743642826038,0.0752436105062584,11,0.0,-0.4244496122187883,-0.380499405469679,0.008893829905503,1,1,0,6674.75,10.5125,,,,True,MACRO_STALE_73396.7MIN,False,False,False,False,False,False,False,False,False,False,False,False
2026-04-29 10:21:41,2026-04-29 10:20:00,2026-04-29 10:20:00,ES,BRACKET_MACRO,ROTATION_ILLIQUID,TrendUp,PRE_IB_MATURATION,TRANSITION,TRANSITION,NONE,50,20,NO_CLEAR_STAGE_C_ALIGNMENT,UNCHANGED,0,0.0,0,EARLY_AM,44.22,LONG,0.4117647058823529,0.4782608695652174,0.2841328413284132,25.0,6.0,0.0,0.9992866239943292,0.998573247986339,0.0042428858475158,9,0.0,0.8429163776684607,-0.081180811808118,0.0030581039755351,0,1,0,7163.5,6.159090909090909,,,,False,FRESH,False,False,False,False,False,False,False,False,False,False,False,False
2026-04-29 10:26:12,2026-04-29 10:25:00,2026-04-29 10:20:00,ES,BRACKET_MACRO,ROTATION_ILLIQUID,TrendUp,NEAR_IB_CONDITION,TREND_COMPRESSION,TREND_COMPRESSION,LONG,66,20,DEVELOPING_INITIATIVE_PHASE_AWARE,LOCKED_IMMEDIATE,0,0.0,0,EARLY_AM,65.43,LONG,0.4444444444444444,0.7142857142857143,0.3310344827586207,30.0,7.0,0.0,0.9994073817184386,0.9988147634368378,0.0036039715504621,9,0.0,1.3382889797694273,0.4551724137931034,0.0157819225251076,0,1,0,7166.75,6.041666666666667,,,,False,FRESH,True,False,True,False,False,False,True,False,True,False,True,False
2026-04-29 10:26:20,2026-04-29 10:25:00,2026-04-29 10:25:00,ES,BRACKET_MACRO,ROTATION_ILLIQUID,TrendUp,NEAR_IB_CONDITION,TREND_COMPRESSION,TREND_COMPRESSION,LONG,66,20,DEVELOPING_INITIATIVE_PHASE_AWARE,UNCHANGED,0,0.0,0,EARLY_AM,65.43,LONG,0.4444444444444444,0.7142857142857143,0.3310344827586207,30.0,7.0,0.0,0.999853587653008,0.999707175306314,0.0010380829073418,10,0.0,1.3382889797694273,0.4551724137931034,0.0157819225251076,0,1,0,7166.75,6.041666666666667,,,,False,FRESH,True,False,True,False,False,False,True,False,True,False,True,False
2026-04-29 10:30:42,2026-03-09 11:05:00,2026-03-09 11:05:00,ES,MEAN_REVERSION_MACRO,ROTATION_ILLIQUID,TrendUp,MID_MORNING_DISCOVERY,TRANSITION,TRANSITION,NONE,50,100,MACRO_STALE_73405.7MIN,UNCHANGED,0,0.0,0,POST_IB_AM,24.84,NONE,0.3333333333333333,0.5348837209302325,0.2378121284185493,75.0,13.0,0.0,0.9783718214125066,0.9567436428261952,0.0752436105059368,11,0.0,-0.4244496122187883,-0.380499405469679,0.008893829905503,1,1,0,6674.75,10.5125,,,,True,MACRO_STALE_73405.7MIN,False,False,False,False,False,False,False,False,False,False,False,False
2026-04-29 10:30:44,2026-04-29 10:30:00,2026-04-29 10:25:00,ES,BRACKET_MACRO,ROTATION_ILLIQUID,TrendUp,NEAR_IB_CONDITION,TREND_COMPRESSION,TREND_COMPRESSION,LONG,71,0,DEVELOPING_INITIATIVE_PHASE_AWARE,LOCKED_IMMEDIATE,0,0.0,0,EARLY_AM,74.0,LONG,1.0,0.7142857142857143,0.762214983713355,35.0,8.0,0.0,0.999815802234348,0.9996316044654816,0.0012754791939383,10,0.0,1.4944649318421594,0.6775244299674267,0.021680216802168,0,1,0,7168.0,5.903846153846154,,,,False,FRESH,True,False,True,False,False,False,True,False,True,False,True,False
2026-04-29 10:30:52,2026-04-29 10:30:00,2026-04-29 10:30:00,ES,BRACKET_MACRO,ROTATION_ILLIQUID,TrendUp,NEAR_IB_CONDITION,TREND_COMPRESSION,TREND_COMPRESSION,LONG,71,0,DEVELOPING_INITIATIVE_PHASE_AWARE,UNCHANGED,0,0.0,0,EARLY_AM,74.0,LONG,1.0,0.7142857142857143,0.762214983713355,35.0,8.0,0.0,0.9997722820191298,0.9995445640383352,0.001541991729949,11,0.0,1.4944649318421594,0.6775244299674267,0.021680216802168,0,1,0,7168.0,5.903846153846154,,,,False,FRESH,True,False,True,False,False,False,True,False,True,False,True,False
2026-04-29 10:35:13,2026-03-09 11:05:00,2026-03-09 11:05:00,ES,MEAN_REVERSION_MACRO,ROTATION_ILLIQUID,TrendUp,MID_MORNING_DISCOVERY,TRANSITION,TRANSITION,NONE,50,100,MACRO_STALE_73410.2MIN,UNCHANGED,0,0.0,0,POST_IB_AM,24.84,NONE,0.3333333333333333,0.5348837209302325,0.2378121284185493,75.0,13.0,0.0,0.9783718214125066,0.956743642826038,0.0752436105062584,11,0.0,-0.4244496122187883,-0.380499405469679,0.008893829905503,1,1,0,6674.75,10.5125,,,,True,MACRO_STALE_73410.2MIN,False,False,False,False,False,False,False,False,False,False,False,False
2026-04-29 10:35:15,2026-04-29 10:30:00,2026-04-29 10:30:00,ES,BRACKET_MACRO,ROTATION_ILLIQUID,TrendUp,NEAR_IB_CONDITION,TREND_COMPRESSION,TREND_COMPRESSION,LONG,71,0,DEVELOPING_INITIATIVE_PHASE_AWARE,LOCKED_IMMEDIATE,0,0.0,0,EARLY_AM,74.0,LONG,1.0,0.7142857142857143,0.7289719626168224,35.0,8.0,0.0,0.9995099775875012,0.999019955175592,0.0030472548783543,11,0.0,1.429285775936271,0.6479750778816199,0.021680216802168,0,1,0,7168.0,6.173076923076923,,,,False,FRESH,True,False,True,False,False,False,True,False,True,False,True,False
2026-04-29 10:36:45,2026-04-29 10:35:00,2026-04-29 10:35:00,ES,BRACKET_MACRO,ROTATION_ILLIQUID,TrendUp,POST_IB_MACRO,TREND_COMPRESSION,TREND_COMPRESSION,LONG,71,0,DEVELOPING_INITIATIVE_PHASE_AWARE,UNCHANGED,0,0.0,0,POST_IB_AM,75.23,LONG,1.0,0.75,0.9166666666666666,40.0,9.0,0.0,0.999765527788232,0.9995310555774134,0.0015827837125078,12,0.1234567901234567,2.0623489314442245,1.375,0.0421455938697318,0,1,0,7172.25,6.0,,,,False,FRESH,True,False,True,False,False,False,True,False,True,False,True,False
2026-04-29 10:45:51,2026-04-29 10:45:00,2026-04-29 10:40:00,ES,BRACKET_MACRO,ROTATION_ILLIQUID,TrendUp,POST_IB_MACRO,TREND_COMPRESSION,TREND_COMPRESSION,LONG,69,0,DEVELOPING_INITIATIVE_PHASE_AWARE,UNCHANGED,0,0.631,0,POST_IB_AM,71.74,LONG,0.7894736842105263,0.8918918918918919,0.6629834254143646,50.0,10.0,0.0,0.9998413751985245,0.99968275039363,0.0011155031297941,13,0.0987654320987654,1.8955061370907265,1.3701657458563536,0.0358381502890173,0,1,0,7171.75,5.65625,,,,False,FRESH,True,False,True,False,False,False,True,False,True,False,True,False
2026-04-29 10:46:00,2026-04-29 10:45:00,2026-04-29 10:45:00,ES,BRACKET_MACRO,ROTATION_ILLIQUID,TrendUp,POST_IB_MACRO,TREND_COMPRESSION,TREND_COMPRESSION,LONG,69,0,DEVELOPING_INITIATIVE_PHASE_AWARE,UNCHANGED,0,0.631,0,POST_IB_AM,71.74,LONG,0.7894736842105263,0.8918918918918919,0.6629834254143646,50.0,10.0,0.0,0.9997600570204248,0.9995201140409588,0.0016157211635665,14,0.0987654320987654,1.8955061370907265,1.3701657458563536,0.0358381502890173,0,1,0,7171.75,5.65625,,,,False,FRESH,True,False,True,False,False,False,True,False,True,False,True,False
2026-04-29 10:56:29,2026-04-27 10:55:00,2026-04-27 10:55:00,ES,BRACKET_MACRO,ROTATION_ILLIQUID,TrendUp,POST_IB_MACRO,TRANSITION,TRANSITION,NONE,50,100,MACRO_STALE_2881.5MIN,UNCHANGED,0,0.0,0,POST_IB_AM,0.0,NONE,0.0,0.0,0.0,0.0,0.0,0.0,0.999953306788162,0.9999066135788574,0.0003695554866275,11,0.0,-0.1859540506642848,0.5,0.0032377428307123,0,1,0,7190.0,7.0,,,,True,MACRO_STALE_2881.5MIN,False,False,False,False,False,False,False,False,False,False,False,False
2026-04-29 10:56:31,2026-04-29 10:55:00,2026-04-29 10:50:00,ES,BRACKET_MACRO,ROTATION_ILLIQUID,TrendUp,POST_IB_MACRO,TREND_COMPRESSION,TREND_COMPRESSION,LONG,66,0,MICRO_TREND_INSIDE_MACRO_STRUCTURE,LOCKED_IMMEDIATE,0,0.0,0,POST_IB_AM,65.89,NONE,1.0,0.375,-0.4580152671755725,60.0,11.0,0.0,0.9993031951842783,0.9986063903662216,0.0041561446188805,15,0.0,1.4794614262214507,1.0534351145038168,0.0245202558635394,0,1,0,7169.75,5.458333333333333,,,,False,FRESH,True,False,True,False,False,False,True,False,True,False,True,False
2026-04-29 10:56:37,2026-04-29 10:55:00,2026-04-29 10:55:00,ES,BRACKET_MACRO,ROTATION_ILLIQUID,TrendUp,POST_IB_MACRO,TREND_COMPRESSION,TREND_COMPRESSION,LONG,66,0,MICRO_TREND_INSIDE_MACRO_STRUCTURE,UNCHANGED,0,0.0,0,POST_IB_AM,65.89,NONE,1.0,0.375,-0.4580152671755725,60.0,11.0,0.0,0.9998853634107894,0.9997707268215924,0.0008330215138853,16,0.0,1.4794614262214507,1.0534351145038168,0.0245202558635394,0,1,0,7169.75,5.458333333333333,,,,False,FRESH,True,False,True,False,False,False,True,False,True,False,True,False
2026-04-29 11:04:05,2026-03-09 11:05:00,2026-03-09 11:05:00,ES,MEAN_REVERSION_MACRO,ROTATION_ILLIQUID,TrendUp,MID_MORNING_DISCOVERY,TRANSITION,TRANSITION,NONE,50,100,MACRO_STALE_73439.1MIN,UNCHANGED,0,0.0,0,POST_IB_AM,24.84,NONE,0.3333333333333333,0.5348837209302325,0.2378121284185493,75.0,13.0,0.0,0.9783718214125066,0.9567436428261952,0.0752436105059368,11,0.0,-0.4244496122187883,-0.380499405469679,0.008893829905503,1,1,0,6674.75,10.5125,,,,True,MACRO_STALE_73439.1MIN,False,False,False,False,False,False,False,False,False,False,False,False
2026-04-29 11:04:06,2026-04-29 10:55:00,2026-04-29 10:55:00,ES,BRACKET_MACRO,ROTATION_ILLIQUID,TrendUp,POST_IB_MACRO,TREND_COMPRESSION,TREND_COMPRESSION,LONG,66,0,MICRO_TREND_INSIDE_MACRO_STRUCTURE,LOCKED_IMMEDIATE,0,0.0,0,POST_IB_AM,65.7,NONE,1.0,0.375,-0.4488778054862842,60.0,11.0,0.0,0.9999800174805578,0.9999600349618702,0.0001703867676649,16,0.0,1.4499459862968331,1.0324189526184535,0.0245202558635394,0,1,0,7169.75,5.569444444444445,,,,False,FRESH,True,False,True,False,False,False,True,False,True,False,True,False
2026-04-29 11:05:36,2026-04-29 11:05:00,2026-04-29 11:00:00,ES,BRACKET_MACRO,ROTATION_ILLIQUID,TrendUp,MID_MORNING_DISCOVERY,ROTATION_ILLIQUID,TREND_COMPRESSION,LONG,62,20,COMPRESSED_BALANCE_LOW_EDGE,PENDING_ROTATION_ILLIQUID_1_OF_2,1,0.0,0,POST_IB_AM,65.26,NONE,1.0,0.2916666666666667,-1.3333333333333333,70.0,12.0,0.0,0.9955370175980316,0.991074035196996,0.0206351504142497,17,0.0,0.450737477726291,0.0919540229885057,0.0019569471624266,0,1,0,7164.5,5.4375,,,,False,FRESH,True,False,True,False,False,False,True,False,True,False,True,False
2026-04-29 11:05:45,2026-04-29 11:05:00,2026-04-29 11:05:00,ES,BRACKET_MACRO,ROTATION_ILLIQUID,TrendUp,MID_MORNING_DISCOVERY,ROTATION_ILLIQUID,ROTATION_ILLIQUID,NONE,62,20,COMPRESSED_BALANCE_LOW_EDGE,LOCKED_AFTER_2_CONFIRMATIONS,0,0.0,0,POST_IB_AM,65.26,NONE,1.0,0.2916666666666667,-1.3333333333333333,70.0,12.0,0.0,0.9987930620716586,0.997586124144934,0.0067203853925032,18,0.0,0.450737477726291,0.0919540229885057,0.0019569471624266,0,1,0,7164.5,5.4375,,,,False,FRESH,False,False,False,False,False,False,False,False,False,False,False,False
2026-04-29 11:16:22,2026-04-29 11:15:00,2026-04-29 11:10:00,ES,BRACKET_MACRO,ROTATION_ILLIQUID,TrendUp,MID_MORNING_DISCOVERY,TRANSITION,TRANSITION,NONE,50,30,NO_CLEAR_STAGE_C_ALIGNMENT,LOCKED_IMMEDIATE,0,-2.628,0,POST_IB_AM,52.0,SHORT,1.0,1.0,-2.814070351758794,0.0,1.0,0.0,0.8941859991484946,0.7883719982934206,0.2435795737606316,19,0.0,-1.2125678530966395,-1.6582914572864322,0.0299184043517679,0,1,0,7155.75,4.975,,,,False,FRESH,False,False,False,False,False,False,False,False,False,False,False,False
2026-04-29 11:16:31,2026-04-29 11:15:00,2026-04-29 11:15:00,ES,BRACKET_MACRO,ROTATION_ILLIQUID,TrendUp,MID_MORNING_DISCOVERY,TRANSITION,TRANSITION,NONE,50,30,NO_CLEAR_STAGE_C_ALIGNMENT,UNCHANGED,0,-2.628,0,POST_IB_AM,52.0,SHORT,1.0,1.0,-2.814070351758794,0.0,1.0,0.0,0.9986462668721546,0.9972925337455164,0.007425604580287,20,0.0,-1.2125678530966395,-1.6582914572864322,0.0299184043517679,0,1,0,7155.75,4.975,,,,False,FRESH,False,False,False,False,False,False,False,False,False,False,False,False
2026-04-29 11:27:00,2026-04-29 11:25:00,2026-04-29 11:25:00,ES,BRACKET_MACRO,ROTATION_ILLIQUID,TrendUp,MID_MORNING_DISCOVERY,ROTATION_ILLIQUID,TRANSITION,NONE,62,20,COMPRESSED_BALANCE_LOW_EDGE,PENDING_ROTATION_ILLIQUID_1_OF_2,1,-0.584,0,POST_IB_AM,22.45,SHORT,0.2068965517241379,0.4712643678160919,-0.6015037593984962,0.0,0.0,0.0,0.9983468282370064,0.996693656475142,0.0088296313220779,22,0.0,-0.0268575980349249,-0.5012531328320802,0.0083612040133779,0,1,0,7161.5,4.9875,,,,False,FRESH,False,False,False,False,False,False,False,False,False,False,False,False
2026-04-29 11:31:33,2026-01-23 13:55:00,2026-01-23 13:55:00,ES,BRACKET_MACRO,ROTATION_ILLIQUID,TrendUp,POST_LUNCH_ROTATION,TRANSITION,TRANSITION,NONE,50,100,MACRO_STALE_138096.6MIN,UNCHANGED,0,0.0,0,PM,75.71,SHORT,0.6190476190476191,0.8571428571428571,-0.9386281588447654,20.0,3.0,50.0,0.9990600853530572,0.998120170708721,0.0054031930698573,34,0.0,-2.199760685418323,-3.465703971119133,0.0309677419354838,0,1,1,6926.5,3.4625,,,,True,MACRO_STALE_138096.6MIN,False,False,False,False,False,False,False,False,False,False,False,False
2026-04-29 11:31:35,2026-04-29 11:25:00,2026-04-29 11:25:00,ES,BRACKET_MACRO,ROTATION_ILLIQUID,TrendUp,MID_MORNING_DISCOVERY,ROTATION_ILLIQUID,TRANSITION,NONE,62,20,COMPRESSED_BALANCE_LOW_EDGE,PENDING_ROTATION_ILLIQUID_1_OF_2,1,0.0,0,POST_IB_AM,22.44,SHORT,0.2068965517241379,0.4712643678160919,-0.5882352941176471,0.0,0.0,0.0,0.999903462314062,0.9998069246260606,0.0007134701611599,22,0.0,-0.0262651510194486,-0.4901960784313726,0.0083612040133779,0,1,0,7161.5,5.1,,,,False,FRESH,False,False,False,False,False,False,False,False,False,False,False,False
2026-04-29 11:36:06,2026-04-29 11:35:00,2026-04-29 11:30:00,ES,BRACKET_MACRO,ROTATION_ILLIQUID,TrendUp,MID_MORNING_DISCOVERY,ROTATION_ILLIQUID,ROTATION_ILLIQUID,NONE,62,20,COMPRESSED_BALANCE_LOW_EDGE,LOCKED_AFTER_2_CONFIRMATIONS,0,0.0,0,POST_IB_AM,38.29,LONG,1.0,0.4,1.2151898734177216,0.0,0.0,0.0,0.999573301905201,0.999146603812408,0.0026960671345364,23,0.0,0.0245817364753471,-0.4556962025316455,0.0069124423963133,0,1,0,7161.75,4.9375,,,,False,FRESH,False,False,False,False,False,False,False,False,False,False,False,False
2026-04-29 11:36:14,2026-04-29 11:35:00,2026-04-29 11:35:00,ES,BRACKET_MACRO,ROTATION_ILLIQUID,TrendUp,MID_MORNING_DISCOVERY,ROTATION_ILLIQUID,ROTATION_ILLIQUID,NONE,62,20,COMPRESSED_BALANCE_LOW_EDGE,UNCHANGED,0,0.0,0,POST_IB_AM,38.29,LONG,1.0,0.4,1.2151898734177216,0.0,0.0,0.0,0.9999169913028448,0.9998339826024788,0.0006225242888897,24,0.0,0.0245817364753471,-0.4556962025316455,0.0069124423963133,0,1,0,7161.75,4.9375,,,,False,FRESH,False,False,False,False,False,False,False,False,False,False,False,False
2026-04-29 11:46:42,2026-04-29 11:45:00,2026-04-29 11:45:00,ES,BRACKET_MACRO,ROTATION_ILLIQUID,TrendUp,MID_MORNING_DISCOVERY,TRANSITION,TRANSITION,NONE,50,20,NO_CLEAR_STAGE_C_ALIGNMENT,LOCKED_IMMEDIATE,0,-0.503,0,POST_IB_AM,39.1,SHORT,0.8333333333333334,0.3142857142857143,-0.5115089514066496,0.0,1.0,0.0,0.9998029036279692,0.9996058072588272,0.0013551719632503,26,0.0,-0.5227464103127506,-1.0230179028132993,0.0144613159797541,0,1,0,7159.0,4.8875,,,,False,FRESH,False,False,False,False,False,False,False,False,False,False,False,False
2026-04-29 11:55:47,2026-04-29 11:55:00,2026-04-29 11:50:00,ES,BRACKET_MACRO,ROTATION_ILLIQUID,TrendDown,MID_MORNING_DISCOVERY,TREND_COMPRESSION,TREND_COMPRESSION,SHORT,68,10,DEVELOPING_INITIATIVE_PHASE_AWARE,LOCKED_IMMEDIATE,0,-2.566,1,POST_IB_AM,69.37,SHORT,1.0,0.3684210526315789,-2.4186046511627906,10.0,2.0,0.0,0.999999986954208,0.9999999739077274,1.8026572010863597e-07,1,0.037037037037037,-2.253732425084224,-2.8372093023255816,0.0392282958199356,0,1,1,7148.75,5.375,,,,False,FRESH,True,False,True,False,False,False,True,False,False,True,False,True
2026-04-29 11:55:55,2026-04-29 11:55:00,2026-04-29 11:55:00,ES,BRACKET_MACRO,ROTATION_ILLIQUID,TrendUp,MID_MORNING_DISCOVERY,TREND_COMPRESSION,TREND_COMPRESSION,SHORT,68,40,DEVELOPING_INITIATIVE_PHASE_AWARE,UNCHANGED,0,-2.566,2,POST_IB_AM,69.37,SHORT,1.0,0.3684210526315789,-2.4186046511627906,10.0,2.0,0.0,0.5423672848313277,0.0847345696603169,0.4974072735883923,1,0.037037037037037,-2.253732425084224,-2.8372093023255816,0.0392282958199356,0,1,1,7148.75,5.375,,,,False,FRESH,True,False,True,False,False,False,True,False,False,True,False,True
2026-04-29 12:06:26,2026-04-29 12:05:00,2026-04-29 12:00:00,ES,BRACKET_MACRO,ROTATION_ILLIQUID,TrendUp,LUNCH_AUCTION,ROTATION_ILLIQUID,TREND_COMPRESSION,SHORT,62,35,COMPRESSED_BALANCE_LOW_EDGE,PENDING_ROTATION_ILLIQUID_1_OF_2,1,-0.237,2,LUNCH,24.35,SHORT,0.0649350649350649,0.1685393258426966,-0.2257336343115124,20.0,3.0,0.0,0.9358629724725934,0.8717259449454694,0.1718265138435931,2,0.0,-0.4377654360480603,-1.1286681715575622,0.0147318797878609,0,1,0,7157.75,5.5375,,,,False,FRESH,False,False,True,False,False,False,True,False,False,True,False,False
2026-04-29 12:06:34,2026-04-29 12:05:00,2026-04-29 12:05:00,ES,BRACKET_MACRO,ROTATION_ILLIQUID,TrendUp,LUNCH_AUCTION,ROTATION_ILLIQUID,ROTATION_ILLIQUID,NONE,62,35,COMPRESSED_BALANCE_LOW_EDGE,LOCKED_AFTER_2_CONFIRMATIONS,0,-0.237,2,LUNCH,24.35,SHORT,0.0649350649350649,0.1685393258426966,-0.2257336343115124,20.0,3.0,0.0,0.9789369936860552,0.9578739873755414,0.0736840652271764,3,0.0,-0.4377654360480603,-1.1286681715575622,0.0147318797878609,0,1,0,7157.75,5.5375,,,,False,FRESH,False,False,False,False,False,False,False,False,False,False,False,False
2026-04-29 12:15:32,2026-04-29 12:15:00,2026-04-29 12:10:00,ES,BRACKET_MACRO,ROTATION_ILLIQUID,TrendUp,LUNCH_AUCTION,TRANSITION,TRANSITION,NONE,50,45,NO_CLEAR_STAGE_C_ALIGNMENT,LOCKED_IMMEDIATE,0,1.282,1,LUNCH,48.38,NONE,0.6363636363636364,0.25,1.2814645308924484,30.0,4.0,0.0,0.9988289660037084,0.9976579320045988,0.0065459929926743,4,0.0,-0.7966114089137821,-1.5102974828375284,0.0184151785714285,0,1,0,7155.75,5.4625,,,,False,FRESH,False,False,False,False,False,False,False,False,False,False,False,False
2026-04-29 12:15:40,2026-04-29 12:15:00,2026-04-29 12:15:00,ES,BRACKET_MACRO,ROTATION_ILLIQUID,TrendUp,LUNCH_AUCTION,TRANSITION,TRANSITION,NONE,50,45,NO_CLEAR_STAGE_C_ALIGNMENT,UNCHANGED,0,1.282,0,LUNCH,48.38,NONE,0.6363636363636364,0.25,1.2814645308924484,30.0,4.0,0.0,0.9996208872130028,0.9992417744257948,0.0024277447990393,5,0.0,-0.7966114089137821,-1.5102974828375284,0.0184151785714285,0,1,0,7155.75,5.4625,,,,False,FRESH,False,False,False,False,False,False,False,False,False,False,False,False
2026-04-29 12:26:10,2026-04-29 12:25:00,2026-04-29 12:20:00,ES,BRACKET_MACRO,ROTATION_ILLIQUID,TrendUp,LUNCH_AUCTION,TRANSITION,TRANSITION,NONE,50,35,NO_CLEAR_STAGE_C_ALIGNMENT,UNCHANGED,0,-0.408,0,LUNCH,58.66,SHORT,1.0,0.1627906976744186,-0.4054054054054054,40.0,5.0,0.0,0.9993946490460388,0.9987892980939888,0.0036721190716732,6,0.0,-0.7977105222293635,-1.5315315315315317,0.018018018018018,0,1,1,7155.5,5.55,,,,False,FRESH,False,False,False,False,False,False,False,False,False,False,False,False
2026-04-29 12:26:18,2026-04-29 12:25:00,2026-04-29 12:25:00,ES,BRACKET_MACRO,ROTATION_ILLIQUID,TrendUp,LUNCH_AUCTION,TRANSITION,TRANSITION,NONE,50,35,NO_CLEAR_STAGE_C_ALIGNMENT,UNCHANGED,0,-0.408,0,LUNCH,58.66,SHORT,1.0,0.1627906976744186,-0.4054054054054054,40.0,5.0,0.0,0.9997981873254168,0.9995963746508418,0.0013841569556511,7,0.0,-0.7977105222293635,-1.5315315315315317,0.018018018018018,0,1,1,7155.5,5.55,,,,False,FRESH,False,False,False,False,False,False,False,False,False,False,False,False
2026-04-29 12:30:43,2026-04-27 10:55:00,2026-04-27 10:55:00,ES,BRACKET_MACRO,ROTATION_ILLIQUID,TrendUp,POST_IB_MACRO,TRANSITION,TRANSITION,NONE,50,100,MACRO_STALE_2975.7MIN,UNCHANGED,0,0.0,0,POST_IB_AM,0.0,NONE,0.0,0.0,0.0,0.0,0.0,0.0,0.999953306788162,0.999906613578857,0.0003695554866297,11,0.0,-0.1859540506642848,0.5,0.0032377428307123,0,1,0,7190.0,7.0,,,,True,MACRO_STALE_2975.7MIN,False,False,False,False,False,False,False,False,False,False,False,False
2026-04-29 12:30:45,2026-04-29 12:25:00,2026-04-29 12:25:00,ES,BRACKET_MACRO,ROTATION_ILLIQUID,TrendUp,LUNCH_AUCTION,TRANSITION,TRANSITION,NONE,50,35,NO_CLEAR_STAGE_C_ALIGNMENT,UNCHANGED,0,0.0,0,LUNCH,58.07,SHORT,1.0,0.1627906976744186,-0.3938730853391685,40.0,5.0,0.0,0.9997838813881434,0.9995677627749406,0.0014715979054859,7,0.0,-0.7750185380083968,-1.487964989059081,0.018018018018018,0,1,1,7155.5,5.7125,,,,False,FRESH,False,False,False,False,False,False,False,False,False,False,False,False
2026-04-29 12:36:48,2026-04-29 12:35:00,2026-04-29 12:35:00,ES,BRACKET_MACRO,ROTATION_ILLIQUID,TrendUp,LUNCH_AUCTION,TRANSITION,TRANSITION,NONE,50,35,NO_CLEAR_STAGE_C_ALIGNMENT,UNCHANGED,0,0.0,0,LUNCH,72.72,SHORT,1.0,0.2087912087912088,-1.9747899159663864,50.0,6.0,0.0,0.8823943403768156,0.7647886807538371,0.2612195098397134,9,0.2716049382716049,-2.575973573140586,-3.361344537815126,0.0398604882909815,0,1,1,7144.0,5.95,,,,False,FRESH,False,False,False,False,False,False,False,False,False,False,False,False
2026-04-29 12:45:54,2026-04-29 12:45:00,2026-04-29 12:40:00,ES,BRACKET_MACRO,ROTATION_ILLIQUID,TrendUp,LUNCH_AUCTION,TRANSITION,TRANSITION,NONE,50,45,NO_CLEAR_STAGE_C_ALIGNMENT,UNCHANGED,0,-0.814,0,LUNCH,50.24,SHORT,0.2602739726027397,0.3414634146341463,-0.8137044967880085,60.0,7.0,0.0,0.9978528493637008,0.9957056987291132,0.0110626632634445,10,0.0,-1.3871523614072792,-2.2698072805139184,0.0250709555345316,0,1,1,7150.75,5.8375,,,,False,FRESH,False,False,False,False,False,False,False,False,False,False,False,False
2026-04-29 12:46:03,2026-04-29 12:45:00,2026-04-29 12:45:00,ES,BRACKET_MACRO,ROTATION_ILLIQUID,TrendUp,LUNCH_AUCTION,TRANSITION,TRANSITION,NONE,50,45,NO_CLEAR_STAGE_C_ALIGNMENT,UNCHANGED,0,-0.814,0,LUNCH,50.24,SHORT,0.2602739726027397,0.3414634146341463,-0.8137044967880085,60.0,7.0,0.0,0.985617792227395,0.9712355844512968,0.0543060760966031,11,0.0,-1.3871523614072792,-2.2698072805139184,0.0250709555345316,0,1,1,7150.75,5.8375,,,,False,FRESH,False,False,False,False,False,False,False,False,False,False,False,False
2026-04-29 12:56:35,2026-04-29 12:55:00,2026-04-29 12:55:00,ES,BRACKET_MACRO,ROTATION_ILLIQUID,TrendUp,LUNCH_AUCTION,TRANSITION,TRANSITION,NONE,50,45,NO_CLEAR_STAGE_C_ALIGNMENT,UNCHANGED,0,1.216,0,LUNCH,70.0,NONE,1.0,0.2533333333333333,1.275626423690205,70.0,8.0,0.0,0.9994760932356842,0.9989521864707064,0.0032326931741768,13,0.0,-1.3964593845914086,-2.3690205011389525,0.02367941712204,0,1,1,7151.0,5.4875,,,,False,FRESH,False,False,False,False,False,False,False,False,False,False,False,False
2026-04-29 13:05:32,2026-04-29 13:05:00,2026-04-29 13:00:00,ES,BRACKET_MACRO,ROTATION_ILLIQUID,TrendUp,POST_LUNCH_ROTATION,TRANSITION,TRANSITION,NONE,50,35,NO_CLEAR_STAGE_C_ALIGNMENT,UNCHANGED,0,-0.398,0,LUNCH,65.04,SHORT,0.8181818181818182,0.3333333333333333,-0.4,80.0,9.0,0.0,0.9996719714692144,0.999343942937012,0.00213486700377,14,0.0493827160493827,-1.7571174085505643,-2.7555555555555555,0.0270624181580096,0,1,1,7148.5,5.625,,,,False,FRESH,False,False,False,False,False,False,False,False,False,False,False,False
2026-04-29 13:05:40,2026-04-29 13:05:00,2026-04-29 13:05:00,ES,BRACKET_MACRO,ROTATION_ILLIQUID,TrendUp,POST_LUNCH_ROTATION,TRANSITION,TRANSITION,NONE,50,35,NO_CLEAR_STAGE_C_ALIGNMENT,UNCHANGED,0,-0.398,0,LUNCH,65.04,SHORT,0.8181818181818182,0.3333333333333333,-0.4,80.0,9.0,0.0,0.9996118786981516,0.9992237573961325,0.0024788569733008,15,0.0493827160493827,-1.7571174085505643,-2.7555555555555555,0.0270624181580096,0,1,1,7148.5,5.625,,,,False,FRESH,False,False,False,False,False,False,False,False,False,False,False,False
2026-04-29 13:08:35,2026-02-05 10:30:00,2026-02-05 10:30:00,ES,BRACKET_MACRO,ROTATION_ILLIQUID,TrendUp,NEAR_IB_CONDITION,TRANSITION,TRANSITION,NONE,50,100,MACRO_STALE_119678.6MIN,UNCHANGED,0,0.0,0,EARLY_AM,68.35,LONG,1.0,0.88,0.4148936170212766,15.0,4.0,0.0,0.9979962047457044,0.9959924094890332,0.0104240413103375,4,0.0,1.186988840323904,0.9219858156028368,0.0398406374501992,0,1,0,6917.25,5.423076923076923,,,,True,MACRO_STALE_119678.6MIN,False,False,False,False,False,False,False,False,False,False,False,False
2026-04-29 13:08:37,2026-04-29 13:05:00,2026-04-29 13:05:00,ES,BRACKET_MACRO,ROTATION_ILLIQUID,TrendUp,POST_LUNCH_ROTATION,TRANSITION,TRANSITION,NONE,50,35,NO_CLEAR_STAGE_C_ALIGNMENT,UNCHANGED,0,0.0,0,LUNCH,65.04,SHORT,0.8181818181818182,0.3333333333333333,-0.392156862745098,80.0,9.0,0.0,0.9977839596932006,0.9955679193877742,0.0113670629449812,15,0.0493827160493827,-1.722664126029965,-2.701525054466231,0.0270624181580096,0,1,1,7148.5,5.7375,,,,False,FRESH,False,False,False,False,False,False,False,False,False,False,False,False
2026-04-29 13:16:14,2026-04-29 13:15:00,2026-04-29 13:10:00,ES,BRACKET_MACRO,ROTATION_ILLIQUID,TrendUp,POST_LUNCH_ROTATION,TRANSITION,TRANSITION,NONE,50,35,NO_CLEAR_STAGE_C_ALIGNMENT,UNCHANGED,0,0.0,0,LUNCH,56.05,SHORT,0.3333333333333333,0.5348837209302325,-0.22883295194508,90.0,10.0,0.0,0.9997453480904333,0.999490696182335,0.0017038373619323,16,0.0,-1.551677769184399,-2.608695652173913,0.0241423125794155,0,1,1,7149.75,5.4625,,,,False,FRESH,False,False,False,False,False,False,False,False,False,False,False,False
2026-04-29 13:16:23,2026-04-29 13:15:00,2026-04-29 13:15:00,ES,BRACKET_MACRO,ROTATION_ILLIQUID,TrendUp,POST_LUNCH_ROTATION,TRANSITION,TRANSITION,NONE,50,35,NO_CLEAR_STAGE_C_ALIGNMENT,UNCHANGED,0,0.0,0,LUNCH,56.05,SHORT,0.3333333333333333,0.5348837209302325,-0.22883295194508,90.0,10.0,0.0,0.999307424086926,0.99861484817442,0.0041339632883344,17,0.0,-1.551677769184399,-2.608695652173913,0.0241423125794155,0,1,1,7149.75,5.4625,,,,False,FRESH,False,False,False,False,False,False,False,False,False,False,False,False
2026-04-29 13:26:54,2026-03-10 12:35:00,2026-03-10 12:35:00,ES,BRACKET_MACRO,TREND_EXPANSION,TrendUp,LUNCH_AUCTION,TRANSITION,TRANSITION,NONE,50,100,MACRO_STALE_72051.9MIN,UNCHANGED,0,0.0,0,LUNCH,69.65,SHORT,0.3333333333333333,0.855072463768116,-0.1610305958132045,80.0,9.0,0.0,0.999844724967415,0.9996894499320568,0.0010943372613613,5,1.2857142857142858,-2.914938599161871,-6.05475040257649,0.0816326530612244,0,1,0,6778.25,7.7625,,,,True,MACRO_STALE_72051.9MIN,False,False,False,False,False,False,False,False,False,False,False,False
2026-04-29 13:26:55,2026-04-29 13:25:00,2026-04-29 13:25:00,ES,BRACKET_MACRO,ROTATION_ILLIQUID,TrendUp,POST_LUNCH_ROTATION,TRANSITION,TRANSITION,NONE,50,35,NO_CLEAR_STAGE_C_ALIGNMENT,UNCHANGED,0,0.0,0,LUNCH,58.46,NONE,1.0,0.0526315789473684,0.358744394618834,100.0,11.0,0.0,0.9994411701297252,0.9988823402569298,0.0034221610016446,19,0.0,-1.3415550488036077,-2.42152466367713,0.0220498162515312,0,1,1,7150.5,5.575,,,,False,FRESH,False,False,False,False,False,False,False,False,False,False,False,False
2026-04-29 13:31:28,2026-03-10 12:35:00,2026-03-10 12:35:00,ES,BRACKET_MACRO,TREND_EXPANSION,TrendUp,LUNCH_AUCTION,TRANSITION,TRANSITION,NONE,50,100,MACRO_STALE_72056.5MIN,UNCHANGED,0,0.0,0,LUNCH,69.65,SHORT,0.3333333333333333,0.855072463768116,-0.1610305958132045,80.0,9.0,0.0,0.999844724967415,0.9996894499320556,0.0010943372613676,5,1.2857142857142858,-2.914938599161871,-6.05475040257649,0.0816326530612244,0,1,0,6778.25,7.7625,,,,True,MACRO_STALE_72056.5MIN,False,False,False,False,False,False,False,False,False,False,False,False
2026-04-29 13:31:29,2026-04-29 13:25:00,2026-04-29 13:25:00,ES,BRACKET_MACRO,ROTATION_ILLIQUID,TrendUp,POST_LUNCH_ROTATION,TRANSITION,TRANSITION,NONE,50,35,NO_CLEAR_STAGE_C_ALIGNMENT,UNCHANGED,0,0.0,0,LUNCH,58.44,NONE,1.0,0.0526315789473684,0.3579418344519015,100.0,11.0,0.0,0.9992405342030528,0.9984810684089104,0.0044826991783079,19,0.0,-1.338553807083689,-2.416107382550336,0.0220498162515312,0,1,1,7150.5,5.5875,,,,False,FRESH,False,False,False,False,False,False,False,False,False,False,False,False
2026-04-29 13:36:03,2026-04-29 13:35:00,2026-04-29 13:30:00,ES,BRACKET_MACRO,ROTATION_ILLIQUID,TrendUp,POST_LUNCH_ROTATION,TRANSITION,TRANSITION,NONE,50,20,NO_CLEAR_STAGE_C_ALIGNMENT,UNCHANGED,0,0.0,0,PM,71.69,NONE,1.0,0.2857142857142857,0.6701030927835052,110.0,12.0,31.15,0.9981915812532364,0.9963831625047418,0.0095416199243849,20,0.0,-0.9967381232764666,-2.2680412371134024,0.0173228346456692,0,1,1,7153.0,4.85,,,,False,FRESH,False,False,False,False,False,False,False,False,False,False,False,False
2026-04-29 13:36:11,2026-04-29 13:35:00,2026-04-29 13:35:00,ES,BRACKET_MACRO,ROTATION_ILLIQUID,TrendUp,POST_LUNCH_ROTATION,TRANSITION,TRANSITION,NONE,50,20,NO_CLEAR_STAGE_C_ALIGNMENT,UNCHANGED,0,0.0,0,PM,71.69,NONE,1.0,0.2857142857142857,0.6701030927835052,110.0,12.0,31.15,0.9989942372007992,0.9979884743988868,0.0057325781610993,21,0.0,-0.9967381232764666,-2.2680412371134024,0.0173228346456692,0,1,1,7153.0,4.85,,,,False,FRESH,False,False,False,False,False,False,False,False,False,False,False,False
2026-04-29 13:39:05,2026-04-27 10:55:00,2026-04-27 10:55:00,ES,BRACKET_MACRO,ROTATION_ILLIQUID,TrendUp,POST_IB_MACRO,TRANSITION,TRANSITION,NONE,50,100,MACRO_STALE_3044.1MIN,UNCHANGED,0,0.0,0,POST_IB_AM,0.0,NONE,0.0,0.0,0.0,0.0,0.0,0.0,0.999953306788162,0.9999066135788574,0.0003695554866275,11,0.0,-0.1859540506642848,0.5,0.0032377428307123,0,1,0,7190.0,7.0,,,,True,MACRO_STALE_3044.1MIN,False,False,False,False,False,False,False,False,False,False,False,False
2026-04-29 13:39:07,2026-04-29 13:35:00,2026-04-29 13:35:00,ES,BRACKET_MACRO,ROTATION_ILLIQUID,TrendUp,POST_LUNCH_ROTATION,TRANSITION,TRANSITION,NONE,50,20,NO_CLEAR_STAGE_C_ALIGNMENT,UNCHANGED,0,0.0,0,PM,71.63,NONE,1.0,0.2857142857142857,0.6683804627249358,110.0,12.0,31.07,0.9986967581089548,0.9973935162192982,0.0071844036852651,21,0.0,-0.99417581447627,-2.2622107969151672,0.0173228346456692,0,1,1,7153.0,4.8625,,,,False,FRESH,False,False,False,False,False,False,False,False,False,False,False,False
2026-04-29 13:43:39,2026-04-28 14:35:00,2026-04-28 14:35:00,ES,MEAN_REVERSION_MACRO,ROTATION_ILLIQUID,TrendUp,AFTERNOON_TREND_TEST,TRANSITION,TRANSITION,NONE,50,100,MACRO_STALE_1388.6MIN,UNCHANGED,0,0.0,0,PM,20.82,LONG,0.0344827586206896,0.2432432432432432,0.0625,40.0,5.0,25.17,0.999777383419242,0.9995547668409248,0.0015110863612033,39,0.0,0.8053066925472194,-0.6875,0.0033670033670033,1,1,0,7164.75,4.0,,,,True,MACRO_STALE_1388.6MIN,False,False,False,False,False,False,False,False,False,False,False,False
2026-04-29 13:43:40,2026-04-29 13:35:00,2026-04-29 13:35:00,ES,BRACKET_MACRO,ROTATION_ILLIQUID,TrendUp,POST_LUNCH_ROTATION,TRANSITION,TRANSITION,NONE,50,20,NO_CLEAR_STAGE_C_ALIGNMENT,UNCHANGED,0,0.0,0,PM,71.63,NONE,1.0,0.2857142857142857,0.6683804627249358,110.0,12.0,31.07,0.999858556875132,0.9997171137512894,0.0010063737210372,21,0.0,-0.99417581447627,-2.2622107969151672,0.0173228346456692,0,1,1,7153.0,4.8625,,,,False,FRESH,False,False,False,False,False,False,False,False,False,False,False,False
2026-04-29 13:46:42,2026-04-29 13:45:00,2026-04-29 13:45:00,ES,BRACKET_MACRO,ROTATION_ILLIQUID,TrendUp,POST_LUNCH_ROTATION,TRANSITION,TRANSITION,NONE,50,20,NO_CLEAR_STAGE_C_ALIGNMENT,UNCHANGED,0,0.0,0,PM,76.76,NONE,1.0,1.0,0.6486486486486487,120.0,13.0,28.82,0.9981345381022642,0.9962690762081298,0.0098007636565179,23,0.0,-0.922380655501321,-2.27027027027027,0.0161787365177195,0,1,1,7153.5,4.625,,,,False,FRESH,False,False,False,False,False,False,False,False,False,False,False,False
2026-04-29 13:55:51,2026-04-29 13:55:00,2026-04-29 13:50:00,ES,MEAN_REVERSION_MACRO,ROTATION_ILLIQUID,TrendUp,POST_LUNCH_ROTATION,TRANSITION,TRANSITION,NONE,55,60,HIGH_CONFLICT_STAGE_A_B_OR_PRICE_ACTION,UNCHANGED,0,0.738,0,PM,45.11,NONE,1.0,1.0,0.7387862796833773,130.0,14.0,8.34,0.953225934747554,0.9064518694957332,0.1362660268127639,1,0.0,-0.2669216309499999,-1.58311345646438,0.0111275964391691,1,1,0,7156.5,4.7375,,,,False,FRESH,False,False,False,False,False,False,False,False,False,False,False,False
2026-04-29 13:56:00,2026-04-29 13:55:00,2026-04-29 13:55:00,ES,MEAN_REVERSION_MACRO,ROTATION_ILLIQUID,TrendUp,POST_LUNCH_ROTATION,TRANSITION,TRANSITION,NONE,55,60,HIGH_CONFLICT_STAGE_A_B_OR_PRICE_ACTION,UNCHANGED,0,0.738,0,PM,45.11,NONE,1.0,1.0,0.7387862796833773,130.0,14.0,8.34,0.9977836432516152,0.9955672865042668,0.0113684575828172,2,0.0,-0.2669216309499999,-1.58311345646438,0.0111275964391691,1,1,0,7156.5,4.7375,,,,False,FRESH,False,False,False,False,False,False,False,False,False,False,False,False
2026-04-29 14:06:32,2026-04-29 14:05:00,2026-04-29 14:05:00,ES,BRACKET_MACRO,ROTATION_ILLIQUID,TrendDown,AFTERNOON_TREND_TEST,TREND_COMPRESSION,TREND_COMPRESSION,SHORT,66,10,MICRO_TREND_INSIDE_MACRO_STRUCTURE,LOCKED_IMMEDIATE,0,-1.194,1,PM,65.55,SHORT,0.4893617021276595,0.1864406779661017,-1.1302211302211302,140.0,15.0,54.32,0.8810327541164966,0.7620655082323982,0.2631924707947559,2,0.0864197530864197,-1.9454761671335492,-3.194103194103194,0.0230007077140835,0,1,1,7147.75,5.0875,,,,False,FRESH,True,False,True,False,False,False,True,False,False,True,False,True
2026-04-29 14:15:40,2026-04-27 10:55:00,2026-04-27 10:55:00,ES,BRACKET_MACRO,ROTATION_ILLIQUID,TrendUp,POST_IB_MACRO,TRANSITION,TRANSITION,NONE,50,100,MACRO_STALE_3080.7MIN,UNCHANGED,0,0.0,0,POST_IB_AM,0.0,NONE,0.0,0.0,0.0,0.0,0.0,0.0,0.999953306788162,0.9999066135788574,0.0003695554866275,11,0.0,-0.1859540506642848,0.5,0.0032377428307123,0,1,0,7190.0,7.0,,,,True,MACRO_STALE_3080.7MIN,False,False,False,False,False,False,False,False,False,False,False,False
2026-04-29 14:15:42,2026-04-29 14:15:00,2026-04-29 14:10:00,ES,BRACKET_MACRO,ROTATION_ILLIQUID,TrendDown,AFTERNOON_TREND_TEST,TREND_COMPRESSION,TREND_COMPRESSION,SHORT,66,0,MICRO_TREND_INSIDE_MACRO_STRUCTURE,LOCKED_IMMEDIATE,0,0.0,0,PM,82.96,SHORT,1.0,0.5757575757575758,-2.464454976303317,150.0,16.0,64.81,0.999907941131256,0.999815882261046,0.0006835238707875,3,0.2962962962962963,-2.5580919670719764,-3.886255924170616,0.0276746540668241,0,1,1,7143.5,5.275,,,,False,FRESH,True,False,True,False,False,False,True,False,False,True,False,True
2026-04-29 14:15:49,2026-04-29 14:15:00,2026-04-29 14:15:00,ES,BRACKET_MACRO,ROTATION_ILLIQUID,TrendUp,AFTERNOON_TREND_TEST,TRANSITION,TRANSITION,NONE,50,20,NO_CLEAR_STAGE_C_ALIGNMENT,LOCKED_IMMEDIATE,0,0.0,1,PM,82.96,SHORT,1.0,0.5757575757575758,-2.464454976303317,150.0,16.0,64.81,0.833682006336325,0.6673640126709152,0.3246060981214441,1,0.2962962962962963,-2.5580919670719764,-3.886255924170616,0.0276746540668241,0,1,1,7143.5,5.275,,,,False,FRESH,False,False,False,False,False,False,False,False,False,False,False,False
2026-04-29 14:21:45,2026-01-29 09:40:00,2026-01-29 09:40:00,ES,BALANCE_STRUCTURE,ROTATION_ILLIQUID,TrendUp,EARLY_TEST,TRANSITION,TRANSITION,NONE,50,100,MACRO_STALE_129881.8MIN,UNCHANGED,0,0.0,0,OPEN,32.4,LONG,0.8181818181818182,0.0,0.6428571428571429,0.0,1.0,0.0,0.9999857797730964,0.9999715595490932,0.0001247425164735,3,0.0,0.5385807486397555,0.5714285714285714,0.1403508771929824,0,1,0,7028.25,3.5,,,,True,MACRO_STALE_129881.8MIN,False,False,False,False,False,False,False,False,False,False,False,False
2026-04-29 14:21:47,2026-04-29 14:15:00,2026-04-29 14:15:00,ES,BRACKET_MACRO,ROTATION_ILLIQUID,TrendDown,AFTERNOON_TREND_TEST,TREND_COMPRESSION,TREND_COMPRESSION,SHORT,66,0,MICRO_TREND_INSIDE_MACRO_STRUCTURE,LOCKED_IMMEDIATE,0,0.0,0,PM,82.96,SHORT,1.0,0.5757575757575758,-2.295805739514349,150.0,16.0,64.81,0.9769275719871614,0.9538551439735976,0.0791800583758357,4,0.2962962962962963,-2.3830349008926586,-3.620309050772627,0.0276746540668241,0,1,1,7143.5,5.6625,,,,False,FRESH,True,False,True,False,False,False,True,False,False,True,False,True
2026-04-29 14:26:21,2026-04-29 14:25:00,2026-04-29 14:20:00,ES,BRACKET_MACRO,ROTATION_ILLIQUID,TrendDown,AFTERNOON_TREND_TEST,TREND_COMPRESSION,TREND_COMPRESSION,SHORT,66,0,MICRO_TREND_INSIDE_MACRO_STRUCTURE,UNCHANGED,0,0.0,0,PM,54.28,NONE,0.1052631578947368,0.2235294117647059,0.1777777777777777,160.0,17.0,46.2,0.7822377825737673,0.5644755651451174,0.3780301378553312,5,0.037037037037037,-1.4256679077171914,-2.7111111111111112,0.0196774193548387,0,1,1,7148.75,5.625,,,,False,FRESH,True,False,True,False,False,False,True,False,False,True,False,True
2026-04-29 14:26:30,2026-04-29 14:25:00,2026-04-29 14:25:00,ES,BRACKET_MACRO,ROTATION_ILLIQUID,TrendUp,AFTERNOON_TREND_TEST,TRANSITION,TRANSITION,NONE,50,20,NO_CLEAR_STAGE_C_ALIGNMENT,LOCKED_IMMEDIATE,0,0.0,1,PM,54.28,NONE,0.1052631578947368,0.2235294117647059,0.1777777777777777,160.0,17.0,46.2,0.9074784604850844,0.8149569209721521,0.2224154257076254,2,0.037037037037037,-1.4256679077171914,-2.7111111111111112,0.0196774193548387,0,1,1,7148.75,5.625,,,,False,FRESH,False,False,False,False,False,False,False,False,False,False,False,False
2026-04-29 14:35:34,2026-04-29 14:35:00,2026-04-29 14:30:00,ES,BRACKET_MACRO,ROTATION_ILLIQUID,TrendUp,AFTERNOON_TREND_TEST,TRANSITION,TRANSITION,NONE,50,20,NO_CLEAR_STAGE_C_ALIGNMENT,UNCHANGED,0,0.044,1,PM,69.29,NONE,0.024390243902439,0.5483870967741935,0.0424628450106157,170.0,18.0,64.2,0.9865795866341728,0.973159173270187,0.0513491704510984,3,0.2839506172839506,-2.166693618487974,-3.4394904458598723,0.0252415082580243,0,1,1,7143.75,5.8875,,,,False,FRESH,False,False,False,False,False,False,False,False,False,False,False,False
2026-04-29 14:35:43,2026-04-29 14:35:00,2026-04-29 14:35:00,ES,BRACKET_MACRO,ROTATION_ILLIQUID,TrendUp,AFTERNOON_TREND_TEST,TRANSITION,TRANSITION,NONE,50,20,NO_CLEAR_STAGE_C_ALIGNMENT,UNCHANGED,0,0.044,1,PM,69.29,NONE,0.024390243902439,0.5483870967741935,0.0424628450106157,170.0,18.0,64.2,0.9950178847230292,0.990035769448704,0.022639033483813,4,0.2839506172839506,-2.166693618487974,-3.4394904458598723,0.0252415082580243,0,1,1,7143.75,5.8875,,,,False,FRESH,False,False,False,False,False,False,False,False,False,False,False,False
2026-04-29 14:46:16,2026-04-29 14:45:00,2026-04-29 14:40:00,ES,BRACKET_MACRO,ROTATION_ILLIQUID,TrendUp,AFTERNOON_TREND_TEST,TRANSITION,TRANSITION,NONE,50,30,NO_CLEAR_STAGE_C_ALIGNMENT,UNCHANGED,0,-1.423,1,PM,84.57,SHORT,1.0,0.4166666666666667,-1.3255360623781678,180.0,19.0,72.84,0.997907893253258,0.9958157865100388,0.010818297228919,5,0.4567901234567901,-2.471525197294173,-3.703703703703704,0.0277940315974253,0,1,1,7140.25,6.4125,,,,False,FRESH,False,False,False,False,False,False,False,False,False,False,False,False
2026-04-29 14:46:26,2026-04-29 14:45:00,2026-04-29 14:45:00,ES,BRACKET_MACRO,ROTATION_ILLIQUID,TrendUp,AFTERNOON_TREND_TEST,TRANSITION,TRANSITION,NONE,50,30,NO_CLEAR_STAGE_C_ALIGNMENT,UNCHANGED,0,-1.423,0,PM,84.57,SHORT,1.0,0.4166666666666667,-1.3255360623781678,180.0,19.0,72.84,0.9617448874167884,0.923489774835657,0.1171169685690665,6,0.4567901234567901,-2.471525197294173,-3.703703703703704,0.0277940315974253,0,1,1,7140.25,6.4125,,,,False,FRESH,False,False,False,False,False,False,False,False,False,False,False,False
2026-04-29 14:55:29,2026-04-29 14:55:00,2026-04-29 14:50:00,ES,BRACKET_MACRO,ROTATION_ILLIQUID,TrendUp,AFTERNOON_TREND_TEST,TRANSITION,TRANSITION,NONE,50,30,NO_CLEAR_STAGE_C_ALIGNMENT,UNCHANGED,0,0.866,0,PM,57.95,NONE,0.44,0.2527472527472527,0.8133086876155268,190.0,20.0,30.69,0.9732164500512376,0.946432900105862,0.0889978388791813,7,0.0123456790123456,-0.9699929528225476,-2.181146025878004,0.0165034965034965,0,1,1,7149.25,6.7625,,,,False,FRESH,False,False,False,False,False,False,False,False,False,False,False,False
2026-04-29 14:55:38,2026-04-29 14:55:00,2026-04-29 14:55:00,ES,BRACKET_MACRO,ROTATION_ILLIQUID,TrendUp,AFTERNOON_TREND_TEST,TRANSITION,TRANSITION,NONE,50,30,NO_CLEAR_STAGE_C_ALIGNMENT,UNCHANGED,0,0.866,0,PM,57.95,NONE,0.44,0.2527472527472527,0.8133086876155268,190.0,20.0,30.69,0.9969297526805028,0.9938595053634776,0.0150256483213894,8,0.0123456790123456,-0.9699929528225476,-2.181146025878004,0.0165034965034965,0,1,1,7149.25,6.7625,,,,False,FRESH,False,False,False,False,False,False,False,False,False,False,False,False
2026-04-29 15:06:13,2026-04-29 15:05:00,2026-04-29 15:00:00,ES,MEAN_REVERSION_MACRO,ROTATION_ILLIQUID,TrendDown,LATE_DAY_CONVICTION,TRANSITION,TRANSITION,NONE,55,60,HIGH_CONFLICT_STAGE_A_B_OR_PRICE_ACTION,UNCHANGED,0,2.469,1,POWER_HOUR,21.87,LONG,1.0,0.3267326732673267,2.334494773519164,0.0,0.0,5.02,0.924490363845794,0.8489807276907587,0.1930780103523916,2,0.0,0.1606649895092064,-0.975609756097561,0.0075553157042633,1,1,0,7157.0,7.175,,,,False,FRESH,False,False,False,False,False,False,False,False,False,False,False,False
2026-04-29 15:06:21,2026-04-29 15:05:00,2026-04-29 15:05:00,ES,MEAN_REVERSION_MACRO,ROTATION_ILLIQUID,TrendDown,LATE_DAY_CONVICTION,TRANSITION,TRANSITION,NONE,55,60,HIGH_CONFLICT_STAGE_A_B_OR_PRICE_ACTION,UNCHANGED,0,2.469,1,POWER_HOUR,21.87,LONG,1.0,0.3267326732673267,2.334494773519164,0.0,0.0,5.02,0.5884914694107111,0.176982938821662,0.4886429005701348,3,0.0,0.1606649895092064,-0.975609756097561,0.0075553157042633,1,1,0,7157.0,7.175,,,,False,FRESH,False,False,False,False,False,False,False,False,False,False,False,False
2026-04-29 15:16:55,2026-04-29 15:15:00,2026-04-29 15:15:00,ES,MEAN_REVERSION_MACRO,ROTATION_ILLIQUID,TrendUp,LATE_DAY_CONVICTION,TRANSITION,TRANSITION,NONE,55,60,HIGH_CONFLICT_STAGE_A_B_OR_PRICE_ACTION,UNCHANGED,0,2.266,2,POWER_HOUR,34.0,LONG,1.0,0.7565217391304347,2.145214521452145,0.0,1.0,39.45,0.9740619628528848,0.9481239257049252,0.0867965533430166,3,0.0,1.2625294915092022,0.198019801980198,0.0015637216575449,1,1,0,7165.5,7.575,,,,False,FRESH,False,False,False,False,False,False,False,False,False,False,False,False
2026-04-29 15:21:30,2026-04-28 14:35:00,2026-04-28 14:35:00,ES,MEAN_REVERSION_MACRO,ROTATION_ILLIQUID,TrendUp,AFTERNOON_TREND_TEST,TRANSITION,TRANSITION,NONE,50,100,MACRO_STALE_1486.5MIN,UNCHANGED,0,0.0,0,PM,20.82,LONG,0.0344827586206896,0.2432432432432432,0.0625,40.0,5.0,25.17,0.99977732391516,0.9995546478270232,0.0015114473625934,39,0.0,0.8053066925472194,-0.6875,0.0033670033670033,1,1,0,7164.75,4.0,,,,True,MACRO_STALE_1486.5MIN,False,False,False,False,False,False,False,False,False,False,False,False
2026-04-29 15:21:31,2026-04-29 15:15:00,2026-04-29 15:15:00,ES,MEAN_REVERSION_MACRO,ROTATION_ILLIQUID,TrendUp,LATE_DAY_CONVICTION,TRANSITION,TRANSITION,NONE,52,50,HMM_TRANSITION_OR_RETURN_TO_OPEN,UNCHANGED,0,0.0,0,POWER_HOUR,34.0,LONG,1.0,0.7565217391304347,2.145214521452145,0.0,1.0,39.45,0.9785623756639036,0.9571247513313704,0.074719022896882,3,0.0,1.2625294915092022,0.198019801980198,0.0015637216575449,1,1,0,7165.5,7.575,,,,False,FRESH,False,False,False,False,False,False,False,False,False,False,False,False
2026-04-29 15:26:06,2026-04-29 15:25:00,2026-04-29 15:20:00,ES,MEAN_REVERSION_MACRO,ROTATION_ILLIQUID,TrendUp,LATE_DAY_CONVICTION,TRANSITION,TRANSITION,NONE,52,50,HMM_TRANSITION_OR_RETURN_TO_OPEN,UNCHANGED,0,0.0,0,POWER_HOUR,44.41,LONG,0.9428571428571428,0.9803921568627452,1.1224489795918369,10.0,2.0,38.71,0.9928396759237532,0.985679351848156,0.0306579191852916,4,0.0,1.2387423279129866,0.1700680272108843,0.0012690355329949,1,1,0,7165.25,7.35,,,,False,FRESH,False,False,False,False,False,False,False,False,False,False,False,False
2026-04-29 15:26:15,2026-04-29 15:25:00,2026-04-29 15:25:00,ES,MEAN_REVERSION_MACRO,ROTATION_ILLIQUID,TrendUp,LATE_DAY_CONVICTION,TRANSITION,TRANSITION,NONE,52,50,HMM_TRANSITION_OR_RETURN_TO_OPEN,UNCHANGED,0,0.0,0,POWER_HOUR,44.41,LONG,0.9428571428571428,0.9803921568627452,1.1224489795918369,10.0,2.0,38.71,0.9975791260994984,0.9951582522024816,0.0122631832838851,5,0.0,1.2387423279129866,0.1700680272108843,0.0012690355329949,1,1,0,7165.25,7.35,,,,False,FRESH,False,False,False,False,False,False,False,False,False,False,False,False
2026-04-29 15:29:10,2026-04-27 10:55:00,2026-04-27 10:55:00,ES,BRACKET_MACRO,ROTATION_ILLIQUID,TrendUp,POST_IB_MACRO,TRANSITION,TRANSITION,NONE,50,100,MACRO_STALE_3154.2MIN,UNCHANGED,0,0.0,0,POST_IB_AM,0.0,NONE,0.0,0.0,0.0,0.0,0.0,0.0,0.999953306788162,0.9999066135788574,0.0003695554866275,11,0.0,-0.1859540506642848,0.5,0.0032377428307123,0,1,0,7190.0,7.0,,,,True,MACRO_STALE_3154.2MIN,False,False,False,False,False,False,False,False,False,False,False,False
2026-04-29 15:29:12,2026-04-29 15:25:00,2026-04-29 15:25:00,ES,MEAN_REVERSION_MACRO,ROTATION_ILLIQUID,TrendUp,LATE_DAY_CONVICTION,TRANSITION,TRANSITION,NONE,52,50,HMM_TRANSITION_OR_RETURN_TO_OPEN,UNCHANGED,0,0.0,0,POWER_HOUR,44.41,LONG,0.9428571428571428,0.9803921568627452,1.11864406779661,10.0,2.0,38.58,0.9980010956516366,0.9960021913031704,0.0104021253453394,5,0.0,1.2345432013776882,0.1694915254237288,0.0012690355329949,1,1,0,7165.25,7.375,,,,False,FRESH,False,False,False,False,False,False,False,False,False,False,False,False
2026-04-29 15:33:46,2026-04-09 09:40:00,2026-04-09 09:40:00,ES,BALANCE_STRUCTURE,ROTATION_ILLIQUID,TrendUp,EARLY_TEST,TRANSITION,TRANSITION,NONE,50,100,MACRO_STALE_29153.8MIN,UNCHANGED,0,0.0,0,OPEN,0.0,NONE,0.1111111111111111,0.0,-0.1111111111111111,0.0,0.0,0.0,0.9999832406778426,0.9999664813565332,0.0001450298017221,3,0.0,0.1826309067695951,-0.2222222222222222,0.0350877192982456,0,1,0,6800.75,2.25,,,,True,MACRO_STALE_29153.8MIN,False,False,False,False,False,False,False,False,False,False,False,False
2026-04-29 15:33:48,2026-04-29 15:25:00,2026-04-29 15:25:00,ES,MEAN_REVERSION_MACRO,ROTATION_ILLIQUID,TrendUp,LATE_DAY_CONVICTION,TRANSITION,TRANSITION,NONE,52,50,HMM_TRANSITION_OR_RETURN_TO_OPEN,UNCHANGED,0,0.0,0,POWER_HOUR,44.41,LONG,0.9428571428571428,0.9803921568627452,1.11864406779661,10.0,2.0,38.58,0.9997942147129152,0.9995884294239852,0.0014085096649369,5,0.0,1.2345432013776882,0.1694915254237288,0.0012690355329949,1,1,0,7165.25,7.375,,,,False,FRESH,False,False,False,False,False,False,False,False,False,False,False,False
2026-04-29 15:36:50,2026-04-29 15:35:00,2026-04-29 15:35:00,ES,MEAN_REVERSION_MACRO,ROTATION_ILLIQUID,TrendDown,LATE_DAY_CONVICTION,ROTATION_ILLIQUID,TRANSITION,NONE,62,50,COMPRESSED_BALANCE_LOW_EDGE,PENDING_ROTATION_ILLIQUID_1_OF_2,1,0.0,1,POWER_HOUR,21.54,NONE,1.0,0.3265306122448979,-1.0819672131147542,0.0,0.0,4.13,0.9211835380402876,0.8423670760821276,0.1989975647754309,2,0.0,0.1321964613734515,-0.8852459016393442,0.0066864784546805,1,1,0,7157.25,7.625,,,,False,FRESH,False,False,False,False,False,False,False,False,False,False,False,False
2026-04-29 15:42:58,2026-03-10 12:35:00,2026-03-10 12:35:00,ES,BRACKET_MACRO,TREND_EXPANSION,TrendUp,LUNCH_AUCTION,TRANSITION,TRANSITION,NONE,50,100,MACRO_STALE_72188.0MIN,UNCHANGED,0,0.0,0,LUNCH,69.65,SHORT,0.3333333333333333,0.855072463768116,-0.1610305958132045,80.0,9.0,0.0,0.999844724967415,0.9996894499320568,0.0010943372613613,5,1.2857142857142858,-2.914938599161871,-6.05475040257649,0.0816326530612244,0,1,0,6778.25,7.7625,,,,True,MACRO_STALE_72188.0MIN,False,False,False,False,False,False,False,False,False,False,False,False
2026-04-29 15:42:59,2026-04-29 15:35:00,2026-04-29 15:35:00,ES,MEAN_REVERSION_MACRO,ROTATION_ILLIQUID,TrendDown,LATE_DAY_CONVICTION,ROTATION_ILLIQUID,TRANSITION,NONE,62,50,COMPRESSED_BALANCE_LOW_EDGE,PENDING_ROTATION_ILLIQUID_1_OF_2,1,0.0,0,POWER_HOUR,21.49,NONE,1.0,0.3265306122448979,-1.0476190476190477,0.0,0.0,4.0,0.987331867014243,0.9746637340258052,0.0490014174220696,2,0.0,0.1279997483139769,-0.8571428571428571,0.0066864784546805,1,1,0,7157.25,7.875,,,,False,FRESH,False,False,False,False,False,False,False,False,False,False,False,False
2026-04-29 15:46:02,2026-04-29 15:45:00,2026-04-29 15:40:00,ES,MEAN_REVERSION_MACRO,ROTATION_ILLIQUID,TrendUp,LATE_DAY_CONVICTION,ROTATION_ILLIQUID,ROTATION_ILLIQUID,NONE,62,50,COMPRESSED_BALANCE_LOW_EDGE,LOCKED_AFTER_2_CONFIRMATIONS,0,0.0,1,POWER_HOUR,11.4,NONE,0.6410256410256411,0.1081081081081081,-0.8771929824561403,0.0,1.0,11.73,0.9036645413465076,0.8073290826908535,0.2286352247674949,1,0.0,0.3755182603205883,-0.7017543859649122,0.0048390999274135,1,1,0,7159.0,7.125,,,,False,FRESH,False,False,False,False,False,False,False,False,False,False,False,False
2026-04-29 15:46:12,2026-04-29 15:45:00,2026-04-29 15:45:00,ES,MEAN_REVERSION_MACRO,ROTATION_ILLIQUID,TrendUp,LATE_DAY_CONVICTION,ROTATION_ILLIQUID,ROTATION_ILLIQUID,NONE,62,50,COMPRESSED_BALANCE_LOW_EDGE,UNCHANGED,0,0.0,1,POWER_HOUR,11.4,NONE,0.6410256410256411,0.1081081081081081,-0.8771929824561403,0.0,1.0,11.73,0.9941035888427742,0.988207177684629,0.0260750517913242,2,0.0,0.3755182603205883,-0.7017543859649122,0.0048390999274135,1,1,0,7159.0,7.125,,,,False,FRESH,False,False,False,False,False,False,False,False,False,False,False,False
2026-04-29 15:49:07,2026-04-27 10:55:00,2026-04-27 10:55:00,ES,BRACKET_MACRO,ROTATION_ILLIQUID,TrendUp,POST_IB_MACRO,TRANSITION,TRANSITION,NONE,50,100,MACRO_STALE_3174.1MIN,UNCHANGED,0,0.0,0,POST_IB_AM,0.0,NONE,0.0,0.0,0.0,0.0,0.0,0.0,0.999953306788162,0.999906613578857,0.0003695554866297,11,0.0,-0.1859540506642848,0.5,0.0032377428307123,0,1,0,7190.0,7.0,,,,True,MACRO_STALE_3174.1MIN,False,False,False,False,False,False,False,False,False,False,False,False
2026-04-29 15:49:09,2026-04-29 15:45:00,2026-04-29 15:45:00,ES,MEAN_REVERSION_MACRO,ROTATION_ILLIQUID,TrendUp,LATE_DAY_CONVICTION,ROTATION_ILLIQUID,TRANSITION,NONE,62,50,COMPRESSED_BALANCE_LOW_EDGE,PENDING_ROTATION_ILLIQUID_1_OF_2,1,0.0,0,POWER_HOUR,11.12,NONE,0.6410256410256411,0.1081081081081081,-0.8650519031141869,0.0,1.0,11.57,0.9946505977422518,0.9893011954836032,0.024032820753585,2,0.0,0.370320775748677,-0.6920415224913495,0.0048390999274135,1,1,0,7159.0,7.225,,,,False,FRESH,False,False,False,False,False,False,False,False,False,False,False,False
2026-04-29 15:56:48,2026-04-29 15:55:00,2026-04-29 15:55:00,ES,MEAN_REVERSION_MACRO,ROTATION_ILLIQUID,TrendUp,LATE_DAY_CONVICTION,TRANSITION,TRANSITION,NONE,52,50,HMM_TRANSITION_OR_RETURN_TO_OPEN,UNCHANGED,0,0.0,0,POWER_HOUR,42.78,LONG,1.0,0.1186440677966101,0.9576427255985268,10.0,2.0,33.58,0.9976513743249132,0.9953027486476448,0.0119485944105203,4,0.0,1.0746464194860383,-0.0368324125230202,0.0002368545712932,1,1,0,7163.75,6.7875,,,,False,FRESH,False,False,False,False,False,False,False,False,False,False,False,False
2026-04-29 16:01:23,2026-04-29 16:00:00,2026-04-29 15:55:00,ES,MEAN_REVERSION_MACRO,ROTATION_ILLIQUID,TrendUp,CASH_CLOSE,TREND_COMPRESSION,TREND_COMPRESSION,LONG,66,40,MICRO_TREND_INSIDE_MACRO_STRUCTURE,LOCKED_IMMEDIATE,0,1.585,0,CLOSE,50.75,LONG,1.0,0.238095238095238,1.5463917525773194,15.0,3.0,51.23,0.9975553732283766,0.9951107464531996,0.0123662670616507,4,0.0246913580246913,1.807553619237484,0.8591065292096219,0.0057883769391062,1,1,0,7170.25,7.275,,,,False,FRESH,False,False,True,False,False,False,True,False,True,False,False,False
2026-04-29 16:01:31,2026-04-29 16:00:00,2026-04-29 16:00:00,ES,MEAN_REVERSION_MACRO,ROTATION_ILLIQUID,TrendDown,CASH_CLOSE,TRANSITION,TRANSITION,NONE,55,60,HIGH_CONFLICT_STAGE_A_B_OR_PRICE_ACTION,LOCKED_IMMEDIATE,0,1.585,1,CLOSE,50.75,LONG,1.0,0.238095238095238,1.5463917525773194,15.0,3.0,51.23,1.0,0.9999999999999512,9.71058459496044e-13,1,0.0246913580246913,1.807553619237484,0.8591065292096219,0.0057883769391062,1,1,0,7170.25,7.275,,,,False,FRESH,False,False,False,False,False,False,False,False,False,False,False,False
2026-04-30 08:35:42,2026-04-29 16:00:00,2026-04-29 16:00:00,ES,MEAN_REVERSION_MACRO,ROTATION_ILLIQUID,TrendDown,CASH_CLOSE,TRANSITION,TRANSITION,NONE,50,100,MACRO_STALE_995.7MIN,UNCHANGED,0,0.0,0,CLOSE,50.75,LONG,1.0,0.238095238095238,1.5463917525773194,15.0,3.0,51.23,1.0,1.0,9.122898577298659e-34,1,0.0246913580246913,1.807553619237484,0.8591065292096219,0.0057883769391062,1,1,0,7170.25,7.275,,,,True,MACRO_STALE_995.7MIN,False,False,False,False,False,False,False,False,False,False,False,False
2026-04-30 08:40:33,2026-04-27 10:55:00,2026-04-27 10:55:00,ES,BRACKET_MACRO,ROTATION_ILLIQUID,TrendUp,POST_IB_MACRO,TRANSITION,TRANSITION,NONE,50,100,MACRO_STALE_4185.5MIN,UNCHANGED,0,0.0,0,POST_IB_AM,0.0,NONE,0.0,0.0,0.0,0.0,0.0,0.0,0.999953306788162,0.9999066135788574,0.0003695554866275,11,0.0,-0.1859540506642848,0.5,0.0032377428307123,0,1,0,7190.0,7.0,,,,True,MACRO_STALE_4185.5MIN,False,False,False,False,False,False,False,False,False,False,False,False
2026-04-30 08:40:35,2026-04-29 16:00:00,2026-04-29 16:00:00,ES,MEAN_REVERSION_MACRO,ROTATION_ILLIQUID,TrendDown,CASH_CLOSE,TRANSITION,TRANSITION,NONE,50,100,MACRO_STALE_1000.6MIN,UNCHANGED,0,0.0,0,CLOSE,50.75,LONG,1.0,0.238095238095238,1.5463917525773194,15.0,3.0,51.23,1.0,1.0,2.4509716672548898e-34,1,0.0246913580246913,1.807553619237484,0.8591065292096219,0.0057883769391062,1,1,0,7170.25,7.275,,,,True,MACRO_STALE_1000.6MIN,False,False,False,False,False,False,False,False,False,False,False,False
2026-04-30 08:54:29,2026-04-02 16:00:00,2026-04-02 16:00:00,ES,BRACKET_MACRO,TREND_EXPANSION,Transition,CASH_CLOSE,TRANSITION,TRANSITION,NONE,50,100,MACRO_STALE_39894.5MIN,UNCHANGED,0,0.0,0,CLOSE,78.49,NONE,1.0,0.3714285714285714,-0.6941431670281996,125.0,14.0,87.39,0.9999916595754644,0.9999833811312808,7.663755232999964e-05,1,3.305555555555556,1.39820299068177,3.470715835140997,0.0360739516007816,0,1,-1,6605.25,17.2875,,,,True,MACRO_STALE_39894.5MIN,False,False,False,False,False,False,False,False,False,False,False,False
2026-04-30 08:54:30,2026-04-29 16:00:00,2026-04-29 16:00:00,ES,MEAN_REVERSION_MACRO,ROTATION_ILLIQUID,TrendDown,CASH_CLOSE,TRANSITION,TRANSITION,NONE,50,100,MACRO_STALE_1014.5MIN,UNCHANGED,0,0.0,0,CLOSE,50.75,LONG,1.0,0.238095238095238,1.5463917525773194,15.0,3.0,51.23,1.0,1.0,2.4509716672727233e-34,1,0.0246913580246913,1.807553619237484,0.8591065292096219,0.0057883769391062,1,1,0,7170.25,7.275,,,,True,MACRO_STALE_1014.5MIN,False,False,False,False,False,False,False,False,False,False,False,False
2026-04-30 09:02:13,2026-04-27 10:55:00,2026-04-27 10:55:00,ES,BRACKET_MACRO,ROTATION_ILLIQUID,TrendUp,POST_IB_MACRO,TRANSITION,TRANSITION,NONE,50,100,MACRO_STALE_4207.2MIN,UNCHANGED,0,0.0,0,POST_IB_AM,0.0,NONE,0.0,0.0,0.0,0.0,0.0,0.0,0.999953306788162,0.999906613578857,0.0003695554866297,11,0.0,-0.1859540506642848,0.5,0.0032377428307123,0,1,0,7190.0,7.0,,,,True,MACRO_STALE_4207.2MIN,False,False,False,False,False,False,False,False,False,False,False,False
2026-04-30 09:02:15,2026-04-29 16:00:00,2026-04-29 16:00:00,ES,MEAN_REVERSION_MACRO,ROTATION_ILLIQUID,TrendDown,CASH_CLOSE,TRANSITION,TRANSITION,NONE,50,100,MACRO_STALE_1022.2MIN,UNCHANGED,0,0.0,0,CLOSE,50.75,LONG,1.0,0.238095238095238,1.5463917525773194,15.0,3.0,51.23,1.0,1.0,2.4509716672548898e-34,1,0.0246913580246913,1.807553619237484,0.8591065292096219,0.0057883769391062,1,1,0,7170.25,7.275,,,,True,MACRO_STALE_1022.2MIN,False,False,False,False,False,False,False,False,False,False,False,False
2026-04-30 09:20:54,2026-04-27 10:55:00,2026-04-27 10:55:00,ES,BRACKET_MACRO,ROTATION_ILLIQUID,TrendUp,POST_IB_MACRO,TRANSITION,TRANSITION,NONE,50,100,MACRO_STALE_4225.9MIN,UNCHANGED,0,0.0,0,POST_IB_AM,0.0,NONE,0.0,0.0,0.0,0.0,0.0,0.0,0.999953306788162,0.9999066135788574,0.0003695554866275,11,0.0,-0.1859540506642848,0.5,0.0032377428307123,0,1,0,7190.0,7.0,,,,True,MACRO_STALE_4225.9MIN,False,False,False,False,False,False,False,False,False,False,False,False
2026-04-30 09:20:55,2026-04-29 16:00:00,2026-04-29 16:00:00,ES,MEAN_REVERSION_MACRO,ROTATION_ILLIQUID,TrendDown,CASH_CLOSE,TRANSITION,TRANSITION,NONE,50,100,MACRO_STALE_1040.9MIN,UNCHANGED,0,0.0,0,CLOSE,50.75,LONG,1.0,0.238095238095238,1.5463917525773194,15.0,3.0,51.23,1.0,1.0,2.4509716672548898e-34,1,0.0246913580246913,1.807553619237484,0.8591065292096219,0.0057883769391062,1,1,0,7170.25,7.275,,,,True,MACRO_STALE_1040.9MIN,False,False,False,False,False,False,False,False,False,False,False,False
2026-04-30 09:31:57,2026-04-30 09:25:00,2026-04-30 09:25:00,ES,UNRESOLVED,TRANSITION,Balance,PREMARKET_CONTEXT,TRANSITION,TRANSITION,NONE,55,0,OPENING_OR_UNRESOLVED_UNRESOLVED,UNCHANGED,0,0.0,0,PREMARKET,0.0,NONE,0.0,0.0,0.0,0.0,0.0,0.0,0.9999963231961666,0.9999926524657824,3.587356877404306e-05,9,0.0,0.0,0.0,0.0,0,0,0,7200.0,0.0,,,,False,FRESH,False,False,False,False,False,False,False,False,False,False,False,False
2026-04-30 09:36:48,2026-04-30 09:35:00,2026-04-30 09:35:00,ES,OPENING_AUCTION,ROTATION_ILLIQUID,TrendDown,OPENING_AUCTION,TRANSITION,TRANSITION,NONE,55,0,OPENING_OR_UNRESOLVED_OPENING_AUCTION,UNCHANGED,0,0.0,1,OPEN,0.0,SHORT,0.0,0.0,0.0,0.0,1.0,0.0,0.9999999430874612,0.9999998861728068,7.259255286685912e-07,2,0.0,-0.5791129314826984,-1.4018691588785046,0.5434782608695652,0,1,0,7181.25,13.375,,,,False,FRESH,False,False,False,True,False,False,False,False,False,False,False,False
2026-04-30 09:38:26,2026-04-27 10:55:00,2026-04-27 10:55:00,ES,BRACKET_MACRO,ROTATION_ILLIQUID,TrendUp,POST_IB_MACRO,TRANSITION,TRANSITION,NONE,50,100,MACRO_STALE_4243.4MIN,UNCHANGED,0,0.0,0,POST_IB_AM,0.0,NONE,0.0,0.0,0.0,0.0,0.0,0.0,0.999953306788162,0.999906613578857,0.0003695554866297,11,0.0,-0.1859540506642848,0.5,0.0032377428307123,0,1,0,7190.0,7.0,,,,True,MACRO_STALE_4243.4MIN,False,False,False,False,False,False,False,False,False,False,False,False
2026-04-30 09:38:27,2026-04-30 09:35:00,2026-04-30 09:35:00,ES,OPENING_AUCTION,ROTATION_ILLIQUID,TrendDown,OPENING_AUCTION,TRANSITION,TRANSITION,NONE,55,0,OPENING_OR_UNRESOLVED_OPENING_AUCTION,UNCHANGED,0,0.0,0,OPEN,0.0,SHORT,0.0,0.0,0.0,0.0,1.0,0.0,0.9999999999490684,0.9999999998989724,8.937914597842898e-10,2,0.0,-0.5791129314826984,-1.4018691588785046,0.5434782608695652,0,1,0,7181.25,13.375,,,,False,FRESH,False,False,False,True,False,False,False,False,False,False,False,False
2026-04-30 09:40:02,2026-02-04 10:00:00,2026-02-04 10:00:00,ES,BALANCE_STRUCTURE,ROTATION_ILLIQUID,TrendUp,PRE_DECISION,TRANSITION,TRANSITION,NONE,50,100,MACRO_STALE_122380.0MIN,UNCHANGED,0,0.0,0,EARLY_AM,41.2,LONG,1.0,0.3548387096774194,0.7608695652173912,0.0,1.0,0.0,0.9999352359318316,0.9998704718631544,0.0004972939828955,7,0.0,0.6433404511694591,0.8115942028985507,0.0588235294117647,0,1,0,6940.75,4.928571428571429,,,,True,MACRO_STALE_122380.0MIN,False,False,False,False,False,False,False,False,False,False,False,False
2026-04-30 09:40:03,2026-04-30 09:35:00,2026-04-30 09:35:00,ES,OPENING_AUCTION,ROTATION_ILLIQUID,TrendDown,OPENING_AUCTION,TRANSITION,TRANSITION,NONE,55,0,OPENING_OR_UNRESOLVED_OPENING_AUCTION,UNCHANGED,0,0.0,0,OPEN,0.0,SHORT,0.0,0.0,0.0,0.0,1.0,0.0,1.0,0.9999999999987907,2.393616417921572e-11,2,0.0,-0.5532596756129351,-1.3392857142857142,0.5434782608695652,0,1,0,7181.25,14.0,,,,False,FRESH,False,False,False,True,False,False,False,False,False,False,False,False
2026-04-30 09:41:40,2026-04-30 09:40:00,2026-04-30 09:40:00,ES,BALANCE_STRUCTURE,ROTATION_ILLIQUID,TrendDown,EARLY_TEST,TREND_COMPRESSION,TREND_COMPRESSION,SHORT,66,0,MICRO_TREND_INSIDE_MACRO_STRUCTURE,LOCKED_IMMEDIATE,0,0.0,0,OPEN,55.24,SHORT,1.0,0.0,-2.2894736842105265,5.0,2.0,0.0,1.0,0.999999999997432,4.943585303707432e-11,3,0.0,-1.0062545533905665,-2.2894736842105265,0.453125,0,1,0,7171.0,12.666666666666666,,,,False,FRESH,True,False,True,False,False,False,True,False,False,True,False,True
2026-04-30 09:46:32,2026-04-30 09:45:00,2026-04-30 09:40:00,ES,BALANCE_STRUCTURE,ROTATION_ILLIQUID,TrendDown,FIRST_ACCEPTANCE,ROTATION_ILLIQUID,TREND_COMPRESSION,SHORT,62,20,COMPRESSED_BALANCE_LOW_EDGE,PENDING_ROTATION_ILLIQUID_1_OF_2,1,0.02,0,EARLY_AM,0.0,LONG,0.0120481927710843,0.0,0.0220994475138121,0.0,0.0,0.0,1.0,0.999999999996615,6.448996204961695e-11,3,0.0,0.0324207859205304,-1.6353591160220995,0.2061281337047353,0,1,0,7181.5,11.3125,,,,False,FRESH,True,False,True,False,False,False,True,False,False,True,False,True
2026-04-30 09:46:40,2026-04-30 09:45:00,2026-04-30 09:45:00,ES,BALANCE_STRUCTURE,ROTATION_ILLIQUID,TrendUp,FIRST_ACCEPTANCE,ROTATION_ILLIQUID,ROTATION_ILLIQUID,NONE,62,20,COMPRESSED_BALANCE_LOW_EDGE,LOCKED_AFTER_2_CONFIRMATIONS,0,0.02,1,EARLY_AM,0.0,LONG,0.0120481927710843,0.0,0.0220994475138121,0.0,0.0,0.0,0.6532193467898538,0.3064386935785644,0.4655799982486801,1,0.0,0.0324207859205304,-1.6353591160220995,0.2061281337047353,0,1,0,7181.5,11.3125,,,,False,FRESH,False,False,False,False,False,False,False,False,False,False,False,False
2026-04-30 09:49:45,2026-04-07 10:20:00,2026-04-07 10:20:00,ES,BRACKET_MACRO,ROTATION_ILLIQUID,TrendUp,PRE_IB_MATURATION,TRANSITION,TRANSITION,NONE,50,100,MACRO_STALE_33089.8MIN,UNCHANGED,0,0.0,0,EARLY_AM,30.67,NONE,1.0,0.3684210526315789,0.5,0.0,0.0,0.0,0.9985994144943742,0.9971988289907306,0.0076482042113782,2,0.0,-0.0144492834598774,-1.0,0.0404721753794266,0,1,0,6657.5,6.0,,,,True,MACRO_STALE_33089.8MIN,False,False,False,False,False,False,False,False,False,False,False,False
2026-04-30 09:49:46,2026-04-30 09:45:00,2026-04-30 09:45:00,ES,BALANCE_STRUCTURE,ROTATION_ILLIQUID,TrendUp,FIRST_ACCEPTANCE,ROTATION_ILLIQUID,TRANSITION,NONE,62,20,COMPRESSED_BALANCE_LOW_EDGE,PENDING_ROTATION_ILLIQUID_1_OF_2,1,0.0,0,EARLY_AM,0.0,LONG,0.0120481927710843,0.0,0.0192307692307692,0.0,0.0,0.0,0.7038664517454094,0.4077329034916187,0.4382565497978898,1,0.0,0.0282123185173846,-1.4230769230769231,0.2061281337047353,0,1,0,7181.5,13.0,,,,False,FRESH,False,False,False,False,False,False,False,False,False,False,False,False
2026-04-30 09:51:22,2026-04-30 09:50:00,2026-04-30 09:45:00,ES,BALANCE_STRUCTURE,ROTATION_ILLIQUID,TrendUp,EARLY_CONTINUATION,ROTATION_ILLIQUID,ROTATION_ILLIQUID,NONE,62,20,COMPRESSED_BALANCE_LOW_EDGE,LOCKED_AFTER_2_CONFIRMATIONS,0,0.0,0,EARLY_AM,26.47,NONE,0.4736842105263157,0.5144508670520231,0.6,0.0,1.0,0.0,0.702712647128406,0.4054252942545137,0.4389748299703959,1,0.0,-0.2602133872819346,-1.9777777777777776,0.1854166666666666,0,1,0,7177.75,11.25,,,,False,FRESH,False,False,False,False,False,False,False,False,False,False,False,False
2026-04-30 09:51:31,2026-04-30 09:50:00,2026-04-30 09:50:00,ES,BALANCE_STRUCTURE,ROTATION_ILLIQUID,TrendUp,EARLY_CONTINUATION,ROTATION_ILLIQUID,ROTATION_ILLIQUID,NONE,62,20,COMPRESSED_BALANCE_LOW_EDGE,UNCHANGED,0,0.0,0,EARLY_AM,26.47,NONE,0.4736842105263157,0.5144508670520231,0.6,0.0,1.0,0.0,0.999222601480478,0.9984452029590076,0.0045754536801191,2,0.0,-0.2602133872819346,-1.9777777777777776,0.1854166666666666,0,1,0,7177.75,11.25,,,,False,FRESH,False,False,False,False,False,False,False,False,False,False,False,False
2026-04-30 09:56:14,2026-04-30 09:55:00,2026-04-30 09:50:00,ES,BALANCE_STRUCTURE,ROTATION_ILLIQUID,TrendDown,EARLY_CONTINUATION,TREND_COMPRESSION,TREND_COMPRESSION,SHORT,66,10,MICRO_TREND_INSIDE_MACRO_STRUCTURE,LOCKED_IMMEDIATE,0,-1.192,1,EARLY_AM,50.24,SHORT,1.0,0.4,-1.2258064516129032,0.0,1.0,0.0,0.9691418828749055,0.9382837657469224,0.0993385927280149,5,0.0,-1.0489513631584624,-2.817204301075269,0.225473321858864,0,1,-1,7167.25,11.625,,,,False,FRESH,True,False,True,False,False,False,True,False,False,True,False,True
2026-04-30 09:56:22,2026-04-30 09:55:00,2026-04-30 09:55:00,ES,BALANCE_STRUCTURE,ROTATION_ILLIQUID,TrendDown,EARLY_CONTINUATION,TREND_COMPRESSION,TREND_COMPRESSION,SHORT,66,20,MICRO_TREND_INSIDE_MACRO_STRUCTURE,UNCHANGED,0,-1.192,1,EARLY_AM,50.24,SHORT,1.0,0.4,-1.2258064516129032,0.0,1.0,0.0,0.5443006516787497,0.0886013033561123,0.4971649259775557,6,0.0,-1.0489513631584624,-2.817204301075269,0.225473321858864,0,1,-1,7167.25,11.625,,,,False,FRESH,True,False,True,False,False,False,True,False,False,True,False,True
2026-04-30 10:01:04,2026-04-30 10:00:00,2026-04-30 09:55:00,ES,BALANCE_STRUCTURE,ROTATION_ILLIQUID,TrendDown,PRE_DECISION,TREND_COMPRESSION,TREND_COMPRESSION,SHORT,66,10,MICRO_TREND_INSIDE_MACRO_STRUCTURE,UNCHANGED,0,-1.091,1,EARLY_AM,55.88,SHORT,1.0,0.2149532710280373,-1.0869565217391304,5.0,2.0,0.0,0.9538547597289476,0.907709519459858,0.1348954226847666,6,0.0,-1.060867227449505,-3.0217391304347827,0.2074626865671641,0,1,-1,7165.25,11.5,,,,False,FRESH,True,False,True,False,False,False,True,False,False,True,False,True
2026-04-30 10:01:13,2026-04-30 10:00:00,2026-04-30 10:00:00,ES,BALANCE_STRUCTURE,ROTATION_ILLIQUID,TrendDown,PRE_DECISION,TREND_COMPRESSION,TREND_COMPRESSION,SHORT,66,10,MICRO_TREND_INSIDE_MACRO_STRUCTURE,UNCHANGED,0,-1.091,1,EARLY_AM,55.88,SHORT,1.0,0.2149532710280373,-1.0869565217391304,5.0,2.0,0.0,0.9469634632930716,0.8939269265876368,0.1495792628334884,7,0.0,-1.060867227449505,-3.0217391304347827,0.2074626865671641,0,1,-1,7165.25,11.5,,,,False,FRESH,True,False,True,False,False,False,True,False,False,True,False,True
2026-04-30 10:04:19,2026-04-27 10:55:00,2026-04-27 10:55:00,ES,BRACKET_MACRO,ROTATION_ILLIQUID,TrendUp,POST_IB_MACRO,TRANSITION,TRANSITION,NONE,50,100,MACRO_STALE_4269.3MIN,UNCHANGED,0,0.0,0,POST_IB_AM,0.0,NONE,0.0,0.0,0.0,0.0,0.0,0.0,0.999953306788162,0.9999066135788574,0.0003695554866275,11,0.0,-0.1859540506642848,0.5,0.0032377428307123,0,1,0,7190.0,7.0,,,,True,MACRO_STALE_4269.3MIN,False,False,False,False,False,False,False,False,False,False,False,False
2026-04-30 10:04:21,2026-04-30 10:00:00,2026-04-30 10:00:00,ES,BALANCE_STRUCTURE,ROTATION_ILLIQUID,TrendDown,PRE_DECISION,TREND_COMPRESSION,TREND_COMPRESSION,SHORT,66,0,MICRO_TREND_INSIDE_MACRO_STRUCTURE,LOCKED_IMMEDIATE,0,0.0,0,EARLY_AM,54.92,SHORT,1.0,0.2149532710280373,-1.002865329512894,5.0,2.0,0.0,0.992669813354938,0.9853396267134134,0.0312607860675309,7,0.0,-0.978794404695532,-2.7879656160458453,0.2074626865671641,0,1,-1,7165.25,12.464285714285714,,,,False,FRESH,True,False,True,False,False,False,True,False,False,True,False,True
2026-04-30 10:05:56,2026-04-30 10:05:00,2026-04-30 10:00:00,ES,BALANCE_STRUCTURE,ROTATION_ILLIQUID,TrendDown,END_FIRST_WINDOW,TREND_COMPRESSION,TREND_COMPRESSION,SHORT,66,0,MICRO_TREND_INSIDE_MACRO_STRUCTURE,UNCHANGED,0,0.0,0,EARLY_AM,37.16,NONE,0.5294117647058824,0.4285714285714285,0.3923705722070845,10.0,3.0,0.0,0.9999507181557746,0.9999014363092872,0.0003881251842295,7,0.0,-0.4267816566613158,-2.463215258855586,0.1504660452729693,0,1,0,7171.75,11.46875,,,,False,FRESH,True,False,True,False,False,False,True,False,False,True,False,True
2026-04-30 10:06:05,2026-04-30 10:05:00,2026-04-30 10:05:00,ES,BALANCE_STRUCTURE,ROTATION_ILLIQUID,TrendUp,END_FIRST_WINDOW,ROTATION_ILLIQUID,TREND_COMPRESSION,SHORT,62,20,COMPRESSED_BALANCE_LOW_EDGE,PENDING_ROTATION_ILLIQUID_1_OF_2,1,0.0,1,EARLY_AM,37.16,NONE,0.5294117647058824,0.4285714285714285,0.3923705722070845,10.0,3.0,0.0,0.94025534957092,0.8805106991454383,0.1632152208539938,1,0.0,-0.4267816566613158,-2.463215258855586,0.1504660452729693,0,1,0,7171.75,11.46875,,,,False,FRESH,True,False,True,False,False,False,True,False,False,True,False,True
2026-04-30 10:10:49,2026-04-30 10:10:00,2026-04-30 10:05:00,ES,BRACKET_MACRO,ROTATION_ILLIQUID,TrendDown,PRE_IB_MATURATION,TREND_COMPRESSION,TREND_COMPRESSION,SHORT,66,0,MICRO_TREND_INSIDE_MACRO_STRUCTURE,UNCHANGED,0,-0.042,0,EARLY_AM,50.15,SHORT,0.037037037037037,0.5,-0.0416666666666666,15.0,4.0,0.0,0.9999999603678597,0.9999999207389408,5.158037342869324e-07,8,0.0,-0.9124499322665542,-2.9375,0.161697247706422,0,1,-1,7164.75,12.0,,,,False,FRESH,True,False,True,False,False,False,True,False,False,True,False,True
2026-04-30 10:10:58,2026-04-30 10:10:00,2026-04-30 10:10:00,ES,BRACKET_MACRO,ROTATION_ILLIQUID,TrendUp,PRE_IB_MATURATION,TRANSITION,TRANSITION,NONE,50,20,NO_CLEAR_STAGE_C_ALIGNMENT,LOCKED_IMMEDIATE,0,-0.042,1,EARLY_AM,50.15,SHORT,0.037037037037037,0.5,-0.0416666666666666,15.0,4.0,0.0,0.9611647510496356,0.9223295020958906,0.1184630619668367,1,0.0,-0.9124499322665542,-2.9375,0.161697247706422,0,1,-1,7164.75,12.0,,,,False,FRESH,False,False,False,False,False,False,False,False,False,False,False,False
2026-04-30 10:15:43,2026-04-30 10:15:00,2026-04-30 10:10:00,ES,BRACKET_MACRO,ROTATION_ILLIQUID,TrendDown,PRE_IB_MATURATION,TREND_COMPRESSION,TREND_COMPRESSION,SHORT,66,0,MICRO_TREND_INSIDE_MACRO_STRUCTURE,LOCKED_IMMEDIATE,0,-0.212,0,EARLY_AM,27.91,SHORT,0.217391304347826,0.1,-0.2096436058700209,20.0,5.0,0.0,0.9999976850912808,0.9999953701859008,2.333807831891896e-05,9,0.0,-0.4812628303280656,-2.5786163522012577,0.1271975180972078,0,1,0,7169.25,11.925,,,,False,FRESH,True,False,True,False,False,False,True,False,False,True,False,True
2026-04-30 10:15:52,2026-04-30 10:15:00,2026-04-30 10:15:00,ES,BRACKET_MACRO,ROTATION_ILLIQUID,TrendUp,PRE_IB_MATURATION,ROTATION_ILLIQUID,TREND_COMPRESSION,SHORT,62,20,COMPRESSED_BALANCE_LOW_EDGE,PENDING_ROTATION_ILLIQUID_1_OF_2,1,-0.212,1,EARLY_AM,27.91,SHORT,0.217391304347826,0.1,-0.2096436058700209,20.0,5.0,0.0,0.9670015172408836,0.9340030344820914,0.1046065421673003,1,0.0,-0.4812628303280656,-2.5786163522012577,0.1271975180972078,0,1,0,7169.25,11.925,,,,False,FRESH,True,False,True,False,False,False,True,False,False,True,False,True
2026-04-30 10:20:35,2026-04-30 10:20:00,2026-04-30 10:15:00,ES,BRACKET_MACRO,ROTATION_ILLIQUID,TrendDown,PRE_IB_MATURATION,TREND_COMPRESSION,TREND_COMPRESSION,SHORT,66,0,MICRO_TREND_INSIDE_MACRO_STRUCTURE,UNCHANGED,0,0.312,0,EARLY_AM,44.35,NONE,0.7142857142857143,0.1733333333333333,0.308411214953271,25.0,6.0,0.0,0.8192515549214741,0.6385031098421428,0.3408558148486987,10,0.0,-0.460650377766841,-2.5906542056074766,0.1148587055606198,0,1,-1,7168.5,12.159090909090908,,,,False,FRESH,True,False,True,False,False,False,True,False,False,True,False,True
2026-04-30 10:20:44,2026-04-30 10:20:00,2026-04-30 10:20:00,ES,BRACKET_MACRO,ROTATION_ILLIQUID,TrendUp,PRE_IB_MATURATION,ROTATION_ILLIQUID,TREND_COMPRESSION,SHORT,62,20,COMPRESSED_BALANCE_LOW_EDGE,PENDING_ROTATION_ILLIQUID_1_OF_2,1,0.312,1,EARLY_AM,44.35,NONE,0.7142857142857143,0.1733333333333333,0.308411214953271,25.0,6.0,0.0,0.7977826978117801,0.5955653956267997,0.3631702974959409,2,0.0,-0.460650377766841,-2.5906542056074766,0.1148587055606198,0,1,-1,7168.5,12.159090909090908,,,,False,FRESH,True,False,True,False,False,False,True,False,False,True,False,True
2026-04-30 10:27:01,2026-04-30 10:25:00,2026-04-30 10:25:00,ES,BRACKET_MACRO,ROTATION_ILLIQUID,TrendUp,NEAR_IB_CONDITION,ROTATION_ILLIQUID,ROTATION_ILLIQUID,NONE,62,20,COMPRESSED_BALANCE_LOW_EDGE,LOCKED_AFTER_2_CONFIRMATIONS,0,0.27,1,EARLY_AM,16.82,NONE,0.6842105263157895,0.0461538461538461,0.2703639514731369,0.0,0.0,0.0,0.96550269233022,0.93100538465805,0.1082334351583084,1,0.0,-0.1225738331050175,-2.287694974003466,0.0925925925925925,0,1,0,7172.5,12.020833333333334,,,,False,FRESH,False,False,False,False,False,False,False,False,False,False,False,False
2026-04-30 10:31:51,2026-04-30 10:30:00,2026-04-30 10:30:00,ES,BRACKET_MACRO,ROTATION_ILLIQUID,TrendUp,NEAR_IB_CONDITION,ROTATION_ILLIQUID,ROTATION_ILLIQUID,NONE,62,20,COMPRESSED_BALANCE_LOW_EDGE,UNCHANGED,0,0.395,1,EARLY_AM,33.37,NONE,1.0,0.85,0.40032414910859,0.0,0.0,0.0,0.9979004126689082,0.9958008253352126,0.0108515679913986,2,0.0,-0.0409489185051971,-2.254457050243112,0.0846518987341772,0,1,0,7173.25,11.865384615384617,,,,False,FRESH,False,False,False,False,False,False,False,False,False,False,False,False
2026-04-30 10:35:41,2026-04-30 10:35:00,2026-04-30 10:30:00,ES,BRACKET_MACRO,ROTATION_ILLIQUID,TrendUp,POST_IB_MACRO,ROTATION_ILLIQUID,ROTATION_ILLIQUID,NONE,62,20,COMPRESSED_BALANCE_LOW_EDGE,UNCHANGED,0,-0.084,1,POST_IB_AM,7.76,SHORT,0.4,0.3103448275862069,-0.0845921450151057,0.0,0.0,0.0,0.920091287072142,0.8401825741429407,0.2009287264240485,2,0.0,-0.2003556543053123,-2.4108761329305137,0.0829694323144104,0,1,0,7171.5,11.821428571428571,,,,False,FRESH,False,False,False,False,False,False,False,False,False,False,False,False
2026-04-30 10:35:49,2026-04-30 10:35:00,2026-04-30 10:35:00,ES,BRACKET_MACRO,ROTATION_ILLIQUID,TrendUp,POST_IB_MACRO,ROTATION_ILLIQUID,ROTATION_ILLIQUID,NONE,62,20,COMPRESSED_BALANCE_LOW_EDGE,UNCHANGED,0,-0.084,1,POST_IB_AM,7.76,SHORT,0.4,0.3103448275862069,-0.0845921450151057,0.0,0.0,0.0,0.9984593940760256,0.9969187881545648,0.0083068466570786,3,0.0,-0.2003556543053123,-2.4108761329305137,0.0829694323144104,0,1,0,7171.5,11.821428571428571,,,,False,FRESH,False,False,False,False,False,False,False,False,False,False,False,False
2026-04-30 10:45:38,2026-04-30 10:45:00,2026-04-30 10:40:00,ES,BRACKET_MACRO,ROTATION_ILLIQUID,TrendUp,POST_IB_MACRO,ROTATION_ILLIQUID,ROTATION_ILLIQUID,NONE,62,20,COMPRESSED_BALANCE_LOW_EDGE,UNCHANGED,0,0.192,0,POST_IB_AM,22.99,LONG,0.391304347826087,0.6666666666666666,0.1967213114754098,0.0,0.0,0.0,0.9085511484613428,0.8171022969238543,0.2206437472585822,4,0.0,0.1689560485833904,-2.1420765027322406,0.0636363636363636,0,1,0,7175.5,11.4375,,,,False,FRESH,False,False,False,False,False,False,False,False,False,False,False,False
2026-04-30 10:45:46,2026-04-30 10:45:00,2026-04-30 10:45:00,ES,BRACKET_MACRO,ROTATION_ILLIQUID,TrendUp,POST_IB_MACRO,ROTATION_ILLIQUID,ROTATION_ILLIQUID,NONE,62,20,COMPRESSED_BALANCE_LOW_EDGE,UNCHANGED,0,0.192,0,POST_IB_AM,22.99,LONG,0.391304347826087,0.6666666666666666,0.1967213114754098,0.0,0.0,0.0,0.9990809126132846,0.998161825223397,0.0052983284174249,5,0.0,0.1689560485833904,-2.1420765027322406,0.0636363636363636,0,1,0,7175.5,11.4375,,,,False,FRESH,False,False,False,False,False,False,False,False,False,False,False,False
2026-04-30 10:55:36,2026-04-30 10:55:00,2026-04-30 10:50:00,ES,BRACKET_MACRO,ROTATION_ILLIQUID,TrendDown,POST_IB_MACRO,TRANSITION,TRANSITION,NONE,50,30,NO_CLEAR_STAGE_C_ALIGNMENT,LOCKED_IMMEDIATE,0,1.648,1,POST_IB_AM,52.0,LONG,1.0,0.8372093023255814,1.676470588235294,0.0,1.0,0.0,0.999994782475338,0.9999895649530688,4.954271049525644e-05,1,0.0,1.4023244572711464,-0.838235294117647,0.0225653206650831,0,1,0,7190.5,11.333333333333334,,,,False,FRESH,False,False,False,False,False,False,False,False,False,False,False,False
2026-04-30 10:55:46,2026-04-30 10:55:00,2026-04-30 10:55:00,ES,BRACKET_MACRO,ROTATION_ILLIQUID,TrendDown,POST_IB_MACRO,TRANSITION,TRANSITION,NONE,50,30,NO_CLEAR_STAGE_C_ALIGNMENT,UNCHANGED,0,1.648,1,POST_IB_AM,52.0,LONG,1.0,0.8372093023255814,1.676470588235294,0.0,1.0,0.0,0.996460950618106,0.9929219012333504,0.0169565792423862,2,0.0,1.4023244572711464,-0.838235294117647,0.0225653206650831,0,1,0,7190.5,11.333333333333334,,,,False,FRESH,False,False,False,False,False,False,False,False,False,False,False,False
2026-04-30 11:06:59,2026-04-30 11:05:00,2026-04-30 11:05:00,ES,BRACKET_MACRO,ROTATION_ILLIQUID,TrendUp,MID_MORNING_DISCOVERY,TREND_COMPRESSION,TREND_COMPRESSION,LONG,64,30,DEVELOPING_INITIATIVE_PHASE_AWARE,LOCKED_IMMEDIATE,0,1.496,2,POST_IB_AM,63.0,LONG,1.0,0.8444444444444444,1.5491329479768785,10.0,2.0,0.0,0.9948841862042312,0.9897683724104815,0.0231485943939508,2,0.0,1.4822089087676975,-0.7167630057803468,0.0170704845814977,0,1,0,7192.25,10.8125,,,,False,FRESH,True,False,True,False,False,False,True,False,True,False,True,False
2026-04-30 11:16:41,2026-04-30 11:15:00,2026-04-30 11:15:00,ES,MEAN_REVERSION_MACRO,ROTATION_ILLIQUID,TrendUp,MID_MORNING_DISCOVERY,TRANSITION,TRANSITION,NONE,52,50,HMM_TRANSITION_OR_RETURN_TO_OPEN,LOCKED_IMMEDIATE,0,0.558,2,POST_IB_AM,56.0,LONG,1.0,1.0,0.5925925925925926,20.0,3.0,0.0,0.9998883821914768,0.9997767643844412,0.000813233931987,4,0.0,1.8774527124294336,-0.345679012345679,0.0071794871794871,1,1,0,7196.5,10.125,,,,False,FRESH,False,False,False,False,False,False,False,False,False,False,False,False
2026-04-30 11:18:18,2026-04-27 10:55:00,2026-04-27 10:55:00,ES,BRACKET_MACRO,ROTATION_ILLIQUID,TrendUp,POST_IB_MACRO,TRANSITION,TRANSITION,NONE,50,100,MACRO_STALE_4343.3MIN,UNCHANGED,0,0.0,0,POST_IB_AM,0.0,NONE,0.0,0.0,0.0,0.0,0.0,0.0,0.999953306788162,0.999906613578857,0.0003695554866297,11,0.0,-0.1859540506642848,0.5,0.0032377428307123,0,1,0,7190.0,7.0,,,,True,MACRO_STALE_4343.3MIN,False,False,False,False,False,False,False,False,False,False,False,False
2026-04-30 11:18:19,2026-04-30 11:15:00,2026-04-30 11:15:00,ES,MEAN_REVERSION_MACRO,ROTATION_ILLIQUID,TrendUp,MID_MORNING_DISCOVERY,TRANSITION,TRANSITION,NONE,52,50,HMM_TRANSITION_OR_RETURN_TO_OPEN,UNCHANGED,0,0.0,0,POST_IB_AM,56.0,LONG,1.0,1.0,0.5925925925925926,20.0,3.0,0.0,0.9999017837249374,0.9998035674527784,0.0007246545181797,4,0.0,1.8774527124294336,-0.345679012345679,0.0071794871794871,1,1,0,7196.5,10.125,,,,False,FRESH,False,False,False,False,False,False,False,False,False,False,False,False
2026-04-30 11:26:19,2026-04-30 11:25:00,2026-04-30 11:20:00,ES,MEAN_REVERSION_MACRO,ROTATION_ILLIQUID,TrendUp,MID_MORNING_DISCOVERY,TRANSITION,TRANSITION,NONE,52,50,HMM_TRANSITION_OR_RETURN_TO_OPEN,UNCHANGED,0,0.0,0,POST_IB_AM,54.6,LONG,0.7894736842105263,0.9534883720930232,0.4026845637583892,30.0,4.0,0.0,0.999849953596275,0.9996999071911252,0.0010611949786917,5,0.0,1.9043222503449877,-0.4295302013422818,0.0078163165608207,1,1,0,7196.0,9.3125,,,,False,FRESH,False,False,False,False,False,False,False,False,False,False,False,False
2026-04-30 11:26:27,2026-04-30 11:25:00,2026-04-30 11:25:00,ES,MEAN_REVERSION_MACRO,ROTATION_ILLIQUID,TrendUp,MID_MORNING_DISCOVERY,TRANSITION,TRANSITION,NONE,52,50,HMM_TRANSITION_OR_RETURN_TO_OPEN,UNCHANGED,0,0.0,0,POST_IB_AM,54.6,LONG,0.7894736842105263,0.9534883720930232,0.4026845637583892,30.0,4.0,0.0,0.9998095453773248,0.999619090754631,0.0013142152422236,6,0.0,1.9043222503449877,-0.4295302013422818,0.0078163165608207,1,1,0,7196.0,9.3125,,,,False,FRESH,False,False,False,False,False,False,False,False,False,False,False,False
2026-04-30 11:35:49,2026-04-30 11:35:00,2026-04-30 11:30:00,ES,MEAN_REVERSION_MACRO,ROTATION_ILLIQUID,TrendUp,MID_MORNING_DISCOVERY,TRANSITION,TRANSITION,NONE,52,50,HMM_TRANSITION_OR_RETURN_TO_OPEN,UNCHANGED,0,0.133,0,POST_IB_AM,49.43,LONG,0.5555555555555556,0.8787878787878788,0.1443001443001443,40.0,5.0,0.0,0.9998007663461368,0.9996015326956896,0.0013683170250523,7,0.0,2.112189881394348,-0.2597402597402597,0.0041628122109158,1,1,0,7197.75,8.6625,,,,False,FRESH,False,False,False,False,False,False,False,False,False,False,False,False
2026-04-30 11:35:57,2026-04-30 11:35:00,2026-04-30 11:35:00,ES,MEAN_REVERSION_MACRO,ROTATION_ILLIQUID,TrendUp,MID_MORNING_DISCOVERY,TRANSITION,TRANSITION,NONE,52,50,HMM_TRANSITION_OR_RETURN_TO_OPEN,UNCHANGED,0,0.133,0,POST_IB_AM,49.43,LONG,0.5555555555555556,0.8787878787878788,0.1443001443001443,40.0,5.0,0.0,0.9999096931239464,0.9998193862495044,0.0006717673084141,8,0.0,2.112189881394348,-0.2597402597402597,0.0041628122109158,1,1,0,7197.75,8.6625,,,,False,FRESH,False,False,False,False,False,False,False,False,False,False,False,False
2026-04-30 11:38:56,2026-03-10 12:55:00,2026-03-10 12:55:00,ES,BRACKET_MACRO,TREND_COMPRESSION,TrendUp,LUNCH_AUCTION,TRANSITION,TRANSITION,NONE,50,100,MACRO_STALE_73363.9MIN,UNCHANGED,0,0.0,0,LUNCH,72.13,NONE,1.0,0.6551724137931034,1.4333333333333331,100.0,11.0,0.0,0.6503068826616539,0.3006137653225533,0.4668968422417628,9,0.8131868131868132,-1.3597330677646824,-4.833333333333333,0.0570416994492525,0,1,0,6789.0,7.5,,,,True,MACRO_STALE_73363.9MIN,False,False,False,False,False,False,False,False,False,False,False,False
2026-04-30 11:38:57,2026-04-30 11:35:00,2026-04-30 11:35:00,ES,MEAN_REVERSION_MACRO,ROTATION_ILLIQUID,TrendUp,MID_MORNING_DISCOVERY,TRANSITION,TRANSITION,NONE,52,50,HMM_TRANSITION_OR_RETURN_TO_OPEN,UNCHANGED,0,0.0,0,POST_IB_AM,49.05,LONG,0.5555555555555556,0.8787878787878788,0.1406469760900141,40.0,5.0,0.0,0.999788662758365,0.9995773255152006,0.0014424514896635,8,0.0,2.058716719840061,-0.2531645569620253,0.0041628122109158,1,1,0,7197.75,8.8875,,,,False,FRESH,False,False,False,False,False,False,False,False,False,False,False,False
2026-04-30 11:40:30,2026-03-10 12:55:00,2026-03-10 12:55:00,ES,BRACKET_MACRO,TREND_COMPRESSION,TrendUp,LUNCH_AUCTION,TRANSITION,TRANSITION,NONE,50,100,MACRO_STALE_73365.5MIN,UNCHANGED,0,0.0,0,LUNCH,72.13,NONE,1.0,0.6551724137931034,1.4333333333333331,100.0,11.0,0.0,0.6503068826616539,0.3006137653200089,0.4668968422418559,9,0.8131868131868132,-1.3597330677646824,-4.833333333333333,0.0570416994492525,0,1,0,6789.0,7.5,,,,True,MACRO_STALE_73365.5MIN,False,False,False,False,False,False,False,False,False,False,False,False
2026-04-30 11:40:31,2026-04-30 11:35:00,2026-04-30 11:35:00,ES,MEAN_REVERSION_MACRO,ROTATION_ILLIQUID,TrendUp,MID_MORNING_DISCOVERY,TRANSITION,TRANSITION,NONE,52,50,HMM_TRANSITION_OR_RETURN_TO_OPEN,UNCHANGED,0,0.0,0,POST_IB_AM,48.99,LONG,0.5555555555555556,0.8787878787878788,0.1400560224089636,40.0,5.0,0.0,0.99962283462126,0.9992456692454031,0.0024166754703914,8,0.0,2.050066649588632,-0.2521008403361344,0.0041628122109158,1,1,0,7197.75,8.925,,,,False,FRESH,False,False,False,False,False,False,False,False,False,False,False,False
2026-04-30 11:46:46,2026-04-30 11:45:00,2026-04-30 11:45:00,ES,BRACKET_MACRO,ROTATION_ILLIQUID,TrendUp,MID_MORNING_DISCOVERY,TRANSITION,TRANSITION,NONE,50,20,NO_CLEAR_STAGE_C_ALIGNMENT,UNCHANGED,0,0.0,0,POST_IB_AM,48.83,NONE,0.5,0.0212765957446808,-0.4347826086956521,50.0,6.0,0.0,0.9954592489800118,0.9909184979583974,0.0209380113383816,10,0.0,1.5455661858606435,-0.9316770186335402,0.0132042253521126,0,1,0,7192.5,8.05,,,,False,FRESH,False,False,False,False,False,False,False,False,False,False,False,False
2026-04-30 11:54:34,2026-03-10 12:55:00,2026-03-10 12:55:00,ES,BRACKET_MACRO,TREND_COMPRESSION,TrendUp,LUNCH_AUCTION,TRANSITION,TRANSITION,NONE,50,100,MACRO_STALE_73379.6MIN,UNCHANGED,0,0.0,0,LUNCH,72.13,NONE,1.0,0.6551724137931034,1.4333333333333331,100.0,11.0,0.0,0.6503068826616539,0.3006137653200089,0.4668968422418559,9,0.8131868131868132,-1.3597330677646824,-4.833333333333333,0.0570416994492525,0,1,0,6789.0,7.5,,,,True,MACRO_STALE_73379.6MIN,False,False,False,False,False,False,False,False,False,False,False,False
2026-04-30 11:54:35,2026-04-30 11:45:00,2026-04-30 11:45:00,ES,BRACKET_MACRO,ROTATION_ILLIQUID,TrendUp,MID_MORNING_DISCOVERY,TRANSITION,TRANSITION,NONE,50,20,NO_CLEAR_STAGE_C_ALIGNMENT,UNCHANGED,0,0.0,0,POST_IB_AM,48.77,NONE,0.5,0.0212765957446808,-0.4314329738058551,50.0,6.0,0.0,0.999516975529603,0.9990339510563476,0.0030087504209569,10,0.0,1.53365889629315,-0.9244992295839752,0.0132042253521126,0,1,0,7192.5,8.1125,,,,False,FRESH,False,False,False,False,False,False,False,False,False,False,False,False
2026-04-30 11:56:07,2026-04-30 11:55:00,2026-04-30 11:50:00,ES,MEAN_REVERSION_MACRO,ROTATION_ILLIQUID,TrendUp,MID_MORNING_DISCOVERY,TRANSITION,TRANSITION,NONE,52,50,HMM_TRANSITION_OR_RETURN_TO_OPEN,UNCHANGED,0,0.0,0,POST_IB_AM,26.68,LONG,0.2222222222222222,0.2698412698412698,0.4152249134948097,60.0,7.0,0.0,0.995226978009158,0.9904539560188238,0.021836880706783,11,0.0,2.790614704657333,0.1038062283737024,0.0012515644555694,1,1,0,7200.75,7.225,,,,False,FRESH,False,False,False,False,False,False,False,False,False,False,False,False
2026-04-30 11:56:15,2026-04-30 11:55:00,2026-04-30 11:55:00,ES,MEAN_REVERSION_MACRO,ROTATION_ILLIQUID,TrendUp,MID_MORNING_DISCOVERY,TRANSITION,TRANSITION,NONE,52,50,HMM_TRANSITION_OR_RETURN_TO_OPEN,UNCHANGED,0,0.0,0,POST_IB_AM,26.68,LONG,0.2222222222222222,0.2698412698412698,0.4152249134948097,60.0,7.0,0.0,0.9993700908333396,0.998740181668624,0.0038030164711598,12,0.0,2.790614704657333,0.1038062283737024,0.0012515644555694,1,1,0,7200.75,7.225,,,,False,FRESH,False,False,False,False,False,False,False,False,False,False,False,False
2026-04-30 12:06:59,2026-04-30 12:05:00,2026-04-30 12:05:00,ES,MEAN_REVERSION_MACRO,ROTATION_ILLIQUID,TrendUp,LUNCH_AUCTION,TRANSITION,TRANSITION,NONE,55,75,HIGH_CONFLICT_STAGE_A_B_OR_PRICE_ACTION,UNCHANGED,0,0.84,0,LUNCH,32.42,LONG,0.6097560975609756,0.1594202898550724,0.8960573476702509,70.0,8.0,0.0,0.9995653097408328,0.9991306194826556,0.0027407451276355,14,0.0,2.4975359851479983,-0.1792114695340501,0.0019984012789768,1,1,0,7198.75,6.975,,,,False,FRESH,False,False,False,False,False,False,False,False,False,False,False,False
2026-04-30 12:16:16,2026-04-30 12:15:00,2026-04-30 12:10:00,ES,MEAN_REVERSION_MACRO,ROTATION_ILLIQUID,TrendUp,LUNCH_AUCTION,TRANSITION,TRANSITION,NONE,55,55,HIGH_CONFLICT_STAGE_A_B_OR_PRICE_ACTION,UNCHANGED,0,0.869,0,LUNCH,35.31,LONG,0.6,0.3829787234042553,0.9195402298850576,80.0,9.0,0.0,0.9988361229651868,0.9976722459292058,0.006511135957909,15,0.1314285714285714,3.796638837900141,1.0344827586206895,0.0104367993815229,1,1,0,7206.75,6.525,,,,False,FRESH,False,False,False,False,False,False,False,False,False,False,False,False
2026-04-30 12:16:24,2026-04-30 12:15:00,2026-04-30 12:15:00,ES,MEAN_REVERSION_MACRO,ROTATION_ILLIQUID,TrendUp,LUNCH_AUCTION,TRANSITION,TRANSITION,NONE,55,55,HIGH_CONFLICT_STAGE_A_B_OR_PRICE_ACTION,UNCHANGED,0,0.869,0,LUNCH,35.31,LONG,0.6,0.3829787234042553,0.9195402298850576,80.0,9.0,0.0,0.999515145064611,0.999030290132618,0.003018829102963,16,0.1314285714285714,3.796638837900141,1.0344827586206895,0.0104367993815229,1,1,0,7206.75,6.525,,,,False,FRESH,False,False,False,False,False,False,False,False,False,False,False,False
2026-04-30 12:25:29,2026-04-27 10:55:00,2026-04-27 10:55:00,ES,BRACKET_MACRO,ROTATION_ILLIQUID,TrendUp,POST_IB_MACRO,TRANSITION,TRANSITION,NONE,50,100,MACRO_STALE_4410.5MIN,UNCHANGED,0,0.0,0,POST_IB_AM,0.0,NONE,0.0,0.0,0.0,0.0,0.0,0.0,0.999953306788162,0.9999066135788574,0.0003695554866275,11,0.0,-0.1859540506642848,0.5,0.0032377428307123,0,1,0,7190.0,7.0,,,,True,MACRO_STALE_4410.5MIN,False,False,False,False,False,False,False,False,False,False,False,False
2026-04-30 12:25:30,2026-04-30 12:15:00,2026-04-30 12:15:00,ES,MEAN_REVERSION_MACRO,ROTATION_ILLIQUID,TrendUp,LUNCH_AUCTION,TREND_COMPRESSION,TREND_COMPRESSION,LONG,66,45,MICRO_TREND_INSIDE_MACRO_STRUCTURE,LOCKED_IMMEDIATE,0,0.0,0,LUNCH,35.31,LONG,0.6,0.3829787234042553,0.897196261682243,80.0,9.0,0.0,0.999761747803274,0.9995234956031144,0.0016055513172364,16,0.1314285714285714,3.704384062399764,1.0093457943925233,0.0104367993815229,1,1,0,7206.75,6.6875,,,,False,FRESH,False,False,True,False,False,False,True,False,True,False,False,False
2026-04-30 12:27:01,2026-04-30 12:25:00,2026-04-30 12:25:00,ES,MEAN_REVERSION_MACRO,ROTATION_ILLIQUID,TrendUp,LUNCH_AUCTION,TRANSITION,TRANSITION,NONE,52,45,HMM_TRANSITION_OR_RETURN_TO_OPEN,LOCKED_IMMEDIATE,0,0.0,0,LUNCH,30.78,LONG,0.3617021276595745,0.4772727272727273,0.718816067653277,90.0,10.0,0.0,0.999226784507976,0.9984535690125852,0.004553844527246,18,0.0457142857142857,3.4500390160088314,0.5073995771670191,0.0044994375703037,1,1,0,7203.0,5.9125,,,,False,FRESH,False,False,False,False,False,False,False,False,False,False,False,False
2026-04-30 12:30:04,2026-01-26 15:35:00,2026-01-26 15:35:00,ES,BRACKET_MACRO,TREND_EXPANSION,TrendUp,LATE_DAY_CONVICTION,TRANSITION,TRANSITION,NONE,50,100,MACRO_STALE_135175.1MIN,UNCHANGED,0,0.0,0,POWER_HOUR,64.31,LONG,0.2075471698113207,0.2533333333333333,0.4731182795698925,320.0,35.0,100.0,0.8247500620800546,0.64950012415964,0.3347873219906327,2,1.6888888888888889,2.6825523441047183,6.580645161290323,0.06288532675709,0,1,1,6982.25,5.8125,,,,True,MACRO_STALE_135175.1MIN,False,False,False,False,False,False,False,False,False,False,False,False
2026-04-30 12:30:06,2026-04-30 12:25:00,2026-04-30 12:25:00,ES,MEAN_REVERSION_MACRO,ROTATION_ILLIQUID,TrendUp,LUNCH_AUCTION,TRANSITION,TRANSITION,NONE,52,45,HMM_TRANSITION_OR_RETURN_TO_OPEN,UNCHANGED,0,0.0,0,LUNCH,30.78,LONG,0.3617021276595745,0.4772727272727273,0.7142857142857143,90.0,10.0,0.0,0.9996408064784892,0.9992816129605768,0.0023141737404714,18,0.0457142857142857,3.428295072630624,0.5042016806722689,0.0044994375703037,1,1,0,7203.0,5.95,,,,False,FRESH,False,False,False,False,False,False,False,False,False,False,False,False
2026-04-30 12:33:08,2026-03-10 12:55:00,2026-03-10 12:55:00,ES,BRACKET_MACRO,TREND_COMPRESSION,TrendUp,LUNCH_AUCTION,TRANSITION,TRANSITION,NONE,50,100,MACRO_STALE_73418.1MIN,UNCHANGED,0,0.0,0,LUNCH,72.13,NONE,1.0,0.6551724137931034,1.4333333333333331,100.0,11.0,0.0,0.6503068826616539,0.3006137653225533,0.4668968422417628,9,0.8131868131868132,-1.3597330677646824,-4.833333333333333,0.0570416994492525,0,1,0,6789.0,7.5,,,,True,MACRO_STALE_73418.1MIN,False,False,False,False,False,False,False,False,False,False,False,False
2026-04-30 12:33:09,2026-04-30 12:25:00,2026-04-30 12:25:00,ES,MEAN_REVERSION_MACRO,ROTATION_ILLIQUID,TrendUp,LUNCH_AUCTION,TRANSITION,TRANSITION,NONE,52,45,HMM_TRANSITION_OR_RETURN_TO_OPEN,UNCHANGED,0,0.0,0,LUNCH,30.78,LONG,0.3617021276595745,0.4772727272727273,0.7142857142857143,90.0,10.0,0.0,0.9999610050181084,0.9999220100338684,0.0003136955159255,18,0.0457142857142857,3.428295072630624,0.5042016806722689,0.0044994375703037,1,1,0,7203.0,5.95,,,,False,FRESH,False,False,False,False,False,False,False,False,False,False,False,False
2026-04-30 12:36:13,2026-04-30 12:35:00,2026-04-30 12:30:00,ES,MEAN_REVERSION_MACRO,ROTATION_ILLIQUID,TrendUp,LUNCH_AUCTION,TRANSITION,TRANSITION,NONE,52,45,HMM_TRANSITION_OR_RETURN_TO_OPEN,UNCHANGED,0,0.0,0,LUNCH,25.38,NONE,0.5,0.2333333333333333,-0.4618937644341802,100.0,11.0,0.0,0.9998340715916872,0.9996681431801276,0.0011614762114944,19,0.0742857142857142,3.913098247123248,0.7852193995381063,0.0062066447608616,1,1,0,7204.25,5.4125,,,,False,FRESH,False,False,False,False,False,False,False,False,False,False,False,False
2026-04-30 12:36:21,2026-04-30 12:35:00,2026-04-30 12:35:00,ES,MEAN_REVERSION_MACRO,ROTATION_ILLIQUID,TrendUp,LUNCH_AUCTION,TRANSITION,TRANSITION,NONE,52,45,HMM_TRANSITION_OR_RETURN_TO_OPEN,UNCHANGED,0,0.0,0,LUNCH,25.38,NONE,0.5,0.2333333333333333,-0.4618937644341802,100.0,11.0,0.0,0.9996771488394768,0.999354297682133,0.0021048774072256,20,0.0742857142857142,3.913098247123248,0.7852193995381063,0.0062066447608616,1,1,0,7204.25,5.4125,,,,False,FRESH,False,False,False,False,False,False,False,False,False,False,False,False
2026-04-30 12:42:20,2026-03-16 14:45:00,2026-03-16 14:45:00,ES,BRACKET_MACRO,ROTATION_LIQUID,TrendDown,AFTERNOON_TREND_TEST,TRANSITION,TRANSITION,NONE,50,100,MACRO_STALE_64677.3MIN,UNCHANGED,0,0.0,0,PM,55.57,SHORT,1.0,0.5862068965517241,-3.2258064516129035,0.0,1.0,49.03,0.999344662651496,0.998689325302567,0.0039378227917822,4,0.6415094339622641,-0.9557122734631356,3.59046283309958,0.0340788072417465,0,1,-1,6745.75,8.9125,,,,True,MACRO_STALE_64677.3MIN,False,False,False,False,False,False,False,False,False,False,False,False
2026-04-30 12:42:21,2026-04-30 12:35:00,2026-04-30 12:35:00,ES,MEAN_REVERSION_MACRO,ROTATION_ILLIQUID,TrendUp,LUNCH_AUCTION,TRANSITION,TRANSITION,NONE,52,45,HMM_TRANSITION_OR_RETURN_TO_OPEN,UNCHANGED,0,0.0,0,LUNCH,25.25,NONE,0.5,0.2333333333333333,-0.4566210045662101,100.0,11.0,0.0,0.9999641122231564,0.9999282244473652,0.0002908491979933,20,0.0742857142857142,3.868428175809055,0.7762557077625571,0.0062066447608616,1,1,0,7204.25,5.475,,,,False,FRESH,False,False,False,False,False,False,False,False,False,False,False,False
2026-04-30 12:46:57,2026-04-30 12:45:00,2026-04-30 12:45:00,ES,MEAN_REVERSION_MACRO,ROTATION_ILLIQUID,TrendUp,LUNCH_AUCTION,TRANSITION,TRANSITION,NONE,55,65,HIGH_CONFLICT_STAGE_A_B_OR_PRICE_ACTION,UNCHANGED,0,0.0,0,LUNCH,18.99,NONE,0.4444444444444444,0.1384615384615384,-0.3782505910165485,110.0,12.0,0.0,0.9994257150871376,0.9988514301743814,0.003505500122752,22,0.0,3.3156961223355363,0.1891252955082742,0.0014189428875487,1,1,0,7201.0,5.2875,,,,False,FRESH,False,False,False,False,False,False,False,False,False,False,False,False
2026-04-30 12:50:02,2026-02-06 10:25:00,2026-02-06 10:25:00,ES,BRACKET_MACRO,ROTATION_ILLIQUID,TrendUp,NEAR_IB_CONDITION,TRANSITION,TRANSITION,NONE,50,100,MACRO_STALE_119665.0MIN,UNCHANGED,0,0.0,0,EARLY_AM,48.69,SHORT,0.6,0.0714285714285714,-0.3130434782608695,25.0,6.0,0.0,0.9999792647980666,0.9999585295972688,0.0001762516806847,9,0.0,-1.1193569814907791,-0.0521739130434782,0.0018975332068311,0,1,0,6838.25,4.791666666666667,,,,True,MACRO_STALE_119665.0MIN,False,False,False,False,False,False,False,False,False,False,False,False
2026-04-30 12:50:03,2026-04-30 12:45:00,2026-04-30 12:45:00,ES,MEAN_REVERSION_MACRO,ROTATION_ILLIQUID,TrendUp,LUNCH_AUCTION,TRANSITION,TRANSITION,NONE,55,65,HIGH_CONFLICT_STAGE_A_B_OR_PRICE_ACTION,UNCHANGED,0,0.0,0,LUNCH,18.99,NONE,0.4444444444444444,0.1384615384615384,-0.3782505910165485,110.0,12.0,0.0,0.9985820837705534,0.9971641675379976,0.0077302550738096,22,0.0,3.3156961223355363,0.1891252955082742,0.0014189428875487,1,1,0,7201.0,5.2875,,,,False,FRESH,False,False,False,False,False,False,False,False,False,False,False,False
2026-04-30 12:56:29,2026-04-30 12:55:00,2026-04-30 12:50:00,ES,MEAN_REVERSION_MACRO,ROTATION_ILLIQUID,TrendUp,LUNCH_AUCTION,TRANSITION,TRANSITION,NONE,55,65,HIGH_CONFLICT_STAGE_A_B_OR_PRICE_ACTION,UNCHANGED,0,0.0,0,LUNCH,46.0,NONE,1.0,0.7916666666666666,-1.355932203389831,120.0,13.0,0.0,0.998439842403542,0.9968796848039628,0.0083980643413271,23,0.0,2.5868965792377017,-0.5326876513317191,0.0037697052775873,1,1,0,7197.25,5.1625,,,,False,FRESH,False,False,False,False,False,False,False,False,False,False,False,False
2026-04-30 12:56:38,2026-04-30 12:55:00,2026-04-30 12:55:00,ES,MEAN_REVERSION_MACRO,ROTATION_ILLIQUID,TrendUp,LUNCH_AUCTION,TRANSITION,TRANSITION,NONE,55,65,HIGH_CONFLICT_STAGE_A_B_OR_PRICE_ACTION,UNCHANGED,0,0.0,0,LUNCH,46.0,NONE,1.0,0.7916666666666666,-1.355932203389831,120.0,13.0,0.0,0.9989774373932084,0.9979548747851512,0.0058161071996716,24,0.0,2.5868965792377017,-0.5326876513317191,0.0037697052775873,1,1,0,7197.25,5.1625,,,,False,FRESH,False,False,False,False,False,False,False,False,False,False,False,False
2026-04-30 13:06:12,2026-04-30 13:05:00,2026-04-30 13:00:00,ES,MEAN_REVERSION_MACRO,ROTATION_ILLIQUID,TrendDown,POST_LUNCH_ROTATION,TRANSITION,TRANSITION,NONE,55,65,HIGH_CONFLICT_STAGE_A_B_OR_PRICE_ACTION,UNCHANGED,0,0.428,1,LUNCH,13.03,LONG,0.2307692307692307,0.0175438596491228,0.4215456674473067,130.0,14.0,0.0,0.815658485787237,0.631316971571101,0.3447415565074034,1,0.0514285714285714,3.5273151141824477,0.6088992974238876,0.0042890135268888,1,1,0,7203.25,5.3375,,,,False,FRESH,False,False,False,False,False,False,False,False,False,False,False,False
2026-04-30 13:06:22,2026-04-30 13:05:00,2026-04-30 13:05:00,ES,MEAN_REVERSION_MACRO,ROTATION_ILLIQUID,TrendUp,POST_LUNCH_ROTATION,TRANSITION,TRANSITION,NONE,52,45,HMM_TRANSITION_OR_RETURN_TO_OPEN,UNCHANGED,0,0.428,2,LUNCH,13.03,LONG,0.2307692307692307,0.0175438596491228,0.4215456674473067,130.0,14.0,0.0,0.97639768112116,0.952795362239178,0.0806073663661945,26,0.0514285714285714,3.5273151141824477,0.6088992974238876,0.0042890135268888,1,1,0,7203.25,5.3375,,,,False,FRESH,False,False,False,False,False,False,False,False,False,False,False,False
2026-04-30 13:12:41,2026-04-27 10:55:00,2026-04-27 10:55:00,ES,BRACKET_MACRO,ROTATION_ILLIQUID,TrendUp,POST_IB_MACRO,TRANSITION,TRANSITION,NONE,50,100,MACRO_STALE_4457.7MIN,UNCHANGED,0,0.0,0,POST_IB_AM,0.0,NONE,0.0,0.0,0.0,0.0,0.0,0.0,0.999953306788162,0.9999066135788574,0.0003695554866275,11,0.0,-0.1859540506642848,0.5,0.0032377428307123,0,1,0,7190.0,7.0,,,,True,MACRO_STALE_4457.7MIN,False,False,False,False,False,False,False,False,False,False,False,False
2026-04-30 13:12:42,2026-04-30 13:05:00,2026-04-30 13:05:00,ES,MEAN_REVERSION_MACRO,ROTATION_ILLIQUID,TrendUp,POST_LUNCH_ROTATION,TRANSITION,TRANSITION,NONE,52,45,HMM_TRANSITION_OR_RETURN_TO_OPEN,UNCHANGED,0,0.0,0,LUNCH,12.87,LONG,0.2307692307692307,0.0175438596491228,0.4128440366972477,130.0,14.0,0.0,0.9921832698906448,0.9843665397825292,0.0329719867859679,26,0.0514285714285714,3.4545035636603325,0.5963302752293578,0.0042890135268888,1,1,0,7203.25,5.45,,,,False,FRESH,False,False,False,False,False,False,False,False,False,False,False,False
2026-04-30 13:15:55,2026-04-30 13:15:00,2026-04-30 13:10:00,ES,BRACKET_MACRO,ROTATION_ILLIQUID,TrendUp,POST_LUNCH_ROTATION,TREND_COMPRESSION,TREND_COMPRESSION,LONG,66,15,MICRO_TREND_INSIDE_MACRO_STRUCTURE,LOCKED_IMMEDIATE,0,0.0,0,LUNCH,65.83,LONG,1.0,0.2533333333333333,2.315270935960591,140.0,15.0,0.0,0.9365684844058714,0.8731369688090319,0.1704593813946115,27,0.1828571428571428,4.748858129967656,1.773399014778325,0.0115755627009646,0,1,0,7209.0,5.075,,,,False,FRESH,False,False,True,False,False,False,True,False,True,False,False,False
2026-04-30 13:16:04,2026-04-30 13:15:00,2026-04-30 13:15:00,ES,BRACKET_MACRO,ROTATION_ILLIQUID,TrendUp,POST_LUNCH_ROTATION,TREND_COMPRESSION,TREND_COMPRESSION,LONG,66,15,MICRO_TREND_INSIDE_MACRO_STRUCTURE,UNCHANGED,0,0.0,0,LUNCH,65.83,LONG,1.0,0.2533333333333333,2.315270935960591,140.0,15.0,0.0,0.9980828808555654,0.996165761712165,0.0100343506846795,28,0.1828571428571428,4.748858129967656,1.773399014778325,0.0115755627009646,0,1,0,7209.0,5.075,,,,False,FRESH,False,False,True,False,False,False,True,False,True,False,False,False
2026-04-30 13:22:22,2026-03-10 12:55:00,2026-03-10 12:55:00,ES,BRACKET_MACRO,TREND_COMPRESSION,TrendUp,LUNCH_AUCTION,TRANSITION,TRANSITION,NONE,50,100,MACRO_STALE_73467.4MIN,UNCHANGED,0,0.0,0,LUNCH,72.13,NONE,1.0,0.6551724137931034,1.4333333333333331,100.0,11.0,0.0,0.6503068826616539,0.3006137653200089,0.4668968422418559,9,0.8131868131868132,-1.3597330677646824,-4.833333333333333,0.0570416994492525,0,1,0,6789.0,7.5,,,,True,MACRO_STALE_73467.4MIN,False,False,False,False,False,False,False,False,False,False,False,False
2026-04-30 13:22:23,2026-04-30 13:15:00,2026-04-30 13:15:00,ES,BRACKET_MACRO,ROTATION_ILLIQUID,TrendUp,POST_LUNCH_ROTATION,TREND_COMPRESSION,TREND_COMPRESSION,LONG,66,15,MICRO_TREND_INSIDE_MACRO_STRUCTURE,LOCKED_IMMEDIATE,0,0.0,0,LUNCH,65.83,LONG,1.0,0.2533333333333333,2.248803827751196,140.0,15.0,0.0,0.999590747268049,0.9991814945334936,0.0025981655611496,28,0.1828571428571428,4.612527274561887,1.722488038277512,0.0115755627009646,0,1,0,7209.0,5.225,,,,False,FRESH,False,False,True,False,False,False,True,False,True,False,False,False
2026-04-30 13:25:37,2026-04-30 13:25:00,2026-04-30 13:20:00,ES,BRACKET_MACRO,ROTATION_ILLIQUID,TrendUp,POST_LUNCH_ROTATION,TREND_COMPRESSION,TREND_COMPRESSION,LONG,66,15,MICRO_TREND_INSIDE_MACRO_STRUCTURE,UNCHANGED,0,0.0,0,LUNCH,66.17,LONG,1.0,0.5588235294117647,1.4180929095354524,150.0,16.0,0.0,0.999832310252514,0.9996646205014889,0.0011725279828523,29,0.2171428571428571,4.914321603108427,2.053789731051345,0.0131702728127939,0,1,0,7210.5,5.1125,,,,False,FRESH,False,False,True,False,False,False,True,False,True,False,False,False
2026-04-30 13:25:45,2026-04-30 13:25:00,2026-04-30 13:25:00,ES,BRACKET_MACRO,ROTATION_ILLIQUID,TrendUp,POST_LUNCH_ROTATION,TREND_COMPRESSION,TREND_COMPRESSION,LONG,66,15,MICRO_TREND_INSIDE_MACRO_STRUCTURE,UNCHANGED,0,0.0,0,LUNCH,66.17,LONG,1.0,0.5588235294117647,1.4180929095354524,150.0,16.0,0.0,0.99978999792084,0.9995799958424084,0.0014342986895294,30,0.2171428571428571,4.914321603108427,2.053789731051345,0.0131702728127939,0,1,0,7210.5,5.1125,,,,False,FRESH,False,False,True,False,False,False,True,False,True,False,False,False
2026-04-30 13:27:14,2026-04-27 10:55:00,2026-04-27 10:55:00,ES,BRACKET_MACRO,ROTATION_ILLIQUID,TrendUp,POST_IB_MACRO,TRANSITION,TRANSITION,NONE,50,100,MACRO_STALE_4472.2MIN,UNCHANGED,0,0.0,0,POST_IB_AM,0.0,NONE,0.0,0.0,0.0,0.0,0.0,0.0,0.999953306788162,0.9999066135788574,0.0003695554866275,11,0.0,-0.1859540506642848,0.5,0.0032377428307123,0,1,0,7190.0,7.0,,,,True,MACRO_STALE_4472.2MIN,False,False,False,False,False,False,False,False,False,False,False,False
2026-04-30 13:27:16,2026-04-30 13:25:00,2026-04-30 13:25:00,ES,BRACKET_MACRO,ROTATION_ILLIQUID,TrendUp,POST_LUNCH_ROTATION,TREND_COMPRESSION,TREND_COMPRESSION,LONG,66,15,MICRO_TREND_INSIDE_MACRO_STRUCTURE,LOCKED_IMMEDIATE,0,0.0,0,LUNCH,66.17,LONG,1.0,0.5588235294117647,1.4180929095354524,150.0,16.0,0.0,0.99978999792084,0.9995799958424084,0.0014342986895294,30,0.2171428571428571,4.914321603108427,2.053789731051345,0.0131702728127939,0,1,0,7210.5,5.1125,,,,False,FRESH,False,False,True,False,False,False,True,False,True,False,False,False
2026-04-30 13:30:27,2026-03-10 12:55:00,2026-03-10 12:55:00,ES,BRACKET_MACRO,TREND_COMPRESSION,TrendUp,LUNCH_AUCTION,TRANSITION,TRANSITION,NONE,50,100,MACRO_STALE_73475.4MIN,UNCHANGED,0,0.0,0,LUNCH,72.13,NONE,1.0,0.6551724137931034,1.4333333333333331,100.0,11.0,0.0,0.6503068826616539,0.3006137653200089,0.4668968422418559,9,0.8131868131868132,-1.3597330677646824,-4.833333333333333,0.0570416994492525,0,1,0,6789.0,7.5,,,,True,MACRO_STALE_73475.4MIN,False,False,False,False,False,False,False,False,False,False,False,False
2026-04-30 13:30:28,2026-04-30 13:25:00,2026-04-30 13:25:00,ES,BRACKET_MACRO,ROTATION_ILLIQUID,TrendUp,POST_LUNCH_ROTATION,TREND_COMPRESSION,TREND_COMPRESSION,LONG,66,15,MICRO_TREND_INSIDE_MACRO_STRUCTURE,LOCKED_IMMEDIATE,0,0.0,0,LUNCH,66.17,LONG,1.0,0.5588235294117647,1.4180929095354524,150.0,16.0,0.0,0.9998537704928936,0.999707540986377,0.0010369183650717,30,0.2171428571428571,4.914321603108427,2.053789731051345,0.0131702728127939,0,1,0,7210.5,5.1125,,,,False,FRESH,False,False,True,False,False,False,True,False,True,False,False,False
2026-04-30 13:37:00,2026-04-30 13:35:00,2026-04-30 13:35:00,ES,BRACKET_MACRO,ROTATION_ILLIQUID,TrendUp,POST_LUNCH_ROTATION,TREND_COMPRESSION,TREND_COMPRESSION,LONG,66,0,MICRO_TREND_INSIDE_MACRO_STRUCTURE,UNCHANGED,0,0.0,0,PM,77.43,LONG,1.0,1.0,1.3270142180094786,160.0,17.0,67.14,0.8853011517919659,0.770602303583979,0.2569642028570478,1,0.3428571428571428,5.604241335200141,3.0331753554502368,0.0193178388167823,0,1,0,7216.0,5.275,,,,False,FRESH,False,False,True,False,False,False,True,False,True,False,False,False
2026-04-30 13:38:35,2026-03-23 09:45:00,2026-03-23 09:45:00,ES,BALANCE_STRUCTURE,ROTATION_ILLIQUID,TrendUp,FIRST_ACCEPTANCE,TRANSITION,TRANSITION,NONE,50,100,MACRO_STALE_54953.6MIN,UNCHANGED,0,0.0,0,EARLY_AM,0.0,SHORT,0.0,0.0,0.0,0.0,0.0,0.0,0.9535359022182496,0.907071804434198,0.1355912178824968,1,0.0,-0.0603192588780931,-1.588235294117647,0.2454545454545454,0,1,0,6505.0,8.5,,,,True,MACRO_STALE_54953.6MIN,False,False,False,False,False,False,False,False,False,False,False,False
2026-04-30 13:38:37,2026-04-30 13:35:00,2026-04-30 13:35:00,ES,BRACKET_MACRO,ROTATION_ILLIQUID,TrendUp,POST_LUNCH_ROTATION,TREND_COMPRESSION,TREND_COMPRESSION,LONG,66,0,MICRO_TREND_INSIDE_MACRO_STRUCTURE,LOCKED_IMMEDIATE,0,0.0,0,PM,77.43,LONG,1.0,1.0,1.3270142180094786,160.0,17.0,67.14,0.8575729635329239,0.7151459270677034,0.2952799394957354,1,0.3428571428571428,5.604241335200141,3.0331753554502368,0.0193178388167823,0,1,0,7216.0,5.275,,,,False,FRESH,False,False,True,False,False,False,True,False,True,False,False,False
2026-04-30 13:46:43,2026-04-30 13:45:00,2026-04-30 13:45:00,ES,BRACKET_MACRO,ROTATION_ILLIQUID,TrendUp,POST_LUNCH_ROTATION,TREND_COMPRESSION,TREND_COMPRESSION,LONG,66,0,MICRO_TREND_INSIDE_MACRO_STRUCTURE,UNCHANGED,0,0.0,0,PM,77.94,LONG,1.0,1.0,1.5617128463476069,170.0,18.0,69.71,0.9992415586001444,0.9984831172005456,0.0044773914782286,3,0.3942857142857143,6.303165452460069,3.677581863979849,0.0215466351829988,0,1,0,7218.25,4.9625,,,,False,FRESH,False,False,True,False,False,False,True,False,True,False,False,False
2026-04-30 13:56:27,2026-04-30 13:55:00,2026-04-30 13:50:00,ES,BRACKET_MACRO,ROTATION_ILLIQUID,TrendUp,POST_LUNCH_ROTATION,TREND_COMPRESSION,TREND_COMPRESSION,LONG,66,10,MICRO_TREND_INSIDE_MACRO_STRUCTURE,UNCHANGED,0,0.962,0,PM,78.51,LONG,1.0,1.0,1.0382513661202186,180.0,19.0,72.57,0.9994715021588504,0.9989430043153014,0.0032576946718601,4,0.4514285714285714,7.222620216998621,4.53551912568306,0.0240092565808504,0,1,0,7220.75,4.575,,,,False,FRESH,False,False,True,False,False,False,True,False,True,False,False,False
2026-04-30 13:56:36,2026-04-30 13:55:00,2026-04-30 13:55:00,ES,BRACKET_MACRO,ROTATION_ILLIQUID,TrendUp,POST_LUNCH_ROTATION,TREND_COMPRESSION,TREND_COMPRESSION,LONG,66,10,MICRO_TREND_INSIDE_MACRO_STRUCTURE,UNCHANGED,0,0.962,0,PM,78.51,LONG,1.0,1.0,1.0382513661202186,180.0,19.0,72.57,0.996500894820889,0.9930017896423008,0.0167938963009415,5,0.4514285714285714,7.222620216998621,4.53551912568306,0.0240092565808504,0,1,0,7220.75,4.575,,,,False,FRESH,False,False,True,False,False,False,True,False,True,False,False,False
2026-04-30 14:01:21,2026-03-10 12:55:00,2026-03-10 12:55:00,ES,BRACKET_MACRO,TREND_COMPRESSION,TrendUp,LUNCH_AUCTION,TRANSITION,TRANSITION,NONE,50,100,MACRO_STALE_73506.4MIN,UNCHANGED,0,0.0,0,LUNCH,72.13,NONE,1.0,0.6551724137931034,1.4333333333333331,100.0,11.0,0.0,0.6503068826616539,0.3006137653225533,0.4668968422417628,9,0.8131868131868132,-1.3597330677646824,-4.833333333333333,0.0570416994492525,0,1,0,6789.0,7.5,,,,True,MACRO_STALE_73506.4MIN,False,False,False,False,False,False,False,False,False,False,False,False
2026-04-30 14:01:23,2026-04-30 13:55:00,2026-04-30 13:55:00,ES,BRACKET_MACRO,ROTATION_ILLIQUID,TrendUp,POST_LUNCH_ROTATION,TREND_COMPRESSION,TREND_COMPRESSION,LONG,66,0,MICRO_TREND_INSIDE_MACRO_STRUCTURE,LOCKED_IMMEDIATE,0,0.0,0,PM,78.51,LONG,1.0,1.0,0.9973753280839894,180.0,19.0,72.57,0.9995550695672608,0.9991101391342672,0.0027978352726894,5,0.4514285714285714,6.938265090345132,4.356955380577428,0.0240092565808504,0,1,0,7220.75,4.7625,,,,False,FRESH,False,False,True,False,False,False,True,False,True,False,False,False
2026-04-30 14:06:17,2026-04-30 14:05:00,2026-04-30 14:00:00,ES,BRACKET_MACRO,ROTATION_LIQUID,TrendDown,AFTERNOON_TREND_TEST,ROTATION_LIQUID,ROTATION_LIQUID,BOTH,64,30,BALANCED_TRADEABLE_RANGE,LOCKED_IMMEDIATE,0,0.0,1,PM,81.03,LONG,1.0,1.0,2.720403022670025,190.0,20.0,85.14,0.818804705591859,0.6376094111860519,0.3413424668092439,1,0.7028571428571428,8.572504567836992,6.397984886649874,0.0357847280924204,0,1,0,7231.75,4.9625,,,,False,FRESH,False,False,True,False,True,False,False,True,True,True,False,False
2026-04-30 14:06:26,2026-04-30 14:05:00,2026-04-30 14:05:00,ES,BRACKET_MACRO,ROTATION_LIQUID,TrendDown,AFTERNOON_TREND_TEST,ROTATION_LIQUID,ROTATION_LIQUID,BOTH,64,30,BALANCED_TRADEABLE_RANGE,UNCHANGED,0,0.0,1,PM,81.03,LONG,1.0,1.0,2.720403022670025,190.0,20.0,85.14,0.5868141466973436,0.17362829339807,0.4890715445563717,2,0.7028571428571428,8.572504567836992,6.397984886649874,0.0357847280924204,0,1,0,7231.75,4.9625,,,,False,FRESH,False,False,True,False,True,False,False,True,True,True,False,False
2026-04-30 14:16:07,2026-04-30 14:15:00,2026-04-30 14:10:00,ES,BRACKET_MACRO,ROTATION_LIQUID,TrendUp,AFTERNOON_TREND_TEST,TREND_COMPRESSION,TREND_COMPRESSION,LONG,66,20,MICRO_TREND_INSIDE_MACRO_STRUCTURE,LOCKED_IMMEDIATE,0,2.196,2,PM,80.03,LONG,0.9555555555555556,0.96875,2.1662468513853903,200.0,21.0,84.86,0.9972404134055456,0.9944808268101796,0.013717952861958,8,0.6971428571428572,8.385051029032155,6.347607052896725,0.0350291909924937,0,1,0,7231.5,4.9625,,,,False,FRESH,True,False,True,False,False,False,True,False,True,False,True,False
2026-04-30 14:16:17,2026-04-30 14:15:00,2026-04-30 14:15:00,ES,BRACKET_MACRO,ROTATION_LIQUID,TrendUp,AFTERNOON_TREND_TEST,TREND_COMPRESSION,TREND_COMPRESSION,LONG,66,20,MICRO_TREND_INSIDE_MACRO_STRUCTURE,UNCHANGED,0,2.196,2,PM,80.03,LONG,0.9555555555555556,0.96875,2.1662468513853903,200.0,21.0,84.86,0.9989080671593338,0.997816134316665,0.0061589419609567,9,0.6971428571428572,8.385051029032155,6.347607052896725,0.0350291909924937,0,1,0,7231.5,4.9625,,,,False,FRESH,True,False,True,False,False,False,True,False,True,False,True,False
2026-04-30 14:25:55,2026-04-30 14:25:00,2026-04-30 14:20:00,ES,BRACKET_MACRO,ROTATION_LIQUID,TrendUp,AFTERNOON_TREND_TEST,TREND_COMPRESSION,TREND_COMPRESSION,LONG,66,10,MICRO_TREND_INSIDE_MACRO_STRUCTURE,UNCHANGED,0,-0.152,1,PM,80.86,NONE,1.0,0.8947368421052632,-0.1526717557251908,210.0,22.0,84.29,0.999734743738506,0.999469487473971,0.0017669819561634,10,0.6857142857142857,8.16425948170149,6.310432569974555,0.0337598693166349,0,1,0,7231.0,4.9125,,,,False,FRESH,True,False,True,False,False,False,True,False,True,False,True,False
2026-04-30 14:26:04,2026-04-30 14:25:00,2026-04-30 14:25:00,ES,BRACKET_MACRO,ROTATION_LIQUID,TrendUp,AFTERNOON_TREND_TEST,TREND_COMPRESSION,TREND_COMPRESSION,LONG,66,10,MICRO_TREND_INSIDE_MACRO_STRUCTURE,UNCHANGED,0,-0.152,1,PM,80.86,NONE,1.0,0.8947368421052632,-0.1526717557251908,210.0,22.0,84.29,0.999384625493038,0.9987692509848942,0.0037256307302029,11,0.6857142857142857,8.16425948170149,6.310432569974555,0.0337598693166349,0,1,0,7231.0,4.9125,,,,False,FRESH,True,False,True,False,False,False,True,False,True,False,True,False
2026-04-30 14:29:12,2026-03-10 12:35:00,2026-03-10 12:35:00,ES,BRACKET_MACRO,TREND_EXPANSION,TrendUp,LUNCH_AUCTION,TRANSITION,TRANSITION,NONE,50,100,MACRO_STALE_73554.2MIN,UNCHANGED,0,0.0,0,LUNCH,69.65,SHORT,0.3333333333333333,0.855072463768116,-0.1610305958132045,80.0,9.0,0.0,0.999844724967415,0.9996894499320556,0.0010943372613676,5,1.2857142857142858,-2.914938599161871,-6.05475040257649,0.0816326530612244,0,1,0,6778.25,7.7625,,,,True,MACRO_STALE_73554.2MIN,False,False,False,False,False,False,False,False,False,False,False,False
2026-04-30 14:29:13,2026-04-30 14:25:00,2026-04-30 14:25:00,ES,BRACKET_MACRO,ROTATION_LIQUID,TrendUp,AFTERNOON_TREND_TEST,TREND_COMPRESSION,TREND_COMPRESSION,LONG,66,10,MICRO_TREND_INSIDE_MACRO_STRUCTURE,LOCKED_IMMEDIATE,0,0.0,0,PM,80.86,NONE,1.0,0.8947368421052632,-0.1518987341772152,210.0,22.0,84.29,0.9996024645510084,0.999204929098656,0.0025321094346303,11,0.6857142857142857,8.12292145900933,6.278481012658228,0.0337598693166349,0,1,0,7231.0,4.9375,,,,False,FRESH,True,False,True,False,False,False,True,False,True,False,True,False
2026-04-30 14:35:44,2026-04-30 14:35:00,2026-04-30 14:30:00,ES,BRACKET_MACRO,TREND_COMPRESSION,TrendUp,AFTERNOON_TREND_TEST,TREND_COMPRESSION,TREND_COMPRESSION,LONG,66,10,MICRO_TREND_INSIDE_MACRO_STRUCTURE,UNCHANGED,0,0.0,0,PM,78.81,LONG,0.7647058823529411,0.9032258064516128,0.6914893617021276,220.0,23.0,88.57,0.9940407987680936,0.9880815975354916,0.0263070521779263,12,0.7714285714285715,9.141764677533695,7.3936170212765955,0.0370864461045891,0,1,0,7234.75,4.7,,,,False,FRESH,True,False,True,False,False,False,True,False,True,False,True,False
2026-04-30 14:35:53,2026-04-30 14:35:00,2026-04-30 14:35:00,ES,BRACKET_MACRO,TREND_COMPRESSION,TrendUp,AFTERNOON_TREND_TEST,TREND_COMPRESSION,TREND_COMPRESSION,LONG,66,10,MICRO_TREND_INSIDE_MACRO_STRUCTURE,UNCHANGED,0,0.0,0,PM,78.81,LONG,0.7647058823529411,0.9032258064516128,0.6914893617021276,220.0,23.0,88.57,0.9987478587164575,0.9974957174356608,0.0069388525796215,13,0.7714285714285715,9.141764677533695,7.3936170212765955,0.0370864461045891,0,1,0,7234.75,4.7,,,,False,FRESH,True,False,True,False,False,False,True,False,True,False,True,False
2026-04-30 14:47:07,2026-02-18 13:05:00,2026-02-18 13:05:00,ES,BRACKET_MACRO,TREND_EXPANSION,TrendUp,POST_LUNCH_ROTATION,TRANSITION,TRANSITION,NONE,50,100,MACRO_STALE_102342.1MIN,UNCHANGED,0,0.0,0,LUNCH,74.0,SHORT,1.0,0.3584905660377358,-0.1675977653631285,40.0,5.0,0.0,0.999946159734168,0.9998923194700424,0.0004205896777538,6,1.3714285714285714,-2.152784231122557,-3.463687150837989,0.0487038491751767,0,1,0,6883.25,4.475,,,,True,MACRO_STALE_102342.1MIN,False,False,False,False,False,False,False,False,False,False,False,False
2026-04-30 14:47:08,2026-04-30 14:45:00,2026-04-30 14:45:00,ES,BRACKET_MACRO,TREND_COMPRESSION,TrendUp,AFTERNOON_TREND_TEST,TREND_COMPRESSION,TREND_COMPRESSION,LONG,66,10,MICRO_TREND_INSIDE_MACRO_STRUCTURE,LOCKED_IMMEDIATE,0,0.0,0,PM,82.8,LONG,1.0,0.8378378378378378,1.9047619047619049,230.0,24.0,94.0,0.9994413426262804,0.9988826852558408,0.0034212290860342,15,0.88,10.450386193753593,8.851540616246497,0.0412748171368861,0,1,0,7239.5,4.4625,,,,False,FRESH,True,False,True,False,False,False,True,False,True,False,True,False
2026-04-30 14:56:54,2026-04-30 14:55:00,2026-04-30 14:55:00,ES,BRACKET_MACRO,TREND_COMPRESSION,TrendUp,AFTERNOON_TREND_TEST,TREND_COMPRESSION,TREND_COMPRESSION,LONG,66,10,MICRO_TREND_INSIDE_MACRO_STRUCTURE,UNCHANGED,0,0.0,0,PM,73.57,LONG,0.6521739130434783,0.7,0.872093023255814,240.0,25.0,92.86,0.998561426037884,0.9971228520747027,0.0078278575980609,17,0.8571428571428571,10.424892469067302,8.953488372093023,0.0396192436326215,0,1,0,7238.5,4.3,,,,False,FRESH,True,False,True,False,False,False,True,False,True,False,True,False
2026-04-30 15:00:10,2026-02-11 12:25:00,2026-02-11 12:25:00,ES,MEAN_REVERSION_MACRO,ROTATION_ILLIQUID,TrendUp,LUNCH_AUCTION,TRANSITION,TRANSITION,NONE,50,100,MACRO_STALE_112475.2MIN,UNCHANGED,0,0.0,0,LUNCH,40.0,LONG,0.8,0.4054054054054054,1.1072664359861593,80.0,9.0,0.0,0.9999775038433864,0.9999550076851876,0.0001898972762114,27,0.0,1.70815406143189,-1.384083044982699,0.0186741363211951,1,1,0,6970.0,3.6125,,,,True,MACRO_STALE_112475.2MIN,False,False,False,False,False,False,False,False,False,False,False,False
2026-04-30 15:00:11,2026-04-30 14:55:00,2026-04-30 14:55:00,ES,BRACKET_MACRO,TREND_COMPRESSION,TrendUp,AFTERNOON_TREND_TEST,TREND_COMPRESSION,TREND_COMPRESSION,LONG,66,10,MICRO_TREND_INSIDE_MACRO_STRUCTURE,LOCKED_IMMEDIATE,0,0.0,0,PM,73.57,LONG,0.6521739130434783,0.7,0.8571428571428571,240.0,25.0,92.86,0.9994981003143542,0.99899620062737,0.0031124421392325,17,0.8571428571428571,10.246180026740436,8.8,0.0396192436326215,0,1,0,7238.5,4.375,,,,False,FRESH,True,False,True,False,False,False,True,False,True,False,True,False
2026-04-30 15:05:04,2026-03-10 12:35:00,2026-03-10 12:35:00,ES,BRACKET_MACRO,TREND_EXPANSION,TrendUp,LUNCH_AUCTION,TRANSITION,TRANSITION,NONE,50,100,MACRO_STALE_73590.1MIN,UNCHANGED,0,0.0,0,LUNCH,69.65,SHORT,0.3333333333333333,0.855072463768116,-0.1610305958132045,80.0,9.0,0.0,0.999844724967415,0.999689449932058,0.001094337261355,5,1.2857142857142858,-2.914938599161871,-6.05475040257649,0.0816326530612244,0,1,0,6778.25,7.7625,,,,True,MACRO_STALE_73590.1MIN,False,False,False,False,False,False,False,False,False,False,False,False
2026-04-30 15:05:05,2026-04-30 14:55:00,2026-04-30 14:55:00,ES,BRACKET_MACRO,TREND_COMPRESSION,TrendUp,AFTERNOON_TREND_TEST,TREND_COMPRESSION,TREND_COMPRESSION,LONG,66,10,MICRO_TREND_INSIDE_MACRO_STRUCTURE,LOCKED_IMMEDIATE,0,0.0,0,PM,73.57,LONG,0.6521739130434783,0.7,0.8571428571428571,240.0,25.0,92.86,0.999653200319183,0.9993064006402836,0.0022431098035197,17,0.8571428571428571,10.246180026740436,8.8,0.0396192436326215,0,1,0,7238.5,4.375,,,,False,FRESH,True,False,True,False,False,False,True,False,True,False,True,False
2026-04-30 15:06:42,2026-04-30 15:05:00,2026-04-30 15:05:00,ES,BRACKET_MACRO,TREND_COMPRESSION,TrendUp,LATE_DAY_CONVICTION,TREND_COMPRESSION,TREND_COMPRESSION,LONG,66,20,MICRO_TREND_INSIDE_MACRO_STRUCTURE,UNCHANGED,0,0.0,0,POWER_HOUR,78.3,LONG,0.4666666666666667,0.8367346938775511,0.3977272727272727,250.0,26.0,96.0,0.9921740095824152,0.9843480191617496,0.0330043378543913,19,0.92,10.611012782352311,9.375,0.0416982562547384,0,1,0,7241.25,4.4,,,,False,FRESH,True,False,True,False,False,False,True,False,True,False,True,False
2026-04-30 15:16:25,2026-04-30 15:15:00,2026-04-30 15:10:00,ES,BRACKET_MACRO,TREND_EXPANSION,TrendUp,LATE_DAY_CONVICTION,TREND_EXPANSION,TREND_EXPANSION,LONG,93,30,HMM_VWAP_VELOCITY_IB_EXPANSION,LOCKED_IMMEDIATE,0,1.859,0,POWER_HOUR,84.0,LONG,1.0,0.8545454545454545,1.9335347432024168,260.0,27.0,100.0,0.7627172540946983,0.5254345081913199,0.3952461525894566,20,1.04,12.262955090392012,11.238670694864048,0.045982694684796,0,1,0,7246.5,4.1375,,,,False,FRESH,True,True,True,False,False,True,False,False,True,False,True,False
2026-04-30 15:16:33,2026-04-30 15:15:00,2026-04-30 15:15:00,ES,BRACKET_MACRO,TREND_EXPANSION,TrendUp,LATE_DAY_CONVICTION,TREND_EXPANSION,TREND_EXPANSION,LONG,93,30,HMM_VWAP_VELOCITY_IB_EXPANSION,UNCHANGED,0,1.859,0,POWER_HOUR,84.0,LONG,1.0,0.8545454545454545,1.9335347432024168,260.0,27.0,100.0,0.9956991532381056,0.991398306476932,0.0200005539864937,21,1.04,12.262955090392012,11.238670694864048,0.045982694684796,0,1,0,7246.5,4.1375,,,,False,FRESH,True,True,True,False,False,True,False,False,True,False,True,False
2026-04-30 15:26:09,2026-04-30 15:25:00,2026-04-30 15:20:00,ES,BRACKET_MACRO,TREND_EXPANSION,TrendUp,LATE_DAY_CONVICTION,TREND_EXPANSION,TREND_EXPANSION,LONG,91,30,HMM_VWAP_VELOCITY_IB_EXPANSION,UNCHANGED,0,1.31,0,POWER_HOUR,84.0,LONG,1.0,0.7837837837837838,1.353846153846154,270.0,28.0,100.0,0.9985242955811342,0.9970485911613736,0.0080027528328854,22,1.0457142857142858,12.32427714662716,11.507692307692308,0.0455653021442495,0,1,0,7246.75,4.0625,,,,False,FRESH,True,True,True,False,False,True,False,False,True,False,True,False
2026-04-30 15:26:17,2026-04-30 15:25:00,2026-04-30 15:25:00,ES,BRACKET_MACRO,TREND_EXPANSION,TrendUp,LATE_DAY_CONVICTION,TREND_EXPANSION,TREND_EXPANSION,LONG,91,30,HMM_VWAP_VELOCITY_IB_EXPANSION,UNCHANGED,0,1.31,0,POWER_HOUR,84.0,LONG,1.0,0.7837837837837838,1.353846153846154,270.0,28.0,100.0,0.995126512044766,0.9902530240890424,0.0222231134682526,23,1.0457142857142858,12.32427714662716,11.507692307692308,0.0455653021442495,0,1,0,7246.75,4.0625,,,,False,FRESH,True,True,True,False,False,True,False,False,True,False,True,False
2026-04-30 15:32:38,2026-04-27 10:55:00,2026-04-27 10:55:00,ES,BRACKET_MACRO,ROTATION_ILLIQUID,TrendUp,POST_IB_MACRO,TRANSITION,TRANSITION,NONE,50,100,MACRO_STALE_4597.6MIN,UNCHANGED,0,0.0,0,POST_IB_AM,0.0,NONE,0.0,0.0,0.0,0.0,0.0,0.0,0.999953306788162,0.9999066135788574,0.0003695554866275,11,0.0,-0.1859540506642848,0.5,0.0032377428307123,0,1,0,7190.0,7.0,,,,True,MACRO_STALE_4597.6MIN,False,False,False,False,False,False,False,False,False,False,False,False
2026-04-30 15:32:40,2026-04-30 15:25:00,2026-04-30 15:25:00,ES,BRACKET_MACRO,TREND_EXPANSION,TrendUp,LATE_DAY_CONVICTION,TREND_COMPRESSION,TREND_COMPRESSION,LONG,66,20,MICRO_TREND_INSIDE_MACRO_STRUCTURE,LOCKED_IMMEDIATE,0,0.0,0,POWER_HOUR,84.0,LONG,1.0,0.7837837837837838,1.337386018237082,270.0,28.0,100.0,0.99974218490733,0.9994843698127444,0.001722705597205,23,1.0457142857142858,12.174437910801906,11.367781155015198,0.0455653021442495,0,1,0,7246.75,4.1125,,,,False,FRESH,True,False,True,False,False,False,True,False,True,False,True,False
2026-04-30 15:34:15,2026-04-02 11:55:00,2026-04-02 11:55:00,ES,BRACKET_MACRO,ROTATION_ILLIQUID,TrendUp,MID_MORNING_DISCOVERY,TRANSITION,TRANSITION,NONE,50,100,MACRO_STALE_40539.3MIN,UNCHANGED,0,0.0,0,POST_IB_AM,54.56,NONE,0.0638297872340425,0.2857142857142857,0.1318681318681318,40.0,5.0,0.0,0.954909809355822,0.90981961870901,0.1325812065512124,8,0.4166666666666667,-1.3104206955021664,-4.395604395604396,0.0743494423791821,0,1,0,6520.25,5.6875,,,,True,MACRO_STALE_40539.3MIN,False,False,False,False,False,False,False,False,False,False,False,False
2026-04-30 15:34:17,2026-04-30 15:25:00,2026-04-30 15:25:00,ES,BRACKET_MACRO,TREND_EXPANSION,TrendUp,LATE_DAY_CONVICTION,TREND_COMPRESSION,TREND_COMPRESSION,LONG,66,20,MICRO_TREND_INSIDE_MACRO_STRUCTURE,LOCKED_IMMEDIATE,0,0.0,0,POWER_HOUR,84.0,LONG,1.0,0.7837837837837838,1.337386018237082,270.0,28.0,100.0,0.9997750036006188,0.9995500072027196,0.0015255141885439,23,1.0457142857142858,12.174437910801906,11.367781155015198,0.0455653021442495,0,1,0,7246.75,4.1125,,,,False,FRESH,True,False,True,False,False,False,True,False,True,False,True,False
2026-04-30 15:35:53,2026-04-30 15:35:00,2026-04-30 15:30:00,ES,BRACKET_MACRO,TREND_COMPRESSION,TrendUp,LATE_DAY_CONVICTION,TREND_COMPRESSION,TREND_COMPRESSION,LONG,66,20,MICRO_TREND_INSIDE_MACRO_STRUCTURE,UNCHANGED,0,0.0,0,POWER_HOUR,79.16,NONE,0.8461538461538461,0.4666666666666667,-0.6707317073170732,280.0,29.0,98.86,0.9909794351310798,0.9819588702646782,0.037113918611173,24,0.9771428571428572,11.234152961522163,10.670731707317074,0.0418660287081339,0,1,0,7243.75,4.1,,,,False,FRESH,True,False,True,False,False,False,True,False,True,False,True,False
2026-04-30 15:36:01,2026-04-30 15:35:00,2026-04-30 15:35:00,ES,BRACKET_MACRO,TREND_COMPRESSION,TrendUp,LATE_DAY_CONVICTION,TREND_COMPRESSION,TREND_COMPRESSION,LONG,66,20,MICRO_TREND_INSIDE_MACRO_STRUCTURE,UNCHANGED,0,0.0,0,POWER_HOUR,79.16,NONE,0.8461538461538461,0.4666666666666667,-0.6707317073170732,280.0,29.0,98.86,0.9912363181926552,0.9824726363862352,0.0362404621973626,25,0.9771428571428572,11.234152961522163,10.670731707317074,0.0418660287081339,0,1,0,7243.75,4.1,,,,False,FRESH,True,False,True,False,False,False,True,False,True,False,True,False
2026-04-30 15:39:08,2026-04-27 10:55:00,2026-04-27 10:55:00,ES,BRACKET_MACRO,ROTATION_ILLIQUID,TrendUp,POST_IB_MACRO,TRANSITION,TRANSITION,NONE,50,100,MACRO_STALE_4604.1MIN,UNCHANGED,0,0.0,0,POST_IB_AM,0.0,NONE,0.0,0.0,0.0,0.0,0.0,0.0,0.999953306788162,0.9999066135788574,0.0003695554866275,11,0.0,-0.1859540506642848,0.5,0.0032377428307123,0,1,0,7190.0,7.0,,,,True,MACRO_STALE_4604.1MIN,False,False,False,False,False,False,False,False,False,False,False,False
2026-04-30 15:39:09,2026-04-30 15:35:00,2026-04-30 15:35:00,ES,BRACKET_MACRO,TREND_COMPRESSION,TrendUp,LATE_DAY_CONVICTION,TREND_COMPRESSION,TREND_COMPRESSION,LONG,66,20,MICRO_TREND_INSIDE_MACRO_STRUCTURE,LOCKED_IMMEDIATE,0,0.0,0,POWER_HOUR,79.16,NONE,0.8461538461538461,0.4666666666666667,-0.6646525679758308,280.0,29.0,98.86,0.9966798750425512,0.9933597500840752,0.0160608457914891,25,0.9771428571428572,11.132348398552708,10.574018126888218,0.0418660287081339,0,1,0,7243.75,4.1375,,,,False,FRESH,True,False,True,False,False,False,True,False,True,False,True,False
2026-04-30 15:45:40,2026-04-27 10:55:00,2026-04-27 10:55:00,ES,BRACKET_MACRO,ROTATION_ILLIQUID,TrendUp,POST_IB_MACRO,TRANSITION,TRANSITION,NONE,50,100,MACRO_STALE_4610.6MIN,UNCHANGED,0,0.0,0,POST_IB_AM,0.0,NONE,0.0,0.0,0.0,0.0,0.0,0.0,0.999953306788162,0.9999066135788574,0.0003695554866275,11,0.0,-0.1859540506642848,0.5,0.0032377428307123,0,1,0,7190.0,7.0,,,,True,MACRO_STALE_4610.6MIN,False,False,False,False,False,False,False,False,False,False,False,False
2026-04-30 15:45:41,2026-04-30 15:45:00,2026-04-30 15:40:00,ES,BRACKET_MACRO,TREND_EXPANSION,TrendUp,LATE_DAY_CONVICTION,TREND_COMPRESSION,TREND_COMPRESSION,LONG,66,20,MICRO_TREND_INSIDE_MACRO_STRUCTURE,LOCKED_IMMEDIATE,0,0.0,0,POWER_HOUR,70.15,LONG,0.2,0.5384615384615384,0.3908794788273615,290.0,30.0,100.0,0.9978172260113398,0.995634452021522,0.0112202668963171,26,1.08,12.923415336184211,12.57328990228013,0.0453051643192488,0,1,0,7248.25,3.8375,,,,False,FRESH,True,False,True,False,False,False,True,False,True,False,True,False
2026-04-30 15:45:48,2026-04-30 15:45:00,2026-04-30 15:45:00,ES,BRACKET_MACRO,TREND_EXPANSION,TrendUp,LATE_DAY_CONVICTION,TREND_COMPRESSION,TREND_COMPRESSION,LONG,66,20,MICRO_TREND_INSIDE_MACRO_STRUCTURE,UNCHANGED,0,0.0,0,POWER_HOUR,70.15,LONG,0.2,0.5384615384615384,0.3908794788273615,290.0,30.0,100.0,0.9959078933152082,0.9918157866296776,0.0191770026338551,27,1.08,12.923415336184211,12.57328990228013,0.0453051643192488,0,1,0,7248.25,3.8375,,,,False,FRESH,True,False,True,False,False,False,True,False,True,False,True,False
2026-04-30 15:48:55,2026-01-30 15:55:00,2026-01-30 15:55:00,ES,BRACKET_MACRO,ROTATION_LIQUID,TrendDown,LATE_DAY_CONVICTION,TRANSITION,TRANSITION,NONE,50,100,MACRO_STALE_129593.9MIN,UNCHANGED,0,0.0,0,POWER_HOUR,40.95,LONG,0.3725490196078431,0.1812865497076023,0.8008429926238145,10.0,2.0,23.36,0.9988520060149008,0.9977040120302526,0.0064336658513051,18,2.121621621621621,0.3737926202786119,3.709167544783983,0.033710017238077,0,1,0,6975.25,11.8625,,,,True,MACRO_STALE_129593.9MIN,False,False,False,False,False,False,False,False,False,False,False,False
2026-04-30 15:48:57,2026-04-30 15:45:00,2026-04-30 15:45:00,ES,BRACKET_MACRO,TREND_EXPANSION,TrendUp,LATE_DAY_CONVICTION,TREND_COMPRESSION,TREND_COMPRESSION,LONG,66,20,MICRO_TREND_INSIDE_MACRO_STRUCTURE,LOCKED_IMMEDIATE,0,0.0,0,POWER_HOUR,70.15,LONG,0.2,0.5384615384615384,0.3870967741935484,290.0,30.0,100.0,0.9991660847308014,0.99833216945975,0.004865855953665,27,1.08,12.798350026479204,12.451612903225806,0.0453051643192488,0,1,0,7248.25,3.875,,,,False,FRESH,True,False,True,False,False,False,True,False,True,False,True,False
2026-04-30 15:57:09,2026-04-30 15:55:00,2026-04-30 15:55:00,ES,BRACKET_MACRO,TREND_EXPANSION,TrendUp,LATE_DAY_CONVICTION,TREND_COMPRESSION,TREND_COMPRESSION,LONG,66,20,MICRO_TREND_INSIDE_MACRO_STRUCTURE,UNCHANGED,0,0.0,0,POWER_HOUR,63.9,LONG,0.5,0.027027027027027,0.7164179104477612,300.0,31.0,100.0,0.9511337787571174,0.902267557517484,0.1407805422425986,29,1.0457142857142858,10.950786680799784,11.164179104477611,0.0427917620137299,0,1,0,7246.75,4.1875,,,,False,FRESH,True,False,True,False,False,False,True,False,True,False,True,False
2026-04-30 16:02:04,2026-04-30 16:00:00,2026-04-30 16:00:00,ES,BRACKET_MACRO,TREND_COMPRESSION,TrendDown,CASH_CLOSE,TRANSITION,TRANSITION,NONE,50,50,NO_CLEAR_STAGE_C_ALIGNMENT,LOCKED_IMMEDIATE,0,-2.326,1,CLOSE,82.51,NONE,1.0,0.4857142857142857,-2.0671834625323,305.0,32.0,92.57,0.9999994584069656,0.9999989168116588,6.027677471151575e-06,3,0.8514285714285714,6.697339329868404,7.906976744186046,0.0341670388566324,0,1,0,7238.25,4.8375,,,,False,FRESH,False,False,False,False,False,False,False,False,False,False,False,False
2026-04-30 16:14:55,2026-03-11 11:05:00,2026-03-11 11:05:00,ES,BRACKET_MACRO,ROTATION_LIQUID,TrendUp,MID_MORNING_DISCOVERY,TRANSITION,TRANSITION,NONE,50,100,MACRO_STALE_72309.9MIN,UNCHANGED,0,0.0,0,POST_IB_AM,77.96,LONG,0.8181818181818182,0.9365079365079364,0.8053691275167785,60.0,10.0,0.0,0.9998860327805786,0.9997720655631732,0.0008286389038949,20,0.5862068965517241,2.927020797699837,5.503355704697986,0.1344262295081967,0,1,0,6802.75,5.5875,,,,True,MACRO_STALE_72309.9MIN,False,False,False,False,False,False,False,False,False,False,False,False
2026-04-30 16:14:57,2026-04-30 16:00:00,2026-04-30 16:00:00,ES,BRACKET_MACRO,TREND_COMPRESSION,TrendDown,CASH_CLOSE,TRANSITION,TRANSITION,NONE,50,40,NO_CLEAR_STAGE_C_ALIGNMENT,UNCHANGED,0,0.0,0,CLOSE,82.51,NONE,1.0,0.4857142857142857,-2.0671834625323,305.0,32.0,92.57,0.9999998249841308,0.9999996499660468,2.0904778251169406e-06,3,0.8514285714285714,6.697339329868404,7.906976744186046,0.0341670388566324,0,1,0,7238.25,4.8375,,,,False,FRESH,False,False,False,False,False,False,False,False,False,False,False,False
