SnapshotTimestamp,MacroTimestamp,MicroTimestamp,Instrument,MacroRegime,MacroPlaybook,HMM_Micro,Phase,CandidateRegime,FinalRegime,FinalDirection,RegimeConfidence,ConflictScore,ReasonCode,PersistenceStatus,PendingCount,Velocity3CP,HMMFlipCount,PhaseBucket,DevelopingInitiativeScore,InitiativeDirection,RollingEfficiency10m,RollingEfficiency20m,LocalNetMove10mAtr,SameSideVwapMinutes,VwapHoldCount,LateExtensionPenalty,HMMStateProb,HMMStateMargin,HMMStateEntropy,HMMStateAge,IBExtensionPct,CloseVsVwapAtr,NetMoveAtr,DirectionalEfficiency,ReturnedToOpenFlag,TwoSidedTradeFlag,ValueBreakAcceptFlag,LastPrice,Atr5m,Adx5m,Chop5m,Rvol5m,StaleDataFlag,StaleReason,AllowMomo,AllowAdxx,AllowPine,AllowEsScalper,AllowBracketSniper,AllowExpansionBot,AllowCompressionBot,AllowFadeBot,AllowLong,AllowShort,AllowMomoLong,AllowMomoShort
2026-04-24 16:34:18,2026-04-24 16:00:00,2026-04-24 16:00:00,NQ,BRACKET_MACRO,TREND_EXPANSION,Transition,CASH_CLOSE,TRANSITION,TRANSITION,NONE,50,100,MACRO_STALE_34.3MIN,UNCHANGED,0,0.0,0,,,,,,,,,,,,,,1.215328467153285,5.434114393297388,10.655080213903744,0.0180984172400481,0,1,0,27433.75,18.7,,,,True,MACRO_STALE_34.3MIN,False,False,False,False,False,False,False,False,False,False,False,False
2026-04-27 11:26:24,2026-04-24 16:00:00,2026-04-24 16:00:00,NQ,BRACKET_MACRO,TREND_EXPANSION,Transition,CASH_CLOSE,TRANSITION,TRANSITION,NONE,50,100,MACRO_STALE_4046.3MIN,UNCHANGED,0,0.0,0,CLOSE,84.0,LONG,1.0,1.0,0.2303523035230352,75.0,9.0,100.0,0.9999970771647864,0.9999942894384056,2.9370156488644734e-05,1,2.1301020408163267,3.7189895152975816,8.035230352303524,0.0508859999141888,0,1,0,27396.0,36.9,,,,True,MACRO_STALE_4046.3MIN,False,False,False,False,False,False,False,False,False,False,False,False
2026-04-27 11:42:55,2026-04-27 11:25:00,2026-04-24 20:30:00,NQ,BRACKET_MACRO,ROTATION_ILLIQUID,Transition,MID_MORNING_DISCOVERY,TRANSITION,TRANSITION,NONE,50,100,MICRO_STALE_3792.9MIN,UNCHANGED,0,0.0,0,POST_IB_AM,73.26,SHORT,1.0,1.0,-0.4627575277337559,20.0,3.0,0.0,0.9999998466228252,0.9999996932720788,1.8463127071530013e-06,6,0.0,-1.136216714514494,-2.0475435816164818,0.0096102350490925,0,1,-1,27321.75,39.4375,,,,True,MICRO_STALE_3792.9MIN,False,False,False,False,False,False,False,False,False,False,False,False
2026-04-27 11:59:36,2026-04-27 11:45:00,2026-04-27 11:10:00,NQ,MEAN_REVERSION_MACRO,ROTATION_ILLIQUID,TrendUp,MID_MORNING_DISCOVERY,TRANSITION,TRANSITION,NONE,50,100,MICRO_STALE_49.6MIN,UNCHANGED,0,0.0,1,POST_IB_AM,22.05,LONG,1.0,0.4612546125461255,1.492087415222306,0.0,0.0,0.0,0.999810575522704,0.9996211510316616,0.0013078480402445,13,0.0,0.1760488841206747,-0.9419743782969104,0.0034326513799258,1,1,0,27371.25,33.175,,,,True,MICRO_STALE_49.6MIN,False,False,False,False,False,False,False,False,False,False,False,False
2026-04-27 12:25:28,2026-04-27 12:15:00,2026-04-27 12:10:00,NQ,MEAN_REVERSION_MACRO,ROTATION_ILLIQUID,TrendUp,LUNCH_AUCTION,TRANSITION,TRANSITION,NONE,50,100,MICRO_STALE_15.4MIN,UNCHANGED,0,1.603,1,LUNCH,10.42,LONG,0.9722222222222222,0.4482758620689655,0.6466512702078522,0.0,1.0,0.0,0.9991266820710294,0.998253364123263,0.0050666720812962,25,0.0,0.3530736793516587,-1.0161662817551964,0.0027502062654699,1,1,0,27375.0,27.0625,,,,True,MICRO_STALE_15.4MIN,False,False,False,False,False,False,False,False,False,False,False,False
2026-04-27 12:34:12,2026-04-27 12:15:00,2026-04-27 12:15:00,NQ,MEAN_REVERSION_MACRO,ROTATION_ILLIQUID,TrendUp,LUNCH_AUCTION,TRANSITION,TRANSITION,NONE,50,100,MICRO_STALE_19.1MIN,UNCHANGED,0,0.0,0,LUNCH,10.42,LONG,0.9722222222222222,0.4482758620689655,0.6466512702078522,0.0,1.0,0.0,0.999952353915494,0.9999047078121563,0.0003764028428437,26,0.0,0.3530736793516587,-1.0161662817551964,0.0027502062654699,1,1,0,27375.0,27.0625,,,,True,MICRO_STALE_19.1MIN,False,False,False,False,False,False,False,False,False,False,False,False
2026-04-27 12:35:18,2026-04-27 12:15:00,2026-04-27 12:15:00,NQ,MEAN_REVERSION_MACRO,ROTATION_ILLIQUID,TrendUp,LUNCH_AUCTION,TRANSITION,TRANSITION,NONE,50,100,MACRO_STALE_20.2MIN,UNCHANGED,0,0.0,0,LUNCH,10.42,LONG,0.9722222222222222,0.4482758620689655,0.6466512702078522,0.0,1.0,0.0,0.999952353915494,0.9999047078121563,0.0003764028428437,26,0.0,0.3530736793516587,-1.0161662817551964,0.0027502062654699,1,1,0,27375.0,27.0625,,,,True,MACRO_STALE_20.2MIN,False,False,False,False,False,False,False,False,False,False,False,False
2026-04-27 12:43:50,2024-05-13 13:35:00,2024-05-13 13:35:00,NQ,BRACKET_MACRO,ROTATION_ILLIQUID,TrendDown,POST_LUNCH_ROTATION,TRANSITION,TRANSITION,NONE,50,100,MACRO_STALE_1028108.8MIN,UNCHANGED,0,0.0,0,PM,42.62,SHORT,0.6875,0.6345177664974619,-2.5551684088269457,0.0,1.0,50.0,0.9999546205327936,0.9999092410928144,0.000360091865403,2,0.0,-2.075908517197754,-0.1161440185830429,0.0015356265356265,0,1,0,18292.0,10.7625,,,,True,MACRO_STALE_1028108.8MIN,False,False,False,False,False,False,False,False,False,False,False,False
2026-04-27 12:43:53,2026-04-27 12:35:00,2026-04-27 12:25:00,NQ,MEAN_REVERSION_MACRO,ROTATION_ILLIQUID,TrendUp,LUNCH_AUCTION,TRANSITION,TRANSITION,NONE,55,65,HIGH_CONFLICT_STAGE_A_B_OR_PRICE_ACTION,UNCHANGED,0,0.0,0,LUNCH,40.93,LONG,0.8024691358024691,0.8823529411764706,0.6874669487043892,20.0,3.0,0.0,0.9998007740934878,0.9996015481805935,0.00136826945915,28,0.0,1.0681288701867562,-0.4759386567953464,0.0010733964649476,1,1,0,27391.25,23.6375,,,,False,FRESH,False,False,False,False,False,False,False,False,False,False,False,False
2026-04-27 12:43:57,2026-04-27 12:35:00,2026-04-27 12:35:00,NQ,MEAN_REVERSION_MACRO,ROTATION_ILLIQUID,TrendUp,LUNCH_AUCTION,TRANSITION,TRANSITION,NONE,55,65,HIGH_CONFLICT_STAGE_A_B_OR_PRICE_ACTION,UNCHANGED,0,0.0,0,LUNCH,40.93,LONG,0.8024691358024691,0.8823529411764706,0.6874669487043892,20.0,3.0,0.0,0.9999858142533696,0.9999716284903568,0.0001244650325727,30,0.0,1.0681288701867562,-0.4759386567953464,0.0010733964649476,1,1,0,27391.25,23.6375,,,,False,FRESH,False,False,False,False,False,False,False,False,False,False,False,False
2026-04-27 12:47:46,2026-04-27 12:45:00,2026-04-27 12:40:00,NQ,MEAN_REVERSION_MACRO,ROTATION_ILLIQUID,TrendUp,LUNCH_AUCTION,TRANSITION,TRANSITION,NONE,55,65,HIGH_CONFLICT_STAGE_A_B_OR_PRICE_ACTION,UNCHANGED,0,0.0,0,LUNCH,46.0,LONG,1.0,0.9069767441860463,1.083916083916084,30.0,4.0,0.0,0.9998722685361006,0.9997445370768212,0.0009182104599105,31,0.0,1.3856999179891285,-0.2913752913752914,0.0020598170882425,1,1,0,27396.25,21.45,,,,False,FRESH,False,False,False,False,False,False,False,False,False,False,False,False
2026-04-27 12:47:50,2026-04-27 12:45:00,2026-04-27 12:45:00,NQ,MEAN_REVERSION_MACRO,ROTATION_ILLIQUID,TrendUp,LUNCH_AUCTION,TRANSITION,TRANSITION,NONE,55,65,HIGH_CONFLICT_STAGE_A_B_OR_PRICE_ACTION,UNCHANGED,0,0.0,0,LUNCH,46.0,LONG,1.0,0.9069767441860463,1.083916083916084,30.0,4.0,0.0,0.9996980515469716,0.9993961030962346,0.0019831804140229,32,0.0,1.3856999179891285,-0.2913752913752914,0.0020598170882425,1,1,0,27396.25,21.45,,,,False,FRESH,False,False,False,False,False,False,False,False,False,False,False,False
2026-04-27 12:55:42,2026-04-27 12:55:00,2026-04-27 12:50:00,NQ,MEAN_REVERSION_MACRO,ROTATION_ILLIQUID,TrendUp,LUNCH_AUCTION,TRANSITION,TRANSITION,NONE,55,65,HIGH_CONFLICT_STAGE_A_B_OR_PRICE_ACTION,UNCHANGED,0,0.034,0,LUNCH,30.48,LONG,0.081081081081081,0.576271186440678,0.037243947858473,40.0,5.0,0.0,0.9998173757207802,0.9996347514400856,0.0012657138350783,33,0.0,1.23888835782577,-0.521415270018622,0.0033810980518435,1,1,0,27392.0,20.1375,,,,False,FRESH,False,False,False,False,False,False,False,False,False,False,False,False
2026-04-27 12:55:48,2026-04-27 12:55:00,2026-04-27 12:55:00,NQ,MEAN_REVERSION_MACRO,ROTATION_ILLIQUID,TrendUp,LUNCH_AUCTION,TRANSITION,TRANSITION,NONE,55,65,HIGH_CONFLICT_STAGE_A_B_OR_PRICE_ACTION,UNCHANGED,0,0.034,0,LUNCH,30.48,LONG,0.081081081081081,0.576271186440678,0.037243947858473,40.0,5.0,0.0,0.9998358112478948,0.999671622498168,0.0011505472225935,34,0.0,1.23888835782577,-0.521415270018622,0.0033810980518435,1,1,0,27392.0,20.1375,,,,False,FRESH,False,False,False,False,False,False,False,False,False,False,False,False
2026-04-27 12:57:44,2026-03-09 12:25:00,2026-03-09 12:25:00,NQ,BRACKET_MACRO,ROTATION_ILLIQUID,TrendUp,LUNCH_AUCTION,TRANSITION,TRANSITION,NONE,50,100,MACRO_STALE_70592.7MIN,UNCHANGED,0,0.0,0,LUNCH,64.0,LONG,1.0,1.0,1.103665746945211,20.0,3.0,0.0,0.9999206115617496,0.999841223121098,0.00059792790375,10,0.0,1.4553901021171076,1.5530153724871896,0.0167988402831073,0,1,0,24453.75,31.7125,,,,True,MACRO_STALE_70592.7MIN,False,False,False,False,False,False,False,False,False,False,False,False
2026-04-27 12:57:45,2026-04-27 12:55:00,2026-04-27 12:55:00,NQ,MEAN_REVERSION_MACRO,ROTATION_ILLIQUID,TrendUp,LUNCH_AUCTION,TRANSITION,TRANSITION,NONE,55,65,HIGH_CONFLICT_STAGE_A_B_OR_PRICE_ACTION,UNCHANGED,0,0.0,0,LUNCH,30.2,LONG,0.081081081081081,0.576271186440678,0.0365408038976857,40.0,5.0,0.0,0.999683404235148,0.9993668084676742,0.0020685634591508,34,0.0,1.215498869949644,-0.5115712545676006,0.0033810980518435,1,1,0,27392.0,20.525,,,,False,FRESH,False,False,False,False,False,False,False,False,False,False,False,False
2026-04-27 13:02:38,2026-03-09 12:25:00,2026-03-09 12:25:00,NQ,BRACKET_MACRO,ROTATION_ILLIQUID,TrendUp,LUNCH_AUCTION,TRANSITION,TRANSITION,NONE,50,100,MACRO_STALE_70597.6MIN,UNCHANGED,0,0.0,0,LUNCH,64.0,LONG,1.0,1.0,1.103665746945211,20.0,3.0,0.0,0.9999206115617496,0.999841223121098,0.00059792790375,10,0.0,1.4553901021171076,1.5530153724871896,0.0167988402831073,0,1,0,24453.75,31.7125,,,,True,MACRO_STALE_70597.6MIN,False,False,False,False,False,False,False,False,False,False,False,False
2026-04-27 13:02:39,2026-04-27 12:55:00,2026-04-27 12:55:00,NQ,MEAN_REVERSION_MACRO,ROTATION_ILLIQUID,TrendUp,LUNCH_AUCTION,TRANSITION,TRANSITION,NONE,55,65,HIGH_CONFLICT_STAGE_A_B_OR_PRICE_ACTION,UNCHANGED,0,0.0,0,LUNCH,30.06,LONG,0.081081081081081,0.576271186440678,0.036210018105009,40.0,5.0,0.0,0.9997824154914956,0.9995648309795676,0.0014805184066926,34,0.0,1.2044955609277703,-0.5069402534701267,0.0033810980518435,1,1,0,27392.0,20.7125,,,,False,FRESH,False,False,False,False,False,False,False,False,False,False,False,False
2026-04-27 13:05:40,2026-04-27 13:05:00,2026-04-27 13:00:00,NQ,MEAN_REVERSION_MACRO,ROTATION_ILLIQUID,TrendUp,POST_LUNCH_ROTATION,TRANSITION,TRANSITION,NONE,55,65,HIGH_CONFLICT_STAGE_A_B_OR_PRICE_ACTION,UNCHANGED,0,0.0,0,LUNCH,38.39,LONG,0.1707317073170731,0.746268656716418,0.0944669365721997,50.0,6.0,0.0,0.9997376201041118,0.999475240211763,0.0017498850988361,35,0.0,1.6413771568162194,-0.242914979757085,0.0014133165829145,1,1,0,27398.0,18.525,,,,False,FRESH,False,False,False,False,False,False,False,False,False,False,False,False
2026-04-27 13:05:45,2026-04-27 13:05:00,2026-04-27 13:05:00,NQ,MEAN_REVERSION_MACRO,ROTATION_ILLIQUID,TrendUp,POST_LUNCH_ROTATION,TRANSITION,TRANSITION,NONE,55,65,HIGH_CONFLICT_STAGE_A_B_OR_PRICE_ACTION,UNCHANGED,0,0.0,0,LUNCH,38.39,LONG,0.1707317073170731,0.746268656716418,0.0944669365721997,50.0,6.0,0.0,0.9998615182919288,0.9997230365838063,0.0009874169610188,36,0.0,1.6413771568162194,-0.242914979757085,0.0014133165829145,1,1,0,27398.0,18.525,,,,False,FRESH,False,False,False,False,False,False,False,False,False,False,False,False
2026-04-27 13:15:39,2026-04-27 13:15:00,2026-04-27 13:10:00,NQ,MEAN_REVERSION_MACRO,ROTATION_ILLIQUID,TrendUp,POST_LUNCH_ROTATION,TRANSITION,TRANSITION,NONE,55,55,HIGH_CONFLICT_STAGE_A_B_OR_PRICE_ACTION,UNCHANGED,0,1.119,0,LUNCH,46.0,LONG,1.0,0.7213114754098361,1.1988716502115655,60.0,7.0,0.0,0.999756285377818,0.999512570754217,0.0016383762821969,37,0.0,2.5412334360101254,0.6064880112834978,0.0032957768069287,1,1,0,27413.25,17.725,,,,False,FRESH,False,False,False,False,False,False,False,False,False,False,False,False
2026-04-27 13:15:44,2026-04-27 13:15:00,2026-04-27 13:15:00,NQ,MEAN_REVERSION_MACRO,ROTATION_ILLIQUID,TrendUp,POST_LUNCH_ROTATION,TRANSITION,TRANSITION,NONE,55,55,HIGH_CONFLICT_STAGE_A_B_OR_PRICE_ACTION,UNCHANGED,0,1.119,0,LUNCH,46.0,LONG,1.0,0.7213114754098361,1.1988716502115655,60.0,7.0,0.0,0.999738363504876,0.9994767270082908,0.0017454627368352,38,0.0,2.5412334360101254,0.6064880112834978,0.0032957768069287,1,1,0,27413.25,17.725,,,,False,FRESH,False,False,False,False,False,False,False,False,False,False,False,False
2026-04-27 13:25:41,2026-04-27 13:25:00,2026-04-27 13:20:00,NQ,MEAN_REVERSION_MACRO,ROTATION_ILLIQUID,TrendDown,POST_LUNCH_ROTATION,TRANSITION,TRANSITION,NONE,55,65,HIGH_CONFLICT_STAGE_A_B_OR_PRICE_ACTION,UNCHANGED,0,0.176,1,LUNCH,6.68,LONG,0.1192660550458715,0.1333333333333333,0.1690507152145643,70.0,8.0,0.0,0.9986666248175634,0.9973332496315416,0.0073285195534286,2,0.0,1.6563984115076824,-0.0650195058517555,0.0003696857670979,1,1,0,27401.25,19.225,,,,False,FRESH,False,False,False,False,False,False,False,False,False,False,False,False
2026-04-27 13:25:45,2026-04-27 13:25:00,2026-04-27 13:25:00,NQ,MEAN_REVERSION_MACRO,ROTATION_ILLIQUID,TrendUp,POST_LUNCH_ROTATION,TRANSITION,TRANSITION,NONE,55,65,HIGH_CONFLICT_STAGE_A_B_OR_PRICE_ACTION,UNCHANGED,0,0.176,2,LUNCH,6.68,LONG,0.1192660550458715,0.1333333333333333,0.1690507152145643,70.0,8.0,0.0,0.9680951538114207,0.936190307620867,0.1019282056754792,1,0.0,1.6563984115076824,-0.0650195058517555,0.0003696857670979,1,1,0,27401.25,19.225,,,,False,FRESH,False,False,False,False,False,False,False,False,False,False,False,False
2026-04-27 13:35:42,2026-04-27 13:35:00,2026-04-27 13:30:00,NQ,MEAN_REVERSION_MACRO,ROTATION_ILLIQUID,TrendUp,POST_LUNCH_ROTATION,TREND_COMPRESSION,TREND_COMPRESSION,LONG,66,40,MICRO_TREND_INSIDE_MACRO_STRUCTURE,LOCKED_IMMEDIATE,0,1.305,2,PM,45.97,LONG,0.5076923076923077,0.6571428571428571,1.2406015037593985,80.0,9.0,51.29,0.6623007650819666,0.3246015301612416,0.4612999979257994,2,0.0219780219780219,3.3660164577977274,1.7794486215538847,0.0102320219051736,1,1,0,27438.0,19.95,,,,False,FRESH,False,False,True,False,False,False,True,False,True,False,False,False
2026-04-27 13:35:46,2026-04-27 13:35:00,2026-04-27 13:35:00,NQ,MEAN_REVERSION_MACRO,ROTATION_ILLIQUID,TrendUp,POST_LUNCH_ROTATION,TREND_COMPRESSION,TREND_COMPRESSION,LONG,66,40,MICRO_TREND_INSIDE_MACRO_STRUCTURE,UNCHANGED,0,1.305,2,PM,45.97,LONG,0.5076923076923077,0.6571428571428571,1.2406015037593985,80.0,9.0,51.29,0.9797457716995716,0.9594915434018016,0.0714327959006342,3,0.0219780219780219,3.3660164577977274,1.7794486215538847,0.0102320219051736,1,1,0,27438.0,19.95,,,,False,FRESH,False,False,True,False,False,False,True,False,True,False,False,False
2026-04-27 13:45:42,2026-04-27 13:45:00,2026-04-27 13:40:00,NQ,MEAN_REVERSION_MACRO,ROTATION_ILLIQUID,TrendUp,POST_LUNCH_ROTATION,TREND_COMPRESSION,TREND_COMPRESSION,LONG,66,40,MICRO_TREND_INSIDE_MACRO_STRUCTURE,UNCHANGED,0,1.496,1,PM,45.27,LONG,0.6424581005586593,0.4444444444444444,1.5561569688768606,90.0,10.0,50.0,0.9993844771257676,0.998768954254277,0.0037264218943477,4,0.0,3.146501470869194,1.4884979702300405,0.0077683615819209,1,1,0,27430.0,18.475,,,,False,FRESH,False,False,True,False,False,False,True,False,True,False,False,False
2026-04-27 13:45:47,2026-04-27 13:45:00,2026-04-27 13:45:00,NQ,MEAN_REVERSION_MACRO,ROTATION_ILLIQUID,TrendUp,POST_LUNCH_ROTATION,TREND_COMPRESSION,TREND_COMPRESSION,LONG,66,40,MICRO_TREND_INSIDE_MACRO_STRUCTURE,UNCHANGED,0,1.496,0,PM,45.27,LONG,0.6424581005586593,0.4444444444444444,1.5561569688768606,90.0,10.0,50.0,0.9972124285913212,0.9944248571849964,0.0138367488709274,5,0.0,3.146501470869194,1.4884979702300405,0.0077683615819209,1,1,0,27430.0,18.475,,,,False,FRESH,False,False,True,False,False,False,True,False,True,False,False,False
2026-04-27 13:47:43,2026-02-24 14:45:00,2026-02-24 14:45:00,NQ,BRACKET_MACRO,TREND_COMPRESSION,TrendDown,AFTERNOON_TREND_TEST,TRANSITION,TRANSITION,NONE,50,100,MACRO_STALE_89222.7MIN,UNCHANGED,0,0.0,0,PM,38.84,LONG,0.3123209169054441,0.1604729729729729,2.310137760508654,0.0,1.0,87.36,1.0,1.0,2.122327973220812e-55,4,0.6350877192982456,2.7254662864628054,2.338396326386436,0.0279089376053962,0,1,-1,24910.75,35.3875,,,,True,MACRO_STALE_89222.7MIN,False,False,False,False,False,False,False,False,False,False,False,False
2026-04-27 13:47:45,2026-04-27 13:45:00,2026-04-27 13:45:00,NQ,MEAN_REVERSION_MACRO,ROTATION_ILLIQUID,TrendUp,POST_LUNCH_ROTATION,TREND_COMPRESSION,TREND_COMPRESSION,LONG,66,30,MICRO_TREND_INSIDE_MACRO_STRUCTURE,LOCKED_IMMEDIATE,0,0.0,0,PM,45.27,LONG,0.6424581005586593,0.4444444444444444,1.544660846205507,90.0,10.0,50.0,0.9984491802046396,0.9968983604059516,0.0083545213693305,5,0.0,3.123256664838596,1.4775016789791806,0.0077683615819209,1,1,0,27430.0,18.6125,,,,False,FRESH,False,False,True,False,False,False,True,False,True,False,False,False
2026-04-27 13:55:43,2026-04-27 13:55:00,2026-04-27 13:50:00,NQ,MEAN_REVERSION_MACRO,ROTATION_ILLIQUID,TrendUp,POST_LUNCH_ROTATION,TREND_COMPRESSION,TREND_COMPRESSION,LONG,66,30,MICRO_TREND_INSIDE_MACRO_STRUCTURE,UNCHANGED,0,0.0,0,PM,51.78,NONE,1.0,0.1713147410358565,-0.7655502392344496,100.0,11.0,50.0,0.9995680148023464,0.9991360296013144,0.002725635219586,6,0.0,2.8011980838264,1.1756664388243334,0.0059622850804215,1,1,0,27424.0,18.2875,,,,False,FRESH,False,False,True,False,False,False,True,False,True,False,False,False
2026-04-27 13:55:47,2026-04-27 13:55:00,2026-04-27 13:55:00,NQ,MEAN_REVERSION_MACRO,ROTATION_ILLIQUID,TrendUp,POST_LUNCH_ROTATION,TREND_COMPRESSION,TREND_COMPRESSION,LONG,66,30,MICRO_TREND_INSIDE_MACRO_STRUCTURE,UNCHANGED,0,0.0,0,PM,51.78,NONE,1.0,0.1713147410358565,-0.7655502392344496,100.0,11.0,50.0,0.9985925247327744,0.9971850494657784,0.0076808416549138,7,0.0,2.8011980838264,1.1756664388243334,0.0059622850804215,1,1,0,27424.0,18.2875,,,,False,FRESH,False,False,True,False,False,False,True,False,True,False,False,False
2026-04-27 14:05:45,2026-04-27 14:05:00,2026-04-27 14:00:00,NQ,MEAN_REVERSION_MACRO,ROTATION_ILLIQUID,TrendUp,AFTERNOON_TREND_TEST,TREND_COMPRESSION,TREND_COMPRESSION,LONG,66,30,MICRO_TREND_INSIDE_MACRO_STRUCTURE,UNCHANGED,0,-0.437,0,PM,56.0,NONE,1.0,0.3933649289099526,-0.4453723034098817,110.0,12.0,50.0,0.999194174723233,0.99838834944674,0.0047218778230876,8,0.0,2.704073004448066,1.0855949895615866,0.0053133514986376,1,1,0,27422.0,17.9625,,,,False,FRESH,True,False,True,False,False,False,True,False,True,False,True,False
2026-04-27 14:05:50,2026-04-27 14:05:00,2026-04-27 14:05:00,NQ,MEAN_REVERSION_MACRO,ROTATION_ILLIQUID,TrendUp,AFTERNOON_TREND_TEST,TREND_COMPRESSION,TREND_COMPRESSION,LONG,66,30,MICRO_TREND_INSIDE_MACRO_STRUCTURE,UNCHANGED,0,-0.437,0,PM,56.0,NONE,1.0,0.3933649289099526,-0.4453723034098817,110.0,12.0,50.0,0.99901947577769,0.9980389515573146,0.0056067093771584,9,0.0,2.704073004448066,1.0855949895615866,0.0053133514986376,1,1,0,27422.0,17.9625,,,,False,FRESH,True,False,True,False,False,False,True,False,True,False,True,False
2026-04-27 14:15:45,2026-04-27 14:15:00,2026-04-27 14:10:00,NQ,MEAN_REVERSION_MACRO,ROTATION_ILLIQUID,TrendUp,AFTERNOON_TREND_TEST,TREND_COMPRESSION,TREND_COMPRESSION,LONG,66,30,MICRO_TREND_INSIDE_MACRO_STRUCTURE,UNCHANGED,0,0.322,0,PM,34.25,LONG,0.5897435897435898,0.3473684210526316,0.3314121037463977,120.0,13.0,50.0,0.9994499261509394,0.9988998523032232,0.0033748090116624,10,0.0,3.208824788093453,1.5706051873198843,0.0072992700729927,1,1,0,27429.75,17.35,,,,False,FRESH,True,False,True,False,False,False,True,False,True,False,True,False
2026-04-27 14:15:50,2026-04-27 14:15:00,2026-04-27 14:15:00,NQ,MEAN_REVERSION_MACRO,ROTATION_ILLIQUID,TrendUp,AFTERNOON_TREND_TEST,TREND_COMPRESSION,TREND_COMPRESSION,LONG,66,30,MICRO_TREND_INSIDE_MACRO_STRUCTURE,UNCHANGED,0,0.322,0,PM,34.25,LONG,0.5897435897435898,0.3473684210526316,0.3314121037463977,120.0,13.0,50.0,0.9989062225975432,0.9978124451945962,0.00616801360613,11,0.0,3.208824788093453,1.5706051873198843,0.0072992700729927,1,1,0,27429.75,17.35,,,,False,FRESH,True,False,True,False,False,False,True,False,True,False,True,False
2026-04-27 14:25:40,2026-04-27 14:25:00,2026-04-27 14:20:00,NQ,MEAN_REVERSION_MACRO,ROTATION_ILLIQUID,TrendUp,AFTERNOON_TREND_TEST,TREND_COMPRESSION,TREND_COMPRESSION,LONG,66,30,MICRO_TREND_INSIDE_MACRO_STRUCTURE,UNCHANGED,0,0.602,0,PM,49.13,LONG,1.0,0.1351351351351351,0.6185567010309277,130.0,14.0,50.0,0.9993025411754156,0.9986050823527568,0.0041595733309551,12,0.0,3.4039075808657966,1.7673048600883652,0.0079181788188716,1,1,0,27432.5,16.975,,,,False,FRESH,True,False,True,False,False,False,True,False,True,False,True,False
2026-04-27 14:25:45,2026-04-27 14:25:00,2026-04-27 14:25:00,NQ,MEAN_REVERSION_MACRO,ROTATION_ILLIQUID,TrendUp,AFTERNOON_TREND_TEST,TREND_COMPRESSION,TREND_COMPRESSION,LONG,66,30,MICRO_TREND_INSIDE_MACRO_STRUCTURE,UNCHANGED,0,0.602,0,PM,49.13,LONG,1.0,0.1351351351351351,0.6185567010309277,130.0,14.0,50.0,0.9988667217949146,0.9977334435918916,0.0063617475528223,13,0.0,3.4039075808657966,1.7673048600883652,0.0079181788188716,1,1,0,27432.5,16.975,,,,False,FRESH,True,False,True,False,False,False,True,False,True,False,True,False
2026-04-27 14:35:42,2026-04-27 14:35:00,2026-04-27 14:30:00,NQ,MEAN_REVERSION_MACRO,ROTATION_ILLIQUID,TrendUp,AFTERNOON_TREND_TEST,TREND_COMPRESSION,TREND_COMPRESSION,LONG,66,30,MICRO_TREND_INSIDE_MACRO_STRUCTURE,UNCHANGED,0,-0.324,0,PM,28.95,NONE,0.5,0.0120481927710843,-0.3303303303303304,140.0,15.0,50.0,0.9992629714945276,0.9985259429906296,0.0043662140592995,14,0.0,2.93793555903308,1.3063063063063065,0.0056434872859366,1,1,0,27424.25,16.65,,,,False,FRESH,True,False,True,False,False,False,True,False,True,False,True,False
2026-04-27 14:35:46,2026-04-27 14:35:00,2026-04-27 14:35:00,NQ,MEAN_REVERSION_MACRO,ROTATION_ILLIQUID,TrendUp,AFTERNOON_TREND_TEST,TREND_COMPRESSION,TREND_COMPRESSION,LONG,66,30,MICRO_TREND_INSIDE_MACRO_STRUCTURE,UNCHANGED,0,-0.324,0,PM,28.95,NONE,0.5,0.0120481927710843,-0.3303303303303304,140.0,15.0,50.0,0.9988506220313312,0.9977012440614108,0.0064404225642756,15,0.0,2.93793555903308,1.3063063063063065,0.0056434872859366,1,1,0,27424.25,16.65,,,,False,FRESH,True,False,True,False,False,False,True,False,True,False,True,False
2026-04-27 14:45:42,2026-04-27 14:45:00,2026-04-27 14:40:00,NQ,MEAN_REVERSION_MACRO,ROTATION_ILLIQUID,TrendUp,AFTERNOON_TREND_TEST,TREND_COMPRESSION,TREND_COMPRESSION,LONG,66,40,MICRO_TREND_INSIDE_MACRO_STRUCTURE,UNCHANGED,0,-1.252,0,PM,56.0,NONE,1.0,0.3333333333333333,-1.2593703148425786,150.0,16.0,50.0,0.971912861359286,0.9438257227177362,0.092353160295012,16,0.0,2.134134579609854,0.5397301349325337,0.0022984102662325,1,1,0,27411.5,16.675,,,,False,FRESH,True,False,True,False,False,False,True,False,True,False,True,False
2026-04-27 14:45:46,2026-04-27 14:45:00,2026-04-27 14:45:00,NQ,MEAN_REVERSION_MACRO,ROTATION_ILLIQUID,TrendUp,AFTERNOON_TREND_TEST,TREND_COMPRESSION,TREND_COMPRESSION,LONG,66,40,MICRO_TREND_INSIDE_MACRO_STRUCTURE,UNCHANGED,0,-1.252,0,PM,56.0,NONE,1.0,0.3333333333333333,-1.2593703148425786,150.0,16.0,50.0,0.9926142053052806,0.9852284106081428,0.0314575223951117,17,0.0,2.134134579609854,0.5397301349325337,0.0022984102662325,1,1,0,27411.5,16.675,,,,False,FRESH,True,False,True,False,False,False,True,False,True,False,True,False
2026-04-27 14:55:43,2026-04-27 14:55:00,2026-04-27 14:50:00,NQ,MEAN_REVERSION_MACRO,ROTATION_ILLIQUID,TrendUp,AFTERNOON_TREND_TEST,TRANSITION,TRANSITION,NONE,55,60,HIGH_CONFLICT_STAGE_A_B_OR_PRICE_ACTION,LOCKED_IMMEDIATE,0,-1.914,0,PM,54.42,NONE,1.0,0.8698224852071006,-1.996805111821086,160.0,17.0,33.26,0.9801873966537348,0.9603747933089316,0.0701935341405324,18,0.0,1.0643368665278277,-0.6070287539936102,0.0023794614902943,1,1,0,27393.0,15.65,,,,False,FRESH,False,False,False,False,False,False,False,False,False,False,False,False
2026-04-27 14:55:47,2026-04-27 14:55:00,2026-04-27 14:55:00,NQ,MEAN_REVERSION_MACRO,ROTATION_ILLIQUID,TrendUp,AFTERNOON_TREND_TEST,TRANSITION,TRANSITION,NONE,55,60,HIGH_CONFLICT_STAGE_A_B_OR_PRICE_ACTION,UNCHANGED,0,-1.914,0,PM,54.42,NONE,1.0,0.8698224852071006,-1.996805111821086,160.0,17.0,33.26,0.9940420273414666,0.9880840546807768,0.0263025174000654,19,0.0,1.0643368665278277,-0.6070287539936102,0.0023794614902943,1,1,0,27393.0,15.65,,,,False,FRESH,False,False,False,False,False,False,False,False,False,False,False,False
2026-04-27 15:05:36,2026-04-27 15:05:00,2026-04-27 15:00:00,NQ,MEAN_REVERSION_MACRO,ROTATION_ILLIQUID,TrendUp,LATE_DAY_CONVICTION,TRANSITION,TRANSITION,NONE,55,60,HIGH_CONFLICT_STAGE_A_B_OR_PRICE_ACTION,UNCHANGED,0,-0.755,0,POWER_HOUR,47.24,NONE,0.4653465346534653,0.7081081081081081,-0.8195292066259808,170.0,18.0,50.0,0.9807512037798494,0.9615024075610124,0.0686008616103442,20,0.0,1.6091464572375922,-0.1918047079337402,0.0006758832565284,1,1,0,27399.75,14.3375,,,,False,FRESH,False,False,False,False,False,False,False,False,False,False,False,False
2026-04-27 15:05:42,2026-04-27 15:05:00,2026-04-27 15:05:00,NQ,MEAN_REVERSION_MACRO,ROTATION_ILLIQUID,TrendUp,LATE_DAY_CONVICTION,TRANSITION,TRANSITION,NONE,55,60,HIGH_CONFLICT_STAGE_A_B_OR_PRICE_ACTION,UNCHANGED,0,-0.755,0,POWER_HOUR,47.24,NONE,0.4653465346534653,0.7081081081081081,-0.8195292066259808,170.0,18.0,50.0,0.9493432426282088,0.8986864852545823,0.1445901457641831,21,0.0,1.6091464572375922,-0.1918047079337402,0.0006758832565284,1,1,0,27399.75,14.3375,,,,False,FRESH,False,False,False,False,False,False,False,False,False,False,False,False
2026-04-27 15:15:38,2026-04-27 15:15:00,2026-04-27 15:10:00,NQ,MEAN_REVERSION_MACRO,ROTATION_ILLIQUID,TrendUp,LATE_DAY_CONVICTION,TREND_COMPRESSION,TREND_COMPRESSION,LONG,66,40,MICRO_TREND_INSIDE_MACRO_STRUCTURE,LOCKED_IMMEDIATE,0,1.423,0,POWER_HOUR,56.0,LONG,1.0,0.2019230769230769,1.509090909090909,180.0,19.0,50.0,0.8360359440639068,0.6720718881243689,0.3218545265368344,22,0.0,2.6727510305013062,0.8181818181818182,0.0027188689505165,1,1,0,27413.75,13.75,,,,False,FRESH,True,False,True,False,False,False,True,False,True,False,True,False
2026-04-27 15:15:44,2026-04-27 15:15:00,2026-04-27 15:15:00,NQ,MEAN_REVERSION_MACRO,ROTATION_ILLIQUID,TrendUp,LATE_DAY_CONVICTION,TREND_COMPRESSION,TREND_COMPRESSION,LONG,66,40,MICRO_TREND_INSIDE_MACRO_STRUCTURE,UNCHANGED,0,1.423,0,POWER_HOUR,56.0,LONG,1.0,0.2019230769230769,1.509090909090909,180.0,19.0,50.0,0.9126607463436052,0.8253214926876387,0.2137628380134531,23,0.0,2.6727510305013062,0.8181818181818182,0.0027188689505165,1,1,0,27413.75,13.75,,,,False,FRESH,True,False,True,False,False,False,True,False,True,False,True,False
2026-04-27 15:25:39,2026-04-27 15:25:00,2026-04-27 15:20:00,NQ,MEAN_REVERSION_MACRO,ROTATION_ILLIQUID,TrendUp,LATE_DAY_CONVICTION,TREND_COMPRESSION,TREND_COMPRESSION,LONG,66,40,MICRO_TREND_INSIDE_MACRO_STRUCTURE,UNCHANGED,0,1.598,0,POWER_HOUR,56.0,LONG,1.0,0.2210526315789473,1.6270566727605118,190.0,20.0,50.0,0.9961371368160912,0.9922742736348537,0.0182636532101799,24,0.0,3.239555239204265,1.4259597806215722,0.0046409234247634,1,1,0,27422.0,13.675,,,,False,FRESH,True,False,True,False,False,False,True,False,True,False,True,False
2026-04-27 15:25:44,2026-04-27 15:25:00,2026-04-27 15:25:00,NQ,MEAN_REVERSION_MACRO,ROTATION_ILLIQUID,TrendUp,LATE_DAY_CONVICTION,TREND_COMPRESSION,TREND_COMPRESSION,LONG,66,40,MICRO_TREND_INSIDE_MACRO_STRUCTURE,UNCHANGED,0,1.598,0,POWER_HOUR,56.0,LONG,1.0,0.2210526315789473,1.6270566727605118,190.0,20.0,50.0,0.9874258843962832,0.9748517687946084,0.0487057470921487,25,0.0,3.239555239204265,1.4259597806215722,0.0046409234247634,1,1,0,27422.0,13.675,,,,False,FRESH,True,False,True,False,False,False,True,False,True,False,True,False
2026-04-27 15:35:41,2026-04-27 15:35:00,2026-04-27 15:30:00,NQ,MEAN_REVERSION_MACRO,ROTATION_ILLIQUID,TrendUp,LATE_DAY_CONVICTION,TREND_COMPRESSION,TREND_COMPRESSION,LONG,66,40,MICRO_TREND_INSIDE_MACRO_STRUCTURE,UNCHANGED,0,1.177,0,POWER_HOUR,56.0,LONG,1.0,1.0,1.198501872659176,200.0,21.0,50.0,0.9980903721685556,0.9961807443359516,0.0100005390127731,26,0.0,3.84624214296374,2.041198501872659,0.0063993424528855,1,1,0,27429.75,13.35,,,,False,FRESH,True,False,True,False,False,False,True,False,True,False,True,False
2026-04-27 15:35:46,2026-04-27 15:35:00,2026-04-27 15:35:00,NQ,MEAN_REVERSION_MACRO,ROTATION_ILLIQUID,TrendUp,LATE_DAY_CONVICTION,TREND_COMPRESSION,TREND_COMPRESSION,LONG,66,40,MICRO_TREND_INSIDE_MACRO_STRUCTURE,UNCHANGED,0,1.177,0,POWER_HOUR,56.0,LONG,1.0,1.0,1.198501872659176,200.0,21.0,50.0,0.9894164871748852,0.9788329743497484,0.0423185528294847,27,0.0,3.84624214296374,2.041198501872659,0.0063993424528855,1,1,0,27429.75,13.35,,,,False,FRESH,True,False,True,False,False,False,True,False,True,False,True,False
2026-04-27 15:45:42,2026-04-27 15:45:00,2026-04-27 15:40:00,NQ,MEAN_REVERSION_MACRO,ROTATION_ILLIQUID,TrendUp,LATE_DAY_CONVICTION,TREND_COMPRESSION,TREND_COMPRESSION,LONG,66,30,MICRO_TREND_INSIDE_MACRO_STRUCTURE,UNCHANGED,0,0.548,0,POWER_HOUR,55.5,LONG,0.9375,0.9834710743801652,0.5357142857142857,210.0,22.0,50.0,0.9955084489492247,0.9910168978987538,0.0207465209316354,28,0.0,3.5965324750021472,1.9285714285714288,0.0062219149671621,1,1,0,27429.5,14.0,,,,False,FRESH,True,False,True,False,False,False,True,False,True,False,True,False
2026-04-27 15:45:47,2026-04-27 15:45:00,2026-04-27 15:45:00,NQ,MEAN_REVERSION_MACRO,ROTATION_ILLIQUID,TrendUp,LATE_DAY_CONVICTION,TREND_COMPRESSION,TREND_COMPRESSION,LONG,66,30,MICRO_TREND_INSIDE_MACRO_STRUCTURE,UNCHANGED,0,0.548,0,POWER_HOUR,55.5,LONG,0.9375,0.9834710743801652,0.5357142857142857,210.0,22.0,50.0,0.9749562990706856,0.94991259813967,0.0844459260034037,29,0.0,3.5965324750021472,1.9285714285714288,0.0062219149671621,1,1,0,27429.5,14.0,,,,False,FRESH,True,False,True,False,False,False,True,False,True,False,True,False
2026-04-27 15:55:43,2026-04-27 15:55:00,2026-04-27 15:50:00,NQ,MEAN_REVERSION_MACRO,ROTATION_ILLIQUID,TrendUp,LATE_DAY_CONVICTION,TREND_COMPRESSION,TREND_COMPRESSION,LONG,66,30,MICRO_TREND_INSIDE_MACRO_STRUCTURE,UNCHANGED,0,0.633,0,POWER_HOUR,55.73,LONG,0.9473684210526316,0.9803921568627452,0.5882352941176471,220.0,23.0,51.62,0.988185942579181,0.976371885160312,0.0462962837642487,30,0.0274725274725274,3.773592605969444,2.369281045751634,0.0081685538842882,1,1,0,27438.75,15.3,,,,False,FRESH,True,False,True,False,False,False,True,False,True,False,True,False
2026-04-27 15:55:48,2026-04-27 15:55:00,2026-04-27 15:55:00,NQ,MEAN_REVERSION_MACRO,ROTATION_ILLIQUID,TrendUp,LATE_DAY_CONVICTION,TREND_COMPRESSION,TREND_COMPRESSION,LONG,66,30,MICRO_TREND_INSIDE_MACRO_STRUCTURE,UNCHANGED,0,0.633,0,POWER_HOUR,55.73,LONG,0.9473684210526316,0.9803921568627452,0.5882352941176471,220.0,23.0,51.62,0.9922716737720556,0.9845433475464808,0.0326627433343477,31,0.0274725274725274,3.773592605969444,2.369281045751634,0.0081685538842882,1,1,0,27438.75,15.3,,,,False,FRESH,True,False,True,False,False,False,True,False,True,False,True,False
2026-04-27 15:57:40,2026-04-01 14:15:00,2026-04-01 14:15:00,NQ,BRACKET_MACRO,TREND_EXPANSION,TrendDown,AFTERNOON_TREND_TEST,TRANSITION,TRANSITION,NONE,50,100,MACRO_STALE_37542.7MIN,UNCHANGED,0,0.0,0,PM,68.68,LONG,1.0,0.0630975143403441,1.19382964453387,10.0,2.0,51.84,0.9665396521061692,0.9330793042129752,0.1057294869611802,10,1.1320754716981132,0.8295005445541194,2.494969818913481,0.0320045884714654,0,1,0,24165.75,55.9125,,,,True,MACRO_STALE_37542.7MIN,False,False,False,False,False,False,False,False,False,False,False,False
2026-04-27 15:57:41,2026-04-27 15:55:00,2026-04-27 15:55:00,NQ,MEAN_REVERSION_MACRO,ROTATION_ILLIQUID,TrendUp,LATE_DAY_CONVICTION,TREND_COMPRESSION,TREND_COMPRESSION,LONG,66,30,MICRO_TREND_INSIDE_MACRO_STRUCTURE,LOCKED_IMMEDIATE,0,0.0,0,POWER_HOUR,55.73,LONG,0.9473684210526316,0.9803921568627452,0.5863192182410424,220.0,23.0,51.62,0.9975876304246456,0.9951752608457612,0.0122262349816314,31,0.0274725274725274,3.7613007733767096,2.3615635179153096,0.0081685538842882,1,1,0,27438.75,15.35,,,,False,FRESH,True,False,True,False,False,False,True,False,True,False,True,False
2026-04-27 16:00:47,2026-04-27 16:00:00,2026-04-27 15:55:00,NQ,BRACKET_MACRO,ROTATION_ILLIQUID,TrendUp,CASH_CLOSE,TREND_COMPRESSION,TREND_COMPRESSION,LONG,66,0,MICRO_TREND_INSIDE_MACRO_STRUCTURE,UNCHANGED,0,0.0,0,CLOSE,74.82,LONG,1.0,0.9782608695652174,0.9584664536741214,225.0,24.0,54.09,0.9910817982398986,0.9821635964834315,0.0367665092285294,31,0.0695970695970696,3.944443721423605,2.68370607028754,0.0093682038699604,0,1,0,27444.5,15.65,,,,False,FRESH,False,False,True,False,False,False,True,False,True,False,False,False
2026-04-27 16:00:52,2026-04-27 16:00:00,2026-04-27 16:00:00,NQ,BRACKET_MACRO,ROTATION_ILLIQUID,TrendUp,CASH_CLOSE,TREND_COMPRESSION,TREND_COMPRESSION,LONG,66,0,MICRO_TREND_INSIDE_MACRO_STRUCTURE,UNCHANGED,0,0.0,0,CLOSE,74.82,LONG,1.0,0.9782608695652174,0.9584664536741214,225.0,24.0,54.09,0.6256088445162238,0.2512179814607382,0.4769952595066902,32,0.0695970695970696,3.944443721423605,2.68370607028754,0.0093682038699604,0,1,0,27444.5,15.65,,,,False,FRESH,False,False,True,False,False,False,True,False,True,False,False,False
2026-04-28 08:42:34,2026-04-27 16:00:00,2026-04-27 16:00:00,NQ,BRACKET_MACRO,ROTATION_ILLIQUID,TrendDown,CASH_CLOSE,TRANSITION,TRANSITION,NONE,50,100,MACRO_STALE_1002.6MIN,UNCHANGED,0,0.0,0,CLOSE,74.82,LONG,1.0,0.9782608695652174,0.9584664536741214,225.0,24.0,54.09,0.987094013521106,0.9741880270423908,0.0497471625206745,1,0.0695970695970696,3.944443721423605,2.68370607028754,0.0093682038699604,0,1,0,27444.5,15.65,,,,True,MACRO_STALE_1002.6MIN,False,False,False,False,False,False,False,False,False,False,False,False
2026-04-28 08:59:26,2026-02-24 09:35:00,2026-02-24 09:35:00,NQ,OPENING_AUCTION,ROTATION_ILLIQUID,TrendUp,OPENING_AUCTION,TRANSITION,TRANSITION,NONE,50,100,MACRO_STALE_90684.4MIN,UNCHANGED,0,0.0,0,OPEN,0.0,SHORT,0.0,0.0,0.0,0.0,1.0,0.0,0.9999542122319408,0.9999084244671153,0.0003630360875886,2,0.0,-0.4274900982834343,-1.011764705882353,0.5548387096774193,0,1,0,24806.5,21.25,,,,True,MACRO_STALE_90684.4MIN,False,False,False,False,False,False,False,False,False,False,False,False
2026-04-28 08:59:27,2026-04-27 16:00:00,2026-04-27 16:00:00,NQ,BRACKET_MACRO,ROTATION_ILLIQUID,TrendDown,CASH_CLOSE,TRANSITION,TRANSITION,NONE,50,100,MACRO_STALE_1019.5MIN,UNCHANGED,0,0.0,0,CLOSE,74.82,LONG,1.0,0.9782608695652174,0.9584664536741214,225.0,24.0,54.09,0.9871032782134092,0.974206556429918,0.0497181751448273,1,0.0695970695970696,3.944443721423605,2.68370607028754,0.0093682038699604,0,1,0,27444.5,15.65,,,,True,MACRO_STALE_1019.5MIN,False,False,False,False,False,False,False,False,False,False,False,False
2026-04-28 09:24:29,2026-03-09 12:25:00,2026-03-09 12:25:00,NQ,BRACKET_MACRO,ROTATION_ILLIQUID,TrendUp,LUNCH_AUCTION,TRANSITION,TRANSITION,NONE,50,100,MACRO_STALE_71819.5MIN,UNCHANGED,0,0.0,0,LUNCH,64.0,LONG,1.0,1.0,1.103665746945211,20.0,3.0,0.0,0.9999206115617496,0.999841223121098,0.00059792790375,10,0.0,1.4553901021171076,1.5530153724871896,0.0167988402831073,0,1,0,24453.75,31.7125,,,,True,MACRO_STALE_71819.5MIN,False,False,False,False,False,False,False,False,False,False,False,False
2026-04-28 09:24:30,2026-04-27 16:00:00,2026-04-27 16:00:00,NQ,BRACKET_MACRO,ROTATION_ILLIQUID,TrendDown,CASH_CLOSE,TRANSITION,TRANSITION,NONE,50,100,MACRO_STALE_1044.5MIN,UNCHANGED,0,0.0,0,CLOSE,74.82,LONG,1.0,0.9782608695652174,0.9584664536741214,225.0,24.0,54.09,0.9871032782134092,0.974206556429918,0.0497181751448273,1,0.0695970695970696,3.944443721423605,2.68370607028754,0.0093682038699604,0,1,0,27444.5,15.65,,,,True,MACRO_STALE_1044.5MIN,False,False,False,False,False,False,False,False,False,False,False,False
2026-04-28 09:29:07,2026-03-09 12:25:00,2026-03-09 12:25:00,NQ,BRACKET_MACRO,ROTATION_ILLIQUID,TrendUp,LUNCH_AUCTION,TRANSITION,TRANSITION,NONE,50,100,MACRO_STALE_71824.1MIN,UNCHANGED,0,0.0,0,LUNCH,64.0,LONG,1.0,1.0,1.103665746945211,20.0,3.0,0.0,0.9999206115617496,0.999841223121098,0.00059792790375,10,0.0,1.4553901021171076,1.5530153724871896,0.0167988402831073,0,1,0,24453.75,31.7125,,,,True,MACRO_STALE_71824.1MIN,False,False,False,False,False,False,False,False,False,False,False,False
2026-04-28 09:29:09,2026-04-27 16:00:00,2026-04-27 16:00:00,NQ,BRACKET_MACRO,ROTATION_ILLIQUID,TrendDown,CASH_CLOSE,TRANSITION,TRANSITION,NONE,50,100,MACRO_STALE_1049.1MIN,UNCHANGED,0,0.0,0,CLOSE,74.82,LONG,1.0,0.9782608695652174,0.9584664536741214,225.0,24.0,54.09,0.9871032782134092,0.974206556429824,0.0497181751450541,1,0.0695970695970696,3.944443721423605,2.68370607028754,0.0093682038699604,0,1,0,27444.5,15.65,,,,True,MACRO_STALE_1049.1MIN,False,False,False,False,False,False,False,False,False,False,False,False
2026-04-28 09:30:43,2026-04-28 09:25:00,2026-04-28 09:25:00,NQ,UNRESOLVED,TRANSITION,Balance,PREMARKET_CONTEXT,TRANSITION,TRANSITION,NONE,55,0,OPENING_OR_UNRESOLVED_UNRESOLVED,UNCHANGED,0,0.0,0,PREMARKET,0.0,NONE,0.0,0.0,0.0,0.0,0.0,0.0,0.9999999546125774,0.9999999135131644,5.96589439725833e-07,7,0.0,0.0,0.0,0.0,0,0,0,27140.25,0.0,,,,False,FRESH,False,False,False,False,False,False,False,False,False,False,False,False
2026-04-28 09:37:04,2026-04-28 09:35:00,2026-04-28 09:35:00,NQ,OPENING_AUCTION,ROTATION_ILLIQUID,TrendUp,OPENING_AUCTION,TRANSITION,TRANSITION,NONE,55,20,OPENING_OR_UNRESOLVED_OPENING_AUCTION,UNCHANGED,0,0.0,1,OPEN,0.0,NONE,0.0,0.0,0.0,0.0,0.0,0.0,0.9015632867663262,0.8031265735300794,0.2320102064099908,1,0.0,0.2302387394660156,-0.0030721966205837,0.0008888888888888,0,1,0,27139.5,81.375,,,,False,FRESH,False,False,False,False,False,False,False,False,False,False,False,False
2026-04-28 09:41:54,2026-04-28 09:40:00,2026-04-28 09:40:00,NQ,BALANCE_STRUCTURE,ROTATION_ILLIQUID,TrendUp,EARLY_TEST,ROTATION_ILLIQUID,TRANSITION,NONE,62,30,COMPRESSED_BALANCE_LOW_EDGE,PENDING_ROTATION_ILLIQUID_1_OF_2,1,0.534,1,OPEN,30.84,LONG,0.9464285714285714,0.0,0.3984962406015037,0.0,1.0,0.0,0.513534669945506,0.0270693398929899,0.4997356843197552,1,0.0,0.4520285405322324,0.4060150375939849,0.0678391959798995,0,1,0,27166.75,66.5,,,,False,FRESH,False,False,False,False,False,False,False,False,False,False,False,False
2026-04-28 09:46:42,2026-04-28 09:45:00,2026-04-28 09:45:00,NQ,BALANCE_STRUCTURE,ROTATION_ILLIQUID,TrendDown,FIRST_ACCEPTANCE,TRANSITION,TRANSITION,NONE,50,30,NO_CLEAR_STAGE_C_ALIGNMENT,UNCHANGED,0,1.006,2,EARLY_AM,52.79,LONG,1.0,0.0,1.0297723292469352,5.0,2.0,0.0,0.999998122193518,0.9999962443848276,1.9214875036961512e-05,4,0.0,0.7964371203632671,1.0262697022767076,0.1377527033380348,0,1,0,27213.0,71.375,,,,False,FRESH,False,False,False,False,False,False,False,False,False,False,False,False
2026-04-28 09:51:29,2026-04-28 09:50:00,2026-04-28 09:45:00,NQ,BALANCE_STRUCTURE,ROTATION_ILLIQUID,TrendDown,EARLY_CONTINUATION,TRANSITION,TRANSITION,NONE,50,30,NO_CLEAR_STAGE_C_ALIGNMENT,UNCHANGED,0,0.894,2,EARLY_AM,59.3,LONG,1.0,0.9831460674157304,0.912490650710546,10.0,3.0,0.0,0.99999999965803,0.9999999993175293,5.601329913245532e-09,4,0.0,0.8827944695158615,1.3163799551234108,0.1348659003831417,0,1,0,27227.75,66.85,,,,False,FRESH,False,False,False,False,False,False,False,False,False,False,False,False
2026-04-28 09:51:38,2026-04-28 09:50:00,2026-04-28 09:50:00,NQ,BALANCE_STRUCTURE,ROTATION_ILLIQUID,TrendDown,EARLY_CONTINUATION,TRANSITION,TRANSITION,NONE,50,30,NO_CLEAR_STAGE_C_ALIGNMENT,UNCHANGED,0,0.894,2,EARLY_AM,59.3,LONG,1.0,0.9831460674157304,0.912490650710546,10.0,3.0,0.0,0.999103840307774,0.998207680618619,0.0051824937033524,5,0.0,0.8827944695158615,1.3163799551234108,0.1348659003831417,0,1,0,27227.75,66.85,,,,False,FRESH,False,False,False,False,False,False,False,False,False,False,False,False
2026-04-28 09:56:19,2026-04-28 09:55:00,2026-04-28 09:50:00,NQ,BALANCE_STRUCTURE,ROTATION_ILLIQUID,TrendDown,EARLY_CONTINUATION,ROTATION_ILLIQUID,TRANSITION,NONE,62,20,COMPRESSED_BALANCE_LOW_EDGE,PENDING_ROTATION_ILLIQUID_1_OF_2,1,-0.387,2,EARLY_AM,20.0,NONE,0.4684684684684684,0.3682170542635659,-0.4091803278688525,0.0,0.0,0.0,1.0,0.999999999998914,2.1584403389363605e-11,5,0.0,0.2133744325727743,0.7436065573770492,0.0635294117647058,0,1,0,27187.0,63.54166666666666,,,,False,FRESH,False,False,False,False,False,False,False,False,False,False,False,False
2026-04-28 09:56:29,2026-04-28 09:55:00,2026-04-28 09:55:00,NQ,BALANCE_STRUCTURE,ROTATION_ILLIQUID,TrendDown,EARLY_CONTINUATION,ROTATION_ILLIQUID,ROTATION_ILLIQUID,NONE,62,20,COMPRESSED_BALANCE_LOW_EDGE,LOCKED_AFTER_2_CONFIRMATIONS,0,-0.387,1,EARLY_AM,20.0,NONE,0.4684684684684684,0.3682170542635659,-0.4091803278688525,0.0,0.0,0.0,0.8733676837666534,0.7467353675354693,0.2740647133875578,6,0.0,0.2133744325727743,0.7436065573770492,0.0635294117647058,0,1,0,27187.0,63.54166666666666,,,,False,FRESH,False,False,False,False,False,False,False,False,False,False,False,False
2026-04-28 10:01:06,2026-04-28 10:00:00,2026-04-28 09:55:00,NQ,BALANCE_STRUCTURE,ROTATION_ILLIQUID,TrendUp,PRE_DECISION,ROTATION_ILLIQUID,ROTATION_ILLIQUID,NONE,62,0,COMPRESSED_BALANCE_LOW_EDGE,UNCHANGED,0,-0.39,2,EARLY_AM,18.73,NONE,0.4488888888888889,0.3049040511727079,-0.39453125,0.0,1.0,0.0,0.5562408269758023,0.112481653950666,0.4954270398331344,1,0.0,0.4466501609819602,0.98046875,0.0718168812589413,0,1,0,27202.5,64.0,,,,False,FRESH,False,False,False,False,False,False,False,False,False,False,False,False
2026-04-28 10:01:16,2026-04-28 10:00:00,2026-04-28 10:00:00,NQ,BALANCE_STRUCTURE,ROTATION_ILLIQUID,TrendUp,PRE_DECISION,ROTATION_ILLIQUID,ROTATION_ILLIQUID,NONE,62,0,COMPRESSED_BALANCE_LOW_EDGE,UNCHANGED,0,-0.39,2,EARLY_AM,18.73,NONE,0.4488888888888889,0.3049040511727079,-0.39453125,0.0,1.0,0.0,0.7426396992756321,0.4852793985540586,0.4113684240193859,2,0.0,0.4466501609819602,0.98046875,0.0718168812589413,0,1,0,27202.5,64.0,,,,False,FRESH,False,False,False,False,False,False,False,False,False,False,False,False
2026-04-28 10:05:56,2026-04-28 10:05:00,2026-04-28 10:00:00,NQ,BALANCE_STRUCTURE,ROTATION_ILLIQUID,TrendUp,END_FIRST_WINDOW,ROTATION_ILLIQUID,ROTATION_ILLIQUID,NONE,62,30,COMPRESSED_BALANCE_LOW_EDGE,UNCHANGED,0,-0.024,2,EARLY_AM,9.1,NONE,0.0461538461538461,0.3125,-0.0238213399503722,0.0,0.0,0.0,0.5451132400756411,0.0902264801545832,0.4970598238157001,2,0.0,0.1599143919290595,0.7265508684863523,0.0464467005076142,0,1,0,27185.5,62.96875,,,,False,FRESH,False,False,False,False,False,False,False,False,False,False,False,False
2026-04-28 10:06:06,2026-04-28 10:05:00,2026-04-28 10:05:00,NQ,BALANCE_STRUCTURE,ROTATION_ILLIQUID,TrendUp,END_FIRST_WINDOW,ROTATION_ILLIQUID,ROTATION_ILLIQUID,NONE,62,20,COMPRESSED_BALANCE_LOW_EDGE,UNCHANGED,0,-0.024,1,EARLY_AM,9.1,NONE,0.0461538461538461,0.3125,-0.0238213399503722,0.0,0.0,0.0,0.9993923283907318,0.9987846567846012,0.0036845186794793,3,0.0,0.1599143919290595,0.7265508684863523,0.0464467005076142,0,1,0,27185.5,62.96875,,,,False,FRESH,False,False,False,False,False,False,False,False,False,False,False,False
2026-04-28 10:10:46,2026-04-27 11:05:00,2026-04-27 11:05:00,NQ,BRACKET_MACRO,ROTATION_ILLIQUID,TrendUp,MID_MORNING_DISCOVERY,TRANSITION,TRANSITION,NONE,50,100,MACRO_STALE_1385.8MIN,UNCHANGED,0,0.0,0,POST_IB_AM,0.0,NONE,0.0,0.0,0.0,0.0,0.0,0.0,0.99993148899788,0.9998629779991718,0.0005232853141934,12,0.0,-0.6331706827849902,-1.353546291283162,0.0083197444174514,0,1,0,27340.0,46.175,,,,True,MACRO_STALE_1385.8MIN,False,False,False,False,False,False,False,False,False,False,False,False
2026-04-28 10:10:47,2026-04-28 10:10:00,2026-04-28 10:05:00,NQ,BRACKET_MACRO,ROTATION_ILLIQUID,TrendUp,PRE_IB_MATURATION,TREND_COMPRESSION,TREND_COMPRESSION,LONG,66,0,MICRO_TREND_INSIDE_MACRO_STRUCTURE,LOCKED_IMMEDIATE,0,0.0,0,EARLY_AM,15.84,LONG,0.3732718894009216,0.0452488687782805,0.3360995850622407,0.0,1.0,0.0,0.9418093441899364,0.8836186883764076,0.1601101141151762,3,0.0,0.7368291802500245,1.3775933609958506,0.0762867647058823,0,1,0,27222.75,60.25,,,,False,FRESH,True,False,True,False,False,False,True,False,True,False,True,False
2026-04-28 10:10:56,2026-04-28 10:10:00,2026-04-28 10:10:00,NQ,BRACKET_MACRO,ROTATION_ILLIQUID,TrendUp,PRE_IB_MATURATION,TREND_COMPRESSION,TREND_COMPRESSION,LONG,66,0,MICRO_TREND_INSIDE_MACRO_STRUCTURE,UNCHANGED,0,0.0,0,EARLY_AM,15.84,LONG,0.3732718894009216,0.0452488687782805,0.3360995850622407,0.0,1.0,0.0,0.9978045926300596,0.99560918526226,0.0112760577461305,4,0.0,0.7368291802500245,1.3775933609958506,0.0762867647058823,0,1,0,27222.75,60.25,,,,False,FRESH,True,False,True,False,False,False,True,False,True,False,True,False
2026-04-28 10:15:34,2026-04-28 10:15:00,2026-04-28 10:10:00,NQ,BRACKET_MACRO,ROTATION_ILLIQUID,TrendUp,PRE_IB_MATURATION,TREND_COMPRESSION,TREND_COMPRESSION,LONG,66,0,MICRO_TREND_INSIDE_MACRO_STRUCTURE,UNCHANGED,0,0.0,0,EARLY_AM,17.38,LONG,0.3545454545454545,0.2057142857142857,0.3412073490813648,5.0,2.0,0.0,0.9958447231116732,0.9916894462217912,0.0194270271547647,4,0.0,0.4370074059243418,1.141732283464567,0.0555555555555555,0,1,0,27205.0,57.15,,,,False,FRESH,True,False,True,False,False,False,True,False,True,False,True,False
2026-04-28 10:15:44,2026-04-28 10:15:00,2026-04-28 10:15:00,NQ,BRACKET_MACRO,ROTATION_ILLIQUID,TrendUp,PRE_IB_MATURATION,TREND_COMPRESSION,TREND_COMPRESSION,LONG,66,0,MICRO_TREND_INSIDE_MACRO_STRUCTURE,UNCHANGED,0,0.0,0,EARLY_AM,17.38,LONG,0.3545454545454545,0.2057142857142857,0.3412073490813648,5.0,2.0,0.0,0.9995786892782887,0.9991573785537706,0.0026658897042245,5,0.0,0.4370074059243418,1.141732283464567,0.0555555555555555,0,1,0,27205.0,57.15,,,,False,FRESH,True,False,True,False,False,False,True,False,True,False,True,False
2026-04-28 10:22:02,2026-04-28 10:20:00,2026-04-28 10:20:00,NQ,BRACKET_MACRO,ROTATION_ILLIQUID,TrendUp,PRE_IB_MATURATION,TRANSITION,TRANSITION,NONE,50,30,NO_CLEAR_STAGE_C_ALIGNMENT,LOCKED_IMMEDIATE,0,-0.654,0,EARLY_AM,32.75,NONE,1.0,0.1924119241192411,-0.6677316293929713,0.0,0.0,0.0,0.9986457855434844,0.9972915710872656,0.0074278973039892,6,0.0,0.0623155784681071,0.7907348242811502,0.0353634577603143,0,1,0,27184.75,56.90909090909091,,,,False,FRESH,False,False,False,False,False,False,False,False,False,False,False,False
2026-04-28 10:26:52,2026-04-28 10:25:00,2026-04-28 10:25:00,NQ,MEAN_REVERSION_MACRO,ROTATION_ILLIQUID,TrendUp,NEAR_IB_CONDITION,TRANSITION,TRANSITION,NONE,55,60,HIGH_CONFLICT_STAGE_A_B_OR_PRICE_ACTION,UNCHANGED,0,-0.683,0,EARLY_AM,17.87,SHORT,1.0,0.2010723860589812,-0.707787201233616,0.0,1.0,0.0,0.981192646548511,0.9623852930948176,0.067345388963154,7,0.0,-0.2680375615270189,0.4996144949884348,0.0199078341013824,1,1,0,27166.75,54.04166666666666,,,,False,FRESH,False,False,False,False,False,False,False,False,False,False,False,False
2026-04-28 10:31:42,2026-04-28 10:30:00,2026-04-28 10:30:00,NQ,MEAN_REVERSION_MACRO,ROTATION_ILLIQUID,TrendUp,NEAR_IB_CONDITION,ROTATION_ILLIQUID,TRANSITION,NONE,62,50,COMPRESSED_BALANCE_LOW_EDGE,PENDING_ROTATION_ILLIQUID_1_OF_2,1,-0.296,0,EARLY_AM,20.77,SHORT,0.8227848101265823,0.9393939393939394,-0.3024337866857551,0.0,0.0,0.0,0.9979850447670784,0.9959700895345804,0.0104740164502304,8,0.0,-0.2215722082376512,0.535075161059413,0.0196749358426005,1,1,0,27168.5,53.73076923076923,,,,False,FRESH,False,False,False,False,False,False,False,False,False,False,False,False
2026-04-28 10:36:35,2026-04-28 10:35:00,2026-04-28 10:30:00,NQ,MEAN_REVERSION_MACRO,ROTATION_ILLIQUID,TrendUp,POST_IB_MACRO,TRANSITION,TRANSITION,NONE,52,50,HMM_TRANSITION_OR_RETURN_TO_OPEN,UNCHANGED,0,-0.407,0,POST_IB_AM,25.74,SHORT,0.8627450980392157,0.9450980392156862,-0.4045977011494253,0.0,1.0,0.0,0.937680242654294,0.8753604853076051,0.1682927389883488,8,0.0,-0.6333938720468807,0.0919540229885057,0.0031897926634768,1,1,0,27144.75,54.375,,,,False,FRESH,False,False,False,False,False,False,False,False,False,False,False,False
2026-04-28 10:36:45,2026-04-28 10:35:00,2026-04-28 10:35:00,NQ,MEAN_REVERSION_MACRO,ROTATION_ILLIQUID,TrendDown,POST_IB_MACRO,TRANSITION,TRANSITION,NONE,52,50,HMM_TRANSITION_OR_RETURN_TO_OPEN,UNCHANGED,0,-0.407,1,POST_IB_AM,25.74,SHORT,0.8627450980392157,0.9450980392156862,-0.4045977011494253,0.0,1.0,0.0,0.7057927836982217,0.4115855673953434,0.4370470746451499,1,0.0,-0.6333938720468807,0.0919540229885057,0.0031897926634768,1,1,0,27144.75,54.375,,,,False,FRESH,False,False,False,False,False,False,False,False,False,False,False,False
2026-04-28 10:44:43,2026-04-27 11:05:00,2026-04-27 11:05:00,NQ,BRACKET_MACRO,ROTATION_ILLIQUID,TrendUp,MID_MORNING_DISCOVERY,TRANSITION,TRANSITION,NONE,50,100,MACRO_STALE_1419.7MIN,UNCHANGED,0,0.0,0,POST_IB_AM,0.0,NONE,0.0,0.0,0.0,0.0,0.0,0.0,0.99993148899788,0.9998629779991718,0.0005232853141934,12,0.0,-0.6331706827849902,-1.353546291283162,0.0083197444174514,0,1,0,27340.0,46.175,,,,True,MACRO_STALE_1419.7MIN,False,False,False,False,False,False,False,False,False,False,False,False
2026-04-28 10:44:44,2026-04-28 10:35:00,2026-04-28 10:35:00,NQ,MEAN_REVERSION_MACRO,ROTATION_ILLIQUID,TrendDown,POST_IB_MACRO,TRANSITION,TRANSITION,NONE,52,50,HMM_TRANSITION_OR_RETURN_TO_OPEN,UNCHANGED,0,0.0,0,POST_IB_AM,25.31,SHORT,0.8627450980392157,0.9450980392156862,-0.3810702134240643,0.0,1.0,0.0,1.0,1.0,2.284859637704338e-25,1,0.0,-0.5965618126763846,0.0866068666872873,0.0031897926634768,1,1,0,27144.75,57.73214285714285,,,,False,FRESH,False,False,False,False,False,False,False,False,False,False,False,False
2026-04-28 10:46:18,2026-04-01 12:15:00,2026-04-01 12:15:00,NQ,BRACKET_MACRO,TREND_EXPANSION,TrendUp,LUNCH_AUCTION,TRANSITION,TRANSITION,NONE,50,100,MACRO_STALE_38791.3MIN,UNCHANGED,0,0.0,0,LUNCH,74.0,NONE,1.0,0.1076923076923077,-1.030195381882771,90.0,10.0,0.0,0.9999236593394772,0.9998473186795171,0.000577128854453,18,1.1547169811320754,1.8764024864142448,6.678507992895204,0.0869967607589079,0,1,0,24167.25,21.1125,,,,True,MACRO_STALE_38791.3MIN,False,False,False,False,False,False,False,False,False,False,False,False
2026-04-28 10:46:20,2026-04-28 10:45:00,2026-04-28 10:40:00,NQ,MEAN_REVERSION_MACRO,ROTATION_ILLIQUID,TrendDown,POST_IB_MACRO,TRANSITION,TRANSITION,NONE,52,30,HMM_TRANSITION_OR_RETURN_TO_OPEN,UNCHANGED,0,0.0,0,POST_IB_AM,44.05,SHORT,1.0,0.9595375722543352,-1.2047377326565143,10.0,2.0,0.0,1.0,0.999999999999703,5.9187766009016224e-12,2,0.0,-1.1184841765667188,-0.6858432036097011,0.0203480589022757,1,1,0,27101.75,55.40625,,,,False,FRESH,False,False,False,False,False,False,False,False,False,False,False,False
2026-04-28 10:46:28,2026-04-28 10:45:00,2026-04-28 10:45:00,NQ,MEAN_REVERSION_MACRO,ROTATION_ILLIQUID,TrendDown,POST_IB_MACRO,TRANSITION,TRANSITION,NONE,52,30,HMM_TRANSITION_OR_RETURN_TO_OPEN,UNCHANGED,0,0.0,0,POST_IB_AM,44.05,SHORT,1.0,0.9595375722543352,-1.2047377326565143,10.0,2.0,0.0,0.9738943129677212,0.947788625934863,0.0872346305207595,3,0.0,-1.1184841765667188,-0.6858432036097011,0.0203480589022757,1,1,0,27101.75,55.40625,,,,False,FRESH,False,False,False,False,False,False,False,False,False,False,False,False
2026-04-28 10:49:34,2026-04-27 11:05:00,2026-04-27 11:05:00,NQ,BRACKET_MACRO,ROTATION_ILLIQUID,TrendUp,MID_MORNING_DISCOVERY,TRANSITION,TRANSITION,NONE,50,100,MACRO_STALE_1424.6MIN,UNCHANGED,0,0.0,0,POST_IB_AM,0.0,NONE,0.0,0.0,0.0,0.0,0.0,0.0,0.99993148899788,0.9998629779991718,0.0005232853141934,12,0.0,-0.6331706827849902,-1.353546291283162,0.0083197444174514,0,1,0,27340.0,46.175,,,,True,MACRO_STALE_1424.6MIN,False,False,False,False,False,False,False,False,False,False,False,False
2026-04-28 10:49:35,2026-04-28 10:45:00,2026-04-28 10:45:00,NQ,MEAN_REVERSION_MACRO,ROTATION_ILLIQUID,TrendDown,POST_IB_MACRO,TRANSITION,TRANSITION,NONE,52,30,HMM_TRANSITION_OR_RETURN_TO_OPEN,UNCHANGED,0,0.0,0,POST_IB_AM,43.59,SHORT,1.0,0.9595375722543352,-1.162448979591837,10.0,2.0,0.0,0.9573410579910484,0.9146821159832224,0.1271766291255794,3,0.0,-1.0792230993484584,-0.6617687074829932,0.0203480589022757,1,1,0,27101.75,57.421875,,,,False,FRESH,False,False,False,False,False,False,False,False,False,False,False,False
2026-04-28 10:54:24,2026-03-09 12:25:00,2026-03-09 12:25:00,NQ,BRACKET_MACRO,ROTATION_ILLIQUID,TrendUp,LUNCH_AUCTION,TRANSITION,TRANSITION,NONE,50,100,MACRO_STALE_71909.4MIN,UNCHANGED,0,0.0,0,LUNCH,64.0,LONG,1.0,1.0,1.103665746945211,20.0,3.0,0.0,0.9999206115617496,0.999841223121098,0.00059792790375,10,0.0,1.4553901021171076,1.5530153724871896,0.0167988402831073,0,1,0,24453.75,31.7125,,,,True,MACRO_STALE_71909.4MIN,False,False,False,False,False,False,False,False,False,False,False,False
2026-04-28 10:54:25,2026-04-28 10:45:00,2026-04-28 10:45:00,NQ,MEAN_REVERSION_MACRO,ROTATION_ILLIQUID,TrendDown,POST_IB_MACRO,TRANSITION,TRANSITION,NONE,52,30,HMM_TRANSITION_OR_RETURN_TO_OPEN,UNCHANGED,0,0.0,0,POST_IB_AM,43.59,SHORT,1.0,0.9595375722543352,-1.162448979591837,10.0,2.0,0.0,0.999273783916629,0.9985475678310168,0.0043099053036761,3,0.0,-1.0792230993484584,-0.6617687074829932,0.0203480589022757,1,1,0,27101.75,57.421875,,,,False,FRESH,False,False,False,False,False,False,False,False,False,False,False,False
2026-04-28 10:56:01,2026-04-28 10:55:00,2026-04-28 10:50:00,NQ,BRACKET_MACRO,ROTATION_ILLIQUID,TrendDown,POST_IB_MACRO,TREND_COMPRESSION,TREND_COMPRESSION,SHORT,72,0,DEVELOPING_INITIATIVE_PHASE_AWARE,LOCKED_IMMEDIATE,0,0.0,0,POST_IB_AM,76.58,SHORT,1.0,0.9753954305799648,-2.08223928659896,20.0,3.0,0.0,0.9999423353839326,0.9998846707681616,0.0004476102662285,4,0.219047619047619,-2.1781323012306566,-1.993064156551895,0.0518621649843369,0,1,0,27028.0,56.06944444444444,,,,False,FRESH,True,False,True,False,False,False,True,False,False,True,False,True
2026-04-28 10:56:11,2026-04-28 10:55:00,2026-04-28 10:55:00,NQ,BRACKET_MACRO,ROTATION_ILLIQUID,TrendUp,POST_IB_MACRO,TREND_COMPRESSION,TREND_COMPRESSION,SHORT,72,20,DEVELOPING_INITIATIVE_PHASE_AWARE,UNCHANGED,0,0.0,1,POST_IB_AM,76.58,SHORT,1.0,0.9753954305799648,-2.08223928659896,20.0,3.0,0.0,0.5551206495304408,0.1102412990639506,0.4956077578845986,1,0.219047619047619,-2.1781323012306566,-1.993064156551895,0.0518621649843369,0,1,0,27028.0,56.06944444444444,,,,False,FRESH,True,False,True,False,False,False,True,False,False,True,False,True
2026-04-28 10:59:17,2026-03-09 12:25:00,2026-03-09 12:25:00,NQ,BRACKET_MACRO,ROTATION_ILLIQUID,TrendUp,LUNCH_AUCTION,TRANSITION,TRANSITION,NONE,50,100,MACRO_STALE_71914.3MIN,UNCHANGED,0,0.0,0,LUNCH,64.0,LONG,1.0,1.0,1.103665746945211,20.0,3.0,0.0,0.9999206115617496,0.999841223121098,0.00059792790375,10,0.0,1.4553901021171076,1.5530153724871896,0.0167988402831073,0,1,0,24453.75,31.7125,,,,True,MACRO_STALE_71914.3MIN,False,False,False,False,False,False,False,False,False,False,False,False
2026-04-28 10:59:18,2026-04-28 10:55:00,2026-04-28 10:55:00,NQ,BRACKET_MACRO,ROTATION_ILLIQUID,TrendDown,POST_IB_MACRO,TREND_COMPRESSION,TREND_COMPRESSION,SHORT,72,0,DEVELOPING_INITIATIVE_PHASE_AWARE,LOCKED_IMMEDIATE,0,0.0,0,POST_IB_AM,76.58,SHORT,1.0,0.9753954305799648,-2.008122312470139,20.0,3.0,0.0,0.7530667122332142,0.5061334244671084,0.4031906097490811,5,0.219047619047619,-2.1006020305944006,-1.9221213569039657,0.0518621649843369,0,1,0,27028.0,58.138888888888886,,,,False,FRESH,True,False,True,False,False,False,True,False,False,True,False,True
2026-04-28 11:05:42,2026-04-28 11:05:00,2026-04-28 11:00:00,NQ,BRACKET_MACRO,ROTATION_ILLIQUID,TrendDown,MID_MORNING_DISCOVERY,TRANSITION,TRANSITION,NONE,50,0,NO_CLEAR_STAGE_C_ALIGNMENT,LOCKED_IMMEDIATE,0,0.0,0,POST_IB_AM,54.6,SHORT,0.1368015414258188,0.4300254452926209,-0.3110624315443592,30.0,4.0,0.0,0.9999651324873208,0.9999302649728804,0.0002833059949722,6,0.0,-1.0024392847462658,-0.976998904709748,0.0228624154193151,0,1,0,27084.0,57.0625,,,,False,FRESH,False,False,False,False,False,False,False,False,False,False,False,False
2026-04-28 11:05:52,2026-04-28 11:05:00,2026-04-28 11:05:00,NQ,BRACKET_MACRO,ROTATION_ILLIQUID,TrendDown,MID_MORNING_DISCOVERY,TRANSITION,TRANSITION,NONE,50,0,NO_CLEAR_STAGE_C_ALIGNMENT,UNCHANGED,0,0.0,0,POST_IB_AM,54.6,SHORT,0.1368015414258188,0.4300254452926209,-0.3110624315443592,30.0,4.0,0.0,0.998393331483922,0.9967866629701926,0.0086143520100369,7,0.0,-1.0024392847462658,-0.976998904709748,0.0228624154193151,0,1,0,27084.0,57.0625,,,,False,FRESH,False,False,False,False,False,False,False,False,False,False,False,False
2026-04-28 11:16:55,2026-04-28 11:15:00,2026-04-28 11:15:00,NQ,BRACKET_MACRO,ROTATION_ILLIQUID,TrendUp,MID_MORNING_DISCOVERY,TRANSITION,TRANSITION,NONE,50,30,NO_CLEAR_STAGE_C_ALIGNMENT,UNCHANGED,0,1.2,1,POST_IB_AM,68.5,NONE,1.0,0.2638700947225981,1.2420091324200913,40.0,5.0,0.0,0.996308657514922,0.9926173150313234,0.0175738682581715,2,0.0,-0.7288035763794137,-0.7990867579908676,0.0164288396545249,0,1,0,27096.0,54.75,,,,False,FRESH,False,False,False,False,False,False,False,False,False,False,False,False
2026-04-28 11:20:06,2026-03-09 12:25:00,2026-03-09 12:25:00,NQ,BRACKET_MACRO,ROTATION_ILLIQUID,TrendUp,LUNCH_AUCTION,TRANSITION,TRANSITION,NONE,50,100,MACRO_STALE_71935.1MIN,UNCHANGED,0,0.0,0,LUNCH,64.0,LONG,1.0,1.0,1.103665746945211,20.0,3.0,0.0,0.9999206115617496,0.999841223121098,0.00059792790375,10,0.0,1.4553901021171076,1.5530153724871896,0.0167988402831073,0,1,0,24453.75,31.7125,,,,True,MACRO_STALE_71935.1MIN,False,False,False,False,False,False,False,False,False,False,False,False
2026-04-28 11:20:07,2026-04-28 11:15:00,2026-04-28 11:15:00,NQ,BRACKET_MACRO,ROTATION_ILLIQUID,TrendUp,MID_MORNING_DISCOVERY,TRANSITION,TRANSITION,NONE,50,20,NO_CLEAR_STAGE_C_ALIGNMENT,UNCHANGED,0,0.0,0,POST_IB_AM,68.44,NONE,1.0,0.2638700947225981,1.232721504645366,40.0,5.0,0.0,0.9948661460571518,0.9897322921119216,0.0232171547887086,2,0.0,-0.723353651607032,-0.7931112621799229,0.0164288396545249,0,1,0,27096.0,55.1625,,,,False,FRESH,False,False,False,False,False,False,False,False,False,False,False,False
2026-04-28 11:26:33,2026-04-28 11:25:00,2026-04-28 11:20:00,NQ,BRACKET_MACRO,ROTATION_ILLIQUID,TrendUp,MID_MORNING_DISCOVERY,TRANSITION,TRANSITION,NONE,50,20,NO_CLEAR_STAGE_C_ALIGNMENT,UNCHANGED,0,0.0,0,POST_IB_AM,54.91,SHORT,0.4866310160427807,0.2294617563739376,-0.4327151688064669,50.0,6.0,0.0,0.5760131534122676,0.1520263068275377,0.4916316983590443,3,0.0380952380952381,-1.3640292429120844,-1.493105087969567,0.027433164424253,0,1,0,27061.25,52.575,,,,False,FRESH,False,False,False,False,False,False,False,False,False,False,False,False
2026-04-28 11:26:42,2026-04-28 11:25:00,2026-04-28 11:25:00,NQ,BRACKET_MACRO,ROTATION_ILLIQUID,TrendUp,MID_MORNING_DISCOVERY,TRANSITION,TRANSITION,NONE,50,20,NO_CLEAR_STAGE_C_ALIGNMENT,UNCHANGED,0,0.0,0,POST_IB_AM,54.91,SHORT,0.4866310160427807,0.2294617563739376,-0.4327151688064669,50.0,6.0,0.0,0.9945185015511993,0.9890370030997232,0.0245295621882459,4,0.0380952380952381,-1.3640292429120844,-1.493105087969567,0.027433164424253,0,1,0,27061.25,52.575,,,,False,FRESH,False,False,False,False,False,False,False,False,False,False,False,False
2026-04-28 11:36:19,2026-04-28 11:35:00,2026-04-28 11:30:00,NQ,BRACKET_MACRO,ROTATION_ILLIQUID,TrendUp,MID_MORNING_DISCOVERY,TREND_COMPRESSION,TREND_COMPRESSION,SHORT,72,30,DEVELOPING_INITIATIVE_PHASE_AWARE,LOCKED_IMMEDIATE,0,-1.402,0,POST_IB_AM,76.91,SHORT,1.0,0.0371681415929203,-1.4964249233912157,60.0,7.0,0.0,0.7078013010368628,0.4156026020710215,0.4357722700143941,5,0.2476190476190476,-2.151480011442102,-2.390194075587334,0.0384457405734001,0,1,0,27022.75,48.95,,,,False,FRESH,True,False,True,False,False,False,True,False,False,True,False,True
2026-04-28 11:36:30,2026-04-28 11:35:00,2026-04-28 11:35:00,NQ,BRACKET_MACRO,ROTATION_ILLIQUID,TrendUp,MID_MORNING_DISCOVERY,TREND_COMPRESSION,TREND_COMPRESSION,SHORT,72,30,DEVELOPING_INITIATIVE_PHASE_AWARE,UNCHANGED,0,-1.402,0,POST_IB_AM,76.91,SHORT,1.0,0.0371681415929203,-1.4964249233912157,60.0,7.0,0.0,0.9882664876770784,0.976532975354639,0.0460388940921565,6,0.2476190476190476,-2.151480011442102,-2.390194075587334,0.0384457405734001,0,1,0,27022.75,48.95,,,,False,FRESH,True,False,True,False,False,False,True,False,False,True,False,True
2026-04-28 11:41:12,2026-03-09 12:25:00,2026-03-09 12:25:00,NQ,BRACKET_MACRO,ROTATION_ILLIQUID,TrendUp,LUNCH_AUCTION,TRANSITION,TRANSITION,NONE,50,100,MACRO_STALE_71956.2MIN,UNCHANGED,0,0.0,0,LUNCH,64.0,LONG,1.0,1.0,1.103665746945211,20.0,3.0,0.0,0.9999206115617496,0.999841223121098,0.00059792790375,10,0.0,1.4553901021171076,1.5530153724871896,0.0167988402831073,0,1,0,24453.75,31.7125,,,,True,MACRO_STALE_71956.2MIN,False,False,False,False,False,False,False,False,False,False,False,False
2026-04-28 11:41:13,2026-04-28 11:35:00,2026-04-28 11:35:00,NQ,BRACKET_MACRO,ROTATION_ILLIQUID,TrendUp,MID_MORNING_DISCOVERY,TREND_COMPRESSION,TREND_COMPRESSION,SHORT,72,20,DEVELOPING_INITIATIVE_PHASE_AWARE,LOCKED_IMMEDIATE,0,0.0,0,POST_IB_AM,76.91,SHORT,1.0,0.0371681415929203,-1.4490603363006924,60.0,7.0,0.0,0.9771892807484744,0.9543785614997335,0.0784718199735658,6,0.2476190476190476,-2.083381732148188,-2.314540059347181,0.0384457405734001,0,1,0,27022.75,50.55,,,,False,FRESH,True,False,True,False,False,False,True,False,False,True,False,True
2026-04-28 11:45:59,2026-04-28 11:45:00,2026-04-28 11:40:00,NQ,BRACKET_MACRO,ROTATION_ILLIQUID,TrendUp,MID_MORNING_DISCOVERY,TRANSITION,TRANSITION,NONE,50,20,NO_CLEAR_STAGE_C_ALIGNMENT,LOCKED_IMMEDIATE,0,0.0,0,POST_IB_AM,59.11,SHORT,0.4325581395348837,0.4577114427860697,-0.4898604161179879,70.0,8.0,0.0,0.9994627860903212,0.9989255721810176,0.0033050804985448,7,0.164625850340136,-1.8199387422432545,-2.14379773505399,0.0317547007880159,0,1,0,27038.0,47.4625,,,,False,FRESH,False,False,False,False,False,False,False,False,False,False,False,False
2026-04-28 11:46:08,2026-04-28 11:45:00,2026-04-28 11:45:00,NQ,BRACKET_MACRO,ROTATION_ILLIQUID,TrendUp,MID_MORNING_DISCOVERY,TRANSITION,TRANSITION,NONE,50,20,NO_CLEAR_STAGE_C_ALIGNMENT,UNCHANGED,0,0.0,0,POST_IB_AM,59.11,SHORT,0.4325581395348837,0.4577114427860697,-0.4898604161179879,70.0,8.0,0.0,0.998987417669986,0.9979748353380344,0.0057665092703094,8,0.164625850340136,-1.8199387422432545,-2.14379773505399,0.0317547007880159,0,1,0,27038.0,47.4625,,,,False,FRESH,False,False,False,False,False,False,False,False,False,False,False,False
2026-04-28 11:50:47,2026-03-09 12:25:00,2026-03-09 12:25:00,NQ,BRACKET_MACRO,ROTATION_ILLIQUID,TrendUp,LUNCH_AUCTION,TRANSITION,TRANSITION,NONE,50,100,MACRO_STALE_71965.8MIN,UNCHANGED,0,0.0,0,LUNCH,64.0,LONG,1.0,1.0,1.103665746945211,20.0,3.0,0.0,0.9999206115617496,0.999841223121098,0.00059792790375,10,0.0,1.4553901021171076,1.5530153724871896,0.0167988402831073,0,1,0,24453.75,31.7125,,,,True,MACRO_STALE_71965.8MIN,False,False,False,False,False,False,False,False,False,False,False,False
2026-04-28 11:50:48,2026-04-28 11:45:00,2026-04-28 11:45:00,NQ,BRACKET_MACRO,ROTATION_ILLIQUID,TrendUp,MID_MORNING_DISCOVERY,TRANSITION,TRANSITION,NONE,50,20,NO_CLEAR_STAGE_C_ALIGNMENT,UNCHANGED,0,0.0,0,POST_IB_AM,58.64,SHORT,0.4325581395348837,0.4577114427860697,-0.4765564950038432,70.0,8.0,0.0,0.9996595640053152,0.9993191280096176,0.0022064981566036,8,0.164625850340136,-1.7705117612855843,-2.085575198565206,0.0317547007880159,0,1,0,27038.0,48.7875,,,,False,FRESH,False,False,False,False,False,False,False,False,False,False,False,False
2026-04-28 11:55:38,2026-04-28 11:55:00,2026-04-28 11:50:00,NQ,BRACKET_MACRO,ROTATION_ILLIQUID,TrendUp,MID_MORNING_DISCOVERY,TRANSITION,TRANSITION,NONE,50,20,NO_CLEAR_STAGE_C_ALIGNMENT,UNCHANGED,0,0.0,0,POST_IB_AM,75.89,NONE,1.0,0.6414565826330533,0.3349908400942161,80.0,9.0,0.0,0.9988858419834716,0.9977716839689372,0.0062680978310933,9,0.1605442176870748,-1.7265452605358702,-2.11462967809474,0.0300617605476597,0,1,0,27038.75,47.7625,,,,False,FRESH,False,False,False,False,False,False,False,False,False,False,False,False
2026-04-28 11:55:47,2026-04-28 11:55:00,2026-04-28 11:55:00,NQ,BRACKET_MACRO,ROTATION_ILLIQUID,TrendUp,MID_MORNING_DISCOVERY,TRANSITION,TRANSITION,NONE,50,20,NO_CLEAR_STAGE_C_ALIGNMENT,UNCHANGED,0,0.0,0,POST_IB_AM,75.89,NONE,1.0,0.6414565826330533,0.3349908400942161,80.0,9.0,0.0,0.9994459041278192,0.9988918082549144,0.0033965722464252,10,0.1605442176870748,-1.7265452605358702,-2.11462967809474,0.0300617605476597,0,1,0,27038.75,47.7625,,,,False,FRESH,False,False,False,False,False,False,False,False,False,False,False,False
2026-04-28 12:05:35,2026-04-28 12:05:00,2026-04-28 12:00:00,NQ,BRACKET_MACRO,ROTATION_ILLIQUID,TrendUp,LUNCH_AUCTION,TRANSITION,TRANSITION,NONE,50,35,NO_CLEAR_STAGE_C_ALIGNMENT,UNCHANGED,0,0.517,0,LUNCH,55.67,NONE,1.0,0.019108280254777,0.5251989389920424,90.0,10.0,0.0,0.9836479506923091,0.9672959013835548,0.0602182157599678,11,0.0299319727891156,-1.188737817697038,-1.63395225464191,0.0219639164230193,0,1,0,27062.75,47.125,,,,False,FRESH,False,False,False,False,False,False,False,False,False,False,False,False
2026-04-28 12:05:44,2026-04-28 12:05:00,2026-04-28 12:05:00,NQ,BRACKET_MACRO,ROTATION_ILLIQUID,TrendUp,LUNCH_AUCTION,TRANSITION,TRANSITION,NONE,50,35,NO_CLEAR_STAGE_C_ALIGNMENT,UNCHANGED,0,0.517,0,LUNCH,55.67,NONE,1.0,0.019108280254777,0.5251989389920424,90.0,10.0,0.0,0.996676774728605,0.993353549457944,0.0160736021407484,12,0.0299319727891156,-1.188737817697038,-1.63395225464191,0.0219639164230193,0,1,0,27062.75,47.125,,,,False,FRESH,False,False,False,False,False,False,False,False,False,False,False,False
2026-04-28 12:16:46,2026-04-27 14:35:00,2026-04-27 14:35:00,NQ,MEAN_REVERSION_MACRO,ROTATION_ILLIQUID,TrendUp,AFTERNOON_TREND_TEST,TRANSITION,TRANSITION,NONE,50,100,MACRO_STALE_1301.8MIN,UNCHANGED,0,0.0,0,PM,28.93,NONE,0.5,0.0120481927710843,-0.3295880149812734,140.0,15.0,50.0,0.9998957873639605,0.9997915747283236,0.000764441473586,15,0.0,2.9313334566532294,1.303370786516854,0.0056434872859366,1,1,0,27424.25,16.6875,,,,True,MACRO_STALE_1301.8MIN,False,False,False,False,False,False,False,False,False,False,False,False
2026-04-28 12:16:48,2026-04-28 12:15:00,2026-04-28 12:15:00,NQ,BRACKET_MACRO,ROTATION_ILLIQUID,TrendUp,LUNCH_AUCTION,TRANSITION,TRANSITION,NONE,50,35,NO_CLEAR_STAGE_C_ALIGNMENT,UNCHANGED,0,0.0,0,LUNCH,62.69,NONE,1.0,1.0,0.7390165842304336,100.0,11.0,0.0,0.9990165961938524,0.9980331923881572,0.0056210938051693,14,0.0,-1.087995950833793,-1.6118708175734653,0.0189362865736942,0,1,0,27070.5,42.9625,,,,False,FRESH,False,False,False,False,False,False,False,False,False,False,False,False
2026-04-28 12:26:36,2026-04-28 12:25:00,2026-04-28 12:25:00,NQ,BRACKET_MACRO,ROTATION_ILLIQUID,TrendUp,LUNCH_AUCTION,TRANSITION,TRANSITION,NONE,50,35,NO_CLEAR_STAGE_C_ALIGNMENT,UNCHANGED,0,0.0,0,LUNCH,60.77,NONE,1.0,1.0,0.4137931034482758,110.0,12.0,0.0,0.99971421851996,0.9994284370364362,0.0018883424180439,16,0.0,-0.9228162294917712,-1.5172413793103448,0.0160286130613326,0,1,0,27079.25,39.875,,,,False,FRESH,False,False,False,False,False,False,False,False,False,False,False,False
2026-04-28 12:36:24,2026-04-28 12:35:00,2026-04-28 12:30:00,NQ,BRACKET_MACRO,ROTATION_ILLIQUID,TrendUp,LUNCH_AUCTION,TRANSITION,TRANSITION,NONE,50,45,NO_CLEAR_STAGE_C_ALIGNMENT,UNCHANGED,0,-0.766,0,LUNCH,52.09,SHORT,0.6335078534031413,0.0188679245283018,-0.8497191011235955,120.0,13.0,0.0,0.99914777245988,0.9982955449164376,0.0049593480607809,17,0.1523809523809524,-2.0914381458481053,-2.794943820224719,0.0255128205128205,0,1,0,27040.25,35.6,,,,False,FRESH,False,False,False,False,False,False,False,False,False,False,False,False
2026-04-28 12:36:34,2026-04-28 12:35:00,2026-04-28 12:35:00,NQ,BRACKET_MACRO,ROTATION_ILLIQUID,TrendUp,LUNCH_AUCTION,TRANSITION,TRANSITION,NONE,50,45,NO_CLEAR_STAGE_C_ALIGNMENT,UNCHANGED,0,-0.766,0,LUNCH,52.09,SHORT,0.6335078534031413,0.0188679245283018,-0.8497191011235955,120.0,13.0,0.0,0.9867540240844632,0.973508048168716,0.0508075876257868,18,0.1523809523809524,-2.0914381458481053,-2.794943820224719,0.0255128205128205,0,1,0,27040.25,35.6,,,,False,FRESH,False,False,False,False,False,False,False,False,False,False,False,False
2026-04-28 12:39:38,2026-02-13 14:55:00,2026-02-13 14:55:00,NQ,BRACKET_MACRO,ROTATION_LIQUID,TrendDown,AFTERNOON_TREND_TEST,TRANSITION,TRANSITION,NONE,50,100,MACRO_STALE_106424.6MIN,UNCHANGED,0,0.0,0,PM,17.01,LONG,0.5675675675675675,0.2883435582822086,0.137863121614968,0.0,0.0,0.79,0.9999998062048876,0.9999996124112512,2.3004933832907835e-06,25,0.5979381443298969,0.0148397987943572,-0.8829804693911046,0.0114805172634543,0,1,0,24730.5,76.1625,,,,True,MACRO_STALE_106424.6MIN,False,False,False,False,False,False,False,False,False,False,False,False
2026-04-28 12:39:40,2026-04-28 12:35:00,2026-04-28 12:35:00,NQ,BRACKET_MACRO,ROTATION_ILLIQUID,TrendUp,LUNCH_AUCTION,TRANSITION,TRANSITION,NONE,50,35,NO_CLEAR_STAGE_C_ALIGNMENT,UNCHANGED,0,0.0,0,LUNCH,51.85,SHORT,0.6335078534031413,0.0188679245283018,-0.8365019011406843,120.0,13.0,0.0,0.9937985716105596,0.9875971432215293,0.0271975924294535,18,0.1523809523809524,-2.05890627009174,-2.751469063256136,0.0255128205128205,0,1,0,27040.25,36.1625,,,,False,FRESH,False,False,False,False,False,False,False,False,False,False,False,False
2026-04-28 13:02:25,2026-04-28 12:55:00,2026-04-28 12:40:00,NQ,BRACKET_MACRO,ROTATION_ILLIQUID,TrendUp,LUNCH_AUCTION,TRANSITION,TRANSITION,NONE,50,35,NO_CLEAR_STAGE_C_ALIGNMENT,UNCHANGED,0,0.0,0,LUNCH,62.95,NONE,1.0,0.5757575757575758,0.052102716784518,140.0,15.0,0.0,0.9966666432413316,0.99333328648145,0.0161152739349386,19,0.1428571428571428,-2.1275234580420634,-2.91030889467808,0.0245556741820008,0,1,0,27042.0,33.5875,,,,False,FRESH,False,False,False,False,False,False,False,False,False,False,False,False
2026-04-28 13:05:39,2026-04-28 13:05:00,2026-04-28 13:00:00,NQ,BRACKET_MACRO,ROTATION_ILLIQUID,TrendDown,POST_LUNCH_ROTATION,TREND_COMPRESSION,TREND_COMPRESSION,SHORT,66,15,MICRO_TREND_INSIDE_MACRO_STRUCTURE,LOCKED_IMMEDIATE,0,0.567,1,LUNCH,58.29,NONE,1.0,0.3448275862068966,0.5614320585842147,150.0,16.0,0.0,0.9101715912933344,0.8203431825835195,0.2179484041122646,1,0.0489795918367346,-1.7457608043073278,-2.620016273393002,0.0198814522104223,0,1,0,27059.25,30.725,,,,False,FRESH,False,False,True,False,False,False,True,False,False,True,False,False
2026-04-28 13:05:50,2026-04-28 13:05:00,2026-04-28 13:05:00,NQ,BRACKET_MACRO,ROTATION_ILLIQUID,TrendUp,POST_LUNCH_ROTATION,TRANSITION,TRANSITION,NONE,50,35,NO_CLEAR_STAGE_C_ALIGNMENT,LOCKED_IMMEDIATE,0,0.567,2,LUNCH,58.29,NONE,1.0,0.3448275862068966,0.5614320585842147,150.0,16.0,0.0,0.95911188959976,0.9182237791990486,0.1231747146722432,1,0.0489795918367346,-1.7457608043073278,-2.620016273393002,0.0198814522104223,0,1,0,27059.25,30.725,,,,False,FRESH,False,False,False,False,False,False,False,False,False,False,False,False
2026-04-28 13:16:19,2026-04-28 13:15:00,2026-04-28 13:10:00,NQ,BRACKET_MACRO,ROTATION_ILLIQUID,TrendUp,POST_LUNCH_ROTATION,TRANSITION,TRANSITION,NONE,50,45,NO_CLEAR_STAGE_C_ALIGNMENT,UNCHANGED,0,0.934,2,LUNCH,64.0,NONE,1.0,1.0,1.0065075921908897,160.0,17.0,0.0,0.9990753395191192,0.9981506790347712,0.0053264218694803,2,0.0,-1.41943975591324,-2.386117136659436,0.016528428897704,0,1,0,27071.0,28.8125,,,,False,FRESH,False,False,False,False,False,False,False,False,False,False,False,False
2026-04-28 13:16:28,2026-04-28 13:15:00,2026-04-28 13:15:00,NQ,BRACKET_MACRO,ROTATION_ILLIQUID,TrendUp,POST_LUNCH_ROTATION,TRANSITION,TRANSITION,NONE,50,45,NO_CLEAR_STAGE_C_ALIGNMENT,UNCHANGED,0,0.934,2,LUNCH,64.0,NONE,1.0,1.0,1.0065075921908897,160.0,17.0,0.0,0.9996888785331208,0.9993777570626904,0.0020367108150697,3,0.0,-1.41943975591324,-2.386117136659436,0.016528428897704,0,1,0,27071.0,28.8125,,,,False,FRESH,False,False,False,False,False,False,False,False,False,False,False,False
2026-04-28 13:26:02,2026-04-28 13:25:00,2026-04-28 13:20:00,NQ,BRACKET_MACRO,ROTATION_ILLIQUID,TrendUp,POST_LUNCH_ROTATION,TRANSITION,TRANSITION,NONE,50,35,NO_CLEAR_STAGE_C_ALIGNMENT,UNCHANGED,0,0.293,1,LUNCH,56.78,NONE,0.5666666666666667,0.7984496124031008,0.3079710144927536,170.0,18.0,0.0,0.9997865625045966,0.999573125009712,0.001455263776261,4,0.0027210884353741,-1.5696894074516012,-2.608695652173913,0.016893477240732,0,1,0,27067.75,27.6,,,,False,FRESH,False,False,False,False,False,False,False,False,False,False,False,False
2026-04-28 13:26:13,2026-04-28 13:25:00,2026-04-28 13:25:00,NQ,BRACKET_MACRO,ROTATION_ILLIQUID,TrendUp,POST_LUNCH_ROTATION,TRANSITION,TRANSITION,NONE,50,35,NO_CLEAR_STAGE_C_ALIGNMENT,UNCHANGED,0,0.293,0,LUNCH,56.78,NONE,0.5666666666666667,0.7984496124031008,0.3079710144927536,170.0,18.0,0.0,0.9995881156601008,0.999176231320465,0.002612967683009,5,0.0027210884353741,-1.5696894074516012,-2.608695652173913,0.016893477240732,0,1,0,27067.75,27.6,,,,False,FRESH,False,False,False,False,False,False,False,False,False,False,False,False
2026-04-28 13:35:51,2026-04-28 13:35:00,2026-04-28 13:30:00,NQ,MEAN_REVERSION_MACRO,ROTATION_ILLIQUID,TrendUp,POST_LUNCH_ROTATION,TRANSITION,TRANSITION,NONE,55,60,HIGH_CONFLICT_STAGE_A_B_OR_PRICE_ACTION,UNCHANGED,0,1.148,0,PM,42.52,NONE,0.8300653594771242,0.9033457249070632,1.1941701927597557,180.0,19.0,9.16,0.9383151142879412,0.8766302285724692,0.1670486456532458,6,0.0,-0.2930158144202421,-1.391631405735778,0.0084838062482086,1,1,0,27102.75,26.5875,,,,False,FRESH,False,False,False,False,False,False,False,False,False,False,False,False
2026-04-28 13:36:00,2026-04-28 13:35:00,2026-04-28 13:35:00,NQ,MEAN_REVERSION_MACRO,ROTATION_ILLIQUID,TrendUp,POST_LUNCH_ROTATION,TRANSITION,TRANSITION,NONE,55,60,HIGH_CONFLICT_STAGE_A_B_OR_PRICE_ACTION,UNCHANGED,0,1.148,0,PM,42.52,NONE,0.8300653594771242,0.9033457249070632,1.1941701927597557,180.0,19.0,9.16,0.9430230981094996,0.8860461962170753,0.1576627877311945,7,0.0,-0.2930158144202421,-1.391631405735778,0.0084838062482086,1,1,0,27102.75,26.5875,,,,False,FRESH,False,False,False,False,False,False,False,False,False,False,False,False
2026-04-28 13:45:40,2026-04-28 13:45:00,2026-04-28 13:40:00,NQ,MEAN_REVERSION_MACRO,ROTATION_ILLIQUID,TrendUp,POST_LUNCH_ROTATION,TRANSITION,TRANSITION,NONE,55,60,HIGH_CONFLICT_STAGE_A_B_OR_PRICE_ACTION,UNCHANGED,0,1.932,0,PM,23.78,LONG,1.0,0.9015151515151516,2.0379620379620382,0.0,1.0,10.12,0.9974671363064744,0.994934272616035,0.0127477525896627,8,0.0,0.3239991861000935,-0.8391608391608392,0.0047169811320754,1,1,0,27118.75,25.025,,,,False,FRESH,False,False,False,False,False,False,False,False,False,False,False,False
2026-04-28 13:45:51,2026-04-28 13:45:00,2026-04-28 13:45:00,NQ,MEAN_REVERSION_MACRO,ROTATION_ILLIQUID,TrendUp,POST_LUNCH_ROTATION,TRANSITION,TRANSITION,NONE,55,60,HIGH_CONFLICT_STAGE_A_B_OR_PRICE_ACTION,UNCHANGED,0,1.932,0,PM,23.78,LONG,1.0,0.9015151515151516,2.0379620379620382,0.0,1.0,10.12,0.9978860168896256,0.9957720337813984,0.0109155406660536,9,0.0,0.3239991861000935,-0.8391608391608392,0.0047169811320754,1,1,0,27118.75,25.025,,,,False,FRESH,False,False,False,False,False,False,False,False,False,False,False,False
2026-04-28 13:57:09,2026-04-28 13:55:00,2026-04-28 13:55:00,NQ,MEAN_REVERSION_MACRO,ROTATION_ILLIQUID,TrendUp,POST_LUNCH_ROTATION,TRANSITION,TRANSITION,NONE,55,60,HIGH_CONFLICT_STAGE_A_B_OR_PRICE_ACTION,UNCHANGED,0,1.099,0,PM,40.44,LONG,1.0,0.9015151515151516,1.1490683229813663,10.0,2.0,25.29,0.999344089638308,0.9986881792791822,0.0039408522695979,11,0.0,0.8094033537958047,-0.3830227743271222,0.0020368841178089,1,1,0,27130.5,24.15,,,,False,FRESH,False,False,False,False,False,False,False,False,False,False,False,False
2026-04-28 13:58:47,2026-04-27 11:05:00,2026-04-27 11:05:00,NQ,BRACKET_MACRO,ROTATION_ILLIQUID,TrendUp,MID_MORNING_DISCOVERY,TRANSITION,TRANSITION,NONE,50,100,MACRO_STALE_1613.8MIN,UNCHANGED,0,0.0,0,POST_IB_AM,0.0,NONE,0.0,0.0,0.0,0.0,0.0,0.0,0.99993148899788,0.9998629779991718,0.0005232853141934,12,0.0,-0.6331706827849902,-1.353546291283162,0.0083197444174514,0,1,0,27340.0,46.175,,,,True,MACRO_STALE_1613.8MIN,False,False,False,False,False,False,False,False,False,False,False,False
2026-04-28 13:58:48,2026-04-28 13:55:00,2026-04-28 13:55:00,NQ,MEAN_REVERSION_MACRO,ROTATION_ILLIQUID,TrendUp,POST_LUNCH_ROTATION,TRANSITION,TRANSITION,NONE,52,50,HMM_TRANSITION_OR_RETURN_TO_OPEN,UNCHANGED,0,0.0,0,PM,40.35,LONG,1.0,0.9015151515151516,1.1378780112762683,10.0,2.0,25.05,0.9995596257405616,0.999119251478842,0.0027724553334621,11,0.0,0.8015209018623756,-0.3792926704254228,0.0020368841178089,1,1,0,27130.5,24.3875,,,,False,FRESH,False,False,False,False,False,False,False,False,False,False,False,False
2026-04-28 14:02:03,2026-04-27 11:05:00,2026-04-27 11:05:00,NQ,BRACKET_MACRO,ROTATION_ILLIQUID,TrendUp,MID_MORNING_DISCOVERY,TRANSITION,TRANSITION,NONE,50,100,MACRO_STALE_1617.0MIN,UNCHANGED,0,0.0,0,POST_IB_AM,0.0,NONE,0.0,0.0,0.0,0.0,0.0,0.0,0.99993148899788,0.9998629779991718,0.0005232853141934,12,0.0,-0.6331706827849902,-1.353546291283162,0.0083197444174514,0,1,0,27340.0,46.175,,,,True,MACRO_STALE_1617.0MIN,False,False,False,False,False,False,False,False,False,False,False,False
2026-04-28 14:02:04,2026-04-28 13:55:00,2026-04-28 13:55:00,NQ,MEAN_REVERSION_MACRO,ROTATION_ILLIQUID,TrendUp,POST_LUNCH_ROTATION,TRANSITION,TRANSITION,NONE,52,50,HMM_TRANSITION_OR_RETURN_TO_OPEN,UNCHANGED,0,0.0,0,PM,40.35,LONG,1.0,0.9015151515151516,1.1378780112762683,10.0,2.0,25.05,0.999938780780626,0.9998775615640686,0.0004725605248018,11,0.0,0.8015209018623756,-0.3792926704254228,0.0020368841178089,1,1,0,27130.5,24.3875,,,,False,FRESH,False,False,False,False,False,False,False,False,False,False,False,False
2026-04-28 14:04:36,2026-04-28 13:55:00,2026-04-28 13:55:00,NQ,MEAN_REVERSION_MACRO,ROTATION_ILLIQUID,TrendUp,POST_LUNCH_ROTATION,TRANSITION,TRANSITION,NONE,52,50,HMM_TRANSITION_OR_RETURN_TO_OPEN,UNCHANGED,0,0.0,0,PM,40.35,LONG,1.0,0.9015151515151516,1.1378780112762683,10.0,2.0,25.05,0.9999435915791212,0.9998871831602067,0.0004387555233056,11,0.0,0.8015209018623756,-0.3792926704254228,0.0020368841178089,1,1,0,27130.5,24.3875,,,,False,FRESH,False,False,False,False,False,False,False,False,False,False,False,False
2026-04-28 14:06:05,2026-04-28 14:05:00,2026-04-28 14:05:00,NQ,MEAN_REVERSION_MACRO,ROTATION_ILLIQUID,TrendUp,AFTERNOON_TREND_TEST,TRANSITION,TRANSITION,NONE,52,50,HMM_TRANSITION_OR_RETURN_TO_OPEN,UNCHANGED,0,0.0,0,PM,50.22,LONG,0.8431372549019608,0.9686274509803922,0.4666304937601736,20.0,3.0,24.54,0.9987982850264968,0.9975965700562252,0.0066950649698395,13,0.0,0.7851783010309394,-0.4449267498643516,0.0022206575312787,1,1,0,27129.5,23.0375,,,,False,FRESH,False,False,False,False,False,False,False,False,False,False,False,False
2026-04-28 14:16:34,2026-04-28 14:15:00,2026-04-28 14:15:00,NQ,MEAN_REVERSION_MACRO,ROTATION_ILLIQUID,TrendUp,AFTERNOON_TREND_TEST,TRANSITION,TRANSITION,NONE,52,50,HMM_TRANSITION_OR_RETURN_TO_OPEN,UNCHANGED,0,0.429,0,PM,54.49,LONG,0.8333333333333334,0.949685534591195,0.44296788482835,30.0,4.0,39.89,0.99910901440125,0.9982180288029904,0.0051562951070858,15,0.0,1.2763510686269013,0.0332225913621262,0.0001598891435271,1,1,0,27140.5,22.575,,,,False,FRESH,False,False,False,False,False,False,False,False,False,False,False,False
2026-04-28 14:26:08,2026-04-28 14:25:00,2026-04-28 14:20:00,NQ,MEAN_REVERSION_MACRO,ROTATION_ILLIQUID,TrendUp,AFTERNOON_TREND_TEST,TREND_COMPRESSION,TREND_COMPRESSION,LONG,66,40,MICRO_TREND_INSIDE_MACRO_STRUCTURE,LOCKED_IMMEDIATE,0,1.81,0,PM,56.0,LONG,1.0,0.9627906976744186,1.8354784555120316,40.0,5.0,50.0,0.9898117839712928,0.9796235679447948,0.0410191608681971,16,0.0,2.559549284032606,1.3766088416340236,0.00640625,1,1,0,27170.5,22.3375,,,,False,FRESH,True,False,True,False,False,False,True,False,True,False,True,False
2026-04-28 14:26:18,2026-04-28 14:25:00,2026-04-28 14:25:00,NQ,MEAN_REVERSION_MACRO,ROTATION_ILLIQUID,TrendUp,AFTERNOON_TREND_TEST,TREND_COMPRESSION,TREND_COMPRESSION,LONG,66,40,MICRO_TREND_INSIDE_MACRO_STRUCTURE,UNCHANGED,0,1.81,0,PM,56.0,LONG,1.0,0.9627906976744186,1.8354784555120316,40.0,5.0,50.0,0.9987484010414032,0.9974968020843265,0.0069362386076366,17,0.0,2.559549284032606,1.3766088416340236,0.00640625,1,1,0,27170.5,22.3375,,,,False,FRESH,True,False,True,False,False,False,True,False,True,False,True,False
2026-04-28 14:35:38,2026-04-28 14:35:00,2026-04-28 14:30:00,NQ,MEAN_REVERSION_MACRO,ROTATION_ILLIQUID,TrendUp,AFTERNOON_TREND_TEST,TREND_COMPRESSION,TREND_COMPRESSION,LONG,66,40,MICRO_TREND_INSIDE_MACRO_STRUCTURE,UNCHANGED,0,0.773,0,PM,40.93,LONG,0.4035087719298245,0.4977168949771689,0.7840909090909091,50.0,6.0,50.0,0.9986486398622934,0.9972972797279214,0.0074142994645318,18,0.0,1.9612584541036169,0.8181818181818182,0.0036828644501278,1,1,0,27157.75,22.0,,,,False,FRESH,True,False,True,False,False,False,True,False,True,False,True,False
2026-04-28 14:35:47,2026-04-28 14:35:00,2026-04-28 14:35:00,NQ,MEAN_REVERSION_MACRO,ROTATION_ILLIQUID,TrendUp,AFTERNOON_TREND_TEST,TREND_COMPRESSION,TREND_COMPRESSION,LONG,66,40,MICRO_TREND_INSIDE_MACRO_STRUCTURE,UNCHANGED,0,0.773,0,PM,40.93,LONG,0.4035087719298245,0.4977168949771689,0.7840909090909091,50.0,6.0,50.0,0.9990512545321454,0.998102509063592,0.0054475549929689,19,0.0,1.9612584541036169,0.8181818181818182,0.0036828644501278,1,1,0,27157.75,22.0,,,,False,FRESH,True,False,True,False,False,False,True,False,True,False,True,False
2026-04-28 14:46:42,2026-04-28 14:45:00,2026-04-28 14:45:00,NQ,MEAN_REVERSION_MACRO,ROTATION_ILLIQUID,TrendUp,AFTERNOON_TREND_TEST,TREND_COMPRESSION,TREND_COMPRESSION,LONG,66,30,MICRO_TREND_INSIDE_MACRO_STRUCTURE,UNCHANGED,0,0.372,0,PM,45.73,LONG,0.2388059701492537,0.6577181208053692,0.396039603960396,60.0,7.0,50.0,0.9995285351230142,0.999057070245366,0.0029449857866284,21,0.0,3.124838368179247,1.9183168316831685,0.0077893361475451,1,1,0,27178.5,20.2,,,,False,FRESH,True,False,True,False,False,False,True,False,True,False,True,False
2026-04-28 14:56:12,2026-04-28 14:55:00,2026-04-28 14:50:00,NQ,BRACKET_MACRO,ROTATION_ILLIQUID,TrendUp,AFTERNOON_TREND_TEST,TREND_COMPRESSION,TREND_COMPRESSION,LONG,66,10,MICRO_TREND_INSIDE_MACRO_STRUCTURE,UNCHANGED,0,1.7,0,PM,74.0,LONG,1.0,0.6709677419354839,1.816993464052288,70.0,8.0,50.0,0.999234035381526,0.9984680707653296,0.004516348361201,22,0.0,3.9850063997281264,2.758169934640523,0.0104533069110725,0,1,0,27192.5,19.125,,,,False,FRESH,True,False,True,False,False,False,True,False,True,False,True,False
2026-04-28 14:56:22,2026-04-28 14:55:00,2026-04-28 14:55:00,NQ,BRACKET_MACRO,ROTATION_ILLIQUID,TrendUp,AFTERNOON_TREND_TEST,TREND_COMPRESSION,TREND_COMPRESSION,LONG,66,10,MICRO_TREND_INSIDE_MACRO_STRUCTURE,UNCHANGED,0,1.7,0,PM,74.0,LONG,1.0,0.6709677419354839,1.816993464052288,70.0,8.0,50.0,0.9968644176413852,0.9937288352837124,0.0152976937376083,23,0.0,3.9850063997281264,2.758169934640523,0.0104533069110725,0,1,0,27192.5,19.125,,,,False,FRESH,True,False,True,False,False,False,True,False,True,False,True,False
2026-04-28 15:05:41,2026-04-27 11:05:00,2026-04-27 11:05:00,NQ,BRACKET_MACRO,ROTATION_ILLIQUID,TrendUp,MID_MORNING_DISCOVERY,TRANSITION,TRANSITION,NONE,50,100,MACRO_STALE_1680.7MIN,UNCHANGED,0,0.0,0,POST_IB_AM,0.0,NONE,0.0,0.0,0.0,0.0,0.0,0.0,0.99993148899788,0.9998629779991718,0.0005232853141934,12,0.0,-0.6331706827849902,-1.353546291283162,0.0083197444174514,0,1,0,27340.0,46.175,,,,True,MACRO_STALE_1680.7MIN,False,False,False,False,False,False,False,False,False,False,False,False
2026-04-28 15:05:42,2026-04-28 15:05:00,2026-04-28 15:00:00,NQ,BRACKET_MACRO,ROTATION_ILLIQUID,TrendUp,LATE_DAY_CONVICTION,TREND_COMPRESSION,TREND_COMPRESSION,LONG,66,0,MICRO_TREND_INSIDE_MACRO_STRUCTURE,LOCKED_IMMEDIATE,0,0.0,0,POWER_HOUR,74.0,LONG,1.0,0.569620253164557,1.4023144996596324,80.0,9.0,50.0,0.9933693291516518,0.9867386583000004,0.0287589794597484,24,0.0,4.708856093850436,3.512593601089176,0.0125596339207477,0,1,0,27204.25,18.3625,,,,False,FRESH,True,False,True,False,False,False,True,False,True,False,True,False
2026-04-28 15:05:50,2026-04-28 15:05:00,2026-04-28 15:05:00,NQ,BRACKET_MACRO,ROTATION_ILLIQUID,TrendUp,LATE_DAY_CONVICTION,TREND_COMPRESSION,TREND_COMPRESSION,LONG,66,0,MICRO_TREND_INSIDE_MACRO_STRUCTURE,UNCHANGED,0,0.0,0,POWER_HOUR,74.0,LONG,1.0,0.569620253164557,1.4023144996596324,80.0,9.0,50.0,0.9951721943819056,0.9903443887656346,0.0220476796398365,25,0.0,4.708856093850436,3.512593601089176,0.0125596339207477,0,1,0,27204.25,18.3625,,,,False,FRESH,True,False,True,False,False,False,True,False,True,False,True,False
2026-04-28 15:16:50,2026-04-28 15:15:00,2026-04-28 15:15:00,NQ,BRACKET_MACRO,ROTATION_ILLIQUID,TrendUp,LATE_DAY_CONVICTION,TREND_COMPRESSION,TREND_COMPRESSION,LONG,66,0,MICRO_TREND_INSIDE_MACRO_STRUCTURE,UNCHANGED,0,0.0,0,POWER_HOUR,74.0,LONG,1.0,1.0,0.7692307692307692,90.0,10.0,50.0,0.9986590119247384,0.997318023851249,0.0073648507698931,27,0.0,4.563830853110694,3.520208604954368,0.0129229885607619,0,1,0,27207.25,19.175,,,,False,FRESH,True,False,True,False,False,False,True,False,True,False,True,False
2026-04-28 15:26:20,2026-04-27 14:35:00,2026-04-27 14:35:00,NQ,MEAN_REVERSION_MACRO,ROTATION_ILLIQUID,TrendUp,AFTERNOON_TREND_TEST,TRANSITION,TRANSITION,NONE,50,100,MACRO_STALE_1491.3MIN,UNCHANGED,0,0.0,0,PM,28.93,NONE,0.5,0.0120481927710843,-0.3295880149812734,140.0,15.0,50.0,0.9998957873639605,0.9997915747283236,0.000764441473586,15,0.0,2.9313334566532294,1.303370786516854,0.0056434872859366,1,1,0,27424.25,16.6875,,,,True,MACRO_STALE_1491.3MIN,False,False,False,False,False,False,False,False,False,False,False,False
2026-04-28 15:26:21,2026-04-28 15:25:00,2026-04-28 15:20:00,NQ,BRACKET_MACRO,ROTATION_ILLIQUID,TrendUp,LATE_DAY_CONVICTION,TREND_COMPRESSION,TREND_COMPRESSION,LONG,66,0,MICRO_TREND_INSIDE_MACRO_STRUCTURE,LOCKED_IMMEDIATE,0,0.0,0,POWER_HOUR,67.08,NONE,0.7692307692307693,0.1111111111111111,-1.0464355788096795,100.0,11.0,50.0,0.8973367835554789,0.7946735671114818,0.2386906923182687,28,0.0,3.302146767578185,2.3283191628515367,0.0083615182262307,0,1,0,27184.25,19.1125,,,,False,FRESH,True,False,True,False,False,False,True,False,True,False,True,False
2026-04-28 15:26:29,2026-04-28 15:25:00,2026-04-28 15:25:00,NQ,BRACKET_MACRO,ROTATION_ILLIQUID,TrendUp,LATE_DAY_CONVICTION,TREND_COMPRESSION,TREND_COMPRESSION,LONG,66,0,MICRO_TREND_INSIDE_MACRO_STRUCTURE,UNCHANGED,0,0.0,0,POWER_HOUR,67.08,NONE,0.7692307692307693,0.1111111111111111,-1.0464355788096795,100.0,11.0,50.0,0.7761796727707644,0.552359345538529,0.3835411043724518,29,0.0,3.302146767578185,2.3283191628515367,0.0083615182262307,0,1,0,27184.25,19.1125,,,,False,FRESH,True,False,True,False,False,False,True,False,True,False,True,False
2026-04-28 15:35:55,2026-04-28 15:35:00,2026-04-28 15:30:00,NQ,MEAN_REVERSION_MACRO,ROTATION_ILLIQUID,TrendUp,LATE_DAY_CONVICTION,TREND_COMPRESSION,TREND_COMPRESSION,LONG,66,30,MICRO_TREND_INSIDE_MACRO_STRUCTURE,UNCHANGED,0,0.0,0,POWER_HOUR,56.0,NONE,1.0,0.38860103626943,-1.818181818181818,110.0,12.0,50.0,0.992137287538895,0.9842745750783248,0.0331325486326356,30,0.0,2.8140208590564457,1.8453188602442332,0.0062916358253145,1,1,0,27173.75,18.425,,,,False,FRESH,True,False,True,False,False,False,True,False,True,False,True,False
2026-04-28 15:36:05,2026-04-28 15:35:00,2026-04-28 15:35:00,NQ,MEAN_REVERSION_MACRO,ROTATION_ILLIQUID,TrendUp,LATE_DAY_CONVICTION,TREND_COMPRESSION,TREND_COMPRESSION,LONG,66,30,MICRO_TREND_INSIDE_MACRO_STRUCTURE,UNCHANGED,0,0.0,0,POWER_HOUR,56.0,NONE,1.0,0.38860103626943,-1.818181818181818,110.0,12.0,50.0,0.9651525761445487,0.9303051522872754,0.1090735681126606,31,0.0,2.8140208590564457,1.8453188602442332,0.0062916358253145,1,1,0,27173.75,18.425,,,,False,FRESH,True,False,True,False,False,False,True,False,True,False,True,False
2026-04-28 15:39:06,2026-03-30 11:55:00,2026-03-30 11:55:00,NQ,BRACKET_MACRO,TREND_EXPANSION,TrendUp,MID_MORNING_DISCOVERY,TRANSITION,TRANSITION,NONE,50,100,MACRO_STALE_41984.1MIN,UNCHANGED,0,0.0,0,POST_IB_AM,81.4,LONG,1.0,0.9213483146067416,0.3272888102609464,60.0,7.0,0.0,0.9999634610994618,0.9999269222003624,0.0002956522375228,6,1.5669291338582678,0.9769958650046552,2.2379478107032287,0.0379253485234597,0,1,0,23471.5,28.2625,,,,True,MACRO_STALE_41984.1MIN,False,False,False,False,False,False,False,False,False,False,False,False
2026-04-28 15:39:07,2026-04-28 15:35:00,2026-04-28 15:35:00,NQ,MEAN_REVERSION_MACRO,ROTATION_ILLIQUID,TrendUp,LATE_DAY_CONVICTION,TREND_COMPRESSION,TREND_COMPRESSION,LONG,66,30,MICRO_TREND_INSIDE_MACRO_STRUCTURE,LOCKED_IMMEDIATE,0,0.0,0,POWER_HOUR,56.0,NONE,1.0,0.38860103626943,-1.7866666666666666,110.0,12.0,50.0,0.9908718023847808,0.9817436047663178,0.037478300793842,31,0.0,2.764492548451526,1.8133333333333328,0.0062916358253145,1,1,0,27173.75,18.75,,,,False,FRESH,True,False,True,False,False,False,True,False,True,False,True,False
2026-04-28 15:47:02,2026-04-28 15:45:00,2026-04-28 15:45:00,NQ,MEAN_REVERSION_MACRO,ROTATION_ILLIQUID,TrendUp,LATE_DAY_CONVICTION,TREND_COMPRESSION,TREND_COMPRESSION,LONG,66,30,MICRO_TREND_INSIDE_MACRO_STRUCTURE,UNCHANGED,0,0.0,0,POWER_HOUR,44.43,NONE,0.3548387096774194,0.6144578313253012,-0.2958977807666442,120.0,13.0,50.0,0.9265398550163249,0.853079710034528,0.1893527711115626,33,0.0,3.013334199116035,2.0981842636180232,0.0071115973741794,1,1,0,27178.75,18.5875,,,,False,FRESH,True,False,True,False,False,False,True,False,True,False,True,False
2026-04-28 15:56:32,2026-04-28 15:55:00,2026-04-28 15:50:00,NQ,MEAN_REVERSION_MACRO,ROTATION_ILLIQUID,TrendUp,LATE_DAY_CONVICTION,TREND_COMPRESSION,TREND_COMPRESSION,LONG,66,30,MICRO_TREND_INSIDE_MACRO_STRUCTURE,UNCHANGED,0,-0.333,0,POWER_HOUR,49.97,NONE,0.3846153846153846,0.7989949748743719,-0.3304692663582286,130.0,14.0,50.0,0.9959699142667394,0.9919398285347896,0.018930839664306,34,0.0,2.3019123060867064,1.4672835426305353,0.0049708911777877,1,1,0,27167.5,18.9125,,,,False,FRESH,True,False,True,False,False,False,True,False,True,False,True,False
2026-04-28 15:56:42,2026-04-28 15:55:00,2026-04-28 15:55:00,NQ,MEAN_REVERSION_MACRO,ROTATION_ILLIQUID,TrendUp,LATE_DAY_CONVICTION,TREND_COMPRESSION,TREND_COMPRESSION,LONG,66,30,MICRO_TREND_INSIDE_MACRO_STRUCTURE,UNCHANGED,0,-0.333,0,POWER_HOUR,49.97,NONE,0.3846153846153846,0.7989949748743719,-0.3304692663582286,130.0,14.0,50.0,0.9956748519005354,0.991349703801309,0.0200959471819824,35,0.0,2.3019123060867064,1.4672835426305353,0.0049708911777877,1,1,0,27167.5,18.9125,,,,False,FRESH,True,False,True,False,False,False,True,False,True,False,True,False
2026-04-28 16:01:19,2026-04-28 16:00:00,2026-04-28 15:55:00,NQ,MEAN_REVERSION_MACRO,ROTATION_ILLIQUID,TrendUp,CASH_CLOSE,TREND_COMPRESSION,TREND_COMPRESSION,LONG,66,30,MICRO_TREND_INSIDE_MACRO_STRUCTURE,UNCHANGED,0,-0.505,0,CLOSE,44.15,NONE,0.7307692307692307,0.5263157894736842,-0.5006587615283267,135.0,15.0,50.0,0.871672741916509,0.7433454838361105,0.2764163862517969,35,0.0,2.2984384247078067,1.55467720685112,0.0052175451008135,1,1,0,27169.25,18.975,,,,False,FRESH,False,False,True,False,False,False,True,False,True,False,False,False
2026-04-28 16:01:28,2026-04-28 16:00:00,2026-04-28 16:00:00,NQ,MEAN_REVERSION_MACRO,ROTATION_ILLIQUID,TrendDown,CASH_CLOSE,TRANSITION,TRANSITION,NONE,52,50,HMM_TRANSITION_OR_RETURN_TO_OPEN,LOCKED_IMMEDIATE,0,-0.505,1,CLOSE,44.15,NONE,0.7307692307692307,0.5263157894736842,-0.5006587615283267,135.0,15.0,50.0,0.659929789291943,0.3198595791620439,0.4624429467886344,2,0.0,2.2984384247078067,1.55467720685112,0.0052175451008135,1,1,0,27169.25,18.975,,,,False,FRESH,False,False,False,False,False,False,False,False,False,False,False,False
2026-04-28 16:07:35,2026-04-27 11:05:00,2026-04-27 11:05:00,NQ,BRACKET_MACRO,ROTATION_ILLIQUID,TrendUp,MID_MORNING_DISCOVERY,TRANSITION,TRANSITION,NONE,50,100,MACRO_STALE_1742.6MIN,UNCHANGED,0,0.0,0,POST_IB_AM,0.0,NONE,0.0,0.0,0.0,0.0,0.0,0.0,0.99993148899788,0.9998629779991718,0.0005232853141934,12,0.0,-0.6331706827849902,-1.353546291283162,0.0083197444174514,0,1,0,27340.0,46.175,,,,True,MACRO_STALE_1742.6MIN,False,False,False,False,False,False,False,False,False,False,False,False
2026-04-28 16:07:36,2026-04-28 16:00:00,2026-04-28 16:00:00,NQ,MEAN_REVERSION_MACRO,ROTATION_ILLIQUID,TrendDown,CASH_CLOSE,TRANSITION,TRANSITION,NONE,52,50,HMM_TRANSITION_OR_RETURN_TO_OPEN,UNCHANGED,0,0.0,0,CLOSE,44.15,NONE,0.7307692307692307,0.5263157894736842,-0.5006587615283267,135.0,15.0,50.0,0.9994867859141132,0.9989735718301348,0.0031743514499017,2,0.0,2.2984384247078067,1.55467720685112,0.0052175451008135,1,1,0,27169.25,18.975,,,,False,FRESH,False,False,False,False,False,False,False,False,False,False,False,False
2026-04-28 16:41:57,2026-04-27 11:05:00,2026-04-27 11:05:00,NQ,BRACKET_MACRO,ROTATION_ILLIQUID,TrendUp,MID_MORNING_DISCOVERY,TRANSITION,TRANSITION,NONE,50,100,MACRO_STALE_1776.9MIN,UNCHANGED,0,0.0,0,POST_IB_AM,0.0,NONE,0.0,0.0,0.0,0.0,0.0,0.0,0.99993148899788,0.9998629779991712,0.0005232853141965,12,0.0,-0.6331706827849902,-1.353546291283162,0.0083197444174514,0,1,0,27340.0,46.175,,,,True,MACRO_STALE_1776.9MIN,False,False,False,False,False,False,False,False,False,False,False,False
2026-04-28 16:41:59,2026-04-28 16:00:00,2026-04-28 16:00:00,NQ,MEAN_REVERSION_MACRO,ROTATION_ILLIQUID,TrendDown,CASH_CLOSE,TRANSITION,TRANSITION,NONE,50,100,MACRO_STALE_42.0MIN,UNCHANGED,0,0.0,0,CLOSE,44.15,NONE,0.7307692307692307,0.5263157894736842,-0.5006587615283267,135.0,15.0,50.0,0.9994867935281312,0.9989735870623212,0.0031743098294185,2,0.0,2.2976727867576834,1.55467720685112,0.0052175451008135,1,1,0,27169.25,18.975,,,,True,MACRO_STALE_42.0MIN,False,False,False,False,False,False,False,False,False,False,False,False
2026-04-29 09:18:11,2026-04-28 16:00:00,2026-04-28 16:00:00,NQ,MEAN_REVERSION_MACRO,ROTATION_ILLIQUID,TrendDown,CASH_CLOSE,TRANSITION,TRANSITION,NONE,50,100,MACRO_STALE_1038.2MIN,UNCHANGED,0,0.0,0,CLOSE,44.15,NONE,0.7307692307692307,0.5263157894736842,-0.5006587615283267,135.0,15.0,50.0,0.9994867935281312,0.9989735870623176,0.0031743098294362,2,0.0,2.2984384247078067,1.55467720685112,0.0052175451008135,1,1,0,27169.25,18.975,,,,True,MACRO_STALE_1038.2MIN,False,False,False,False,False,False,False,False,False,False,False,False
2026-04-29 09:30:43,2026-04-29 09:25:00,2026-04-29 09:25:00,NQ,UNRESOLVED,TRANSITION,Balance,PREMARKET_CONTEXT,TRANSITION,TRANSITION,NONE,55,0,OPENING_OR_UNRESOLVED_UNRESOLVED,UNCHANGED,0,0.0,0,PREMARKET,0.0,NONE,0.0,0.0,0.0,0.0,0.0,0.0,0.9939061839509552,0.987812688083622,0.0268053299960169,3,0.0,0.0,0.0,0.0,0,0,0,27217.5,0.0,,,,False,FRESH,False,False,False,False,False,False,False,False,False,False,False,False
2026-04-29 09:35:39,2026-04-29 09:35:00,2026-04-29 09:30:00,NQ,OPENING_AUCTION,ROTATION_ILLIQUID,TrendDown,OPENING_AUCTION,TRANSITION,TRANSITION,NONE,55,20,OPENING_OR_UNRESOLVED_OPENING_AUCTION,UNCHANGED,0,0.0,1,OPEN,0.0,SHORT,0.0,0.0,0.0,0.0,1.0,0.0,1.0,1.0,4.789137040917482e-30,1,0.0,-0.3062257699134421,-1.2686230248306998,0.3561470215462611,0,1,0,27147.0,55.375,,,,False,FRESH,False,False,False,False,False,False,False,False,False,False,False,False
2026-04-29 09:35:44,2026-04-29 09:35:00,2026-04-29 09:35:00,NQ,OPENING_AUCTION,ROTATION_ILLIQUID,TrendDown,OPENING_AUCTION,TRANSITION,TRANSITION,NONE,55,20,OPENING_OR_UNRESOLVED_OPENING_AUCTION,UNCHANGED,0,0.0,1,OPEN,0.0,SHORT,0.0,0.0,0.0,0.0,1.0,0.0,0.6631553561272644,0.3263107122511256,0.4608835963029783,2,0.0,-0.3062257699134421,-1.2686230248306998,0.3561470215462611,0,1,0,27147.0,55.375,,,,False,FRESH,False,False,False,False,False,False,False,False,False,False,False,False
2026-04-29 09:40:44,2026-04-29 09:40:00,2026-04-29 09:35:00,NQ,BALANCE_STRUCTURE,ROTATION_ILLIQUID,TrendDown,EARLY_TEST,TRANSITION,TRANSITION,NONE,50,30,NO_CLEAR_STAGE_C_ALIGNMENT,UNCHANGED,0,-0.892,1,OPEN,14.08,NONE,0.3177570093457944,0.0,-0.5862068965517241,0.0,1.0,0.0,0.9999998648854762,0.9999997297713504,1.6390706310035611e-06,2,0.0,0.3426018471281136,-0.5818965517241379,0.1030534351145038,0,1,0,27183.5,58.0,,,,False,FRESH,False,False,False,False,False,False,False,False,False,False,False,False
2026-04-29 09:40:49,2026-04-29 09:40:00,2026-04-29 09:40:00,NQ,BALANCE_STRUCTURE,ROTATION_ILLIQUID,TrendDown,EARLY_TEST,TRANSITION,TRANSITION,NONE,50,40,NO_CLEAR_STAGE_C_ALIGNMENT,UNCHANGED,0,-0.892,1,OPEN,14.08,NONE,0.3177570093457944,0.0,-0.5862068965517241,0.0,1.0,0.0,0.5075467987345996,0.0150935974682129,0.4999178293793911,3,0.0,0.3426018471281136,-0.5818965517241379,0.1030534351145038,0,1,0,27183.5,58.0,,,,False,FRESH,False,False,False,False,False,False,False,False,False,False,False,False
2026-04-29 09:45:37,2026-04-29 09:45:00,2026-04-29 09:40:00,NQ,BALANCE_STRUCTURE,ROTATION_ILLIQUID,TrendDown,FIRST_ACCEPTANCE,ROTATION_ILLIQUID,TRANSITION,NONE,62,20,COMPRESSED_BALANCE_LOW_EDGE,PENDING_ROTATION_ILLIQUID_1_OF_2,1,0.608,1,EARLY_AM,29.97,LONG,0.8481012658227848,0.0,0.6457831325301204,0.0,0.0,0.0,0.9929544035650218,0.9859088071303336,0.0302490817537116,3,0.0,0.2486581016420976,-0.708433734939759,0.0848729792147806,0,1,0,27180.5,51.875,,,,False,FRESH,False,False,False,False,False,False,False,False,False,False,False,False
2026-04-29 09:45:43,2026-04-29 09:45:00,2026-04-29 09:45:00,NQ,BALANCE_STRUCTURE,ROTATION_ILLIQUID,TrendUp,FIRST_ACCEPTANCE,ROTATION_ILLIQUID,ROTATION_ILLIQUID,NONE,62,20,COMPRESSED_BALANCE_LOW_EDGE,LOCKED_AFTER_2_CONFIRMATIONS,0,0.608,2,EARLY_AM,29.97,LONG,0.8481012658227848,0.0,0.6457831325301204,0.0,0.0,0.0,0.8443606894989019,0.6887213789969647,0.3118872898609794,1,0.0,0.2486581016420976,-0.708433734939759,0.0848729792147806,0,1,0,27180.5,51.875,,,,False,FRESH,False,False,False,False,False,False,False,False,False,False,False,False
2026-04-29 09:47:43,2026-04-27 11:05:00,2026-04-27 11:05:00,NQ,BRACKET_MACRO,ROTATION_ILLIQUID,TrendUp,MID_MORNING_DISCOVERY,TRANSITION,TRANSITION,NONE,50,100,MACRO_STALE_2802.7MIN,UNCHANGED,0,0.0,0,POST_IB_AM,0.0,NONE,0.0,0.0,0.0,0.0,0.0,0.0,0.99993148899788,0.9998629779991718,0.0005232853141934,12,0.0,-0.6331706827849902,-1.353546291283162,0.0083197444174514,0,1,0,27340.0,46.175,,,,True,MACRO_STALE_2802.7MIN,False,False,False,False,False,False,False,False,False,False,False,False
2026-04-29 09:47:44,2026-04-29 09:45:00,2026-04-29 09:45:00,NQ,BALANCE_STRUCTURE,ROTATION_ILLIQUID,TrendUp,FIRST_ACCEPTANCE,ROTATION_ILLIQUID,TRANSITION,NONE,62,20,COMPRESSED_BALANCE_LOW_EDGE,PENDING_ROTATION_ILLIQUID_1_OF_2,1,0.0,0,EARLY_AM,28.84,LONG,0.8481012658227848,0.0,0.5955555555555555,0.0,0.0,0.0,0.9431886578874268,0.8863773157727033,0.1573274407111961,1,0.0,0.2293180270699344,-0.6533333333333333,0.0848729792147806,0,1,0,27180.5,56.25,,,,False,FRESH,False,False,False,False,False,False,False,False,False,False,False,False
2026-04-29 09:50:49,2026-04-29 09:50:00,2026-04-29 09:45:00,NQ,BALANCE_STRUCTURE,ROTATION_ILLIQUID,TrendDown,EARLY_CONTINUATION,ROTATION_ILLIQUID,ROTATION_ILLIQUID,NONE,62,20,COMPRESSED_BALANCE_LOW_EDGE,LOCKED_AFTER_2_CONFIRMATIONS,0,0.0,0,EARLY_AM,36.1,NONE,1.0,0.3378684807256236,-0.0653266331658291,0.0,0.0,0.0,0.722868522287227,0.4457370445735184,0.4257563719339579,4,0.0,0.2244716849540484,-0.7437185929648241,0.0677345537757437,0,1,0,27180.25,49.75,,,,False,FRESH,False,False,False,False,False,False,False,False,False,False,False,False
2026-04-29 09:50:59,2026-04-29 09:50:00,2026-04-29 09:50:00,NQ,BALANCE_STRUCTURE,ROTATION_ILLIQUID,TrendUp,EARLY_CONTINUATION,ROTATION_ILLIQUID,ROTATION_ILLIQUID,NONE,62,20,COMPRESSED_BALANCE_LOW_EDGE,UNCHANGED,0,0.0,1,EARLY_AM,36.1,NONE,1.0,0.3378684807256236,-0.0653266331658291,0.0,0.0,0.0,0.9925563688398223,0.985112737680817,0.0316618198693265,2,0.0,0.2244716849540484,-0.7437185929648241,0.0677345537757437,0,1,0,27180.25,49.75,,,,False,FRESH,False,False,False,False,False,False,False,False,False,False,False,False
2026-04-29 09:56:50,2026-04-29 09:55:00,2026-04-29 09:55:00,NQ,BALANCE_STRUCTURE,ROTATION_ILLIQUID,TrendUp,EARLY_CONTINUATION,TRANSITION,TRANSITION,NONE,50,30,NO_CLEAR_STAGE_C_ALIGNMENT,LOCKED_IMMEDIATE,0,0.877,1,EARLY_AM,49.32,LONG,0.9891891891891892,0.924198250728863,0.9051937345424568,0.0,1.0,0.0,0.7461318839095366,0.4922637678210206,0.4086757883556608,1,0.0,0.9978700409043184,0.178070898598516,0.0130861504907306,0,1,0,27226.25,50.54166666666666,,,,False,FRESH,False,False,False,False,False,False,False,False,False,False,False,False
2026-04-29 10:01:20,2026-04-29 10:00:00,2026-04-29 09:55:00,NQ,BALANCE_STRUCTURE,ROTATION_ILLIQUID,TrendDown,PRE_DECISION,TRANSITION,TRANSITION,NONE,50,30,NO_CLEAR_STAGE_C_ALIGNMENT,UNCHANGED,0,0.825,2,EARLY_AM,44.53,LONG,0.7692307692307693,0.665158371040724,0.8846761453396524,5.0,2.0,0.0,0.856030946073667,0.712061892145891,0.2972698796823263,6,0.0,0.8593731055775828,0.0663507109004739,0.0040147206423553,0,1,0,27220.25,45.21428571428572,,,,False,FRESH,False,False,False,False,False,False,False,False,False,False,False,False
2026-04-29 10:01:29,2026-04-29 10:00:00,2026-04-29 10:00:00,NQ,BALANCE_STRUCTURE,ROTATION_ILLIQUID,TrendUp,PRE_DECISION,TRANSITION,TRANSITION,NONE,50,50,NO_CLEAR_STAGE_C_ALIGNMENT,UNCHANGED,0,0.825,3,EARLY_AM,44.53,LONG,0.7692307692307693,0.665158371040724,0.8846761453396524,5.0,2.0,0.0,0.9130967286774712,0.8261934573561279,0.2130239944559394,2,0.0,0.8593731055775828,0.0663507109004739,0.0040147206423553,0,1,0,27220.25,45.21428571428572,,,,False,FRESH,False,False,False,False,False,False,False,False,False,False,False,False
2026-04-29 10:05:49,2026-04-29 10:05:00,2026-04-29 10:00:00,NQ,BALANCE_STRUCTURE,ROTATION_ILLIQUID,TrendDown,END_FIRST_WINDOW,ROTATION_ILLIQUID,TRANSITION,NONE,62,20,COMPRESSED_BALANCE_LOW_EDGE,PENDING_ROTATION_ILLIQUID_1_OF_2,1,-0.508,2,EARLY_AM,45.17,NONE,1.0,0.3096085409252669,-0.5210312075983717,10.0,3.0,0.0,0.9419009263056018,0.8838018526136966,0.1599261356357511,7,0.0,0.4104043128229697,-0.3256445047489824,0.017688679245283,0,1,0,27202.25,46.0625,,,,False,FRESH,False,False,False,False,False,False,False,False,False,False,False,False
2026-04-29 10:05:58,2026-04-29 10:05:00,2026-04-29 10:05:00,NQ,BALANCE_STRUCTURE,ROTATION_ILLIQUID,TrendUp,END_FIRST_WINDOW,ROTATION_ILLIQUID,ROTATION_ILLIQUID,NONE,62,40,COMPRESSED_BALANCE_LOW_EDGE,LOCKED_AFTER_2_CONFIRMATIONS,0,-0.508,3,EARLY_AM,45.17,NONE,1.0,0.3096085409252669,-0.5210312075983717,10.0,3.0,0.0,0.9774518370343496,0.9549036740718356,0.0777590606685195,1,0.0,0.4104043128229697,-0.3256445047489824,0.017688679245283,0,1,0,27202.25,46.0625,,,,False,FRESH,False,False,False,False,False,False,False,False,False,False,False,False
2026-04-29 10:10:18,2026-03-24 09:35:00,2026-03-24 09:35:00,NQ,OPENING_AUCTION,ROTATION_ILLIQUID,TrendUp,OPENING_AUCTION,TRANSITION,TRANSITION,NONE,50,100,MACRO_STALE_51875.3MIN,UNCHANGED,0,0.0,0,OPEN,0.0,SHORT,0.0,0.0,0.0,0.0,0.0,0.0,0.9985616369768952,0.9971232739542696,0.0078268620468802,2,0.0,-0.0805227476228808,-0.1063829787234042,0.03003003003003,0,1,0,24357.75,23.5,,,,True,MACRO_STALE_51875.3MIN,False,False,False,False,False,False,False,False,False,False,False,False
2026-04-29 10:10:20,2026-04-29 10:05:00,2026-04-29 10:05:00,NQ,BALANCE_STRUCTURE,ROTATION_ILLIQUID,TrendUp,END_FIRST_WINDOW,ROTATION_ILLIQUID,TRANSITION,NONE,62,20,COMPRESSED_BALANCE_LOW_EDGE,PENDING_ROTATION_ILLIQUID_1_OF_2,1,0.0,0,EARLY_AM,44.5,NONE,1.0,0.3096085409252669,-0.4964447317388494,10.0,3.0,0.0,0.9482555477103652,0.8965110954217448,0.1468807754489906,1,0.0,0.391038110601847,-0.3102779573367809,0.017688679245283,0,1,0,27202.25,48.34375,,,,False,FRESH,False,False,False,False,False,False,False,False,False,False,False,False
2026-04-29 10:11:49,2026-04-29 10:10:00,2026-04-29 10:10:00,NQ,BRACKET_MACRO,ROTATION_ILLIQUID,TrendUp,PRE_IB_MATURATION,ROTATION_ILLIQUID,ROTATION_ILLIQUID,NONE,62,20,COMPRESSED_BALANCE_LOW_EDGE,LOCKED_AFTER_2_CONFIRMATIONS,0,0.0,0,EARLY_AM,33.97,NONE,1.0,0.0952380952380952,-0.7164179104477613,0.0,0.0,0.0,0.9822272242173404,0.9644544484374244,0.0643728626099415,2,0.0,0.0920429726736088,-0.6492537313432836,0.0310243380583043,0,1,0,27188.25,44.66666666666666,,,,False,FRESH,False,False,False,False,False,False,False,False,False,False,False,False
2026-04-29 10:16:19,2026-04-27 14:35:00,2026-04-27 14:35:00,NQ,MEAN_REVERSION_MACRO,ROTATION_ILLIQUID,TrendUp,AFTERNOON_TREND_TEST,TRANSITION,TRANSITION,NONE,50,100,MACRO_STALE_2621.3MIN,UNCHANGED,0,0.0,0,PM,28.93,NONE,0.5,0.0120481927710843,-0.3295880149812734,140.0,15.0,50.0,0.9998957873639605,0.9997915747283236,0.000764441473586,15,0.0,2.9313334566532294,1.303370786516854,0.0056434872859366,1,1,0,27424.25,16.6875,,,,True,MACRO_STALE_2621.3MIN,False,False,False,False,False,False,False,False,False,False,False,False
2026-04-29 10:16:20,2026-04-29 10:15:00,2026-04-29 10:10:00,NQ,BRACKET_MACRO,ROTATION_ILLIQUID,TrendUp,PRE_IB_MATURATION,TRANSITION,TRANSITION,NONE,50,20,NO_CLEAR_STAGE_C_ALIGNMENT,UNCHANGED,0,0.0,0,EARLY_AM,12.83,LONG,0.3170731707317073,0.1692307692307692,0.2966343411294923,0.0,1.0,0.0,0.9705474906334752,0.9410949812693136,0.0958193725005501,2,0.0,0.6839283984855743,-0.0456360524814603,0.0019792182088075,0,1,0,27215.25,43.825,,,,False,FRESH,False,False,False,False,False,False,False,False,False,False,False,False
2026-04-29 10:16:28,2026-04-29 10:15:00,2026-04-29 10:15:00,NQ,BRACKET_MACRO,ROTATION_ILLIQUID,TrendUp,PRE_IB_MATURATION,TRANSITION,TRANSITION,NONE,50,20,NO_CLEAR_STAGE_C_ALIGNMENT,UNCHANGED,0,0.0,0,EARLY_AM,12.83,LONG,0.3170731707317073,0.1692307692307692,0.2966343411294923,0.0,1.0,0.0,0.999341270022074,0.9986825400431067,0.0039557541955647,3,0.0,0.6839283984855743,-0.0456360524814603,0.0019792182088075,0,1,0,27215.25,43.825,,,,False,FRESH,False,False,False,False,False,False,False,False,False,False,False,False
2026-04-29 10:20:50,2026-04-29 10:20:00,2026-04-29 10:15:00,NQ,BRACKET_MACRO,ROTATION_ILLIQUID,TrendUp,PRE_IB_MATURATION,TRANSITION,TRANSITION,NONE,50,20,NO_CLEAR_STAGE_C_ALIGNMENT,UNCHANGED,0,0.0,0,EARLY_AM,49.59,LONG,1.0,0.0229007633587786,0.8015225666122893,5.0,2.0,0.0,0.9985664651623908,0.9971329303257116,0.007804068887717,3,0.0,0.8278348155931061,0.1076672104404567,0.00421151146467,0,1,0,27221.75,41.79545454545455,,,,False,FRESH,False,False,False,False,False,False,False,False,False,False,False,False
2026-04-29 10:21:00,2026-04-29 10:20:00,2026-04-29 10:20:00,NQ,BRACKET_MACRO,ROTATION_ILLIQUID,TrendUp,PRE_IB_MATURATION,TRANSITION,TRANSITION,NONE,50,20,NO_CLEAR_STAGE_C_ALIGNMENT,UNCHANGED,0,0.0,0,EARLY_AM,49.59,LONG,1.0,0.0229007633587786,0.8015225666122893,5.0,2.0,0.0,0.9965249254370604,0.993049850872609,0.0166958667254099,4,0.0,0.8278348155931061,0.1076672104404567,0.00421151146467,0,1,0,27221.75,41.79545454545455,,,,False,FRESH,False,False,False,False,False,False,False,False,False,False,False,False
2026-04-29 10:26:51,2026-04-29 10:25:00,2026-04-29 10:25:00,NQ,BRACKET_MACRO,ROTATION_ILLIQUID,TrendUp,NEAR_IB_CONDITION,TREND_COMPRESSION,TREND_COMPRESSION,LONG,68,10,DEVELOPING_INITIATIVE_PHASE_AWARE,LOCKED_IMMEDIATE,0,0.672,0,EARLY_AM,68.94,LONG,1.0,0.5971223021582733,0.6843421710855427,10.0,3.0,0.0,0.9994319052155732,0.9988638104290494,0.0034721572389331,5,0.0,1.2969469149329564,0.6363181590795397,0.0233428760184981,0,1,1,27243.75,41.645833333333336,,,,False,FRESH,True,False,True,False,False,False,True,False,True,False,True,False
2026-04-29 10:28:23,2026-04-27 11:05:00,2026-04-27 11:05:00,NQ,BRACKET_MACRO,ROTATION_ILLIQUID,TrendUp,MID_MORNING_DISCOVERY,TRANSITION,TRANSITION,NONE,50,100,MACRO_STALE_2843.4MIN,UNCHANGED,0,0.0,0,POST_IB_AM,0.0,NONE,0.0,0.0,0.0,0.0,0.0,0.0,0.99993148899788,0.9998629779991718,0.0005232853141934,12,0.0,-0.6331706827849902,-1.353546291283162,0.0083197444174514,0,1,0,27340.0,46.175,,,,True,MACRO_STALE_2843.4MIN,False,False,False,False,False,False,False,False,False,False,False,False
2026-04-29 10:28:24,2026-04-29 10:25:00,2026-04-29 10:25:00,NQ,BRACKET_MACRO,ROTATION_ILLIQUID,TrendUp,NEAR_IB_CONDITION,TREND_COMPRESSION,TREND_COMPRESSION,LONG,68,0,DEVELOPING_INITIATIVE_PHASE_AWARE,LOCKED_IMMEDIATE,0,0.0,0,EARLY_AM,68.8,LONG,1.0,0.5971223021582733,0.6792452830188679,10.0,3.0,0.0,0.9991158846310756,0.998231769264855,0.0051214746918216,5,0.0,1.2872874294692056,0.631578947368421,0.0233428760184981,0,1,1,27243.75,41.958333333333336,,,,False,FRESH,True,False,True,False,False,False,True,False,True,False,True,False
2026-04-29 10:31:24,2026-04-29 10:30:00,2026-04-29 10:25:00,NQ,BRACKET_MACRO,ROTATION_ILLIQUID,TrendDown,NEAR_IB_CONDITION,TREND_COMPRESSION,TREND_COMPRESSION,LONG,71,20,DEVELOPING_INITIATIVE_PHASE_AWARE,UNCHANGED,0,0.0,0,EARLY_AM,74.5,LONG,1.0,1.0,1.1470588235294117,15.0,4.0,0.0,0.6979114655099201,0.3958229310230025,0.4419144722013413,1,0.0,1.7881881506401822,1.2563025210084031,0.0425225965488907,0,1,1,27269.0,41.19230769230769,,,,False,FRESH,True,False,True,False,False,False,True,False,True,False,True,False
2026-04-29 10:31:32,2026-04-29 10:30:00,2026-04-29 10:30:00,NQ,BRACKET_MACRO,ROTATION_ILLIQUID,TrendUp,NEAR_IB_CONDITION,TREND_COMPRESSION,TREND_COMPRESSION,LONG,71,0,DEVELOPING_INITIATIVE_PHASE_AWARE,UNCHANGED,0,0.0,1,EARLY_AM,74.5,LONG,1.0,1.0,1.1470588235294117,15.0,4.0,0.0,0.770923820409235,0.5418476408151334,0.3881986988288298,6,0.0,1.7881881506401822,1.2563025210084031,0.0425225965488907,0,1,1,27269.0,41.19230769230769,,,,False,FRESH,True,False,True,False,False,False,True,False,True,False,True,False
2026-04-29 10:35:55,2026-04-29 10:35:00,2026-04-29 10:30:00,NQ,BRACKET_MACRO,ROTATION_ILLIQUID,TrendDown,POST_IB_MACRO,TREND_COMPRESSION,TREND_COMPRESSION,LONG,75,30,DEVELOPING_INITIATIVE_PHASE_AWARE,UNCHANGED,0,1.019,0,POST_IB_AM,80.67,LONG,1.0,1.0,1.036123348017621,20.0,5.0,0.0,0.757458458430798,0.5149169168585616,0.3996206449677131,2,0.0572831423895253,2.078779296994136,1.6898678414096917,0.0528753377074488,0,1,1,27285.75,40.535714285714285,,,,False,FRESH,True,False,True,False,False,False,True,False,True,False,True,False
2026-04-29 10:36:03,2026-04-29 10:35:00,2026-04-29 10:35:00,NQ,BRACKET_MACRO,ROTATION_ILLIQUID,TrendUp,POST_IB_MACRO,TREND_COMPRESSION,TREND_COMPRESSION,LONG,75,10,DEVELOPING_INITIATIVE_PHASE_AWARE,UNCHANGED,0,1.019,1,POST_IB_AM,80.67,LONG,1.0,1.0,1.036123348017621,20.0,5.0,0.0,0.8378446901223872,0.6756893802444401,0.319720448786019,7,0.0572831423895253,2.078779296994136,1.6898678414096917,0.0528753377074488,0,1,1,27285.75,40.535714285714285,,,,False,FRESH,True,False,True,False,False,False,True,False,True,False,True,False
2026-04-29 10:41:58,2026-03-09 12:25:00,2026-03-09 12:25:00,NQ,BRACKET_MACRO,ROTATION_ILLIQUID,TrendUp,LUNCH_AUCTION,TRANSITION,TRANSITION,NONE,50,100,MACRO_STALE_73337.0MIN,UNCHANGED,0,0.0,0,LUNCH,64.0,LONG,1.0,1.0,1.103665746945211,20.0,3.0,0.0,0.9999206115617496,0.999841223121098,0.00059792790375,10,0.0,1.4553901021171076,1.5530153724871896,0.0167988402831073,0,1,0,24453.75,31.7125,,,,True,MACRO_STALE_73337.0MIN,False,False,False,False,False,False,False,False,False,False,False,False
2026-04-29 10:42:00,2026-04-29 10:35:00,2026-04-29 10:35:00,NQ,BRACKET_MACRO,ROTATION_ILLIQUID,TrendDown,POST_IB_MACRO,TREND_COMPRESSION,TREND_COMPRESSION,LONG,75,20,DEVELOPING_INITIATIVE_PHASE_AWARE,LOCKED_IMMEDIATE,0,0.0,0,POST_IB_AM,80.67,LONG,1.0,1.0,0.9903157894736844,20.0,5.0,0.0,0.8743435354592279,0.7486870709190757,0.2727022671241356,3,0.0572831423895253,1.9868753701796584,1.615157894736842,0.0528753377074488,0,1,1,27285.75,42.410714285714285,,,,False,FRESH,True,False,True,False,False,False,True,False,True,False,True,False
2026-04-29 10:45:00,2026-03-09 12:25:00,2026-03-09 12:25:00,NQ,BRACKET_MACRO,ROTATION_ILLIQUID,TrendUp,LUNCH_AUCTION,TRANSITION,TRANSITION,NONE,50,100,MACRO_STALE_73340.0MIN,UNCHANGED,0,0.0,0,LUNCH,64.0,LONG,1.0,1.0,1.103665746945211,20.0,3.0,0.0,0.9999206115617496,0.999841223121098,0.00059792790375,10,0.0,1.4553901021171076,1.5530153724871896,0.0167988402831073,0,1,0,24453.75,31.7125,,,,True,MACRO_STALE_73340.0MIN,False,False,False,False,False,False,False,False,False,False,False,False
2026-04-29 10:45:02,2026-04-29 10:35:00,2026-04-29 10:35:00,NQ,BRACKET_MACRO,ROTATION_ILLIQUID,TrendDown,POST_IB_MACRO,TREND_COMPRESSION,TREND_COMPRESSION,LONG,75,20,DEVELOPING_INITIATIVE_PHASE_AWARE,LOCKED_IMMEDIATE,0,0.0,0,POST_IB_AM,80.67,LONG,1.0,1.0,0.9903157894736844,20.0,5.0,0.0,0.8848807452097942,0.7697614904166241,0.2575833217712033,3,0.0572831423895253,1.9868753701796584,1.615157894736842,0.0528753377074488,0,1,1,27285.75,42.410714285714285,,,,False,FRESH,True,False,True,False,False,False,True,False,True,False,True,False
2026-04-29 10:46:31,2026-03-09 12:25:00,2026-03-09 12:25:00,NQ,BRACKET_MACRO,ROTATION_ILLIQUID,TrendUp,LUNCH_AUCTION,TRANSITION,TRANSITION,NONE,50,100,MACRO_STALE_73341.5MIN,UNCHANGED,0,0.0,0,LUNCH,64.0,LONG,1.0,1.0,1.103665746945211,20.0,3.0,0.0,0.9999206115617496,0.999841223121098,0.00059792790375,10,0.0,1.4553901021171076,1.5530153724871896,0.0167988402831073,0,1,0,24453.75,31.7125,,,,True,MACRO_STALE_73341.5MIN,False,False,False,False,False,False,False,False,False,False,False,False
2026-04-29 10:46:33,2026-04-29 10:45:00,2026-04-29 10:45:00,NQ,BRACKET_MACRO,ROTATION_ILLIQUID,TrendUp,POST_IB_MACRO,TREND_COMPRESSION,TREND_COMPRESSION,LONG,76,0,DEVELOPING_INITIATIVE_PHASE_AWARE,LOCKED_IMMEDIATE,0,0.0,0,POST_IB_AM,82.2,LONG,1.0,1.0,0.903325599381284,30.0,6.0,0.0,0.9996799915952268,0.9993599831902364,0.0020883855328008,2,0.1865793780687397,2.273884020262176,2.184068058778036,0.0609987903922585,0,1,1,27305.5,40.40625,,,,False,FRESH,True,False,True,False,False,False,True,False,True,False,True,False
2026-04-29 10:55:39,2026-04-29 10:55:00,2026-04-29 10:50:00,NQ,BRACKET_MACRO,ROTATION_ILLIQUID,TrendUp,POST_IB_MACRO,TREND_COMPRESSION,TREND_COMPRESSION,LONG,74,0,DEVELOPING_INITIATIVE_PHASE_AWARE,UNCHANGED,0,0.0,0,POST_IB_AM,78.71,LONG,0.6989247311827957,0.89272030651341,0.4265402843601896,40.0,7.0,0.0,0.9995960308546352,0.9991920617120084,0.0025684097311137,3,0.1636661211129296,2.1602447817240304,2.224571636893912,0.0538693786747179,0,1,1,27302.0,38.09722222222222,,,,False,FRESH,True,False,True,False,False,False,True,False,True,False,True,False
2026-04-29 10:55:48,2026-04-29 10:55:00,2026-04-29 10:55:00,NQ,BRACKET_MACRO,ROTATION_ILLIQUID,TrendUp,POST_IB_MACRO,TREND_COMPRESSION,TREND_COMPRESSION,LONG,74,0,DEVELOPING_INITIATIVE_PHASE_AWARE,UNCHANGED,0,0.0,0,POST_IB_AM,78.71,LONG,0.6989247311827957,0.89272030651341,0.4265402843601896,40.0,7.0,0.0,0.9998088048189075,0.9996176096353308,0.0013187901250963,4,0.1636661211129296,2.1602447817240304,2.224571636893912,0.0538693786747179,0,1,1,27302.0,38.09722222222222,,,,False,FRESH,True,False,True,False,False,False,True,False,True,False,True,False
2026-04-29 11:06:17,2026-04-29 11:05:00,2026-04-29 11:00:00,NQ,BRACKET_MACRO,ROTATION_ILLIQUID,TrendUp,MID_MORNING_DISCOVERY,TREND_COMPRESSION,TREND_COMPRESSION,LONG,66,0,MICRO_TREND_INSIDE_MACRO_STRUCTURE,UNCHANGED,0,-0.553,0,POST_IB_AM,72.97,NONE,1.0,0.264069264069264,-0.5786249149081008,50.0,8.0,0.0,0.9997245415085608,0.9994490830147752,0.0018274431226187,5,0.0474631751227495,1.618809919792685,1.8243703199455408,0.039504716981132,0,1,1,27284.25,36.725,,,,False,FRESH,True,False,True,False,False,False,True,False,True,False,True,False
2026-04-29 11:06:26,2026-04-29 11:05:00,2026-04-29 11:05:00,NQ,BRACKET_MACRO,ROTATION_ILLIQUID,TrendUp,MID_MORNING_DISCOVERY,TREND_COMPRESSION,TREND_COMPRESSION,LONG,66,0,MICRO_TREND_INSIDE_MACRO_STRUCTURE,UNCHANGED,0,-0.553,0,POST_IB_AM,72.97,NONE,1.0,0.264069264069264,-0.5786249149081008,50.0,8.0,0.0,0.999295975647862,0.998591951292145,0.0041939695763307,6,0.0474631751227495,1.618809919792685,1.8243703199455408,0.039504716981132,0,1,1,27284.25,36.725,,,,False,FRESH,True,False,True,False,False,False,True,False,True,False,True,False
2026-04-29 11:15:32,2026-04-29 11:15:00,2026-04-29 11:10:00,NQ,BRACKET_MACRO,ROTATION_ILLIQUID,TrendUp,MID_MORNING_DISCOVERY,TRANSITION,TRANSITION,NONE,50,30,NO_CLEAR_STAGE_C_ALIGNMENT,LOCKED_IMMEDIATE,0,-1.997,0,POST_IB_AM,39.22,NONE,1.0,0.58311345646438,-2.194934765924789,0.0,0.0,0.0,0.992837781793506,0.9856755635897464,0.0306646577370378,7,0.0,0.1049279125758639,0.4067536454336147,0.0072513339718155,0,1,0,27230.5,32.575,,,,False,FRESH,False,False,False,False,False,False,False,False,False,False,False,False
2026-04-29 11:15:41,2026-04-29 11:15:00,2026-04-29 11:15:00,NQ,BRACKET_MACRO,ROTATION_ILLIQUID,TrendDown,MID_MORNING_DISCOVERY,TRANSITION,TRANSITION,NONE,50,30,NO_CLEAR_STAGE_C_ALIGNMENT,UNCHANGED,0,-1.997,1,POST_IB_AM,39.22,NONE,1.0,0.58311345646438,-2.194934765924789,0.0,0.0,0.0,0.9740044538402832,0.9480089076824596,0.0869469173101302,2,0.0,0.1049279125758639,0.4067536454336147,0.0072513339718155,0,1,0,27230.5,32.575,,,,False,FRESH,False,False,False,False,False,False,False,False,False,False,False,False
2026-04-29 11:18:35,2026-04-27 11:05:00,2026-04-27 11:05:00,NQ,BRACKET_MACRO,ROTATION_ILLIQUID,TrendUp,MID_MORNING_DISCOVERY,TRANSITION,TRANSITION,NONE,50,100,MACRO_STALE_2893.6MIN,UNCHANGED,0,0.0,0,POST_IB_AM,0.0,NONE,0.0,0.0,0.0,0.0,0.0,0.0,0.99993148899788,0.9998629779991718,0.0005232853141934,12,0.0,-0.6331706827849902,-1.353546291283162,0.0083197444174514,0,1,0,27340.0,46.175,,,,True,MACRO_STALE_2893.6MIN,False,False,False,False,False,False,False,False,False,False,False,False
2026-04-29 11:18:36,2026-04-29 11:15:00,2026-04-29 11:15:00,NQ,BRACKET_MACRO,ROTATION_ILLIQUID,TrendDown,MID_MORNING_DISCOVERY,ROTATION_ILLIQUID,TRANSITION,NONE,62,20,COMPRESSED_BALANCE_LOW_EDGE,PENDING_ROTATION_ILLIQUID_1_OF_2,1,0.0,0,POST_IB_AM,39.17,NONE,1.0,0.58311345646438,-2.089116143170197,0.0,0.0,0.0,0.8799892847102329,0.7599785694204813,0.2646958326362866,2,0.0,0.0998692988212933,0.3871439006574141,0.0072513339718155,0,1,0,27230.5,34.225,,,,False,FRESH,False,False,False,False,False,False,False,False,False,False,False,False
2026-04-29 11:20:05,2026-02-13 14:55:00,2026-02-13 14:55:00,NQ,BRACKET_MACRO,ROTATION_LIQUID,TrendDown,AFTERNOON_TREND_TEST,TRANSITION,TRANSITION,NONE,50,100,MACRO_STALE_107785.1MIN,UNCHANGED,0,0.0,0,PM,17.01,LONG,0.5675675675675675,0.2883435582822086,0.137863121614968,0.0,0.0,0.79,0.9999998062048876,0.9999996124112512,2.3004933832907835e-06,25,0.5979381443298969,0.0148397987943572,-0.8829804693911046,0.0114805172634543,0,1,0,24730.5,76.1625,,,,True,MACRO_STALE_107785.1MIN,False,False,False,False,False,False,False,False,False,False,False,False
2026-04-29 11:20:06,2026-04-29 11:15:00,2026-04-29 11:15:00,NQ,BRACKET_MACRO,ROTATION_ILLIQUID,TrendDown,MID_MORNING_DISCOVERY,ROTATION_ILLIQUID,TRANSITION,NONE,62,20,COMPRESSED_BALANCE_LOW_EDGE,PENDING_ROTATION_ILLIQUID_1_OF_2,1,0.0,0,POST_IB_AM,39.16,NONE,1.0,0.58311345646438,-2.0868296242247357,0.0,0.0,0.0,0.9797720576893976,0.9595441153817686,0.0713592336592113,2,0.0,0.0997599927663996,0.3867201751185698,0.0072513339718155,0,1,0,27230.5,34.2625,,,,False,FRESH,False,False,False,False,False,False,False,False,False,False,False,False
2026-04-29 11:23:07,2026-03-09 12:25:00,2026-03-09 12:25:00,NQ,BRACKET_MACRO,ROTATION_ILLIQUID,TrendUp,LUNCH_AUCTION,TRANSITION,TRANSITION,NONE,50,100,MACRO_STALE_73378.1MIN,UNCHANGED,0,0.0,0,LUNCH,64.0,LONG,1.0,1.0,1.103665746945211,20.0,3.0,0.0,0.9999206115617496,0.999841223121098,0.00059792790375,10,0.0,1.4553901021171076,1.5530153724871896,0.0167988402831073,0,1,0,24453.75,31.7125,,,,True,MACRO_STALE_73378.1MIN,False,False,False,False,False,False,False,False,False,False,False,False
2026-04-29 11:23:08,2026-04-29 11:15:00,2026-04-29 11:15:00,NQ,BRACKET_MACRO,ROTATION_ILLIQUID,TrendDown,MID_MORNING_DISCOVERY,ROTATION_ILLIQUID,TRANSITION,NONE,62,20,COMPRESSED_BALANCE_LOW_EDGE,PENDING_ROTATION_ILLIQUID_1_OF_2,1,0.0,0,POST_IB_AM,39.16,NONE,1.0,0.58311345646438,-2.0868296242247357,0.0,0.0,0.0,0.8343481602102517,0.6686963204216809,0.3238303545202164,2,0.0,0.0997599927663996,0.3867201751185698,0.0072513339718155,0,1,0,27230.5,34.2625,,,,False,FRESH,False,False,False,False,False,False,False,False,False,False,False,False
2026-04-29 11:24:39,2026-04-27 11:05:00,2026-04-27 11:05:00,NQ,BRACKET_MACRO,ROTATION_ILLIQUID,TrendUp,MID_MORNING_DISCOVERY,TRANSITION,TRANSITION,NONE,50,100,MACRO_STALE_2899.6MIN,UNCHANGED,0,0.0,0,POST_IB_AM,0.0,NONE,0.0,0.0,0.0,0.0,0.0,0.0,0.99993148899788,0.9998629779991718,0.0005232853141934,12,0.0,-0.6331706827849902,-1.353546291283162,0.0083197444174514,0,1,0,27340.0,46.175,,,,True,MACRO_STALE_2899.6MIN,False,False,False,False,False,False,False,False,False,False,False,False
2026-04-29 11:24:40,2026-04-29 11:15:00,2026-04-29 11:15:00,NQ,BRACKET_MACRO,ROTATION_ILLIQUID,TrendDown,MID_MORNING_DISCOVERY,ROTATION_ILLIQUID,TRANSITION,NONE,62,20,COMPRESSED_BALANCE_LOW_EDGE,PENDING_ROTATION_ILLIQUID_1_OF_2,1,0.0,0,POST_IB_AM,39.16,NONE,1.0,0.58311345646438,-2.0868296242247357,0.0,0.0,0.0,0.8368820982184149,0.6737641964381347,0.3208583305351833,2,0.0,0.0997599927663996,0.3867201751185698,0.0072513339718155,0,1,0,27230.5,34.2625,,,,False,FRESH,False,False,False,False,False,False,False,False,False,False,False,False
2026-04-29 11:26:09,2026-04-29 11:25:00,2026-04-29 11:20:00,NQ,BRACKET_MACRO,ROTATION_ILLIQUID,TrendUp,MID_MORNING_DISCOVERY,TREND_COMPRESSION,TREND_COMPRESSION,LONG,66,0,MICRO_TREND_INSIDE_MACRO_STRUCTURE,LOCKED_IMMEDIATE,0,0.0,1,POST_IB_AM,38.15,NONE,0.2011173184357542,0.3544018058690745,-0.5585725368502715,0.0,1.0,0.0,0.9718388391556928,0.9436776783121672,0.092542320001388,1,0.0,1.1585964808872102,1.5205585725368502,0.0250575300434671,0,1,1,27266.25,32.225,,,,False,FRESH,True,False,True,False,False,False,True,False,True,False,True,False
2026-04-29 11:26:18,2026-04-29 11:25:00,2026-04-29 11:25:00,NQ,BRACKET_MACRO,ROTATION_ILLIQUID,TrendUp,MID_MORNING_DISCOVERY,TREND_COMPRESSION,TREND_COMPRESSION,LONG,66,0,MICRO_TREND_INSIDE_MACRO_STRUCTURE,UNCHANGED,0,0.0,1,POST_IB_AM,38.15,NONE,0.2011173184357542,0.3544018058690745,-0.5585725368502715,0.0,1.0,0.0,0.99647804959651,0.9929560991954536,0.0168869794508252,2,0.0,1.1585964808872102,1.5205585725368502,0.0250575300434671,0,1,1,27266.25,32.225,,,,False,FRESH,True,False,True,False,False,False,True,False,True,False,True,False
2026-04-29 11:36:46,2026-03-09 12:25:00,2026-03-09 12:25:00,NQ,BRACKET_MACRO,ROTATION_ILLIQUID,TrendUp,LUNCH_AUCTION,TRANSITION,TRANSITION,NONE,50,100,MACRO_STALE_73391.8MIN,UNCHANGED,0,0.0,0,LUNCH,64.0,LONG,1.0,1.0,1.103665746945211,20.0,3.0,0.0,0.9999206115617496,0.999841223121098,0.00059792790375,10,0.0,1.4553901021171076,1.5530153724871896,0.0167988402831073,0,1,0,24453.75,31.7125,,,,True,MACRO_STALE_73391.8MIN,False,False,False,False,False,False,False,False,False,False,False,False
2026-04-29 11:36:47,2026-04-29 11:35:00,2026-04-29 11:35:00,NQ,BRACKET_MACRO,ROTATION_ILLIQUID,TrendUp,MID_MORNING_DISCOVERY,TREND_COMPRESSION,TREND_COMPRESSION,LONG,68,0,DEVELOPING_INITIATIVE_PHASE_AWARE,LOCKED_IMMEDIATE,0,0.0,0,POST_IB_AM,69.75,LONG,1.0,0.1193737769080234,1.7828843106180663,10.0,2.0,0.0,0.9997111808657186,0.999422361731481,0.0019062110136261,4,0.0638297872340425,1.7361832625497753,2.202852614896989,0.0330991784736278,0,1,1,27286.75,31.55,,,,False,FRESH,True,False,True,False,False,False,True,False,True,False,True,False
2026-04-29 11:45:51,2026-04-29 11:45:00,2026-04-29 11:40:00,NQ,BRACKET_MACRO,ROTATION_ILLIQUID,TrendUp,MID_MORNING_DISCOVERY,TREND_COMPRESSION,TREND_COMPRESSION,LONG,66,0,MICRO_TREND_INSIDE_MACRO_STRUCTURE,UNCHANGED,0,0.0,0,POST_IB_AM,51.38,LONG,0.4017094017094017,0.0526315789473684,0.4029147021003,20.0,3.0,0.0,0.9999080320578068,0.9998160641138372,0.0006829143163376,5,0.0065466448445171,1.502732870839158,2.083154736390913,0.0274762550881953,0,1,1,27278.0,29.1625,,,,False,FRESH,True,False,True,False,False,False,True,False,True,False,True,False
2026-04-29 11:46:00,2026-04-29 11:45:00,2026-04-29 11:45:00,NQ,BRACKET_MACRO,ROTATION_ILLIQUID,TrendUp,MID_MORNING_DISCOVERY,TREND_COMPRESSION,TREND_COMPRESSION,LONG,66,0,MICRO_TREND_INSIDE_MACRO_STRUCTURE,UNCHANGED,0,0.0,0,POST_IB_AM,51.38,LONG,0.4017094017094017,0.0526315789473684,0.4029147021003,20.0,3.0,0.0,0.9998371874521292,0.9996743749025664,0.0011418921699622,6,0.0065466448445171,1.502732870839158,2.083154736390913,0.0274762550881953,0,1,1,27278.0,29.1625,,,,False,FRESH,True,False,True,False,False,False,True,False,True,False,True,False
2026-04-29 11:56:28,2026-04-29 11:55:00,2026-04-29 11:50:00,NQ,BRACKET_MACRO,ROTATION_ILLIQUID,TrendDown,MID_MORNING_DISCOVERY,TRANSITION,TRANSITION,NONE,50,30,NO_CLEAR_STAGE_C_ALIGNMENT,LOCKED_IMMEDIATE,0,-2.2,1,POST_IB_AM,44.2,SHORT,1.0,0.0927419354838709,-2.1397552309514407,0.0,1.0,0.0,0.9999999520223366,0.999999904042236,6.178783857412666e-07,1,0.0,-0.5312327197679128,0.0552704303197789,0.0007215750953509,0,1,0,27219.0,31.6625,,,,False,FRESH,False,False,False,False,False,False,False,False,False,False,False,False
2026-04-29 11:56:37,2026-04-29 11:55:00,2026-04-29 11:55:00,NQ,BRACKET_MACRO,ROTATION_ILLIQUID,TrendDown,MID_MORNING_DISCOVERY,TRANSITION,TRANSITION,NONE,50,30,NO_CLEAR_STAGE_C_ALIGNMENT,UNCHANGED,0,-2.2,1,POST_IB_AM,44.2,SHORT,1.0,0.0927419354838709,-2.1397552309514407,0.0,1.0,0.0,0.7179537802229589,0.4359075604428091,0.4291119844968133,2,0.0,-0.5312327197679128,0.0552704303197789,0.0007215750953509,0,1,0,27219.0,31.6625,,,,False,FRESH,False,False,False,False,False,False,False,False,False,False,False,False
2026-04-29 12:05:35,2026-04-29 12:05:00,2026-04-29 12:00:00,NQ,BRACKET_MACRO,ROTATION_ILLIQUID,TrendDown,LUNCH_AUCTION,TRANSITION,TRANSITION,NONE,55,55,HIGH_CONFLICT_STAGE_A_B_OR_PRICE_ACTION,UNCHANGED,0,-0.859,1,LUNCH,15.98,NONE,0.2861035422343324,0.1198347107438016,-0.8495145631067962,0.0,1.0,0.0,0.5148760109027631,0.0297520218049264,0.4996806906727853,3,0.0,0.5233892366171841,1.116504854368932,0.013255210834694,0,1,1,27251.75,30.9,,,,False,FRESH,False,False,False,False,False,False,False,False,False,False,False,False
2026-04-29 12:05:44,2026-04-29 12:05:00,2026-04-29 12:05:00,NQ,BRACKET_MACRO,ROTATION_ILLIQUID,TrendUp,LUNCH_AUCTION,TREND_COMPRESSION,TREND_COMPRESSION,LONG,66,25,MICRO_TREND_INSIDE_MACRO_STRUCTURE,LOCKED_IMMEDIATE,0,-0.859,2,LUNCH,15.98,NONE,0.2861035422343324,0.1198347107438016,-0.8495145631067962,0.0,1.0,0.0,0.9486881012615316,0.8973762025260349,0.1459719424300687,2,0.0,0.5233892366171841,1.116504854368932,0.013255210834694,0,1,1,27251.75,30.9,,,,False,FRESH,False,False,True,False,False,False,True,False,True,False,False,False
2026-04-29 12:16:12,2026-04-29 12:15:00,2026-04-29 12:10:00,NQ,BRACKET_MACRO,ROTATION_ILLIQUID,TrendUp,LUNCH_AUCTION,TREND_COMPRESSION,TREND_COMPRESSION,LONG,66,25,MICRO_TREND_INSIDE_MACRO_STRUCTURE,UNCHANGED,0,0.911,1,LUNCH,41.53,LONG,0.7466666666666667,0.3776722090261282,0.943952802359882,10.0,2.0,0.0,0.9973435224395244,0.994687044881714,0.0132784653134381,3,0.0,0.3543983430454628,1.0029498525073746,0.0108894582723279,0,1,1,27247.0,29.6625,,,,False,FRESH,False,False,True,False,False,False,True,False,True,False,False,False
2026-04-29 12:16:22,2026-04-29 12:15:00,2026-04-29 12:15:00,NQ,BRACKET_MACRO,ROTATION_ILLIQUID,TrendUp,LUNCH_AUCTION,TREND_COMPRESSION,TREND_COMPRESSION,LONG,66,25,MICRO_TREND_INSIDE_MACRO_STRUCTURE,UNCHANGED,0,0.911,1,LUNCH,41.53,LONG,0.7466666666666667,0.3776722090261282,0.943952802359882,10.0,2.0,0.0,0.9993607768350896,0.9987215536715632,0.003852478642863,4,0.0,0.3543983430454628,1.0029498525073746,0.0108894582723279,0,1,1,27247.0,29.6625,,,,False,FRESH,False,False,True,False,False,False,True,False,True,False,False,False
2026-04-29 12:26:51,2026-04-29 12:25:00,2026-04-29 12:25:00,NQ,BRACKET_MACRO,ROTATION_ILLIQUID,TrendUp,LUNCH_AUCTION,TRANSITION,TRANSITION,NONE,50,45,NO_CLEAR_STAGE_C_ALIGNMENT,LOCKED_IMMEDIATE,0,-0.983,1,LUNCH,33.44,SHORT,1.0,0.4609053497942387,-0.9842845326716294,0.0,1.0,0.0,0.9854310327178942,0.970862065434566,0.0548746848225323,6,0.0,-0.4659454523942926,0.1571546732837055,0.0016606939952801,0,1,0,27222.0,30.225,,,,False,FRESH,False,False,False,False,False,False,False,False,False,False,False,False
2026-04-29 12:35:56,2026-04-29 12:35:00,2026-04-29 12:30:00,NQ,BRACKET_MACRO,ROTATION_ILLIQUID,TrendDown,LUNCH_AUCTION,TREND_COMPRESSION,TREND_COMPRESSION,SHORT,66,25,MICRO_TREND_INSIDE_MACRO_STRUCTURE,LOCKED_IMMEDIATE,0,-2.696,1,LUNCH,53.0,SHORT,1.0,0.453027139874739,-2.600790513833992,10.0,2.0,0.0,0.9846186822402688,0.9692373644791562,0.0573278595376472,1,0.0,-2.1606081137485416,-1.6600790513833992,0.0173927447407652,0,1,0,27164.75,31.625,,,,False,FRESH,False,False,True,False,False,False,True,False,False,True,False,False
2026-04-29 12:36:06,2026-04-29 12:35:00,2026-04-29 12:35:00,NQ,BRACKET_MACRO,ROTATION_ILLIQUID,TrendDown,LUNCH_AUCTION,TREND_COMPRESSION,TREND_COMPRESSION,SHORT,66,25,MICRO_TREND_INSIDE_MACRO_STRUCTURE,UNCHANGED,0,-2.696,1,LUNCH,53.0,SHORT,1.0,0.453027139874739,-2.600790513833992,10.0,2.0,0.0,0.9614253255582716,0.9228506511146972,0.1178592598098203,2,0.0,-2.1606081137485416,-1.6600790513833992,0.0173927447407652,0,1,0,27164.75,31.625,,,,False,FRESH,False,False,True,False,False,False,True,False,False,True,False,False
2026-04-29 12:45:04,2026-04-27 11:05:00,2026-04-27 11:05:00,NQ,BRACKET_MACRO,ROTATION_ILLIQUID,TrendUp,MID_MORNING_DISCOVERY,TRANSITION,TRANSITION,NONE,50,100,MACRO_STALE_2980.1MIN,UNCHANGED,0,0.0,0,POST_IB_AM,0.0,NONE,0.0,0.0,0.0,0.0,0.0,0.0,0.99993148899788,0.9998629779991718,0.0005232853141934,12,0.0,-0.6331706827849902,-1.353546291283162,0.0083197444174514,0,1,0,27340.0,46.175,,,,True,MACRO_STALE_2980.1MIN,False,False,False,False,False,False,False,False,False,False,False,False
2026-04-29 12:45:05,2026-04-29 12:35:00,2026-04-29 12:35:00,NQ,BRACKET_MACRO,ROTATION_ILLIQUID,TrendDown,LUNCH_AUCTION,TREND_COMPRESSION,TREND_COMPRESSION,SHORT,66,15,MICRO_TREND_INSIDE_MACRO_STRUCTURE,LOCKED_IMMEDIATE,0,0.0,0,LUNCH,53.0,SHORT,1.0,0.453027139874739,-2.5563325563325567,10.0,2.0,0.0,0.5800089104768623,0.160017820954008,0.4907248727570556,2,0.0,-2.123674641718652,-1.6317016317016315,0.0173927447407652,0,1,0,27164.75,32.175,,,,False,FRESH,False,False,True,False,False,False,True,False,False,True,False,False
2026-04-29 12:46:35,2026-04-29 12:45:00,2026-04-29 12:45:00,NQ,BRACKET_MACRO,ROTATION_ILLIQUID,TrendUp,LUNCH_AUCTION,TRANSITION,TRANSITION,NONE,50,35,NO_CLEAR_STAGE_C_ALIGNMENT,LOCKED_IMMEDIATE,0,0.0,1,LUNCH,40.2,SHORT,0.1683673469387755,0.3620352250489236,-0.5196850393700787,20.0,3.0,0.0,0.6223530570797376,0.2447061141583107,0.4781815826443767,3,0.0,-0.8003186673845126,-0.3700787401574803,0.0037157087516799,0,1,0,27205.5,31.75,,,,False,FRESH,False,False,False,False,False,False,False,False,False,False,False,False
2026-04-29 12:55:45,2026-04-29 12:55:00,2026-04-29 12:50:00,NQ,BRACKET_MACRO,ROTATION_ILLIQUID,TrendUp,LUNCH_AUCTION,TRANSITION,TRANSITION,NONE,50,45,NO_CLEAR_STAGE_C_ALIGNMENT,UNCHANGED,0,1.281,1,LUNCH,58.86,NONE,0.9520958083832336,0.3427419354838709,1.3630518645520788,30.0,4.0,0.0,0.9846381490668322,0.9692762981350328,0.0572694469657225,4,0.0,-0.8830220945033955,-0.4372053150450064,0.0038952111815473,0,1,0,27204.5,29.1625,,,,False,FRESH,False,False,False,False,False,False,False,False,False,False,False,False
2026-04-29 12:55:54,2026-04-29 12:55:00,2026-04-29 12:55:00,NQ,BRACKET_MACRO,ROTATION_ILLIQUID,TrendUp,LUNCH_AUCTION,TRANSITION,TRANSITION,NONE,50,45,NO_CLEAR_STAGE_C_ALIGNMENT,UNCHANGED,0,1.281,1,LUNCH,58.86,NONE,0.9520958083832336,0.3427419354838709,1.3630518645520788,30.0,4.0,0.0,0.9990656115196688,0.998131223042106,0.0053754017578131,5,0.0,-0.8830220945033955,-0.4372053150450064,0.0038952111815473,0,1,0,27204.5,29.1625,,,,False,FRESH,False,False,False,False,False,False,False,False,False,False,False,False
2026-04-29 13:06:13,2026-04-29 13:05:00,2026-04-29 13:00:00,NQ,BRACKET_MACRO,ROTATION_ILLIQUID,TrendUp,POST_LUNCH_ROTATION,TRANSITION,TRANSITION,NONE,50,35,NO_CLEAR_STAGE_C_ALIGNMENT,UNCHANGED,0,-0.603,1,LUNCH,64.0,SHORT,1.0,0.2989247311827957,-0.6113902847571189,40.0,5.0,0.0,0.9987775823727824,0.9975551647486116,0.0067953339626087,6,0.0,-1.4006759701105829,-1.0050251256281406,0.008811219619649,0,1,0,27187.25,29.85,,,,False,FRESH,False,False,False,False,False,False,False,False,False,False,False,False
2026-04-29 13:06:22,2026-04-29 13:05:00,2026-04-29 13:05:00,NQ,BRACKET_MACRO,ROTATION_ILLIQUID,TrendUp,POST_LUNCH_ROTATION,TRANSITION,TRANSITION,NONE,50,35,NO_CLEAR_STAGE_C_ALIGNMENT,UNCHANGED,0,-0.603,0,LUNCH,64.0,SHORT,1.0,0.2989247311827957,-0.6113902847571189,40.0,5.0,0.0,0.9889558769464276,0.9779117538939132,0.0438190835217075,7,0.0,-1.4006759701105829,-1.0050251256281406,0.008811219619649,0,1,0,27187.25,29.85,,,,False,FRESH,False,False,False,False,False,False,False,False,False,False,False,False
2026-04-29 13:16:55,2026-04-29 13:15:00,2026-04-29 13:15:00,NQ,BRACKET_MACRO,ROTATION_ILLIQUID,TrendUp,POST_LUNCH_ROTATION,TRANSITION,TRANSITION,NONE,50,35,NO_CLEAR_STAGE_C_ALIGNMENT,UNCHANGED,0,0.025,0,LUNCH,44.78,NONE,0.0212765957446808,0.525974025974026,0.024906600249066,50.0,6.0,0.0,0.9870285550740404,0.9740571101481312,0.0499518306243728,9,0.0,-0.7714603051503657,-0.398505603985056,0.0034227039361095,0,1,0,27205.25,30.1125,,,,False,FRESH,False,False,False,False,False,False,False,False,False,False,False,False
2026-04-29 13:26:04,2026-04-29 13:25:00,2026-04-29 13:20:00,NQ,BRACKET_MACRO,ROTATION_ILLIQUID,TrendUp,POST_LUNCH_ROTATION,TRANSITION,TRANSITION,NONE,50,45,NO_CLEAR_STAGE_C_ALIGNMENT,UNCHANGED,0,0.707,0,LUNCH,52.2,NONE,1.0,0.0759493670886076,0.7039337474120083,60.0,7.0,0.0,0.9992544495282952,0.998508899059358,0.0044105138482185,10,0.0,-0.6456246344037846,-0.2898550724637681,0.0024182961376355,0,1,0,27208.5,30.1875,,,,False,FRESH,False,False,False,False,False,False,False,False,False,False,False,False
2026-04-29 13:26:13,2026-04-29 13:25:00,2026-04-29 13:25:00,NQ,BRACKET_MACRO,ROTATION_ILLIQUID,TrendUp,POST_LUNCH_ROTATION,TRANSITION,TRANSITION,NONE,50,45,NO_CLEAR_STAGE_C_ALIGNMENT,UNCHANGED,0,0.707,0,LUNCH,52.2,NONE,1.0,0.0759493670886076,0.7039337474120083,60.0,7.0,0.0,0.9985745534634664,0.9971491069242536,0.0077658588733505,11,0.0,-0.6456246344037846,-0.2898550724637681,0.0024182961376355,0,1,0,27208.5,30.1875,,,,False,FRESH,False,False,False,False,False,False,False,False,False,False,False,False
2026-04-29 13:36:43,2026-04-29 13:35:00,2026-04-29 13:35:00,NQ,BRACKET_MACRO,ROTATION_ILLIQUID,TrendUp,POST_LUNCH_ROTATION,ROTATION_ILLIQUID,TRANSITION,NONE,62,20,COMPRESSED_BALANCE_LOW_EDGE,PENDING_ROTATION_ILLIQUID_1_OF_2,1,0.376,0,PM,54.5,NONE,1.0,0.254054054054054,0.3989120580235721,70.0,8.0,12.93,0.9986368377465644,0.9972736754965028,0.007470496011485,13,0.0,-0.4138069731604577,-0.0362647325475974,0.0002674511901577,0,1,0,27216.25,27.575,,,,False,FRESH,False,False,False,False,False,False,False,False,False,False,False,False
2026-04-29 13:45:51,2026-04-29 13:45:00,2026-04-29 13:40:00,NQ,BRACKET_MACRO,ROTATION_ILLIQUID,TrendUp,POST_LUNCH_ROTATION,ROTATION_ILLIQUID,ROTATION_ILLIQUID,NONE,62,20,COMPRESSED_BALANCE_LOW_EDGE,LOCKED_AFTER_2_CONFIRMATIONS,0,0.412,0,PM,63.37,NONE,1.0,1.0,0.4414587332053742,80.0,9.0,9.03,0.995768284454323,0.9915365689097606,0.0197286383434418,14,0.0,-0.2889459791479072,0.1055662188099808,0.0007205082858452,0,1,0,27220.0,26.05,,,,False,FRESH,False,False,False,False,False,False,False,False,False,False,False,False
2026-04-29 13:46:01,2026-04-29 13:45:00,2026-04-29 13:45:00,NQ,BRACKET_MACRO,ROTATION_ILLIQUID,TrendUp,POST_LUNCH_ROTATION,ROTATION_ILLIQUID,ROTATION_ILLIQUID,NONE,62,20,COMPRESSED_BALANCE_LOW_EDGE,UNCHANGED,0,0.412,0,PM,63.37,NONE,1.0,1.0,0.4414587332053742,80.0,9.0,9.03,0.9957319057690832,0.991463811539758,0.0198718287350304,15,0.0,-0.2889459791479072,0.1055662188099808,0.0007205082858452,0,1,0,27220.0,26.05,,,,False,FRESH,False,False,False,False,False,False,False,False,False,False,False,False
2026-04-29 13:48:55,2026-04-27 11:05:00,2026-04-27 11:05:00,NQ,BRACKET_MACRO,ROTATION_ILLIQUID,TrendUp,MID_MORNING_DISCOVERY,TRANSITION,TRANSITION,NONE,50,100,MACRO_STALE_3043.9MIN,UNCHANGED,0,0.0,0,POST_IB_AM,0.0,NONE,0.0,0.0,0.0,0.0,0.0,0.0,0.99993148899788,0.9998629779991718,0.0005232853141934,12,0.0,-0.6331706827849902,-1.353546291283162,0.0083197444174514,0,1,0,27340.0,46.175,,,,True,MACRO_STALE_3043.9MIN,False,False,False,False,False,False,False,False,False,False,False,False
2026-04-29 13:48:56,2026-04-29 13:45:00,2026-04-29 13:45:00,NQ,BRACKET_MACRO,ROTATION_ILLIQUID,TrendUp,POST_LUNCH_ROTATION,ROTATION_ILLIQUID,TRANSITION,NONE,62,20,COMPRESSED_BALANCE_LOW_EDGE,PENDING_ROTATION_ILLIQUID_1_OF_2,1,0.0,0,PM,63.35,NONE,1.0,1.0,0.438512869399428,80.0,9.0,8.97,0.9965567033963014,0.9931134067913976,0.0165660480767528,15,0.0,-0.2870178362937267,0.1048617731172545,0.0007205082858452,0,1,0,27220.0,26.225,,,,False,FRESH,False,False,False,False,False,False,False,False,False,False,False,False
2026-04-29 13:56:32,2026-04-29 13:55:00,2026-04-29 13:55:00,NQ,BRACKET_MACRO,ROTATION_ILLIQUID,TrendUp,POST_LUNCH_ROTATION,ROTATION_ILLIQUID,ROTATION_ILLIQUID,NONE,62,20,COMPRESSED_BALANCE_LOW_EDGE,LOCKED_AFTER_2_CONFIRMATIONS,0,0.0,0,PM,40.68,LONG,1.0,1.0,0.6704980842911877,0.0,0.0,7.17,0.9967338164024904,0.9934676328064008,0.015838564997013,17,0.0,0.2292973545546475,0.632183908045977,0.0041952707856598,0,1,0,27233.75,26.1,,,,False,FRESH,False,False,False,False,False,False,False,False,False,False,False,False
2026-04-29 14:05:41,2026-04-29 14:05:00,2026-04-29 14:00:00,NQ,BRACKET_MACRO,ROTATION_ILLIQUID,TrendDown,AFTERNOON_TREND_TEST,TRANSITION,TRANSITION,NONE,50,0,NO_CLEAR_STAGE_C_ALIGNMENT,LOCKED_IMMEDIATE,0,-0.649,1,PM,23.48,SHORT,0.3854748603351955,0.1022222222222222,-0.6284153005464481,0.0,1.0,28.41,0.9998587497553294,0.9997174995098096,0.0010051404296005,1,0.0,-0.9090498717007048,-0.5282331511839709,0.0035587188612099,0,1,0,27202.75,27.45,,,,False,FRESH,False,False,False,False,False,False,False,False,False,False,False,False
2026-04-29 14:05:51,2026-04-29 14:05:00,2026-04-29 14:05:00,NQ,BRACKET_MACRO,ROTATION_ILLIQUID,TrendDown,AFTERNOON_TREND_TEST,TRANSITION,TRANSITION,NONE,50,0,NO_CLEAR_STAGE_C_ALIGNMENT,UNCHANGED,0,-0.649,1,PM,23.48,SHORT,0.3854748603351955,0.1022222222222222,-0.6284153005464481,0.0,1.0,28.41,0.7270359337546184,0.4540718675126931,0.4228429022231217,2,0.0,-0.9090498717007048,-0.5282331511839709,0.0035587188612099,0,1,0,27202.75,27.45,,,,False,FRESH,False,False,False,False,False,False,False,False,False,False,False,False
2026-04-29 14:11:46,2026-03-04 12:45:00,2026-03-04 12:45:00,NQ,BRACKET_MACRO,ROTATION_ILLIQUID,TrendDown,LUNCH_AUCTION,TRANSITION,TRANSITION,NONE,50,100,MACRO_STALE_80726.8MIN,UNCHANGED,0,0.0,0,LUNCH,38.01,NONE,0.2727272727272727,0.2954990215264187,0.540761982793937,20.0,3.0,0.0,0.9989333936339876,0.9978667872686894,0.0060341558231803,7,0.0,-0.7834483159448986,2.6546497337156905,0.0268012242534535,0,1,0,24783.75,30.5125,,,,True,MACRO_STALE_80726.8MIN,False,False,False,False,False,False,False,False,False,False,False,False
2026-04-29 14:11:47,2026-04-29 14:05:00,2026-04-29 14:05:00,NQ,BRACKET_MACRO,ROTATION_ILLIQUID,TrendDown,AFTERNOON_TREND_TEST,TRANSITION,TRANSITION,NONE,50,20,NO_CLEAR_STAGE_C_ALIGNMENT,UNCHANGED,0,0.0,0,PM,22.19,SHORT,0.3854748603351955,0.1022222222222222,-0.5915130732961852,0.0,1.0,26.74,0.999182274092942,0.9983645481862908,0.0047829606202849,2,0.0,-0.8556680318280101,-0.4972138876982426,0.0035587188612099,0,1,0,27202.75,29.1625,,,,False,FRESH,False,False,False,False,False,False,False,False,False,False,False,False
2026-04-29 14:14:50,2026-04-27 11:05:00,2026-04-27 11:05:00,NQ,BRACKET_MACRO,ROTATION_ILLIQUID,TrendUp,MID_MORNING_DISCOVERY,TRANSITION,TRANSITION,NONE,50,100,MACRO_STALE_3069.8MIN,UNCHANGED,0,0.0,0,POST_IB_AM,0.0,NONE,0.0,0.0,0.0,0.0,0.0,0.0,0.99993148899788,0.9998629779991718,0.0005232853141934,12,0.0,-0.6331706827849902,-1.353546291283162,0.0083197444174514,0,1,0,27340.0,46.175,,,,True,MACRO_STALE_3069.8MIN,False,False,False,False,False,False,False,False,False,False,False,False
2026-04-29 14:14:51,2026-04-29 14:05:00,2026-04-29 14:05:00,NQ,BRACKET_MACRO,ROTATION_ILLIQUID,TrendDown,AFTERNOON_TREND_TEST,TRANSITION,TRANSITION,NONE,50,20,NO_CLEAR_STAGE_C_ALIGNMENT,UNCHANGED,0,0.0,0,PM,22.19,SHORT,0.3854748603351955,0.1022222222222222,-0.5915130732961852,0.0,1.0,26.74,0.9991177698169194,0.9982355396359428,0.0051119132747906,2,0.0,-0.8556680318280101,-0.4972138876982426,0.0035587188612099,0,1,0,27202.75,29.1625,,,,False,FRESH,False,False,False,False,False,False,False,False,False,False,False,False
2026-04-29 14:16:20,2026-04-29 14:15:00,2026-04-29 14:10:00,NQ,BRACKET_MACRO,ROTATION_ILLIQUID,TrendDown,AFTERNOON_TREND_TEST,TRANSITION,TRANSITION,NONE,50,0,NO_CLEAR_STAGE_C_ALIGNMENT,UNCHANGED,0,0.0,0,PM,63.0,SHORT,1.0,0.4142259414225941,-1.5062388591800355,10.0,2.0,38.96,0.9994537137414904,0.9989074274818098,0.0033542949135019,3,0.0,-1.246794974099892,-0.9180035650623886,0.006060962692715,0,1,0,27191.5,28.05,,,,False,FRESH,False,False,False,False,False,False,False,False,False,False,False,False
2026-04-29 14:16:30,2026-04-29 14:15:00,2026-04-29 14:15:00,NQ,BRACKET_MACRO,ROTATION_ILLIQUID,TrendUp,AFTERNOON_TREND_TEST,TRANSITION,TRANSITION,NONE,50,20,NO_CLEAR_STAGE_C_ALIGNMENT,UNCHANGED,0,0.0,1,PM,63.0,SHORT,1.0,0.4142259414225941,-1.5062388591800355,10.0,2.0,38.96,0.8646093841018966,0.7292187682015623,0.2860193838238979,1,0.0,-1.246794974099892,-0.9180035650623886,0.006060962692715,0,1,0,27191.5,28.05,,,,False,FRESH,False,False,False,False,False,False,False,False,False,False,False,False
2026-04-29 14:19:24,2026-04-27 11:05:00,2026-04-27 11:05:00,NQ,BRACKET_MACRO,ROTATION_ILLIQUID,TrendUp,MID_MORNING_DISCOVERY,TRANSITION,TRANSITION,NONE,50,100,MACRO_STALE_3074.4MIN,UNCHANGED,0,0.0,0,POST_IB_AM,0.0,NONE,0.0,0.0,0.0,0.0,0.0,0.0,0.99993148899788,0.9998629779991718,0.0005232853141934,12,0.0,-0.6331706827849902,-1.353546291283162,0.0083197444174514,0,1,0,27340.0,46.175,,,,True,MACRO_STALE_3074.4MIN,False,False,False,False,False,False,False,False,False,False,False,False
2026-04-29 14:19:25,2026-04-29 14:15:00,2026-04-29 14:15:00,NQ,BRACKET_MACRO,ROTATION_ILLIQUID,TrendDown,AFTERNOON_TREND_TEST,TRANSITION,TRANSITION,NONE,50,0,NO_CLEAR_STAGE_C_ALIGNMENT,UNCHANGED,0,0.0,0,PM,62.64,SHORT,1.0,0.4142259414225941,-1.4124529878813203,10.0,2.0,36.54,0.6612726792413235,0.3225453584852906,0.4617978142880181,4,0.0,-1.1691633605851055,-0.8608441287087337,0.006060962692715,0,1,0,27191.5,29.9125,,,,False,FRESH,False,False,False,False,False,False,False,False,False,False,False,False
2026-04-29 14:25:29,2026-03-09 12:25:00,2026-03-09 12:25:00,NQ,BRACKET_MACRO,ROTATION_ILLIQUID,TrendUp,LUNCH_AUCTION,TRANSITION,TRANSITION,NONE,50,100,MACRO_STALE_73560.5MIN,UNCHANGED,0,0.0,0,LUNCH,64.0,LONG,1.0,1.0,1.103665746945211,20.0,3.0,0.0,0.9999206115617496,0.999841223121098,0.00059792790375,10,0.0,1.4553901021171076,1.5530153724871896,0.0167988402831073,0,1,0,24453.75,31.7125,,,,True,MACRO_STALE_73560.5MIN,False,False,False,False,False,False,False,False,False,False,False,False
2026-04-29 14:25:31,2026-04-29 14:15:00,2026-04-29 14:15:00,NQ,BRACKET_MACRO,ROTATION_ILLIQUID,TrendDown,AFTERNOON_TREND_TEST,TRANSITION,TRANSITION,NONE,50,0,NO_CLEAR_STAGE_C_ALIGNMENT,UNCHANGED,0,0.0,0,PM,62.58,SHORT,1.0,0.4142259414225941,-1.405990016638935,10.0,2.0,36.37,0.999761929557054,0.999523859117584,0.0016044575382217,4,0.0,-1.163813611431014,-0.8569051580698835,0.006060962692715,0,1,0,27191.5,30.05,,,,False,FRESH,False,False,False,False,False,False,False,False,False,False,False,False
2026-04-29 14:27:02,2026-04-29 14:25:00,2026-04-29 14:25:00,NQ,BRACKET_MACRO,ROTATION_ILLIQUID,TrendUp,AFTERNOON_TREND_TEST,ROTATION_ILLIQUID,TRANSITION,NONE,62,20,COMPRESSED_BALANCE_LOW_EDGE,PENDING_ROTATION_ILLIQUID_1_OF_2,1,0.0,1,PM,18.82,NONE,0.4972067039106145,0.0558659217877094,0.7432150313152401,0.0,0.0,1.4,0.5923487487965409,0.1846974975939126,0.4876253507704945,1,0.0,-0.0448024757585579,0.2588726513569937,0.0017593643586833,0,1,0,27225.0,29.9375,,,,False,FRESH,False,False,False,False,False,False,False,False,False,False,False,False
2026-04-29 14:36:15,2026-04-29 14:35:00,2026-04-29 14:30:00,NQ,BRACKET_MACRO,ROTATION_ILLIQUID,TrendUp,AFTERNOON_TREND_TEST,TRANSITION,TRANSITION,NONE,50,20,NO_CLEAR_STAGE_C_ALIGNMENT,UNCHANGED,0,0.467,1,PM,23.75,NONE,0.2641509433962264,0.2965879265091863,0.4666666666666667,0.0,1.0,21.17,0.9217440094098146,0.8434880188211958,0.1980020274194921,2,0.0,-0.6773207412454212,-0.3916666666666666,0.0025922453256852,0,1,0,27205.5,30.0,,,,False,FRESH,False,False,False,False,False,False,False,False,False,False,False,False
2026-04-29 14:36:24,2026-04-29 14:35:00,2026-04-29 14:35:00,NQ,BRACKET_MACRO,ROTATION_ILLIQUID,TrendUp,AFTERNOON_TREND_TEST,TRANSITION,TRANSITION,NONE,50,20,NO_CLEAR_STAGE_C_ALIGNMENT,UNCHANGED,0,0.467,1,PM,23.75,NONE,0.2641509433962264,0.2965879265091863,0.4666666666666667,0.0,1.0,21.17,0.861659428386687,0.7233188567740994,0.2899381826351955,3,0.0,-0.6773207412454212,-0.3916666666666666,0.0025922453256852,0,1,0,27205.5,30.0,,,,False,FRESH,False,False,False,False,False,False,False,False,False,False,False,False
2026-04-29 14:46:58,2026-04-29 14:45:00,2026-04-29 14:45:00,NQ,BRACKET_MACRO,ROTATION_ILLIQUID,TrendUp,AFTERNOON_TREND_TEST,TRANSITION,TRANSITION,NONE,50,30,NO_CLEAR_STAGE_C_ALIGNMENT,UNCHANGED,0,-1.057,1,PM,60.71,SHORT,1.0,0.1354838709677419,-0.9928003031451308,10.0,2.0,31.7,0.9630052064946574,0.9260104129862574,0.1141697723417819,2,0.0,-1.0144911201395237,-0.7578628268283442,0.0052249333820993,0,1,0,27192.25,32.9875,,,,False,FRESH,False,False,False,False,False,False,False,False,False,False,False,False
2026-04-29 14:56:11,2026-04-29 14:55:00,2026-04-29 14:50:00,NQ,BRACKET_MACRO,ROTATION_ILLIQUID,TrendUp,AFTERNOON_TREND_TEST,TREND_COMPRESSION,TREND_COMPRESSION,LONG,66,10,MICRO_TREND_INSIDE_MACRO_STRUCTURE,LOCKED_IMMEDIATE,0,1.523,0,PM,43.42,LONG,0.6501650165016502,0.4912621359223301,1.4479970599044467,0.0,1.0,26.55,0.7285139756032767,0.4570279512100986,0.4217944575804166,3,0.0,0.8496963079947181,1.102535832414553,0.0075471698113207,0,1,1,27254.75,34.0125,,,,False,FRESH,True,False,True,False,False,False,True,False,True,False,True,False
2026-04-29 14:56:20,2026-04-29 14:55:00,2026-04-29 14:55:00,NQ,BRACKET_MACRO,ROTATION_ILLIQUID,TrendUp,AFTERNOON_TREND_TEST,TREND_COMPRESSION,TREND_COMPRESSION,LONG,66,10,MICRO_TREND_INSIDE_MACRO_STRUCTURE,UNCHANGED,0,1.523,0,PM,43.42,LONG,0.6501650165016502,0.4912621359223301,1.4479970599044467,0.0,1.0,26.55,0.6949363001043817,0.3898726002104957,0.4436964654604862,4,0.0,0.8496963079947181,1.102535832414553,0.0075471698113207,0,1,1,27254.75,34.0125,,,,False,FRESH,True,False,True,False,False,False,True,False,True,False,True,False
2026-04-29 15:06:54,2026-04-29 15:05:00,2026-04-29 15:05:00,NQ,BRACKET_MACRO,ROTATION_ILLIQUID,TrendDown,LATE_DAY_CONVICTION,TRANSITION,TRANSITION,NONE,50,40,NO_CLEAR_STAGE_C_ALIGNMENT,LOCKED_IMMEDIATE,0,2.685,1,POWER_HOUR,69.6,LONG,1.0,0.4770459081836327,2.5438294946717086,10.0,2.0,51.94,0.5152945830789676,0.0305891661572052,0.4996624659635659,4,0.0507364975450081,1.5684625607981335,1.8563080096253008,0.0131990614000782,0,1,1,27284.75,36.3625,,,,False,FRESH,False,False,False,False,False,False,False,False,False,False,False,False
2026-04-29 15:16:04,2026-04-29 15:15:00,2026-04-29 15:10:00,NQ,BRACKET_MACRO,ROTATION_ILLIQUID,TrendUp,LATE_DAY_CONVICTION,TREND_COMPRESSION,TREND_COMPRESSION,LONG,66,30,MICRO_TREND_INSIDE_MACRO_STRUCTURE,LOCKED_IMMEDIATE,0,1.791,2,POWER_HOUR,83.22,LONG,1.0,0.8103756708407871,1.7391304347826089,20.0,3.0,66.08,0.9530164053444448,0.9060328106908948,0.1367212977839051,2,0.2733224222585925,2.423292144098923,2.758152173913044,0.0192681885055289,0,1,1,27318.75,36.8,,,,False,FRESH,True,False,True,False,False,False,True,False,True,False,True,False
2026-04-29 15:16:14,2026-04-29 15:15:00,2026-04-29 15:15:00,NQ,BRACKET_MACRO,ROTATION_ILLIQUID,TrendUp,LATE_DAY_CONVICTION,TREND_COMPRESSION,TREND_COMPRESSION,LONG,66,30,MICRO_TREND_INSIDE_MACRO_STRUCTURE,UNCHANGED,0,1.791,2,POWER_HOUR,83.22,LONG,1.0,0.8103756708407871,1.7391304347826089,20.0,3.0,66.08,0.9002171528876514,0.8004343057747805,0.2341534285150359,3,0.2733224222585925,2.423292144098923,2.758152173913044,0.0192681885055289,0,1,1,27318.75,36.8,,,,False,FRESH,True,False,True,False,False,False,True,False,True,False,True,False
2026-04-29 15:23:44,2026-04-27 11:05:00,2026-04-27 11:05:00,NQ,BRACKET_MACRO,ROTATION_ILLIQUID,TrendUp,MID_MORNING_DISCOVERY,TRANSITION,TRANSITION,NONE,50,100,MACRO_STALE_3138.7MIN,UNCHANGED,0,0.0,0,POST_IB_AM,0.0,NONE,0.0,0.0,0.0,0.0,0.0,0.0,0.99993148899788,0.9998629779991712,0.0005232853141965,12,0.0,-0.6331706827849902,-1.353546291283162,0.0083197444174514,0,1,0,27340.0,46.175,,,,True,MACRO_STALE_3138.7MIN,False,False,False,False,False,False,False,False,False,False,False,False
2026-04-29 15:23:45,2026-04-29 15:15:00,2026-04-29 15:15:00,NQ,BRACKET_MACRO,ROTATION_ILLIQUID,TrendUp,LATE_DAY_CONVICTION,TREND_COMPRESSION,TREND_COMPRESSION,LONG,66,20,MICRO_TREND_INSIDE_MACRO_STRUCTURE,LOCKED_IMMEDIATE,0,0.0,0,POWER_HOUR,83.22,LONG,1.0,0.8103756708407871,1.695364238410596,20.0,3.0,66.08,0.9938107654205968,0.987621530839928,0.0271529287197837,3,0.2733224222585925,2.3623086331878245,2.6887417218543046,0.0192681885055289,0,1,1,27318.75,37.75,,,,False,FRESH,True,False,True,False,False,False,True,False,True,False,True,False
2026-04-29 15:26:47,2026-04-29 15:25:00,2026-04-29 15:25:00,NQ,BRACKET_MACRO,ROTATION_ILLIQUID,TrendUp,LATE_DAY_CONVICTION,TREND_COMPRESSION,TREND_COMPRESSION,LONG,66,20,MICRO_TREND_INSIDE_MACRO_STRUCTURE,UNCHANGED,0,0.0,0,POWER_HOUR,83.23,LONG,1.0,1.0,0.913942628418946,30.0,4.0,66.17,0.9928322755552578,0.9856645511116436,0.0306842446680586,5,0.2749590834697217,2.3286982337479443,2.715143428952635,0.0188373599925946,0,1,1,27319.0,37.475,,,,False,FRESH,True,False,True,False,False,False,True,False,True,False,True,False
2026-04-29 15:35:59,2026-04-29 15:35:00,2026-04-29 15:30:00,NQ,BRACKET_MACRO,ROTATION_ILLIQUID,TrendDown,LATE_DAY_CONVICTION,TRANSITION,TRANSITION,NONE,50,30,NO_CLEAR_STAGE_C_ALIGNMENT,LOCKED_IMMEDIATE,0,-1.047,1,POWER_HOUR,79.54,NONE,0.9875776397515528,0.2326139088729016,-1.0274636510500808,40.0,5.0,37.43,0.9977274079891488,0.9954548159789034,0.0116157859671267,1,0.0130932896890343,1.179485595883254,1.5961227786752827,0.0111704052098408,0,1,1,27279.0,38.6875,,,,False,FRESH,False,False,False,False,False,False,False,False,False,False,False,False
2026-04-29 15:36:09,2026-04-29 15:35:00,2026-04-29 15:35:00,NQ,BRACKET_MACRO,ROTATION_ILLIQUID,TrendDown,LATE_DAY_CONVICTION,TRANSITION,TRANSITION,NONE,50,30,NO_CLEAR_STAGE_C_ALIGNMENT,UNCHANGED,0,-1.047,1,POWER_HOUR,79.54,NONE,0.9875776397515528,0.2326139088729016,-1.0274636510500808,40.0,5.0,37.43,0.9243483552236088,0.8486967104473816,0.1933345105164096,2,0.0130932896890343,1.179485595883254,1.5961227786752827,0.0111704052098408,0,1,1,27279.0,38.6875,,,,False,FRESH,False,False,False,False,False,False,False,False,False,False,False,False
2026-04-29 15:46:44,2026-04-29 15:45:00,2026-04-29 15:45:00,NQ,BRACKET_MACRO,ROTATION_ILLIQUID,TrendUp,LATE_DAY_CONVICTION,TREND_COMPRESSION,TREND_COMPRESSION,LONG,66,10,MICRO_TREND_INSIDE_MACRO_STRUCTURE,LOCKED_IMMEDIATE,0,-1.105,2,POWER_HOUR,79.85,NONE,1.0,0.0957095709570957,-1.1369863013698631,50.0,6.0,37.12,0.87802322813071,0.7560464562636026,0.2675082338646931,3,0.0032733224222585,1.1834215467286613,1.6506849315068493,0.0106864136218517,0,1,1,27277.5,36.5,,,,False,FRESH,True,False,True,False,False,False,True,False,True,False,True,False
2026-04-29 15:55:56,2026-04-29 15:55:00,2026-04-29 15:50:00,NQ,BRACKET_MACRO,ROTATION_ILLIQUID,TrendUp,LATE_DAY_CONVICTION,TREND_COMPRESSION,TREND_COMPRESSION,LONG,66,20,MICRO_TREND_INSIDE_MACRO_STRUCTURE,UNCHANGED,0,0.446,2,POWER_HOUR,71.13,LONG,0.8441558441558441,0.3949579831932773,0.4765395894428152,60.0,7.0,57.03,0.9966688771675882,0.9933377543386256,0.016106087481945,4,0.1194762684124386,1.7503441328843967,2.287390029325513,0.0135440180586907,0,1,1,27295.25,34.1,,,,False,FRESH,True,False,True,False,False,False,True,False,True,False,True,False
2026-04-29 15:56:05,2026-04-29 15:55:00,2026-04-29 15:55:00,NQ,BRACKET_MACRO,ROTATION_ILLIQUID,TrendUp,LATE_DAY_CONVICTION,TREND_COMPRESSION,TREND_COMPRESSION,LONG,66,20,MICRO_TREND_INSIDE_MACRO_STRUCTURE,UNCHANGED,0,0.446,1,POWER_HOUR,71.13,LONG,0.8441558441558441,0.3949579831932773,0.4765395894428152,60.0,7.0,57.03,0.9940398152798062,0.988079630558816,0.0263106821954018,5,0.1194762684124386,1.7503441328843967,2.287390029325513,0.0135440180586907,0,1,1,27295.25,34.1,,,,False,FRESH,True,False,True,False,False,False,True,False,True,False,True,False
2026-04-29 16:00:31,2026-03-09 12:25:00,2026-03-09 12:25:00,NQ,BRACKET_MACRO,ROTATION_ILLIQUID,TrendUp,LUNCH_AUCTION,TRANSITION,TRANSITION,NONE,50,100,MACRO_STALE_73655.5MIN,UNCHANGED,0,0.0,0,LUNCH,64.0,LONG,1.0,1.0,1.103665746945211,20.0,3.0,0.0,0.9999206115617496,0.999841223121098,0.00059792790375,10,0.0,1.4553901021171076,1.5530153724871896,0.0167988402831073,0,1,0,24453.75,31.7125,,,,True,MACRO_STALE_73655.5MIN,False,False,False,False,False,False,False,False,False,False,False,False
2026-04-29 16:00:32,2026-04-29 16:00:00,2026-04-29 15:55:00,NQ,BRACKET_MACRO,ROTATION_ILLIQUID,TrendUp,CASH_CLOSE,TREND_COMPRESSION,TREND_COMPRESSION,LONG,66,20,MICRO_TREND_INSIDE_MACRO_STRUCTURE,LOCKED_IMMEDIATE,0,0.0,0,CLOSE,84.62,LONG,1.0,0.1782178217821782,1.6357388316151202,65.0,8.0,73.11,0.9955864653473592,0.9911729306912886,0.0204420722776758,5,0.392798690671031,2.720856661218838,3.2920962199312718,0.0204133816322181,0,1,1,27337.0,36.375,,,,False,FRESH,False,False,True,False,False,False,True,False,True,False,False,False
2026-04-29 16:00:41,2026-04-29 16:00:00,2026-04-29 16:00:00,NQ,BRACKET_MACRO,ROTATION_ILLIQUID,Transition,CASH_CLOSE,TRANSITION,TRANSITION,NONE,52,45,HMM_TRANSITION_OR_RETURN_TO_OPEN,LOCKED_IMMEDIATE,0,0.0,1,CLOSE,84.62,LONG,1.0,0.1782178217821782,1.6357388316151202,65.0,8.0,73.11,0.9374580977832716,0.874931354894225,0.1688288448230535,1,0.392798690671031,2.720856661218838,3.2920962199312718,0.0204133816322181,0,1,1,27337.0,36.375,,,,False,FRESH,False,False,False,False,False,False,False,False,False,False,False,False
2026-04-30 08:35:43,2026-04-29 16:00:00,2026-04-29 16:00:00,NQ,BRACKET_MACRO,ROTATION_ILLIQUID,TrendDown,CASH_CLOSE,TRANSITION,TRANSITION,NONE,50,100,MACRO_STALE_995.7MIN,UNCHANGED,0,0.0,0,CLOSE,84.62,LONG,1.0,0.1782178217821782,1.6357388316151202,65.0,8.0,73.11,1.0,1.0,3.8896004303138647e-25,1,0.392798690671031,2.720856661218838,3.2920962199312718,0.0204133816322181,0,1,1,27337.0,36.375,,,,True,MACRO_STALE_995.7MIN,False,False,False,False,False,False,False,False,False,False,False,False
2026-04-30 08:37:43,2026-04-27 11:05:00,2026-04-27 11:05:00,NQ,BRACKET_MACRO,ROTATION_ILLIQUID,TrendUp,MID_MORNING_DISCOVERY,TRANSITION,TRANSITION,NONE,50,100,MACRO_STALE_4172.7MIN,UNCHANGED,0,0.0,0,POST_IB_AM,0.0,NONE,0.0,0.0,0.0,0.0,0.0,0.0,0.99993148899788,0.9998629779991718,0.0005232853141934,12,0.0,-0.6331706827849902,-1.353546291283162,0.0083197444174514,0,1,0,27340.0,46.175,,,,True,MACRO_STALE_4172.7MIN,False,False,False,False,False,False,False,False,False,False,False,False
2026-04-30 08:37:44,2026-04-29 16:00:00,2026-04-29 16:00:00,NQ,BRACKET_MACRO,ROTATION_ILLIQUID,TrendDown,CASH_CLOSE,TRANSITION,TRANSITION,NONE,50,100,MACRO_STALE_997.7MIN,UNCHANGED,0,0.0,0,CLOSE,84.62,LONG,1.0,0.1782178217821782,1.6357388316151202,65.0,8.0,73.11,1.0,1.0,3.41580819753748e-25,1,0.392798690671031,2.720856661218838,3.2920962199312718,0.0204133816322181,0,1,1,27337.0,36.375,,,,True,MACRO_STALE_997.7MIN,False,False,False,False,False,False,False,False,False,False,False,False
2026-04-30 08:44:19,2026-04-27 11:05:00,2026-04-27 11:05:00,NQ,BRACKET_MACRO,ROTATION_ILLIQUID,TrendUp,MID_MORNING_DISCOVERY,TRANSITION,TRANSITION,NONE,50,100,MACRO_STALE_4179.3MIN,UNCHANGED,0,0.0,0,POST_IB_AM,0.0,NONE,0.0,0.0,0.0,0.0,0.0,0.0,0.99993148899788,0.9998629779991718,0.0005232853141934,12,0.0,-0.6331706827849902,-1.353546291283162,0.0083197444174514,0,1,0,27340.0,46.175,,,,True,MACRO_STALE_4179.3MIN,False,False,False,False,False,False,False,False,False,False,False,False
2026-04-30 08:44:20,2026-04-29 16:00:00,2026-04-29 16:00:00,NQ,BRACKET_MACRO,ROTATION_ILLIQUID,TrendDown,CASH_CLOSE,TRANSITION,TRANSITION,NONE,50,100,MACRO_STALE_1004.3MIN,UNCHANGED,0,0.0,0,CLOSE,84.62,LONG,1.0,0.1782178217821782,1.6357388316151202,65.0,8.0,73.11,1.0,1.0,3.41580819753748e-25,1,0.392798690671031,2.720856661218838,3.2920962199312718,0.0204133816322181,0,1,1,27337.0,36.375,,,,True,MACRO_STALE_1004.3MIN,False,False,False,False,False,False,False,False,False,False,False,False
2026-04-30 08:59:48,2026-04-27 11:05:00,2026-04-27 11:05:00,NQ,BRACKET_MACRO,ROTATION_ILLIQUID,TrendUp,MID_MORNING_DISCOVERY,TRANSITION,TRANSITION,NONE,50,100,MACRO_STALE_4194.8MIN,UNCHANGED,0,0.0,0,POST_IB_AM,0.0,NONE,0.0,0.0,0.0,0.0,0.0,0.0,0.99993148899788,0.9998629779991718,0.0005232853141934,12,0.0,-0.6331706827849902,-1.353546291283162,0.0083197444174514,0,1,0,27340.0,46.175,,,,True,MACRO_STALE_4194.8MIN,False,False,False,False,False,False,False,False,False,False,False,False
2026-04-30 08:59:49,2026-04-29 16:00:00,2026-04-29 16:00:00,NQ,BRACKET_MACRO,ROTATION_ILLIQUID,TrendDown,CASH_CLOSE,TRANSITION,TRANSITION,NONE,50,100,MACRO_STALE_1019.8MIN,UNCHANGED,0,0.0,0,CLOSE,84.62,LONG,1.0,0.1782178217821782,1.6357388316151202,65.0,8.0,73.11,1.0,1.0,3.41580819753748e-25,1,0.392798690671031,2.720856661218838,3.2920962199312718,0.0204133816322181,0,1,1,27337.0,36.375,,,,True,MACRO_STALE_1019.8MIN,False,False,False,False,False,False,False,False,False,False,False,False
2026-04-30 09:18:30,2026-03-18 12:15:00,2026-03-18 12:15:00,NQ,BRACKET_MACRO,TREND_EXPANSION,TrendDown,LUNCH_AUCTION,TRANSITION,TRANSITION,NONE,50,100,MACRO_STALE_61743.5MIN,UNCHANGED,0,0.0,0,LUNCH,74.0,SHORT,1.0,0.6033755274261603,-3.1913746630727764,80.0,9.0,0.0,0.9985072991639252,0.9970145983250748,0.008082584682752,4,3.518796992481203,-3.533868979526473,-5.811320754716981,0.1131639722863741,0,1,-1,25048.0,23.1875,,,,True,MACRO_STALE_61743.5MIN,False,False,False,False,False,False,False,False,False,False,False,False
2026-04-30 09:18:31,2026-04-29 16:00:00,2026-04-29 16:00:00,NQ,BRACKET_MACRO,ROTATION_ILLIQUID,TrendDown,CASH_CLOSE,TRANSITION,TRANSITION,NONE,50,100,MACRO_STALE_1038.5MIN,UNCHANGED,0,0.0,0,CLOSE,84.62,LONG,1.0,0.1782178217821782,1.6357388316151202,65.0,8.0,73.11,1.0,1.0,3.41580819753748e-25,1,0.392798690671031,2.720856661218838,3.2920962199312718,0.0204133816322181,0,1,1,27337.0,36.375,,,,True,MACRO_STALE_1038.5MIN,False,False,False,False,False,False,False,False,False,False,False,False
2026-04-30 09:31:03,2026-04-30 09:25:00,2026-04-30 09:25:00,NQ,UNRESOLVED,TRANSITION,Balance,PREMARKET_CONTEXT,TRANSITION,TRANSITION,NONE,55,0,OPENING_OR_UNRESOLVED_UNRESOLVED,UNCHANGED,0,0.0,0,PREMARKET,0.0,NONE,0.0,0.0,0.0,0.0,0.0,0.0,0.999999981810106,0.999999963653003,2.471427932769368e-07,9,0.0,0.0,0.0,0.0,0,0,0,27499.0,0.0,,,,False,FRESH,False,False,False,False,False,False,False,False,False,False,False,False
2026-04-30 09:35:56,2026-04-30 09:35:00,2026-04-30 09:30:00,NQ,OPENING_AUCTION,ROTATION_ILLIQUID,TrendDown,OPENING_AUCTION,TRANSITION,TRANSITION,NONE,55,0,OPENING_OR_UNRESOLVED_OPENING_AUCTION,UNCHANGED,0,0.0,1,OPEN,0.0,SHORT,0.0,0.0,0.0,0.0,1.0,0.0,1.0,1.0,4.596993636386046e-74,1,0.0,-0.7692137407130715,-1.8333333333333333,0.6027397260273972,0,1,0,27345.25,84.0,,,,False,FRESH,False,False,False,False,False,False,False,False,False,False,False,False
2026-04-30 09:36:05,2026-04-30 09:35:00,2026-04-30 09:35:00,NQ,OPENING_AUCTION,ROTATION_ILLIQUID,TrendDown,OPENING_AUCTION,TRANSITION,TRANSITION,NONE,55,0,OPENING_OR_UNRESOLVED_OPENING_AUCTION,UNCHANGED,0,0.0,1,OPEN,0.0,SHORT,0.0,0.0,0.0,0.0,1.0,0.0,1.0,1.0,1.5940686235114129e-21,2,0.0,-0.7692137407130715,-1.8333333333333333,0.6027397260273972,0,1,0,27345.25,84.0,,,,False,FRESH,False,False,False,False,False,False,False,False,False,False,False,False
2026-04-30 09:40:46,2026-04-30 09:40:00,2026-04-30 09:35:00,NQ,BALANCE_STRUCTURE,ROTATION_ILLIQUID,TrendDown,EARLY_TEST,TREND_COMPRESSION,TREND_COMPRESSION,SHORT,66,10,MICRO_TREND_INSIDE_MACRO_STRUCTURE,LOCKED_IMMEDIATE,0,-3.667,1,OPEN,54.78,SHORT,1.0,0.0,-2.496932515337423,5.0,2.0,0.0,1.0,1.0,1.1963969521061876e-32,2,0.0,-0.9671544366746684,-2.5,0.4710982658959537,0,1,0,27295.5,81.5,,,,False,FRESH,True,False,True,False,False,False,True,False,False,True,False,True
2026-04-30 09:40:56,2026-04-30 09:40:00,2026-04-30 09:40:00,NQ,BALANCE_STRUCTURE,ROTATION_ILLIQUID,TrendDown,EARLY_TEST,TREND_COMPRESSION,TREND_COMPRESSION,SHORT,66,10,MICRO_TREND_INSIDE_MACRO_STRUCTURE,UNCHANGED,0,-3.667,1,OPEN,54.78,SHORT,1.0,0.0,-2.496932515337423,5.0,2.0,0.0,1.0,1.0,7.450409636206582e-32,3,0.0,-0.9671544366746684,-2.5,0.4710982658959537,0,1,0,27295.5,81.5,,,,False,FRESH,True,False,True,False,False,False,True,False,False,True,False,True
2026-04-30 09:45:38,2026-04-30 09:45:00,2026-04-30 09:40:00,NQ,BALANCE_STRUCTURE,ROTATION_ILLIQUID,TrendDown,FIRST_ACCEPTANCE,ROTATION_ILLIQUID,TREND_COMPRESSION,SHORT,62,20,COMPRESSED_BALANCE_LOW_EDGE,PENDING_ROTATION_ILLIQUID_1_OF_2,1,0.0,1,EARLY_AM,0.0,SHORT,0.0,0.0,0.0,0.0,0.0,0.0,1.0,1.0,1.565314406367652e-31,3,0.0,-0.1532880884332105,-1.9903069466882068,0.2587148257034859,0,1,0,27345.25,77.375,,,,False,FRESH,True,False,True,False,False,False,True,False,False,True,False,True
2026-04-30 09:45:47,2026-04-30 09:45:00,2026-04-30 09:45:00,NQ,BALANCE_STRUCTURE,ROTATION_ILLIQUID,TrendUp,FIRST_ACCEPTANCE,ROTATION_ILLIQUID,ROTATION_ILLIQUID,NONE,62,20,COMPRESSED_BALANCE_LOW_EDGE,LOCKED_AFTER_2_CONFIRMATIONS,0,0.0,2,EARLY_AM,0.0,SHORT,0.0,0.0,0.0,0.0,0.0,0.0,0.9808401006161326,0.9616802012292852,0.068348641337762,1,0.0,-0.1532880884332105,-1.9903069466882068,0.2587148257034859,0,1,0,27345.25,77.375,,,,False,FRESH,False,False,False,False,False,False,False,False,False,False,False,False
2026-04-30 09:52:06,2026-04-30 09:50:00,2026-04-30 09:50:00,NQ,BALANCE_STRUCTURE,ROTATION_ILLIQUID,TrendUp,EARLY_CONTINUATION,ROTATION_ILLIQUID,ROTATION_ILLIQUID,NONE,62,20,COMPRESSED_BALANCE_LOW_EDGE,UNCHANGED,0,0.355,1,EARLY_AM,31.11,NONE,0.3964912280701754,0.637852593266606,0.3548994974874372,0.0,1.0,0.0,0.9940938554181672,0.9881877108353376,0.0261110470571433,2,0.0,-0.3409585681561911,-2.204773869346734,0.2212417270721714,0,1,0,27323.75,79.6,,,,False,FRESH,False,False,False,False,False,False,False,False,False,False,False,False
2026-04-30 09:56:57,2026-04-30 09:55:00,2026-04-30 09:55:00,NQ,BALANCE_STRUCTURE,ROTATION_ILLIQUID,TrendDown,EARLY_CONTINUATION,TREND_COMPRESSION,TREND_COMPRESSION,SHORT,66,10,MICRO_TREND_INSIDE_MACRO_STRUCTURE,LOCKED_IMMEDIATE,0,-1.286,2,EARLY_AM,57.31,SHORT,1.0,0.5055900621118012,-1.266597510373444,5.0,2.0,0.0,0.9972752505773854,0.9945505011564816,0.0135697813820103,6,0.0,-1.183664753600275,-3.1836099585062243,0.2693522906793049,0,1,-1,27243.5,80.33333333333333,,,,False,FRESH,True,False,True,False,False,False,True,False,False,True,False,True
2026-04-30 10:01:47,2026-04-30 10:00:00,2026-04-30 10:00:00,NQ,BALANCE_STRUCTURE,ROTATION_ILLIQUID,TrendDown,PRE_DECISION,TREND_COMPRESSION,TREND_COMPRESSION,SHORT,66,10,MICRO_TREND_INSIDE_MACRO_STRUCTURE,UNCHANGED,0,-0.985,2,EARLY_AM,59.31,SHORT,0.9454545454545454,0.3235772357723577,-1.0036764705882353,10.0,3.0,0.0,0.999702933256066,0.9994058665152696,0.0019546109306871,7,0.0,-1.0243156909851838,-3.261948529411765,0.2275583482944344,0,1,-1,27245.75,77.71428571428571,,,,False,FRESH,True,False,True,False,False,False,True,False,False,True,False,True
2026-04-30 10:06:40,2026-04-30 10:05:00,2026-04-30 10:05:00,NQ,BALANCE_STRUCTURE,ROTATION_ILLIQUID,TrendUp,END_FIRST_WINDOW,ROTATION_ILLIQUID,TREND_COMPRESSION,SHORT,62,30,COMPRESSED_BALANCE_LOW_EDGE,PENDING_ROTATION_ILLIQUID_1_OF_2,1,0.575,2,EARLY_AM,55.03,NONE,1.0,0.3890784982935154,0.5924700041373604,15.0,4.0,0.0,0.5295901928557707,0.0591803857124764,0.498736067392269,1,0.0,-0.4238006765170067,-2.793545717832023,0.1686313686313686,0,1,0,27288.25,75.53125,,,,False,FRESH,True,False,True,False,False,False,True,False,False,True,False,True
2026-04-30 10:11:33,2026-04-30 10:10:00,2026-04-30 10:05:00,NQ,BRACKET_MACRO,ROTATION_ILLIQUID,TrendDown,PRE_IB_MATURATION,TREND_COMPRESSION,TREND_COMPRESSION,SHORT,66,0,MICRO_TREND_INSIDE_MACRO_STRUCTURE,UNCHANGED,0,-0.236,1,EARLY_AM,58.24,SHORT,0.1767554479418886,0.5181695827725438,-0.232731137088204,20.0,5.0,0.0,1.0,1.0,7.648908281134303e-25,8,0.0,-1.0877242184815934,-3.465462274176408,0.1892080069625761,0,1,-1,27227.5,78.41666666666667,,,,False,FRESH,True,False,True,False,False,False,True,False,False,True,False,True
2026-04-30 10:11:43,2026-04-30 10:10:00,2026-04-30 10:10:00,NQ,BRACKET_MACRO,ROTATION_ILLIQUID,TrendUp,PRE_IB_MATURATION,TRANSITION,TRANSITION,NONE,50,20,NO_CLEAR_STAGE_C_ALIGNMENT,LOCKED_IMMEDIATE,0,-0.236,2,EARLY_AM,58.24,SHORT,0.1767554479418886,0.5181695827725438,-0.232731137088204,20.0,5.0,0.0,0.8731944524199483,0.7463889048365032,0.2743059219397328,1,0.0,-1.0877242184815934,-3.465462274176408,0.1892080069625761,0,1,-1,27227.5,78.41666666666667,,,,False,FRESH,False,False,False,False,False,False,False,False,False,False,False,False
2026-04-30 10:16:26,2026-04-30 10:15:00,2026-04-30 10:10:00,NQ,BRACKET_MACRO,ROTATION_ILLIQUID,TrendDown,PRE_IB_MATURATION,TREND_COMPRESSION,TREND_COMPRESSION,SHORT,66,0,MICRO_TREND_INSIDE_MACRO_STRUCTURE,LOCKED_IMMEDIATE,0,-0.461,1,EARLY_AM,40.89,SHORT,0.4127906976744186,0.0707456978967495,-0.4613385315139701,25.0,6.0,0.0,0.9999999995052348,0.9999999990135618,7.958552180081631e-09,9,0.0,-0.7031745457857008,-3.203378817413905,0.1557661927330173,0,1,-1,27252.75,76.95,,,,False,FRESH,True,False,True,False,False,False,True,False,False,True,False,True
2026-04-30 10:16:36,2026-04-30 10:15:00,2026-04-30 10:15:00,NQ,BRACKET_MACRO,ROTATION_ILLIQUID,TrendDown,PRE_IB_MATURATION,TREND_COMPRESSION,TREND_COMPRESSION,SHORT,66,0,MICRO_TREND_INSIDE_MACRO_STRUCTURE,UNCHANGED,0,-0.461,0,EARLY_AM,40.89,SHORT,0.4127906976744186,0.0707456978967495,-0.4613385315139701,25.0,6.0,0.0,0.9986533851910002,0.9973067703808474,0.0073916833395848,10,0.0,-0.7031745457857008,-3.203378817413905,0.1557661927330173,0,1,-1,27252.75,76.95,,,,False,FRESH,True,False,True,False,False,False,True,False,False,True,False,True
2026-04-30 10:18:04,2026-02-16 14:35:00,2026-02-16 14:35:00,NQ,BRACKET_MACRO,TREND_EXPANSION,TrendDown,AFTERNOON_TREND_TEST,TRANSITION,TRANSITION,NONE,50,100,MACRO_STALE_104863.1MIN,UNCHANGED,0,0.0,0,PM,84.0,SHORT,1.0,1.0,-1.5497076023391811,50.0,6.0,100.0,0.9996667232670076,0.9993334465357502,0.0021652066716678,8,3.0375,-4.1093153361568415,-9.283625730994151,0.0922428820453224,0,1,-1,24757.5,17.1,,,,True,MACRO_STALE_104863.1MIN,False,False,False,False,False,False,False,False,False,False,False,False
2026-04-30 10:18:05,2026-04-30 10:15:00,2026-04-30 10:15:00,NQ,BRACKET_MACRO,ROTATION_ILLIQUID,TrendDown,PRE_IB_MATURATION,TREND_COMPRESSION,TREND_COMPRESSION,SHORT,66,0,MICRO_TREND_INSIDE_MACRO_STRUCTURE,LOCKED_IMMEDIATE,0,0.0,0,EARLY_AM,39.36,SHORT,0.4127906976744186,0.0707456978967495,-0.4186320754716981,25.0,6.0,0.0,0.9986533851910002,0.9973067703808474,0.0073916833395848,10,0.0,-0.6380811473845481,-2.9068396226415096,0.1557661927330173,0,1,-1,27252.75,84.8,,,,False,FRESH,True,False,True,False,False,False,True,False,False,True,False,True
2026-04-30 10:19:41,2026-02-04 10:10:00,2026-02-04 10:10:00,NQ,BRACKET_MACRO,ROTATION_ILLIQUID,TrendUp,PRE_IB_MATURATION,TRANSITION,TRANSITION,NONE,50,100,MACRO_STALE_122409.7MIN,UNCHANGED,0,0.0,0,EARLY_AM,56.81,LONG,0.6885245901639344,0.8164251207729468,0.8362831858407079,10.0,3.0,0.0,0.9999292256487584,0.9998584512962876,0.0005389133519676,9,0.0,1.141361376191711,1.901548672566372,0.1013262599469496,0,1,0,25424.75,25.11111111111111,,,,True,MACRO_STALE_122409.7MIN,False,False,False,False,False,False,False,False,False,False,False,False
2026-04-30 10:19:42,2026-04-30 10:15:00,2026-04-30 10:15:00,NQ,BRACKET_MACRO,ROTATION_ILLIQUID,TrendDown,PRE_IB_MATURATION,TREND_COMPRESSION,TREND_COMPRESSION,SHORT,66,0,MICRO_TREND_INSIDE_MACRO_STRUCTURE,LOCKED_IMMEDIATE,0,0.0,0,EARLY_AM,39.32,SHORT,0.4127906976744186,0.0707456978967495,-0.4175242575713025,25.0,6.0,0.0,1.0,1.0,1.0245512717871156e-25,10,0.0,-0.6363926056831483,-2.899147309614819,0.1557661927330173,0,1,-1,27252.75,85.025,,,,False,FRESH,True,False,True,False,False,False,True,False,False,True,False,True
2026-04-30 10:21:19,2026-04-30 10:20:00,2026-04-30 10:15:00,NQ,BRACKET_MACRO,ROTATION_ILLIQUID,TrendDown,PRE_IB_MATURATION,TREND_COMPRESSION,TREND_COMPRESSION,SHORT,66,0,MICRO_TREND_INSIDE_MACRO_STRUCTURE,UNCHANGED,0,0.0,0,EARLY_AM,37.39,SHORT,0.2047244094488189,0.1874062968515742,-0.1633818908883176,30.0,7.0,0.0,1.0,1.0,2.625397775047284e-15,10,0.0,-1.043956095454196,-3.5786918023421883,0.1612629194393317,0,1,-1,27214.5,79.56818181818181,,,,False,FRESH,True,False,True,False,False,False,True,False,False,True,False,True
2026-04-30 10:21:28,2026-04-30 10:20:00,2026-04-30 10:20:00,NQ,BRACKET_MACRO,ROTATION_ILLIQUID,TrendUp,PRE_IB_MATURATION,TRANSITION,TRANSITION,NONE,50,20,NO_CLEAR_STAGE_C_ALIGNMENT,LOCKED_IMMEDIATE,0,0.0,1,EARLY_AM,37.39,SHORT,0.2047244094488189,0.1874062968515742,-0.1633818908883176,30.0,7.0,0.0,0.681605190695469,0.3632103813910994,0.4513136616539991,1,0.0,-1.043956095454196,-3.5786918023421883,0.1612629194393317,0,1,-1,27214.5,79.56818181818181,,,,False,FRESH,False,False,False,False,False,False,False,False,False,False,False,False
2026-04-30 10:26:07,2026-04-30 10:25:00,2026-04-30 10:20:00,NQ,BRACKET_MACRO,ROTATION_ILLIQUID,TrendDown,NEAR_IB_CONDITION,TREND_COMPRESSION,TREND_COMPRESSION,SHORT,66,0,MICRO_TREND_INSIDE_MACRO_STRUCTURE,LOCKED_IMMEDIATE,0,-0.142,0,EARLY_AM,39.92,SHORT,0.1769230769230769,0.3112582781456953,-0.146886641830761,35.0,8.0,0.0,0.9993625065131994,0.9987250130295336,0.0038433005951373,11,0.0,-0.6668831344892995,-3.295369877594465,0.1343924990233103,0,1,-1,27241.25,78.29166666666667,,,,False,FRESH,True,False,True,False,False,False,True,False,False,True,False,True
2026-04-30 10:26:16,2026-04-30 10:25:00,2026-04-30 10:25:00,NQ,BRACKET_MACRO,ROTATION_ILLIQUID,TrendUp,NEAR_IB_CONDITION,TRANSITION,TRANSITION,NONE,50,20,NO_CLEAR_STAGE_C_ALIGNMENT,LOCKED_IMMEDIATE,0,-0.142,1,EARLY_AM,39.92,SHORT,0.1769230769230769,0.3112582781456953,-0.146886641830761,35.0,8.0,0.0,0.7445391004136687,0.4890782008304977,0.4099096334158879,1,0.0,-0.6668831344892995,-3.295369877594465,0.1343924990233103,0,1,-1,27241.25,78.29166666666667,,,,False,FRESH,False,False,False,False,False,False,False,False,False,False,False,False
2026-04-30 10:30:57,2026-04-30 10:30:00,2026-04-30 10:25:00,NQ,BRACKET_MACRO,ROTATION_ILLIQUID,TrendDown,NEAR_IB_CONDITION,TREND_COMPRESSION,TREND_COMPRESSION,SHORT,66,0,MICRO_TREND_INSIDE_MACRO_STRUCTURE,LOCKED_IMMEDIATE,0,0.176,0,EARLY_AM,34.82,NONE,0.3459119496855345,0.0072639225181598,0.1793328317030348,40.0,9.0,0.0,0.7953415019978134,0.5906830039947369,0.3655739067741008,12,0.0,-0.7895285091553342,-3.5344870830198145,0.1319216258975295,0,1,-1,27228.25,76.67307692307692,,,,False,FRESH,True,False,True,False,False,False,True,False,False,True,False,True
2026-04-30 10:31:07,2026-04-30 10:30:00,2026-04-30 10:30:00,NQ,BRACKET_MACRO,ROTATION_ILLIQUID,TrendUp,NEAR_IB_CONDITION,TRANSITION,TRANSITION,NONE,50,20,NO_CLEAR_STAGE_C_ALIGNMENT,LOCKED_IMMEDIATE,0,0.176,1,EARLY_AM,34.82,NONE,0.3459119496855345,0.0072639225181598,0.1793328317030348,40.0,9.0,0.0,0.937205577150958,0.8744111543010351,0.1692196394315514,2,0.0,-0.7895285091553342,-3.5344870830198145,0.1319216258975295,0,1,-1,27228.25,76.67307692307692,,,,False,FRESH,False,False,False,False,False,False,False,False,False,False,False,False
2026-04-30 10:49:53,2026-04-30 10:45:00,2026-04-30 10:30:00,NQ,BRACKET_MACRO,ROTATION_ILLIQUID,TrendDown,POST_IB_MACRO,TREND_COMPRESSION,TREND_COMPRESSION,SHORT,66,10,MICRO_TREND_INSIDE_MACRO_STRUCTURE,LOCKED_IMMEDIATE,0,0.055,0,POST_IB_AM,39.37,NONE,0.5111111111111111,0.4217687074829932,0.2205794205794206,55.0,11.0,0.0,0.5394276679307721,0.0788553358583332,0.4977549413340266,13,0.0,-0.4203950629568194,-3.244755244755245,0.1013277428371768,0,1,-1,27245.5,78.203125,,,,False,FRESH,True,False,True,False,False,False,True,False,False,True,False,True
2026-04-30 10:50:02,2026-04-30 10:45:00,2026-04-30 10:45:00,NQ,BRACKET_MACRO,ROTATION_ILLIQUID,TrendDown,POST_IB_MACRO,TREND_COMPRESSION,TREND_COMPRESSION,SHORT,66,0,MICRO_TREND_INSIDE_MACRO_STRUCTURE,UNCHANGED,0,0.055,0,POST_IB_AM,39.37,NONE,0.5111111111111111,0.4217687074829932,0.2205794205794206,55.0,11.0,0.0,0.9999602511276156,0.9999205022567303,0.0003192111186369,16,0.0,-0.4203950629568194,-3.244755244755245,0.1013277428371768,0,1,-1,27245.5,78.203125,,,,False,FRESH,True,False,True,False,False,False,True,False,False,True,False,True
2026-04-30 10:56:20,2026-04-30 10:55:00,2026-04-30 10:50:00,NQ,BRACKET_MACRO,ROTATION_ILLIQUID,TrendDown,POST_IB_MACRO,TRANSITION,TRANSITION,NONE,50,30,NO_CLEAR_STAGE_C_ALIGNMENT,LOCKED_IMMEDIATE,0,1.454,0,POST_IB_AM,47.26,LONG,1.0,0.697508896797153,1.6075641265680585,0.0,1.0,0.0,1.0,0.999999999999998,3.977388253471246e-14,17,0.0,0.7933762546897868,-2.1568994570305184,0.0584368151935719,0,1,0,27339.25,74.18055555555556,,,,False,FRESH,False,False,False,False,False,False,False,False,False,False,False,False
2026-04-30 10:56:29,2026-04-30 10:55:00,2026-04-30 10:55:00,NQ,BRACKET_MACRO,ROTATION_ILLIQUID,TrendDown,POST_IB_MACRO,TRANSITION,TRANSITION,NONE,50,30,NO_CLEAR_STAGE_C_ALIGNMENT,UNCHANGED,0,1.454,0,POST_IB_AM,47.26,LONG,1.0,0.697508896797153,1.6075641265680585,0.0,1.0,0.0,0.999999992280209,0.9999999845624652,1.0956206262594616e-07,18,0.0,0.7933762546897868,-2.1568994570305184,0.0584368151935719,0,1,0,27339.25,74.18055555555556,,,,False,FRESH,False,False,False,False,False,False,False,False,False,False,False,False
2026-04-30 11:06:04,2026-04-30 11:05:00,2026-04-30 11:00:00,NQ,BRACKET_MACRO,ROTATION_ILLIQUID,TrendDown,MID_MORNING_DISCOVERY,TREND_COMPRESSION,TREND_COMPRESSION,LONG,64,30,DEVELOPING_INITIATIVE_PHASE_AWARE,LOCKED_IMMEDIATE,0,1.795,0,POST_IB_AM,63.0,LONG,1.0,0.9014925373134328,1.880822640182809,10.0,2.0,0.0,0.9999849954072234,0.999969990813187,0.0001310420239684,19,0.0,1.287983762390651,-1.6874670416593427,0.0407677934431798,0,1,0,27379.25,71.1125,,,,False,FRESH,True,False,True,False,False,False,True,False,True,False,True,False
2026-04-30 11:06:13,2026-04-30 11:05:00,2026-04-30 11:05:00,NQ,BRACKET_MACRO,ROTATION_ILLIQUID,TrendUp,MID_MORNING_DISCOVERY,TREND_COMPRESSION,TREND_COMPRESSION,LONG,64,30,DEVELOPING_INITIATIVE_PHASE_AWARE,UNCHANGED,0,1.795,1,POST_IB_AM,63.0,LONG,1.0,0.9014925373134328,1.880822640182809,10.0,2.0,0.0,0.7924568582931094,0.5849137165871933,0.3683801120323197,1,0.0,1.287983762390651,-1.6874670416593427,0.0407677934431798,0,1,0,27379.25,71.1125,,,,False,FRESH,True,False,True,False,False,False,True,False,True,False,True,False
2026-04-30 11:15:47,2026-04-30 11:15:00,2026-04-30 11:10:00,NQ,BRACKET_MACRO,ROTATION_ILLIQUID,TrendUp,MID_MORNING_DISCOVERY,TREND_COMPRESSION,TREND_COMPRESSION,LONG,71,30,DEVELOPING_INITIATIVE_PHASE_AWARE,UNCHANGED,0,0.892,1,POST_IB_AM,74.0,LONG,1.0,1.0,0.9632055480639568,20.0,3.0,0.0,0.9980787722155532,0.9961575444297898,0.0100528858533729,2,0.0,1.6469303652063156,-1.5026006549797726,0.0310040543763415,0,1,0,27401.75,64.8875,,,,False,FRESH,True,False,True,False,False,False,True,False,True,False,True,False
2026-04-30 11:15:57,2026-04-30 11:15:00,2026-04-30 11:15:00,NQ,BRACKET_MACRO,ROTATION_ILLIQUID,TrendUp,MID_MORNING_DISCOVERY,TREND_COMPRESSION,TREND_COMPRESSION,LONG,71,30,DEVELOPING_INITIATIVE_PHASE_AWARE,UNCHANGED,0,0.892,1,POST_IB_AM,74.0,LONG,1.0,1.0,0.9632055480639568,20.0,3.0,0.0,0.9999245582521954,0.999849116504433,0.0005709777746648,3,0.0,1.6469303652063156,-1.5026006549797726,0.0310040543763415,0,1,0,27401.75,64.8875,,,,False,FRESH,True,False,True,False,False,False,True,False,True,False,True,False
2026-04-30 11:27:02,2026-04-30 11:25:00,2026-04-30 11:25:00,NQ,BRACKET_MACRO,ROTATION_ILLIQUID,TrendUp,MID_MORNING_DISCOVERY,TREND_COMPRESSION,TREND_COMPRESSION,LONG,70,20,DEVELOPING_INITIATIVE_PHASE_AWARE,UNCHANGED,0,0.272,1,POST_IB_AM,72.23,LONG,0.6513761467889908,0.9409937888198758,0.2952182952182952,30.0,4.0,0.0,0.999864594793004,0.9997291895889288,0.0009676750908214,5,0.0,1.6330406967344309,-1.7006237006237006,0.0310719440856947,0,1,0,27397.0,60.125,,,,False,FRESH,True,False,True,False,False,False,True,False,True,False,True,False
2026-04-30 11:36:30,2026-04-30 11:35:00,2026-04-30 11:30:00,NQ,BRACKET_MACRO,ROTATION_ILLIQUID,TrendUp,MID_MORNING_DISCOVERY,TREND_COMPRESSION,TREND_COMPRESSION,LONG,68,20,DEVELOPING_INITIATIVE_PHASE_AWARE,UNCHANGED,0,0.05,0,POST_IB_AM,70.2,LONG,0.24,0.8733333333333333,0.0541760722347629,40.0,5.0,0.0,0.9979539485661078,0.9959078971351264,0.0106130324522273,6,0.0,1.8105370542349848,-1.7065462753950338,0.0274151436031331,0,1,0,27404.75,55.375,,,,False,FRESH,True,False,True,False,False,False,True,False,True,False,True,False
2026-04-30 11:36:40,2026-04-30 11:35:00,2026-04-30 11:35:00,NQ,BRACKET_MACRO,ROTATION_ILLIQUID,TrendUp,MID_MORNING_DISCOVERY,TREND_COMPRESSION,TREND_COMPRESSION,LONG,68,20,DEVELOPING_INITIATIVE_PHASE_AWARE,UNCHANGED,0,0.05,0,POST_IB_AM,70.2,LONG,0.24,0.8733333333333333,0.0541760722347629,40.0,5.0,0.0,0.9992026754845572,0.9984053509685789,0.0046781680811265,7,0.0,1.8105370542349848,-1.7065462753950338,0.0274151436031331,0,1,0,27404.75,55.375,,,,False,FRESH,True,False,True,False,False,False,True,False,True,False,True,False
2026-04-30 11:45:53,2026-04-30 11:45:00,2026-04-30 11:40:00,NQ,BRACKET_MACRO,ROTATION_ILLIQUID,TrendUp,MID_MORNING_DISCOVERY,TRANSITION,TRANSITION,NONE,50,20,NO_CLEAR_STAGE_C_ALIGNMENT,LOCKED_IMMEDIATE,0,-0.643,0,POST_IB_AM,57.64,NONE,0.697560975609756,0.2292993630573248,-0.6963720477233991,50.0,6.0,0.0,0.7916346635295723,0.5832693270603106,0.3691732498433047,1,0.0,1.0438814048763838,-2.6880934989043097,0.0381004969630038,0,1,0,27361.25,51.3375,,,,False,FRESH,False,False,False,False,False,False,False,False,False,False,False,False
2026-04-30 11:46:03,2026-04-30 11:45:00,2026-04-30 11:45:00,NQ,BRACKET_MACRO,ROTATION_ILLIQUID,TrendDown,MID_MORNING_DISCOVERY,TRANSITION,TRANSITION,NONE,50,20,NO_CLEAR_STAGE_C_ALIGNMENT,UNCHANGED,0,-0.643,1,POST_IB_AM,57.64,NONE,0.697560975609756,0.2292993630573248,-0.6963720477233991,50.0,6.0,0.0,0.6714968428520516,0.3429936857049122,0.4566948701711024,3,0.0,1.0438814048763838,-2.6880934989043097,0.0381004969630038,0,1,0,27361.25,51.3375,,,,False,FRESH,False,False,False,False,False,False,False,False,False,False,False,False
2026-04-30 11:56:49,2026-04-30 11:55:00,2026-04-30 11:55:00,NQ,BRACKET_MACRO,ROTATION_ILLIQUID,TrendUp,MID_MORNING_DISCOVERY,TRANSITION,TRANSITION,NONE,50,20,NO_CLEAR_STAGE_C_ALIGNMENT,UNCHANGED,0,0.063,2,POST_IB_AM,30.21,LONG,0.0360110803324099,0.0608272506082725,0.0687830687830687,60.0,7.0,0.0,0.999024853674742,0.99804970735119,0.0055798287359054,4,0.0,2.063512215130638,-1.9312169312169312,0.0239690044654583,0,1,0,27408.0,47.25,,,,False,FRESH,False,False,False,False,False,False,False,False,False,False,False,False
2026-04-30 11:58:21,2026-03-10 11:55:00,2026-03-10 11:55:00,NQ,BRACKET_MACRO,TREND_COMPRESSION,TrendUp,MID_MORNING_DISCOVERY,TRANSITION,TRANSITION,NONE,50,100,MACRO_STALE_73443.4MIN,UNCHANGED,0,0.0,0,POST_IB_AM,73.36,SHORT,0.684931506849315,0.4172661870503597,-0.8375209380234505,40.0,5.0,0.0,0.9912679027155904,0.9825358054295666,0.0361326930640825,10,0.7921686746987951,-2.416654951211388,-4.279731993299833,0.0712990093484024,0,1,0,24979.25,29.85,,,,True,MACRO_STALE_73443.4MIN,False,False,False,False,False,False,False,False,False,False,False,False
2026-04-30 11:58:23,2026-04-30 11:55:00,2026-04-30 11:55:00,NQ,BRACKET_MACRO,ROTATION_ILLIQUID,TrendUp,MID_MORNING_DISCOVERY,TRANSITION,TRANSITION,NONE,50,20,NO_CLEAR_STAGE_C_ALIGNMENT,UNCHANGED,0,0.0,0,POST_IB_AM,30.21,LONG,0.0360110803324099,0.0608272506082725,0.0687830687830687,60.0,7.0,0.0,0.997040730401596,0.9940814608044556,0.0145612361169899,4,0.0,2.063512215130638,-1.9312169312169312,0.0239690044654583,0,1,0,27408.0,47.25,,,,False,FRESH,False,False,False,False,False,False,False,False,False,False,False,False
2026-04-30 12:03:00,2026-02-20 15:25:00,2026-02-20 15:25:00,NQ,MEAN_REVERSION_MACRO,ROTATION_ILLIQUID,TrendDown,LATE_DAY_CONVICTION,TRANSITION,TRANSITION,NONE,50,100,MACRO_STALE_99158.0MIN,UNCHANGED,0,0.0,0,POWER_HOUR,39.03,LONG,0.2469635627530364,0.2893772893772894,0.4102909029762905,50.0,6.0,71.73,1.0,0.9999999999988096,2.357370621881507e-11,15,0.3694779116465863,1.7600243489398013,0.4472843450479233,0.0060863994142412,1,1,0,25005.0,74.3375,,,,True,MACRO_STALE_99158.0MIN,False,False,False,False,False,False,False,False,False,False,False,False
2026-04-30 12:03:01,2026-04-30 11:55:00,2026-04-30 11:55:00,NQ,BRACKET_MACRO,ROTATION_ILLIQUID,TrendUp,MID_MORNING_DISCOVERY,TRANSITION,TRANSITION,NONE,50,20,NO_CLEAR_STAGE_C_ALIGNMENT,UNCHANGED,0,0.0,0,POST_IB_AM,30.21,LONG,0.0360110803324099,0.0608272506082725,0.0687830687830687,60.0,7.0,0.0,0.9998410852976484,0.9996821705961748,0.0011173324596524,4,0.0,2.063512215130638,-1.9312169312169312,0.0239690044654583,0,1,0,27408.0,47.25,,,,False,FRESH,False,False,False,False,False,False,False,False,False,False,False,False
2026-04-30 12:06:07,2026-04-30 12:05:00,2026-04-30 12:00:00,NQ,BRACKET_MACRO,ROTATION_ILLIQUID,TrendUp,LUNCH_AUCTION,TRANSITION,TRANSITION,NONE,50,35,NO_CLEAR_STAGE_C_ALIGNMENT,UNCHANGED,0,0.0,0,LUNCH,35.43,LONG,0.3309608540925267,0.102880658436214,0.5276595744680851,70.0,8.0,0.0,0.8408192592577789,0.6816385185143781,0.3161730095439248,5,0.0,1.6086362340100315,-2.6042553191489364,0.0289845920687042,0,1,0,27384.5,44.0625,,,,False,FRESH,False,False,False,False,False,False,False,False,False,False,False,False
2026-04-30 12:06:16,2026-04-30 12:05:00,2026-04-30 12:05:00,NQ,BRACKET_MACRO,ROTATION_ILLIQUID,TrendUp,LUNCH_AUCTION,TRANSITION,TRANSITION,NONE,50,35,NO_CLEAR_STAGE_C_ALIGNMENT,UNCHANGED,0,0.0,0,LUNCH,35.43,LONG,0.3309608540925267,0.102880658436214,0.5276595744680851,70.0,8.0,0.0,0.9973453824822244,0.994690764963949,0.0132705109090836,6,0.0,1.6086362340100315,-2.6042553191489364,0.0289845920687042,0,1,0,27384.5,44.0625,,,,False,FRESH,False,False,False,False,False,False,False,False,False,False,False,False
2026-04-30 12:12:17,2026-02-03 12:35:00,2026-02-03 12:35:00,NQ,BRACKET_MACRO,ROTATION_ILLIQUID,TrendUp,LUNCH_AUCTION,TRANSITION,TRANSITION,NONE,50,100,MACRO_STALE_123817.3MIN,UNCHANGED,0,0.0,0,LUNCH,64.0,LONG,1.0,0.5211267605633803,1.267387944358578,20.0,3.0,0.0,0.9998872888977608,0.9997745777967152,0.0008204070013684,38,0.0,1.7030702810963922,1.2828438948995362,0.0176108635688521,0,1,0,25988.25,16.175,,,,True,MACRO_STALE_123817.3MIN,False,False,False,False,False,False,False,False,False,False,False,False
2026-04-30 12:12:18,2026-04-30 12:05:00,2026-04-30 12:05:00,NQ,BRACKET_MACRO,ROTATION_ILLIQUID,TrendUp,LUNCH_AUCTION,TRANSITION,TRANSITION,NONE,50,35,NO_CLEAR_STAGE_C_ALIGNMENT,UNCHANGED,0,0.0,0,LUNCH,35.23,LONG,0.3309608540925267,0.102880658436214,0.5168102250625174,70.0,8.0,0.0,0.9974983048524072,0.9949966097066686,0.0126132557694868,6,0.0,1.57556063486673,-2.550708530147263,0.0289845920687042,0,1,0,27384.5,44.9875,,,,False,FRESH,False,False,False,False,False,False,False,False,False,False,False,False
2026-04-30 12:16:56,2026-04-30 12:15:00,2026-04-30 12:15:00,NQ,BRACKET_MACRO,ROTATION_ILLIQUID,TrendUp,LUNCH_AUCTION,TRANSITION,TRANSITION,NONE,50,35,NO_CLEAR_STAGE_C_ALIGNMENT,UNCHANGED,0,0.0,0,LUNCH,37.07,LONG,0.3261648745519713,0.1625,0.5485232067510548,80.0,9.0,0.0,0.9822834957641128,0.9645669915276616,0.0642099383831047,8,0.0,2.761223079210521,-1.651597347799879,0.0167246536043459,0,1,0,27430.75,41.475,,,,False,FRESH,False,False,False,False,False,False,False,False,False,False,False,False
2026-04-30 12:21:34,2026-04-27 11:05:00,2026-04-27 11:05:00,NQ,BRACKET_MACRO,ROTATION_ILLIQUID,TrendUp,MID_MORNING_DISCOVERY,TRANSITION,TRANSITION,NONE,50,100,MACRO_STALE_4396.6MIN,UNCHANGED,0,0.0,0,POST_IB_AM,0.0,NONE,0.0,0.0,0.0,0.0,0.0,0.0,0.99993148899788,0.9998629779991712,0.0005232853141965,12,0.0,-0.6331706827849902,-1.353546291283162,0.0083197444174514,0,1,0,27340.0,46.175,,,,True,MACRO_STALE_4396.6MIN,False,False,False,False,False,False,False,False,False,False,False,False
2026-04-30 12:21:35,2026-04-30 12:15:00,2026-04-30 12:15:00,NQ,BRACKET_MACRO,ROTATION_ILLIQUID,TrendUp,LUNCH_AUCTION,TRANSITION,TRANSITION,NONE,50,35,NO_CLEAR_STAGE_C_ALIGNMENT,UNCHANGED,0,0.0,0,LUNCH,36.94,LONG,0.3261648745519713,0.1625,0.5424739195230999,80.0,9.0,0.0,0.9987944092689184,0.9975888185373566,0.0067138558748862,8,0.0,2.7307714386946373,-1.6333830104321907,0.0167246536043459,0,1,0,27430.75,41.9375,,,,False,FRESH,False,False,False,False,False,False,False,False,False,False,False,False
2026-04-30 12:26:09,2026-04-30 12:25:00,2026-04-30 12:20:00,NQ,BRACKET_MACRO,ROTATION_ILLIQUID,TrendUp,LUNCH_AUCTION,TRANSITION,TRANSITION,NONE,50,35,NO_CLEAR_STAGE_C_ALIGNMENT,UNCHANGED,0,0.0,0,LUNCH,43.64,LONG,0.3120567375886525,0.3214920071047957,0.6075250258888506,90.0,10.0,0.0,0.9998966947417876,0.99979338948148,0.0007584372188236,9,0.0,2.426482825552765,-2.561270279599586,0.0219526627218934,0,1,0,27406.5,36.2125,,,,False,FRESH,False,False,False,False,False,False,False,False,False,False,False,False
2026-04-30 12:26:18,2026-04-30 12:25:00,2026-04-30 12:25:00,NQ,BRACKET_MACRO,ROTATION_ILLIQUID,TrendUp,LUNCH_AUCTION,TRANSITION,TRANSITION,NONE,50,35,NO_CLEAR_STAGE_C_ALIGNMENT,UNCHANGED,0,0.0,0,LUNCH,43.64,LONG,0.3120567375886525,0.3214920071047957,0.6075250258888506,90.0,10.0,0.0,0.9994544054745552,0.9989088109496922,0.0033505463411199,10,0.0,2.426482825552765,-2.561270279599586,0.0219526627218934,0,1,0,27406.5,36.2125,,,,False,FRESH,False,False,False,False,False,False,False,False,False,False,False,False
2026-04-30 12:36:53,2026-04-30 12:35:00,2026-04-30 12:35:00,NQ,BRACKET_MACRO,ROTATION_ILLIQUID,TrendUp,LUNCH_AUCTION,TRANSITION,TRANSITION,NONE,50,35,NO_CLEAR_STAGE_C_ALIGNMENT,UNCHANGED,0,-0.433,0,LUNCH,39.55,NONE,0.4923076923076923,0.0660146699266503,-0.4878048780487805,100.0,11.0,0.0,0.999619409823686,0.9992388196486266,0.0024361376408329,12,0.0,2.8783614940958597,-2.5762195121951224,0.0195771792644077,0,1,0,27414.75,32.8,,,,False,FRESH,False,False,False,False,False,False,False,False,False,False,False,False
2026-04-30 12:41:28,2026-03-10 11:55:00,2026-03-10 11:55:00,NQ,BRACKET_MACRO,TREND_COMPRESSION,TrendUp,MID_MORNING_DISCOVERY,TRANSITION,TRANSITION,NONE,50,100,MACRO_STALE_73486.5MIN,UNCHANGED,0,0.0,0,POST_IB_AM,73.36,SHORT,0.684931506849315,0.4172661870503597,-0.8375209380234505,40.0,5.0,0.0,0.9912679027155904,0.9825358054295666,0.0361326930640825,10,0.7921686746987951,-2.416654951211388,-4.279731993299833,0.0712990093484024,0,1,0,24979.25,29.85,,,,True,MACRO_STALE_73486.5MIN,False,False,False,False,False,False,False,False,False,False,False,False
2026-04-30 12:41:29,2026-04-30 12:35:00,2026-04-30 12:35:00,NQ,BRACKET_MACRO,ROTATION_ILLIQUID,TrendUp,LUNCH_AUCTION,TRANSITION,TRANSITION,NONE,50,35,NO_CLEAR_STAGE_C_ALIGNMENT,UNCHANGED,0,0.0,0,LUNCH,39.51,NONE,0.4923076923076923,0.0660146699266503,-0.4857685009487666,100.0,11.0,0.0,0.999544890537914,0.9990897810739732,0.0028544159484014,12,0.0,2.866345563759975,-2.5654648956356736,0.0195771792644077,0,1,0,27414.75,32.9375,,,,False,FRESH,False,False,False,False,False,False,False,False,False,False,False,False
2026-04-30 12:46:06,2026-04-30 12:45:00,2026-04-30 12:40:00,NQ,BRACKET_MACRO,ROTATION_ILLIQUID,TrendUp,LUNCH_AUCTION,TRANSITION,TRANSITION,NONE,50,35,NO_CLEAR_STAGE_C_ALIGNMENT,UNCHANGED,0,0.0,0,LUNCH,35.41,NONE,0.415929203539823,0.1037974683544303,-0.3849303849303849,110.0,12.0,0.0,0.9998974660666972,0.9997949321357952,0.0007533286882946,13,0.0,2.388374129792621,-3.4234234234234235,0.0236024844720496,0,1,0,27394.75,30.525,,,,False,FRESH,False,False,False,False,False,False,False,False,False,False,False,False
2026-04-30 12:46:16,2026-04-30 12:45:00,2026-04-30 12:45:00,NQ,BRACKET_MACRO,ROTATION_ILLIQUID,TrendUp,LUNCH_AUCTION,TRANSITION,TRANSITION,NONE,50,35,NO_CLEAR_STAGE_C_ALIGNMENT,UNCHANGED,0,0.0,0,LUNCH,35.41,NONE,0.415929203539823,0.1037974683544303,-0.3849303849303849,110.0,12.0,0.0,0.9963486559278006,0.9926973118532102,0.0174121911457568,14,0.0,2.388374129792621,-3.4234234234234235,0.0236024844720496,0,1,0,27394.75,30.525,,,,False,FRESH,False,False,False,False,False,False,False,False,False,False,False,False
2026-04-30 12:55:35,2026-03-10 11:55:00,2026-03-10 11:55:00,NQ,BRACKET_MACRO,TREND_COMPRESSION,TrendUp,MID_MORNING_DISCOVERY,TRANSITION,TRANSITION,NONE,50,100,MACRO_STALE_73500.6MIN,UNCHANGED,0,0.0,0,POST_IB_AM,73.36,SHORT,0.684931506849315,0.4172661870503597,-0.8375209380234505,40.0,5.0,0.0,0.9912679027155904,0.9825358054295666,0.0361326930640825,10,0.7921686746987951,-2.416654951211388,-4.279731993299833,0.0712990093484024,0,1,0,24979.25,29.85,,,,True,MACRO_STALE_73500.6MIN,False,False,False,False,False,False,False,False,False,False,False,False
2026-04-30 12:55:36,2026-04-30 12:55:00,2026-04-30 12:50:00,NQ,BRACKET_MACRO,ROTATION_ILLIQUID,TrendUp,LUNCH_AUCTION,TRANSITION,TRANSITION,NONE,50,35,NO_CLEAR_STAGE_C_ALIGNMENT,UNCHANGED,0,0.0,0,LUNCH,64.0,NONE,1.0,0.7807308970099668,-1.4467005076142132,120.0,13.0,0.0,0.9980490708808136,0.9960981417592154,0.0101866883677475,15,0.0,1.6430767831069932,-4.3062605752961085,0.0279670329670329,0,1,0,27372.0,29.55,,,,False,FRESH,False,False,False,False,False,False,False,False,False,False,False,False
2026-04-30 12:55:46,2026-04-30 12:55:00,2026-04-30 12:55:00,NQ,BRACKET_MACRO,ROTATION_ILLIQUID,TrendUp,LUNCH_AUCTION,TRANSITION,TRANSITION,NONE,50,35,NO_CLEAR_STAGE_C_ALIGNMENT,UNCHANGED,0,0.0,0,LUNCH,64.0,NONE,1.0,0.7807308970099668,-1.4467005076142132,120.0,13.0,0.0,0.9947215191087242,0.989443038214619,0.0237651519698002,16,0.0,1.6430767831069932,-4.3062605752961085,0.0279670329670329,0,1,0,27372.0,29.55,,,,False,FRESH,False,False,False,False,False,False,False,False,False,False,False,False
2026-04-30 13:06:55,2026-02-20 10:00:00,2026-02-20 10:00:00,NQ,BALANCE_STRUCTURE,ROTATION_ILLIQUID,TrendUp,PRE_DECISION,TRANSITION,TRANSITION,NONE,50,100,MACRO_STALE_99546.9MIN,UNCHANGED,0,0.0,0,EARLY_AM,65.89,SHORT,0.7419354838709677,0.7058823529411765,-0.365079365079365,20.0,5.0,0.0,0.9999895329494676,0.99997906589603,9.413268281474012e-05,7,0.0,-1.1687175280286095,-2.1904761904761907,0.1830238726790451,0,1,0,24937.25,15.75,,,,True,MACRO_STALE_99546.9MIN,False,False,False,False,False,False,False,False,False,False,False,False
2026-04-30 13:06:57,2026-04-30 13:05:00,2026-04-30 13:05:00,NQ,BRACKET_MACRO,ROTATION_ILLIQUID,TrendUp,POST_LUNCH_ROTATION,TRANSITION,TRANSITION,NONE,50,35,NO_CLEAR_STAGE_C_ALIGNMENT,UNCHANGED,0,0.0,0,LUNCH,35.46,LONG,0.2918287937743191,0.0756756756756756,0.5950019833399445,130.0,14.0,0.0,0.7209996650748765,0.4419993301518218,0.4270425592581291,1,0.0,2.7859361045185285,-2.7211424038080128,0.0181692975950842,0,1,0,27413.5,31.5125,,,,False,FRESH,False,False,False,False,False,False,False,False,False,False,False,False
2026-04-30 13:16:39,2026-04-30 13:15:00,2026-04-30 13:15:00,NQ,BRACKET_MACRO,ROTATION_ILLIQUID,TrendUp,POST_LUNCH_ROTATION,TRANSITION,TRANSITION,NONE,50,35,NO_CLEAR_STAGE_C_ALIGNMENT,UNCHANGED,0,0.0,0,LUNCH,64.0,LONG,1.0,0.2845188284518828,2.5722664432341853,140.0,15.0,0.0,0.6687688223000898,0.3375376445987081,0.4580896593635651,1,0.0,4.037497992065535,-1.692501047339757,0.0104392764857881,0,1,0,27448.75,29.8375,,,,False,FRESH,False,False,False,False,False,False,False,False,False,False,False,False
2026-04-30 13:26:20,2026-04-30 13:25:00,2026-04-30 13:20:00,NQ,BRACKET_MACRO,ROTATION_ILLIQUID,TrendUp,POST_LUNCH_ROTATION,TRANSITION,TRANSITION,NONE,50,45,NO_CLEAR_STAGE_C_ALIGNMENT,UNCHANGED,0,1.223,0,LUNCH,64.0,LONG,1.0,0.5495049504950495,1.2777053455019558,150.0,16.0,0.0,0.995908668142678,0.9918173362839448,0.0191739315446358,2,0.0,4.16028721946759,-1.703607127335941,0.0098979901020098,0,1,0,27450.25,28.7625,,,,False,FRESH,False,False,False,False,False,False,False,False,False,False,False,False
2026-04-30 13:26:30,2026-04-30 13:25:00,2026-04-30 13:25:00,NQ,BRACKET_MACRO,ROTATION_ILLIQUID,TrendUp,POST_LUNCH_ROTATION,TRANSITION,TRANSITION,NONE,50,45,NO_CLEAR_STAGE_C_ALIGNMENT,UNCHANGED,0,1.223,0,LUNCH,64.0,LONG,1.0,0.5495049504950495,1.2777053455019558,150.0,16.0,0.0,0.9997745031856848,0.9995490063717146,0.001528545678836,3,0.0,4.16028721946759,-1.703607127335941,0.0098979901020098,0,1,0,27450.25,28.7625,,,,False,FRESH,False,False,False,False,False,False,False,False,False,False,False,False
2026-04-30 13:34:28,2026-03-10 11:55:00,2026-03-10 11:55:00,NQ,BRACKET_MACRO,TREND_COMPRESSION,TrendUp,MID_MORNING_DISCOVERY,TRANSITION,TRANSITION,NONE,50,100,MACRO_STALE_73539.5MIN,UNCHANGED,0,0.0,0,POST_IB_AM,73.36,SHORT,0.684931506849315,0.4172661870503597,-0.8375209380234505,40.0,5.0,0.0,0.9912679027155904,0.9825358054295666,0.0361326930640825,10,0.7921686746987951,-2.416654951211388,-4.279731993299833,0.0712990093484024,0,1,0,24979.25,29.85,,,,True,MACRO_STALE_73539.5MIN,False,False,False,False,False,False,False,False,False,False,False,False
2026-04-30 13:34:29,2026-04-30 13:25:00,2026-04-30 13:25:00,NQ,BRACKET_MACRO,ROTATION_ILLIQUID,TrendUp,POST_LUNCH_ROTATION,TRANSITION,TRANSITION,NONE,50,35,NO_CLEAR_STAGE_C_ALIGNMENT,UNCHANGED,0,0.0,0,LUNCH,64.0,LONG,1.0,0.5495049504950495,1.2699784017278617,150.0,16.0,0.0,0.9976982429239722,0.9953964858487424,0.0117436590881254,3,0.0,4.135127815116598,-1.693304535637149,0.0098979901020098,0,1,0,27450.25,28.9375,,,,False,FRESH,False,False,False,False,False,False,False,False,False,False,False,False
2026-04-30 13:36:06,2026-04-30 13:35:00,2026-04-30 13:30:00,NQ,MEAN_REVERSION_MACRO,ROTATION_ILLIQUID,TrendDown,POST_LUNCH_ROTATION,TRANSITION,TRANSITION,NONE,52,50,HMM_TRANSITION_OR_RETURN_TO_OPEN,UNCHANGED,0,0.0,1,PM,56.0,LONG,1.0,1.0,1.2081703607127336,160.0,17.0,50.0,0.9974293558086044,0.994858711617641,0.0129104093947725,1,0.0,5.148651542038368,-0.5475880052151239,0.0030899014174309,1,1,0,27483.5,28.7625,,,,False,FRESH,False,False,False,False,False,False,False,False,False,False,False,False
2026-04-30 13:36:15,2026-04-30 13:35:00,2026-04-30 13:35:00,NQ,MEAN_REVERSION_MACRO,ROTATION_ILLIQUID,TrendUp,POST_LUNCH_ROTATION,TRANSITION,TRANSITION,NONE,52,50,HMM_TRANSITION_OR_RETURN_TO_OPEN,UNCHANGED,0,0.0,2,PM,56.0,LONG,1.0,1.0,1.2081703607127336,160.0,17.0,50.0,0.8078414595191319,0.6156829190350684,0.3529825917528815,1,0.0,5.148651542038368,-0.5475880052151239,0.0030899014174309,1,1,0,27483.5,28.7625,,,,False,FRESH,False,False,False,False,False,False,False,False,False,False,False,False
2026-04-30 13:45:49,2026-04-30 13:45:00,2026-04-30 13:40:00,NQ,MEAN_REVERSION_MACRO,ROTATION_ILLIQUID,TrendUp,POST_LUNCH_ROTATION,TRANSITION,TRANSITION,NONE,55,60,HIGH_CONFLICT_STAGE_A_B_OR_PRICE_ACTION,UNCHANGED,0,1.697,2,PM,56.0,LONG,1.0,1.0,1.7875526438933085,170.0,18.0,50.0,0.9876815572313836,0.9753631144651408,0.0478990867463056,2,0.0,5.975137989536938,-0.0467945718296677,0.0002406391375493,1,1,0,27498.0,26.7125,,,,False,FRESH,False,False,False,False,False,False,False,False,False,False,False,False
2026-04-30 13:45:58,2026-04-30 13:45:00,2026-04-30 13:45:00,NQ,MEAN_REVERSION_MACRO,ROTATION_ILLIQUID,TrendUp,POST_LUNCH_ROTATION,TRANSITION,TRANSITION,NONE,55,60,HIGH_CONFLICT_STAGE_A_B_OR_PRICE_ACTION,UNCHANGED,0,1.697,2,PM,56.0,LONG,1.0,1.0,1.7875526438933085,170.0,18.0,50.0,0.99933679444843,0.998673588896287,0.0039793901036218,3,0.0,5.975137989536938,-0.0467945718296677,0.0002406391375493,1,1,0,27498.0,26.7125,,,,False,FRESH,False,False,False,False,False,False,False,False,False,False,False,False
2026-04-30 13:55:33,2026-04-30 13:55:00,2026-04-30 13:50:00,NQ,MEAN_REVERSION_MACRO,ROTATION_ILLIQUID,TrendUp,POST_LUNCH_ROTATION,TREND_COMPRESSION,TREND_COMPRESSION,LONG,66,40,MICRO_TREND_INSIDE_MACRO_STRUCTURE,LOCKED_IMMEDIATE,0,1.282,1,PM,56.56,LONG,1.0,1.0,1.3670133729569094,180.0,19.0,52.82,0.9993433522822271,0.998686704566478,0.0039447501044288,4,0.0480059084194977,6.96485793483526,0.7429420505200595,0.003545931634438,1,1,0,27518.0,25.2375,,,,False,FRESH,False,False,True,False,False,False,True,False,True,False,False,False
2026-04-30 13:55:43,2026-04-30 13:55:00,2026-04-30 13:55:00,NQ,MEAN_REVERSION_MACRO,ROTATION_ILLIQUID,TrendUp,POST_LUNCH_ROTATION,TREND_COMPRESSION,TREND_COMPRESSION,LONG,66,40,MICRO_TREND_INSIDE_MACRO_STRUCTURE,UNCHANGED,0,1.282,0,PM,56.56,LONG,1.0,1.0,1.3670133729569094,180.0,19.0,52.82,0.9989616668844558,0.9979233337686356,0.0058943371153446,5,0.0480059084194977,6.96485793483526,0.7429420505200595,0.003545931634438,1,1,0,27518.0,25.2375,,,,False,FRESH,False,False,True,False,False,False,True,False,True,False,False,False
2026-04-30 14:08:30,2026-04-30 14:05:00,2026-04-30 14:00:00,NQ,BRACKET_MACRO,ROTATION_ILLIQUID,TrendDown,AFTERNOON_TREND_TEST,TRANSITION,TRANSITION,NONE,50,30,NO_CLEAR_STAGE_C_ALIGNMENT,LOCKED_IMMEDIATE,0,3.084,1,PM,76.69,LONG,1.0,1.0,2.9995385325334567,190.0,20.0,63.47,0.8988341024334814,0.7976682048661888,0.2363402719810851,1,0.2289512555391432,8.489376336741898,2.953391785879096,0.0147806004618937,0,1,0,27579.25,27.0875,,,,False,FRESH,False,False,False,False,False,False,False,False,False,False,False,False
2026-04-30 14:08:41,2026-04-30 14:05:00,2026-04-30 14:05:00,NQ,BRACKET_MACRO,ROTATION_ILLIQUID,TrendDown,AFTERNOON_TREND_TEST,TRANSITION,TRANSITION,NONE,50,30,NO_CLEAR_STAGE_C_ALIGNMENT,UNCHANGED,0,3.084,1,PM,76.69,LONG,1.0,1.0,2.9995385325334567,190.0,20.0,63.47,0.8811000238487566,0.7622000476949824,0.2630952964974156,2,0.2289512555391432,8.489376336741898,2.953391785879096,0.0147806004618937,0,1,0,27579.25,27.0875,,,,False,FRESH,False,False,False,False,False,False,False,False,False,False,False,False
2026-04-30 14:13:36,2026-04-02 12:25:00,2026-04-02 12:25:00,NQ,BRACKET_MACRO,ROTATION_LIQUID,TrendUp,LUNCH_AUCTION,TRANSITION,TRANSITION,NONE,50,100,MACRO_STALE_40428.6MIN,UNCHANGED,0,0.0,0,LUNCH,60.74,NONE,0.8770949720670391,0.233009708737864,1.6135662898252827,70.0,8.0,0.0,0.8879394453996624,0.7758788907995251,0.2530500488813852,13,0.5635179153094463,-0.6682274699647409,-4.922918807810894,0.0702037227026234,0,1,0,23732.75,24.325,,,,True,MACRO_STALE_40428.6MIN,False,False,False,False,False,False,False,False,False,False,False,False
2026-04-30 14:13:37,2026-04-30 14:05:00,2026-04-30 14:05:00,NQ,BRACKET_MACRO,ROTATION_ILLIQUID,TrendUp,AFTERNOON_TREND_TEST,TREND_COMPRESSION,TREND_COMPRESSION,LONG,66,0,MICRO_TREND_INSIDE_MACRO_STRUCTURE,LOCKED_IMMEDIATE,0,0.0,0,PM,76.69,LONG,1.0,1.0,2.9532030895047705,190.0,20.0,63.47,0.6749630414684062,0.3499260829332853,0.4548875444410858,7,0.2289512555391432,8.35823649328473,2.907769195820082,0.0147806004618937,0,1,0,27579.25,27.5125,,,,False,FRESH,True,False,True,False,False,False,True,False,True,False,True,False
2026-04-30 14:16:51,2026-04-30 14:15:00,2026-04-30 14:15:00,NQ,BRACKET_MACRO,ROTATION_ILLIQUID,TrendUp,AFTERNOON_TREND_TEST,TREND_COMPRESSION,TREND_COMPRESSION,LONG,66,0,MICRO_TREND_INSIDE_MACRO_STRUCTURE,UNCHANGED,0,0.0,0,PM,71.23,LONG,0.7437722419928826,0.8281622911694511,1.9139194139194136,200.0,21.0,61.9,0.988097908097455,0.9761958161953884,0.0465771480932536,9,0.2023633677991137,7.975206949003099,2.600732600732601,0.0129739607126541,0,1,0,27570.25,27.3,,,,False,FRESH,True,False,True,False,False,False,True,False,True,False,True,False
2026-04-30 14:26:39,2026-04-30 14:25:00,2026-04-30 14:25:00,NQ,BRACKET_MACRO,ROTATION_ILLIQUID,TrendUp,AFTERNOON_TREND_TEST,TREND_COMPRESSION,TREND_COMPRESSION,LONG,66,10,MICRO_TREND_INSIDE_MACRO_STRUCTURE,UNCHANGED,0,-0.75,0,PM,75.98,NONE,1.0,0.597051597051597,-0.7554122524182405,210.0,22.0,59.91,0.9989743357180912,0.997948671434305,0.005831506912306,11,0.1683899556868537,7.460337546904331,2.1925380009212345,0.0106908633545952,0,1,0,27558.75,27.1375,,,,False,FRESH,True,False,True,False,False,False,True,False,True,False,True,False
2026-04-30 14:36:27,2026-04-30 14:35:00,2026-04-30 14:30:00,NQ,BRACKET_MACRO,ROTATION_ILLIQUID,TrendUp,AFTERNOON_TREND_TEST,TREND_COMPRESSION,TREND_COMPRESSION,LONG,66,0,MICRO_TREND_INSIDE_MACRO_STRUCTURE,UNCHANGED,0,0.103,0,PM,63.66,LONG,0.1067961165048543,0.5729166666666666,0.1065891472868217,220.0,23.0,62.38,0.9813232669418956,0.9626465338806336,0.0669724491145234,12,0.2104874446085672,8.270938819281328,2.858527131782945,0.0130404031473786,0,1,0,27573.0,25.8,,,,False,FRESH,True,False,True,False,False,False,True,False,True,False,True,False
2026-04-30 14:36:38,2026-04-30 14:35:00,2026-04-30 14:35:00,NQ,BRACKET_MACRO,ROTATION_ILLIQUID,TrendUp,AFTERNOON_TREND_TEST,TREND_COMPRESSION,TREND_COMPRESSION,LONG,66,0,MICRO_TREND_INSIDE_MACRO_STRUCTURE,UNCHANGED,0,0.103,0,PM,63.66,LONG,0.1067961165048543,0.5729166666666666,0.1065891472868217,220.0,23.0,62.38,0.9990435261104752,0.998087052224328,0.0054863302296371,13,0.2104874446085672,8.270938819281328,2.858527131782945,0.0130404031473786,0,1,0,27573.0,25.8,,,,False,FRESH,True,False,True,False,False,False,True,False,True,False,True,False
2026-04-30 14:44:35,2026-04-27 11:05:00,2026-04-27 11:05:00,NQ,BRACKET_MACRO,ROTATION_ILLIQUID,TrendUp,MID_MORNING_DISCOVERY,TRANSITION,TRANSITION,NONE,50,100,MACRO_STALE_4539.6MIN,UNCHANGED,0,0.0,0,POST_IB_AM,0.0,NONE,0.0,0.0,0.0,0.0,0.0,0.0,0.99993148899788,0.9998629779991718,0.0005232853141934,12,0.0,-0.6331706827849902,-1.353546291283162,0.0083197444174514,0,1,0,27340.0,46.175,,,,True,MACRO_STALE_4539.6MIN,False,False,False,False,False,False,False,False,False,False,False,False
2026-04-30 14:44:37,2026-04-30 14:35:00,2026-04-30 14:35:00,NQ,BRACKET_MACRO,ROTATION_ILLIQUID,TrendUp,AFTERNOON_TREND_TEST,TREND_COMPRESSION,TREND_COMPRESSION,LONG,66,0,MICRO_TREND_INSIDE_MACRO_STRUCTURE,LOCKED_IMMEDIATE,0,0.0,0,PM,63.66,LONG,0.1067961165048543,0.5729166666666666,0.1031894934333958,220.0,23.0,62.38,0.9999043206199392,0.9998086412395072,0.0007077431729025,13,0.2104874446085672,8.007137768760161,2.7673545966228894,0.0130404031473786,0,1,0,27573.0,26.65,,,,False,FRESH,True,False,True,False,False,False,True,False,True,False,True,False
2026-04-30 14:46:13,2026-04-30 14:45:00,2026-04-30 14:40:00,NQ,BRACKET_MACRO,ROTATION_ILLIQUID,TrendUp,AFTERNOON_TREND_TEST,TREND_COMPRESSION,TREND_COMPRESSION,LONG,66,0,MICRO_TREND_INSIDE_MACRO_STRUCTURE,UNCHANGED,0,0.0,0,PM,71.37,LONG,1.0,0.1006711409395973,0.7116303770578863,230.0,24.0,62.82,0.9995811026450128,0.9991622052889396,0.0026523550990168,14,0.2178729689807976,9.038674247716074,3.23951141795008,0.0132747214484679,0,1,0,27575.5,23.5375,,,,False,FRESH,True,False,True,False,False,False,True,False,True,False,True,False
2026-04-30 14:46:23,2026-04-30 14:45:00,2026-04-30 14:45:00,NQ,BRACKET_MACRO,ROTATION_ILLIQUID,TrendUp,AFTERNOON_TREND_TEST,TREND_COMPRESSION,TREND_COMPRESSION,LONG,66,0,MICRO_TREND_INSIDE_MACRO_STRUCTURE,UNCHANGED,0,0.0,0,PM,71.37,LONG,1.0,0.1006711409395973,0.7116303770578863,230.0,24.0,62.82,0.9980123610941716,0.996024722191568,0.0103516123877846,15,0.2178729689807976,9.038674247716074,3.23951141795008,0.0132747214484679,0,1,0,27575.5,23.5375,,,,False,FRESH,True,False,True,False,False,False,True,False,True,False,True,False
2026-04-30 14:52:44,2026-04-27 11:05:00,2026-04-27 11:05:00,NQ,BRACKET_MACRO,ROTATION_ILLIQUID,TrendUp,MID_MORNING_DISCOVERY,TRANSITION,TRANSITION,NONE,50,100,MACRO_STALE_4547.7MIN,UNCHANGED,0,0.0,0,POST_IB_AM,0.0,NONE,0.0,0.0,0.0,0.0,0.0,0.0,0.99993148899788,0.9998629779991712,0.0005232853141965,12,0.0,-0.6331706827849902,-1.353546291283162,0.0083197444174514,0,1,0,27340.0,46.175,,,,True,MACRO_STALE_4547.7MIN,False,False,False,False,False,False,False,False,False,False,False,False
2026-04-30 14:52:46,2026-04-30 14:45:00,2026-04-30 14:45:00,NQ,BRACKET_MACRO,ROTATION_ILLIQUID,TrendUp,AFTERNOON_TREND_TEST,TREND_COMPRESSION,TREND_COMPRESSION,LONG,66,0,MICRO_TREND_INSIDE_MACRO_STRUCTURE,LOCKED_IMMEDIATE,0,0.0,0,PM,71.23,LONG,1.0,0.1006711409395973,0.703781512605042,230.0,24.0,62.82,0.9998765648569112,0.9997531297149456,0.000890372561909,15,0.2178729689807976,8.93898298763097,3.2037815126050417,0.0132747214484679,0,1,0,27575.5,23.8,,,,False,FRESH,True,False,True,False,False,False,True,False,True,False,True,False
2026-04-30 14:54:21,2026-03-18 14:45:00,2026-03-18 14:45:00,NQ,BRACKET_MACRO,TREND_EXPANSION,TrendDown,AFTERNOON_TREND_TEST,TRANSITION,TRANSITION,NONE,50,100,MACRO_STALE_61929.4MIN,UNCHANGED,0,0.0,0,PM,84.0,SHORT,1.0,1.0,-1.2937717187917668,230.0,24.0,100.0,0.878455641693286,0.7569112833856224,0.2668919217133965,10,10.030075187969924,-2.6373719314805,-7.511360598770381,0.0849815520474203,0,1,0,24831.5,46.7625,,,,True,MACRO_STALE_61929.4MIN,False,False,False,False,False,False,False,False,False,False,False,False
2026-04-30 14:54:23,2026-04-30 14:45:00,2026-04-30 14:45:00,NQ,BRACKET_MACRO,ROTATION_ILLIQUID,TrendUp,AFTERNOON_TREND_TEST,TREND_COMPRESSION,TREND_COMPRESSION,LONG,66,0,MICRO_TREND_INSIDE_MACRO_STRUCTURE,LOCKED_IMMEDIATE,0,0.0,0,PM,71.23,LONG,1.0,0.1006711409395973,0.703781512605042,230.0,24.0,62.82,0.9998785013268506,0.9997570026533144,0.0008777902034908,15,0.2178729689807976,8.938653651806542,3.2037815126050417,0.0132747214484679,0,1,0,27575.5,23.8,,,,False,FRESH,True,False,True,False,False,False,True,False,True,False,True,False
2026-04-30 14:55:59,2026-04-30 14:55:00,2026-04-30 14:50:00,NQ,BRACKET_MACRO,ROTATION_ILLIQUID,TrendUp,AFTERNOON_TREND_TEST,TREND_COMPRESSION,TREND_COMPRESSION,LONG,66,0,MICRO_TREND_INSIDE_MACRO_STRUCTURE,UNCHANGED,0,0.0,0,PM,42.84,NONE,0.3939393939393939,0.0147058823529411,-0.1477272727272727,240.0,25.0,61.82,0.9994009116835022,0.9988018233642976,0.003638624754191,16,0.2008862629246676,9.299787567403738,3.2045454545454546,0.0120988501801956,0,1,0,27569.75,22.0,,,,False,FRESH,True,False,True,False,False,False,True,False,True,False,True,False
2026-04-30 14:56:09,2026-04-30 14:55:00,2026-04-30 14:55:00,NQ,BRACKET_MACRO,ROTATION_ILLIQUID,TrendUp,AFTERNOON_TREND_TEST,TREND_COMPRESSION,TREND_COMPRESSION,LONG,66,0,MICRO_TREND_INSIDE_MACRO_STRUCTURE,UNCHANGED,0,0.0,0,PM,42.84,NONE,0.3939393939393939,0.0147058823529411,-0.1477272727272727,240.0,25.0,61.82,0.9981722501628364,0.9963445003252144,0.0096295835977307,17,0.2008862629246676,9.299787567403738,3.2045454545454546,0.0120988501801956,0,1,0,27569.75,22.0,,,,False,FRESH,True,False,True,False,False,False,True,False,True,False,True,False
2026-04-30 15:05:48,2026-04-30 15:05:00,2026-04-30 15:00:00,NQ,BRACKET_MACRO,ROTATION_ILLIQUID,TrendUp,LATE_DAY_CONVICTION,TREND_COMPRESSION,TREND_COMPRESSION,LONG,66,20,MICRO_TREND_INSIDE_MACRO_STRUCTURE,UNCHANGED,0,-0.437,0,POWER_HOUR,66.12,NONE,1.0,0.2523364485981308,-0.4390779363336992,250.0,26.0,61.08,0.9598851131841268,0.9197702263692966,0.1214093465523948,18,0.1883308714918759,8.642625775166708,2.908891328210758,0.0111833220796758,0,1,0,27565.5,22.775,,,,False,FRESH,True,False,True,False,False,False,True,False,True,False,True,False
2026-04-30 15:05:58,2026-04-30 15:05:00,2026-04-30 15:05:00,NQ,BRACKET_MACRO,ROTATION_ILLIQUID,TrendUp,LATE_DAY_CONVICTION,TREND_COMPRESSION,TREND_COMPRESSION,LONG,66,20,MICRO_TREND_INSIDE_MACRO_STRUCTURE,UNCHANGED,0,-0.437,0,POWER_HOUR,66.12,NONE,1.0,0.2523364485981308,-0.4390779363336992,250.0,26.0,61.08,0.9718135984573428,0.9436271969142266,0.092606788196391,19,0.1883308714918759,8.642625775166708,2.908891328210758,0.0111833220796758,0,1,0,27565.5,22.775,,,,False,FRESH,True,False,True,False,False,False,True,False,True,False,True,False
2026-04-30 15:17:08,2026-04-30 15:15:00,2026-04-30 15:15:00,NQ,BRACKET_MACRO,ROTATION_ILLIQUID,TrendUp,LATE_DAY_CONVICTION,TREND_COMPRESSION,TREND_COMPRESSION,LONG,66,30,MICRO_TREND_INSIDE_MACRO_STRUCTURE,UNCHANGED,0,1.25,0,POWER_HOUR,70.29,LONG,0.7655172413793103,0.550561797752809,1.2714776632302407,260.0,27.0,66.64,0.7109974390628274,0.4219948781248332,0.433714650255701,21,0.2828655834564254,10.294228185044313,4.501718213058419,0.0162867799419809,0,1,0,27597.5,21.825,,,,False,FRESH,True,False,True,False,False,False,True,False,True,False,True,False
2026-04-30 15:26:52,2026-04-30 15:25:00,2026-04-30 15:25:00,NQ,BRACKET_MACRO,ROTATION_ILLIQUID,TrendUp,LATE_DAY_CONVICTION,TREND_COMPRESSION,TREND_COMPRESSION,LONG,66,30,MICRO_TREND_INSIDE_MACRO_STRUCTURE,UNCHANGED,0,1.626,0,POWER_HOUR,77.46,LONG,1.0,0.5628415300546448,1.6734932709186658,270.0,28.0,67.29,0.984591339048017,0.9691826780948016,0.0574098756133043,23,0.293943870014771,10.550305459986342,4.774722059684025,0.0167117227820103,0,1,0,27601.25,21.3625,,,,False,FRESH,True,False,True,False,False,False,True,False,True,False,True,False
2026-04-30 15:34:59,2026-03-10 12:15:00,2026-03-10 12:15:00,NQ,BRACKET_MACRO,TREND_EXPANSION,TrendUp,LUNCH_AUCTION,TRANSITION,TRANSITION,NONE,50,100,MACRO_STALE_73640.0MIN,UNCHANGED,0,0.0,0,LUNCH,74.0,SHORT,1.0,0.8635014836795252,-1.558547531619747,60.0,7.0,0.0,0.9778551190648012,0.955710238128186,0.0766598710296281,1,1.3674698795180722,-3.0866884094587825,-5.72827417380661,0.0830376153300213,0,1,0,24931.5,30.6375,,,,True,MACRO_STALE_73640.0MIN,False,False,False,False,False,False,False,False,False,False,False,False
2026-04-30 15:35:00,2026-04-30 15:25:00,2026-04-30 15:25:00,NQ,BRACKET_MACRO,ROTATION_ILLIQUID,TrendUp,LATE_DAY_CONVICTION,TREND_COMPRESSION,TREND_COMPRESSION,LONG,66,20,MICRO_TREND_INSIDE_MACRO_STRUCTURE,LOCKED_IMMEDIATE,0,0.0,0,POWER_HOUR,77.46,LONG,1.0,0.5628415300546448,1.6734932709186658,270.0,28.0,67.29,0.9995089816775156,0.9990179633583004,0.0030527287312979,23,0.293943870014771,10.549983171439736,4.774722059684025,0.0167117227820103,0,1,0,27601.25,21.3625,,,,False,FRESH,True,False,True,False,False,False,True,False,True,False,True,False
2026-04-30 15:36:36,2026-04-30 15:35:00,2026-04-30 15:35:00,NQ,BRACKET_MACRO,ROTATION_ILLIQUID,TrendUp,LATE_DAY_CONVICTION,TREND_COMPRESSION,TREND_COMPRESSION,LONG,66,20,MICRO_TREND_INSIDE_MACRO_STRUCTURE,UNCHANGED,0,0.0,0,POWER_HOUR,64.68,NONE,0.1666666666666666,0.580110497237569,-0.0727713765918738,280.0,29.0,66.38,0.9819966610799608,0.9639933221565636,0.0650390550764261,25,0.2784342688330871,10.526331335512948,4.693753790175864,0.0156351001939237,0,1,0,27596.0,20.6125,,,,False,FRESH,True,False,True,False,False,False,True,False,True,False,True,False
2026-04-30 15:46:23,2026-02-17 15:15:00,2026-02-17 15:15:00,NQ,BRACKET_MACRO,TREND_EXPANSION,TrendDown,LATE_DAY_CONVICTION,TRANSITION,TRANSITION,NONE,50,100,MACRO_STALE_103711.4MIN,UNCHANGED,0,0.0,0,POWER_HOUR,79.4,SHORT,0.4106583072100313,0.8466557911908646,-0.4731804226115224,20.0,3.0,100.0,1.0,1.0,2.7490724048769624e-60,10,2.935643564356436,-1.7501594241749956,-2.4236951417735235,0.0322456629343072,0,1,0,24498.75,69.2125,,,,True,MACRO_STALE_103711.4MIN,False,False,False,False,False,False,False,False,False,False,False,False
2026-04-30 15:46:24,2026-04-30 15:45:00,2026-04-30 15:40:00,NQ,BRACKET_MACRO,ROTATION_ILLIQUID,TrendUp,LATE_DAY_CONVICTION,TREND_COMPRESSION,TREND_COMPRESSION,LONG,66,20,MICRO_TREND_INSIDE_MACRO_STRUCTURE,LOCKED_IMMEDIATE,0,0.0,0,POWER_HOUR,73.04,LONG,0.6146788990825688,0.8333333333333334,0.8804204993429698,290.0,30.0,70.2,0.98276181811246,0.965523636221704,0.0628196997679774,26,0.3434268833087149,12.393194247266944,6.241787122207622,0.018879173290938,0,1,0,27618.0,19.025,,,,False,FRESH,True,False,True,False,False,False,True,False,True,False,True,False
2026-04-30 15:46:33,2026-04-30 15:45:00,2026-04-30 15:45:00,NQ,BRACKET_MACRO,ROTATION_ILLIQUID,TrendUp,LATE_DAY_CONVICTION,TREND_COMPRESSION,TREND_COMPRESSION,LONG,66,20,MICRO_TREND_INSIDE_MACRO_STRUCTURE,UNCHANGED,0,0.0,0,POWER_HOUR,73.04,LONG,0.6146788990825688,0.8333333333333334,0.8804204993429698,290.0,30.0,70.2,0.99595316347773,0.9919063269541132,0.0189973917436613,27,0.3434268833087149,12.393194247266944,6.241787122207622,0.018879173290938,0,1,0,27618.0,19.025,,,,False,FRESH,True,False,True,False,False,False,True,False,True,False,True,False
2026-04-30 15:52:55,2026-03-10 12:15:00,2026-03-10 12:15:00,NQ,BRACKET_MACRO,TREND_EXPANSION,TrendUp,LUNCH_AUCTION,TRANSITION,TRANSITION,NONE,50,100,MACRO_STALE_73657.9MIN,UNCHANGED,0,0.0,0,LUNCH,74.0,SHORT,1.0,0.8635014836795252,-1.558547531619747,60.0,7.0,0.0,0.9778551190648012,0.955710238128186,0.0766598710296281,1,1.3674698795180722,-3.0866884094587825,-5.72827417380661,0.0830376153300213,0,1,0,24931.5,30.6375,,,,True,MACRO_STALE_73657.9MIN,False,False,False,False,False,False,False,False,False,False,False,False
2026-04-30 15:52:56,2026-04-30 15:45:00,2026-04-30 15:45:00,NQ,BRACKET_MACRO,ROTATION_ILLIQUID,TrendUp,LATE_DAY_CONVICTION,TREND_COMPRESSION,TREND_COMPRESSION,LONG,66,20,MICRO_TREND_INSIDE_MACRO_STRUCTURE,LOCKED_IMMEDIATE,0,0.0,0,POWER_HOUR,73.04,LONG,0.6146788990825688,0.8333333333333334,0.8667529107373868,290.0,30.0,70.2,0.9938418006809888,0.9876836013585868,0.0270391734471606,27,0.3434268833087149,12.2008031334672,6.144890038809832,0.018879173290938,0,1,0,27618.0,19.325,,,,False,FRESH,True,False,True,False,False,False,True,False,True,False,True,False
2026-04-30 15:56:14,2026-04-30 15:55:00,2026-04-30 15:50:00,NQ,BRACKET_MACRO,ROTATION_ILLIQUID,TrendDown,LATE_DAY_CONVICTION,TRANSITION,TRANSITION,NONE,50,40,NO_CLEAR_STAGE_C_ALIGNMENT,LOCKED_IMMEDIATE,0,0.0,1,POWER_HOUR,35.87,LONG,0.1,0.0510204081632653,0.1920768307322929,300.0,31.0,67.07,0.9876758240377482,0.9753516480733992,0.0479172174498461,1,0.2902511078286558,10.15564133302014,4.837935174069628,0.0156717868948084,0,1,0,27600.0,20.825,,,,False,FRESH,False,False,False,False,False,False,False,False,False,False,False,False
2026-04-30 15:56:23,2026-04-30 15:55:00,2026-04-30 15:55:00,NQ,BRACKET_MACRO,ROTATION_ILLIQUID,TrendUp,LATE_DAY_CONVICTION,TREND_COMPRESSION,TREND_COMPRESSION,LONG,66,20,MICRO_TREND_INSIDE_MACRO_STRUCTURE,LOCKED_IMMEDIATE,0,0.0,2,POWER_HOUR,35.87,LONG,0.1,0.0510204081632653,0.1920768307322929,300.0,31.0,67.07,0.6289556280272078,0.2579112560562811,0.4757353076144694,1,0.2902511078286558,10.15564133302014,4.837935174069628,0.0156717868948084,0,1,0,27600.0,20.825,,,,False,FRESH,True,False,True,False,False,False,True,False,True,False,True,False
2026-04-30 16:01:10,2026-04-30 16:00:00,2026-04-30 15:55:00,NQ,BRACKET_MACRO,ROTATION_ILLIQUID,TrendDown,CASH_CLOSE,TRANSITION,TRANSITION,NONE,50,50,NO_CLEAR_STAGE_C_ALIGNMENT,LOCKED_IMMEDIATE,0,-1.933,1,CLOSE,76.63,NONE,1.0,0.3505535055350554,-1.7841409691629957,305.0,32.0,63.16,0.8817521119258153,0.7635042238497209,0.2621517072884377,2,0.2237813884785819,7.9583681568275875,3.447136563876652,0.0119753605999158,0,1,0,27577.5,22.7,,,,False,FRESH,False,False,False,False,False,False,False,False,False,False,False,False
2026-04-30 16:01:19,2026-04-30 16:00:00,2026-04-30 16:00:00,NQ,BRACKET_MACRO,ROTATION_ILLIQUID,TrendDown,CASH_CLOSE,TRANSITION,TRANSITION,NONE,50,50,NO_CLEAR_STAGE_C_ALIGNMENT,UNCHANGED,0,-1.933,1,CLOSE,76.63,NONE,1.0,0.3505535055350554,-1.7841409691629957,305.0,32.0,63.16,0.998606031610164,0.9972120632176772,0.0076168352972229,3,0.2237813884785819,7.9583681568275875,3.447136563876652,0.0119753605999158,0,1,0,27577.5,22.7,,,,False,FRESH,False,False,False,False,False,False,False,False,False,False,False,False
2026-04-30 16:07:38,2026-04-16 10:45:00,2026-04-16 10:45:00,NQ,BRACKET_MACRO,TREND_EXPANSION,TrendUp,POST_IB_MACRO,TRANSITION,TRANSITION,NONE,50,100,MACRO_STALE_20482.6MIN,UNCHANGED,0,0.0,0,POST_IB_AM,84.0,SHORT,1.0,0.951417004048583,-3.605110336817654,25.0,5.0,0.0,0.9277600333054484,0.8555200666086548,0.18711385532426,3,1.3623188405797102,-3.1630167614957414,-4.7386759581881535,0.1625239005736137,0,1,0,26384.25,13.453125,,,,True,MACRO_STALE_20482.6MIN,False,False,False,False,False,False,False,False,False,False,False,False
2026-04-30 16:07:39,2026-04-30 16:00:00,2026-04-30 16:00:00,NQ,BRACKET_MACRO,ROTATION_ILLIQUID,TrendDown,CASH_CLOSE,TRANSITION,TRANSITION,NONE,50,40,NO_CLEAR_STAGE_C_ALIGNMENT,UNCHANGED,0,0.0,0,CLOSE,76.63,NONE,1.0,0.3505535055350554,-1.7841409691629957,305.0,32.0,63.16,0.9999977001306504,0.9999954002737538,2.3197433760095897e-05,3,0.2237813884785819,7.958612165019453,3.447136563876652,0.0119753605999158,0,1,0,27577.5,22.7,,,,False,FRESH,False,False,False,False,False,False,False,False,False,False,False,False
