"Category","SourcePath","CopiedPath","Bytes","LastWriteTime","Lines","HeaderOrFirstLine","Note"
"01_Regime_Matrices","Backtest\ES_RegimeMatrix_Full.csv","01_Regime_Matrices\Backtest\ES_RegimeMatrix_Full.csv","3206510","2026-04-27 08:21:39","14934","session_key,TimestampET,Symbol,MacroRegime,MacroPlaybook,MacroCheckpointState,HMMRegime,HMMDirection,Velocity3P_ATR,VelocityConfirmed,TrendExpansionScore,KalmanSmoothedScore,ConflictScore,Phase,PhaseMultiplier,FinalRegime,FinalDirection,RegimeConfidence,AllowExpansion,AllowMomo,AllowPine,AllowADX_DI,AllowSniper,ExpansionSizePct,MomoSizePct,PineSizePct,ADX_DISizePct,SniperSizePct,AllowLong,AllowShort,AllowFadeLong,AllowFadeShort,ReasonCode,StateAgeBars,StaleDataFlag","Combined macro/HMM output, permissions, reason codes, and SHADOW comparison where present."
"01_Regime_Matrices","Backtest\ES_RegimeMatrix_Full_SHADOW.csv","01_Regime_Matrices\Backtest\ES_RegimeMatrix_Full_SHADOW.csv","517495","2026-05-01 17:17:58","1195","session_key,TimestampET,Symbol,MacroRegime,MacroPlaybook,MacroCheckpointState,HMMRegime,HMMDirection,HMMAsOfTimestampET,HMMJoinLagMinutes,SuggestedAdxMin,SuggestedCiMax,SuggestedSlopeGate,SuggestedStopBucket,SessionVWAP,IBHigh,IBLow,IBExtensionPct,IBWidthATR,PDVAH,PDVAL,TwoSidedFlag,Velocity3P_ATR,VelocityConfirmed,TrendExpansionScore,KalmanSmoothedScore,ConflictScore,Phase,PhaseMultiplier,FinalRegime,FinalDirection,RegimeConfidence,AllowExpansion,AllowMomo,AllowPine,AllowADX_DI,AllowSniper,ExpansionSizePct,AllowExpansion_SizePct,MomoSizePct,AllowMomo_SizePct,PineSizePct,AllowPine_SizePct,ADX_DISizePct,AllowADX_DI_SizePct,SniperSizePct,AllowSniper_SizePct,AllowLong,AllowShort,AllowFadeLong,AllowFadeShort,ReasonCode,OverrideSource,BlockedReason,BotPermissionGateReason,BotPermissionSummary,AnyDirectionalBotAllowed,AnySizePctPositive,SimTestingMode,StateAgeBars,RegimeFlipCount10Bar,StaleDataFlag","Combined macro/HMM output, permissions, reason codes, and SHADOW comparison where present."
"01_Regime_Matrices","Backtest\NQ_RegimeMatrix_Full.csv","01_Regime_Matrices\Backtest\NQ_RegimeMatrix_Full.csv","3207805","2026-04-27 08:21:35","14951","session_key,TimestampET,Symbol,MacroRegime,MacroPlaybook,MacroCheckpointState,HMMRegime,HMMDirection,Velocity3P_ATR,VelocityConfirmed,TrendExpansionScore,KalmanSmoothedScore,ConflictScore,Phase,PhaseMultiplier,FinalRegime,FinalDirection,RegimeConfidence,AllowExpansion,AllowMomo,AllowPine,AllowADX_DI,AllowSniper,ExpansionSizePct,MomoSizePct,PineSizePct,ADX_DISizePct,SniperSizePct,AllowLong,AllowShort,AllowFadeLong,AllowFadeShort,ReasonCode,StateAgeBars,StaleDataFlag","Combined macro/HMM output, permissions, reason codes, and SHADOW comparison where present."
"01_Regime_Matrices","Backtest\NQ_RegimeMatrix_Full_SHADOW.csv","01_Regime_Matrices\Backtest\NQ_RegimeMatrix_Full_SHADOW.csv","483954","2026-05-01 11:16:14","1185","session_key,TimestampET,Symbol,MacroRegime,MacroPlaybook,MacroCheckpointState,HMMRegime,HMMDirection,HMMAsOfTimestampET,HMMJoinLagMinutes,SuggestedAdxMin,SuggestedCiMax,SuggestedSlopeGate,SuggestedStopBucket,SessionVWAP,IBHigh,IBLow,IBExtensionPct,IBWidthATR,PDVAH,PDVAL,TwoSidedFlag,Velocity3P_ATR,VelocityConfirmed,TrendExpansionScore,KalmanSmoothedScore,ConflictScore,Phase,PhaseMultiplier,FinalRegime,FinalDirection,RegimeConfidence,AllowExpansion,AllowMomo,AllowPine,AllowADX_DI,AllowSniper,ExpansionSizePct,AllowExpansion_SizePct,MomoSizePct,AllowMomo_SizePct,PineSizePct,AllowPine_SizePct,ADX_DISizePct,AllowADX_DI_SizePct,SniperSizePct,AllowSniper_SizePct,AllowLong,AllowShort,AllowFadeLong,AllowFadeShort,ReasonCode,OverrideSource,BlockedReason,BotPermissionSummary,AnyDirectionalBotAllowed,AnySizePctPositive,SimTestingMode,StateAgeBars,StaleDataFlag","Combined macro/HMM output, permissions, reason codes, and SHADOW comparison where present."
"01_Regime_Matrices","V3D\ES_RegimeMatrix_Latest.csv","01_Regime_Matrices\V3D\ES_RegimeMatrix_Latest.csv","1259","2026-05-01 16:37:16","2","session_key,TimestampET,Symbol,MacroRegime,MacroPlaybook,MacroCheckpointState,HMMRegime,HMMDirection,HMMAsOfTimestampET,HMMJoinLagMinutes,SuggestedAdxMin,SuggestedCiMax,SuggestedSlopeGate,SuggestedStopBucket,SessionVWAP,IBHigh,IBLow,IBExtensionPct,IBWidthATR,PDVAH,PDVAL,TwoSidedFlag,Velocity3P_ATR,VelocityConfirmed,TrendExpansionScore,KalmanSmoothedScore,ConflictScore,Phase,PhaseMultiplier,FinalRegime,FinalDirection,RegimeConfidence,AllowExpansion,AllowMomo,AllowPine,AllowADX_DI,AllowSniper,ExpansionSizePct,AllowExpansion_SizePct,MomoSizePct,AllowMomo_SizePct,PineSizePct,AllowPine_SizePct,ADX_DISizePct,AllowADX_DI_SizePct,SniperSizePct,AllowSniper_SizePct,AllowLong,AllowShort,AllowFadeLong,AllowFadeShort,ReasonCode,OverrideSource,BlockedReason,BotPermissionSummary,AnyDirectionalBotAllowed,AnySizePctPositive,SimTestingMode,StateAgeBars,StaleDataFlag","Combined macro/HMM output, permissions, reason codes, and SHADOW comparison where present."
"01_Regime_Matrices","V3D\History\ES_RegimeMatrix_History.csv","01_Regime_Matrices\V3D\History\ES_RegimeMatrix_History.csv","5166943","2026-05-01 16:37:16","19300","session_key,TimestampET,Symbol,MacroRegime,MacroPlaybook,MacroCheckpointState,HMMRegime,HMMDirection,HMMAsOfTimestampET,HMMJoinLagMinutes,SuggestedAdxMin,SuggestedCiMax,SuggestedSlopeGate,SuggestedStopBucket,SessionVWAP,IBHigh,IBLow,IBExtensionPct,IBWidthATR,PDVAH,PDVAL,TwoSidedFlag,Velocity3P_ATR,VelocityConfirmed,TrendExpansionScore,KalmanSmoothedScore,ConflictScore,Phase,PhaseMultiplier,FinalRegime,FinalDirection,RegimeConfidence,AllowExpansion,AllowMomo,AllowPine,AllowADX_DI,AllowSniper,ExpansionSizePct,AllowExpansion_SizePct,MomoSizePct,AllowMomo_SizePct,PineSizePct,AllowPine_SizePct,ADX_DISizePct,AllowADX_DI_SizePct,SniperSizePct,AllowSniper_SizePct,AllowLong,AllowShort,AllowFadeLong,AllowFadeShort,ReasonCode,OverrideSource,BlockedReason,BotPermissionSummary,AnyDirectionalBotAllowed,AnySizePctPositive,SimTestingMode,StateAgeBars,StaleDataFlag","Combined macro/HMM output, permissions, reason codes, and SHADOW comparison where present."
"01_Regime_Matrices","V3D\History\ES_RegimeMatrix_History_SHADOW.csv","01_Regime_Matrices\V3D\History\ES_RegimeMatrix_History_SHADOW.csv","517495","2026-05-01 17:17:58","1195","session_key,TimestampET,Symbol,MacroRegime,MacroPlaybook,MacroCheckpointState,HMMRegime,HMMDirection,HMMAsOfTimestampET,HMMJoinLagMinutes,SuggestedAdxMin,SuggestedCiMax,SuggestedSlopeGate,SuggestedStopBucket,SessionVWAP,IBHigh,IBLow,IBExtensionPct,IBWidthATR,PDVAH,PDVAL,TwoSidedFlag,Velocity3P_ATR,VelocityConfirmed,TrendExpansionScore,KalmanSmoothedScore,ConflictScore,Phase,PhaseMultiplier,FinalRegime,FinalDirection,RegimeConfidence,AllowExpansion,AllowMomo,AllowPine,AllowADX_DI,AllowSniper,ExpansionSizePct,AllowExpansion_SizePct,MomoSizePct,AllowMomo_SizePct,PineSizePct,AllowPine_SizePct,ADX_DISizePct,AllowADX_DI_SizePct,SniperSizePct,AllowSniper_SizePct,AllowLong,AllowShort,AllowFadeLong,AllowFadeShort,ReasonCode,OverrideSource,BlockedReason,BotPermissionGateReason,BotPermissionSummary,AnyDirectionalBotAllowed,AnySizePctPositive,SimTestingMode,StateAgeBars,RegimeFlipCount10Bar,StaleDataFlag","Combined macro/HMM output, permissions, reason codes, and SHADOW comparison where present."
"01_Regime_Matrices","V3D\History\NQ_RegimeMatrix_History.csv","01_Regime_Matrices\V3D\History\NQ_RegimeMatrix_History.csv","5167312","2026-05-01 16:37:15","19316","session_key,TimestampET,Symbol,MacroRegime,MacroPlaybook,MacroCheckpointState,HMMRegime,HMMDirection,HMMAsOfTimestampET,HMMJoinLagMinutes,SuggestedAdxMin,SuggestedCiMax,SuggestedSlopeGate,SuggestedStopBucket,SessionVWAP,IBHigh,IBLow,IBExtensionPct,IBWidthATR,PDVAH,PDVAL,TwoSidedFlag,Velocity3P_ATR,VelocityConfirmed,TrendExpansionScore,KalmanSmoothedScore,ConflictScore,Phase,PhaseMultiplier,FinalRegime,FinalDirection,RegimeConfidence,AllowExpansion,AllowMomo,AllowPine,AllowADX_DI,AllowSniper,ExpansionSizePct,AllowExpansion_SizePct,MomoSizePct,AllowMomo_SizePct,PineSizePct,AllowPine_SizePct,ADX_DISizePct,AllowADX_DI_SizePct,SniperSizePct,AllowSniper_SizePct,AllowLong,AllowShort,AllowFadeLong,AllowFadeShort,ReasonCode,OverrideSource,BlockedReason,BotPermissionSummary,AnyDirectionalBotAllowed,AnySizePctPositive,SimTestingMode,StateAgeBars,StaleDataFlag","Combined macro/HMM output, permissions, reason codes, and SHADOW comparison where present."
"01_Regime_Matrices","V3D\History\NQ_RegimeMatrix_History_SHADOW.csv","01_Regime_Matrices\V3D\History\NQ_RegimeMatrix_History_SHADOW.csv","483954","2026-05-01 11:16:14","1185","session_key,TimestampET,Symbol,MacroRegime,MacroPlaybook,MacroCheckpointState,HMMRegime,HMMDirection,HMMAsOfTimestampET,HMMJoinLagMinutes,SuggestedAdxMin,SuggestedCiMax,SuggestedSlopeGate,SuggestedStopBucket,SessionVWAP,IBHigh,IBLow,IBExtensionPct,IBWidthATR,PDVAH,PDVAL,TwoSidedFlag,Velocity3P_ATR,VelocityConfirmed,TrendExpansionScore,KalmanSmoothedScore,ConflictScore,Phase,PhaseMultiplier,FinalRegime,FinalDirection,RegimeConfidence,AllowExpansion,AllowMomo,AllowPine,AllowADX_DI,AllowSniper,ExpansionSizePct,AllowExpansion_SizePct,MomoSizePct,AllowMomo_SizePct,PineSizePct,AllowPine_SizePct,ADX_DISizePct,AllowADX_DI_SizePct,SniperSizePct,AllowSniper_SizePct,AllowLong,AllowShort,AllowFadeLong,AllowFadeShort,ReasonCode,OverrideSource,BlockedReason,BotPermissionSummary,AnyDirectionalBotAllowed,AnySizePctPositive,SimTestingMode,StateAgeBars,StaleDataFlag","Combined macro/HMM output, permissions, reason codes, and SHADOW comparison where present."
"01_Regime_Matrices","V3D\History\V3C_V3D_Intraday_Comparison.csv","01_Regime_Matrices\V3D\History\V3C_V3D_Intraday_Comparison.csv","56383","2026-05-01 16:37:48","201","trade_date,symbol,checkpoint_time,generated_at,v3c_snapshot_time,v3d_snapshot_time,v3c_final_regime,v3d_final_regime,v3c_broad_regime,v3d_broad_regime,broad_agree,v3c_hmm_regime,v3d_hmm_regime,hmm_agree,v3c_direction,v3d_direction,direction_agree,v3c_confidence,v3d_confidence,confidence_delta,v3c_phase,v3d_phase,v3c_reason,v3d_reason,v3c_stale,v3d_stale,v3d_allow_expansion,v3d_allow_momo,v3d_allow_pine,v3d_allow_adx_di,v3d_allow_sniper","Combined macro/HMM output, permissions, reason codes, and SHADOW comparison where present."
"01_Regime_Matrices","V3D\History\V3C_V3D_Regime_Comparison.csv","01_Regime_Matrices\V3D\History\V3C_V3D_Regime_Comparison.csv","5473","2026-05-01 16:37:48","11","trade_date,symbol,generated_at,v3d_final_regime,v3d_macro_regime,v3d_hmm_regime,v3d_reason,v3d_confidence,v3d_phase,v3d_total_checkpoints,v3d_final_regime_changes,v3d_macro_regime_changes,v3d_hmm_regime_changes,v3d_stale_count,v3d_pct_trend_expansion,v3d_pct_trend_compression,v3d_pct_rotation_liquid,v3d_pct_rotation_illiquid,v3d_pct_transition,v3d_pct_allow_expansion,v3d_pct_allow_momo,v3d_pct_allow_pine,v3d_pct_allow_adx_di,v3d_pct_allow_sniper,v3c_regime,v3c_hmm_regime,v3c_direction,v3c_confidence,v3c_data_source,v3c_regime_changes,v3c_pct_trend,v3c_pct_rotation,v3c_pct_balance,v3c_pct_transition,v3d_stability_score,v3c_stability_score,broad_agree,hmm_agree,direction_agree,confidence_delta,regime_change_delta,trade_count,winning_trades,losing_trades,scratch_trades,gross_pnl,net_pnl,win_rate_pct,profit_factor,avg_winner,avg_loser,avg_trade_pnl,max_winner,max_loser,total_contracts,bots_active,expansion_trades,expansion_pnl,expansion_win_rate,momo_trades,momo_pnl,momo_win_rate,fader_trades,fader_pnl,fader_win_rate,sniper_trades,sniper_pnl,sniper_win_rate,adx_di_trades,adx_di_pnl,adx_di_win_rate,pct_trades_in_correct_regime,pct_trades_regime_held,flag_review,flag_v3d_stale,flag_loss_day,notes","Combined macro/HMM output, permissions, reason codes, and SHADOW comparison where present."
"01_Regime_Matrices","V3D\NQ_RegimeMatrix_Latest.csv","01_Regime_Matrices\V3D\NQ_RegimeMatrix_Latest.csv","1274","2026-05-01 16:37:15","2","session_key,TimestampET,Symbol,MacroRegime,MacroPlaybook,MacroCheckpointState,HMMRegime,HMMDirection,HMMAsOfTimestampET,HMMJoinLagMinutes,SuggestedAdxMin,SuggestedCiMax,SuggestedSlopeGate,SuggestedStopBucket,SessionVWAP,IBHigh,IBLow,IBExtensionPct,IBWidthATR,PDVAH,PDVAL,TwoSidedFlag,Velocity3P_ATR,VelocityConfirmed,TrendExpansionScore,KalmanSmoothedScore,ConflictScore,Phase,PhaseMultiplier,FinalRegime,FinalDirection,RegimeConfidence,AllowExpansion,AllowMomo,AllowPine,AllowADX_DI,AllowSniper,ExpansionSizePct,AllowExpansion_SizePct,MomoSizePct,AllowMomo_SizePct,PineSizePct,AllowPine_SizePct,ADX_DISizePct,AllowADX_DI_SizePct,SniperSizePct,AllowSniper_SizePct,AllowLong,AllowShort,AllowFadeLong,AllowFadeShort,ReasonCode,OverrideSource,BlockedReason,BotPermissionSummary,AnyDirectionalBotAllowed,AnySizePctPositive,SimTestingMode,StateAgeBars,StaleDataFlag","Combined macro/HMM output, permissions, reason codes, and SHADOW comparison where present."
"02_HMM_Macro_Outputs","Active\ES_Macro_Regimes.csv","02_HMM_Macro_Outputs\Active\ES_Macro_Regimes.csv","17481290","2026-04-27 11:06:57","35067","trade_date,symbol,checkpoint_time,minutes_from_open,phase,macro_logic_version,pd_high,pd_low,pd_close,pd_range,pd_vah,pd_val,pd_poc,on_high,on_low,on_close,on_range,on_vah,on_val,on_poc,on_volume,on_range_pct_of_pd,rth_open,gap_vs_pd_close_atr,open_in_pd_value_flag,open_in_on_value_flag,last_price,close_in_pd_value_flag,close_in_on_value_flag,two_sided_trade_flag,returned_to_open_flag,value_break_accept_flag,session_vwap,close_vs_vwap_atr,atr_5m,net_move_since_open_atr,directional_efficiency_since_open,ib_width_so_far,ib_extension_pct,price_vs_ib_high_atr,price_vs_ib_low_atr,checkpoint_state,official_bias_label,official_regime_label,tradable_flag,no_trade_reason,volatility_state,playbook_state","Current and prior model outputs for longitudinal regime comparison."
"02_HMM_Macro_Outputs","Active\ES_Regimes.csv","02_HMM_Macro_Outputs\Active\ES_Regimes.csv","16293067","2026-04-27 11:25:33","205039","TimestampET,StateId,RegimeLabel,Tradeable,AllowLong,AllowShort,SuggestedAdxMin,SuggestedCiMax,SuggestedSlopeGate,SuggestedStopBucket,ModelVersion","Current and prior model outputs for longitudinal regime comparison."
"02_HMM_Macro_Outputs","Active\Macro_Regimes.csv","02_HMM_Macro_Outputs\Active\Macro_Regimes.csv","1424","2026-04-14 11:05:04","27","TimestampET,MacroBias","Current and prior model outputs for longitudinal regime comparison."
"02_HMM_Macro_Outputs","Active\NQ_Macro_Regimes.csv","02_HMM_Macro_Outputs\Active\NQ_Macro_Regimes.csv","18234718","2026-04-27 11:20:16","35113","trade_date,symbol,checkpoint_time,minutes_from_open,phase,macro_logic_version,pd_high,pd_low,pd_close,pd_range,pd_vah,pd_val,pd_poc,on_high,on_low,on_close,on_range,on_vah,on_val,on_poc,on_volume,on_range_pct_of_pd,rth_open,gap_vs_pd_close_atr,open_in_pd_value_flag,open_in_on_value_flag,last_price,close_in_pd_value_flag,close_in_on_value_flag,two_sided_trade_flag,returned_to_open_flag,value_break_accept_flag,session_vwap,close_vs_vwap_atr,atr_5m,net_move_since_open_atr,directional_efficiency_since_open,ib_width_so_far,ib_extension_pct,price_vs_ib_high_atr,price_vs_ib_low_atr,checkpoint_state,official_bias_label,official_regime_label,tradable_flag,no_trade_reason,volatility_state,playbook_state","Current and prior model outputs for longitudinal regime comparison."
"02_HMM_Macro_Outputs","Active\NQ_Regimes.csv","02_HMM_Macro_Outputs\Active\NQ_Regimes.csv","16353515","2026-04-27 11:26:15","205821","TimestampET,StateId,RegimeLabel,Tradeable,AllowLong,AllowShort,SuggestedAdxMin,SuggestedCiMax,SuggestedSlopeGate,SuggestedStopBucket,ModelVersion","Current and prior model outputs for longitudinal regime comparison."
"02_HMM_Macro_Outputs","V3C\ES_Regimes_V3C.csv","02_HMM_Macro_Outputs\V3C\ES_Regimes_V3C.csv","294315","2026-05-01 16:06:59","565","SnapshotTimestamp,MacroTimestamp,MicroTimestamp,Instrument,MacroRegime,MacroPlaybook,HMM_Micro,Phase,CandidateRegime,FinalRegime,FinalDirection,RegimeConfidence,ConflictScore,ReasonCode,PersistenceStatus,PendingCount,Velocity3CP,HMMFlipCount,PhaseBucket,DevelopingInitiativeScore,InitiativeDirection,RollingEfficiency10m,RollingEfficiency20m,LocalNetMove10mAtr,SameSideVwapMinutes,VwapHoldCount,LateExtensionPenalty,HMMStateProb,HMMStateMargin,HMMStateEntropy,HMMStateAge,IBExtensionPct,CloseVsVwapAtr,NetMoveAtr,DirectionalEfficiency,ReturnedToOpenFlag,TwoSidedTradeFlag,ValueBreakAcceptFlag,LastPrice,Atr5m,Adx5m,Chop5m,Rvol5m,StaleDataFlag,StaleReason,AllowMomo,AllowAdxx,AllowPine,AllowEsScalper,AllowBracketSniper,AllowExpansionBot,AllowCompressionBot,AllowFadeBot,AllowLong,AllowShort,AllowMomoLong,AllowMomoShort","Current and prior model outputs for longitudinal regime comparison."
"02_HMM_Macro_Outputs","V3C\ES_Regimes_V3C_Latest.csv","02_HMM_Macro_Outputs\V3C\ES_Regimes_V3C_Latest.csv","1352","2026-05-01 16:06:59","2","SnapshotTimestamp,MacroTimestamp,MicroTimestamp,Instrument,MacroRegime,MacroPlaybook,HMM_Micro,Phase,CandidateRegime,FinalRegime,FinalDirection,RegimeConfidence,ConflictScore,ReasonCode,PersistenceStatus,PendingCount,Velocity3CP,HMMFlipCount,PhaseBucket,DevelopingInitiativeScore,InitiativeDirection,RollingEfficiency10m,RollingEfficiency20m,LocalNetMove10mAtr,SameSideVwapMinutes,VwapHoldCount,LateExtensionPenalty,HMMStateProb,HMMStateMargin,HMMStateEntropy,HMMStateAge,IBExtensionPct,CloseVsVwapAtr,NetMoveAtr,DirectionalEfficiency,ReturnedToOpenFlag,TwoSidedTradeFlag,ValueBreakAcceptFlag,LastPrice,Atr5m,Adx5m,Chop5m,Rvol5m,StaleDataFlag,StaleReason,AllowMomo,AllowAdxx,AllowPine,AllowEsScalper,AllowBracketSniper,AllowExpansionBot,AllowCompressionBot,AllowFadeBot,AllowLong,AllowShort,AllowMomoLong,AllowMomoShort","Current and prior model outputs for longitudinal regime comparison."
"02_HMM_Macro_Outputs","V3C\History\ES_Regimes_V3C_History_20260428_20260428_170816.csv","02_HMM_Macro_Outputs\V3C\History\ES_Regimes_V3C_History_20260428_20260428_170816.csv","93573","2026-04-28 16:52:20","179","SnapshotTimestamp,MacroTimestamp,MicroTimestamp,Instrument,MacroRegime,MacroPlaybook,HMM_Micro,Phase,CandidateRegime,FinalRegime,FinalDirection,RegimeConfidence,ConflictScore,ReasonCode,PersistenceStatus,PendingCount,Velocity3CP,HMMFlipCount,PhaseBucket,DevelopingInitiativeScore,InitiativeDirection,RollingEfficiency10m,RollingEfficiency20m,LocalNetMove10mAtr,SameSideVwapMinutes,VwapHoldCount,LateExtensionPenalty,HMMStateProb,HMMStateMargin,HMMStateEntropy,HMMStateAge,IBExtensionPct,CloseVsVwapAtr,NetMoveAtr,DirectionalEfficiency,ReturnedToOpenFlag,TwoSidedTradeFlag,ValueBreakAcceptFlag,LastPrice,Atr5m,Adx5m,Chop5m,Rvol5m,StaleDataFlag,StaleReason,AllowMomo,AllowAdxx,AllowPine,AllowEsScalper,AllowBracketSniper,AllowExpansionBot,AllowCompressionBot,AllowFadeBot,AllowLong,AllowShort,AllowMomoLong,AllowMomoShort","Archived V3C regime/model snapshots."
"02_HMM_Macro_Outputs","V3C\History\ES_Regimes_V3C_History_20260429_20260429_161029.csv","02_HMM_Macro_Outputs\V3C\History\ES_Regimes_V3C_History_20260429_20260429_161029.csv","155432","2026-04-29 16:01:31","298","SnapshotTimestamp,MacroTimestamp,MicroTimestamp,Instrument,MacroRegime,MacroPlaybook,HMM_Micro,Phase,CandidateRegime,FinalRegime,FinalDirection,RegimeConfidence,ConflictScore,ReasonCode,PersistenceStatus,PendingCount,Velocity3CP,HMMFlipCount,PhaseBucket,DevelopingInitiativeScore,InitiativeDirection,RollingEfficiency10m,RollingEfficiency20m,LocalNetMove10mAtr,SameSideVwapMinutes,VwapHoldCount,LateExtensionPenalty,HMMStateProb,HMMStateMargin,HMMStateEntropy,HMMStateAge,IBExtensionPct,CloseVsVwapAtr,NetMoveAtr,DirectionalEfficiency,ReturnedToOpenFlag,TwoSidedTradeFlag,ValueBreakAcceptFlag,LastPrice,Atr5m,Adx5m,Chop5m,Rvol5m,StaleDataFlag,StaleReason,AllowMomo,AllowAdxx,AllowPine,AllowEsScalper,AllowBracketSniper,AllowExpansionBot,AllowCompressionBot,AllowFadeBot,AllowLong,AllowShort,AllowMomoLong,AllowMomoShort","Archived V3C regime/model snapshots."
"02_HMM_Macro_Outputs","V3C\History\ES_Regimes_V3C_History_20260430_20260430_165347.csv","02_HMM_Macro_Outputs\V3C\History\ES_Regimes_V3C_History_20260430_20260430_165347.csv","229023","2026-04-30 16:14:57","439","SnapshotTimestamp,MacroTimestamp,MicroTimestamp,Instrument,MacroRegime,MacroPlaybook,HMM_Micro,Phase,CandidateRegime,FinalRegime,FinalDirection,RegimeConfidence,ConflictScore,ReasonCode,PersistenceStatus,PendingCount,Velocity3CP,HMMFlipCount,PhaseBucket,DevelopingInitiativeScore,InitiativeDirection,RollingEfficiency10m,RollingEfficiency20m,LocalNetMove10mAtr,SameSideVwapMinutes,VwapHoldCount,LateExtensionPenalty,HMMStateProb,HMMStateMargin,HMMStateEntropy,HMMStateAge,IBExtensionPct,CloseVsVwapAtr,NetMoveAtr,DirectionalEfficiency,ReturnedToOpenFlag,TwoSidedTradeFlag,ValueBreakAcceptFlag,LastPrice,Atr5m,Adx5m,Chop5m,Rvol5m,StaleDataFlag,StaleReason,AllowMomo,AllowAdxx,AllowPine,AllowEsScalper,AllowBracketSniper,AllowExpansionBot,AllowCompressionBot,AllowFadeBot,AllowLong,AllowShort,AllowMomoLong,AllowMomoShort","Archived V3C regime/model snapshots."
"02_HMM_Macro_Outputs","V3C\History\ES_Regimes_V3C_History_20260501_20260501_163748.csv","02_HMM_Macro_Outputs\V3C\History\ES_Regimes_V3C_History_20260501_20260501_163748.csv","294315","2026-05-01 16:06:59","565","SnapshotTimestamp,MacroTimestamp,MicroTimestamp,Instrument,MacroRegime,MacroPlaybook,HMM_Micro,Phase,CandidateRegime,FinalRegime,FinalDirection,RegimeConfidence,ConflictScore,ReasonCode,PersistenceStatus,PendingCount,Velocity3CP,HMMFlipCount,PhaseBucket,DevelopingInitiativeScore,InitiativeDirection,RollingEfficiency10m,RollingEfficiency20m,LocalNetMove10mAtr,SameSideVwapMinutes,VwapHoldCount,LateExtensionPenalty,HMMStateProb,HMMStateMargin,HMMStateEntropy,HMMStateAge,IBExtensionPct,CloseVsVwapAtr,NetMoveAtr,DirectionalEfficiency,ReturnedToOpenFlag,TwoSidedTradeFlag,ValueBreakAcceptFlag,LastPrice,Atr5m,Adx5m,Chop5m,Rvol5m,StaleDataFlag,StaleReason,AllowMomo,AllowAdxx,AllowPine,AllowEsScalper,AllowBracketSniper,AllowExpansionBot,AllowCompressionBot,AllowFadeBot,AllowLong,AllowShort,AllowMomoLong,AllowMomoShort","Archived V3C regime/model snapshots."
"02_HMM_Macro_Outputs","V3C\History\ES_Regimes_V3C_Latest_20260428_20260428_170816.csv","02_HMM_Macro_Outputs\V3C\History\ES_Regimes_V3C_Latest_20260428_20260428_170816.csv","1330","2026-04-28 16:52:20","2","SnapshotTimestamp,MacroTimestamp,MicroTimestamp,Instrument,MacroRegime,MacroPlaybook,HMM_Micro,Phase,CandidateRegime,FinalRegime,FinalDirection,RegimeConfidence,ConflictScore,ReasonCode,PersistenceStatus,PendingCount,Velocity3CP,HMMFlipCount,PhaseBucket,DevelopingInitiativeScore,InitiativeDirection,RollingEfficiency10m,RollingEfficiency20m,LocalNetMove10mAtr,SameSideVwapMinutes,VwapHoldCount,LateExtensionPenalty,HMMStateProb,HMMStateMargin,HMMStateEntropy,HMMStateAge,IBExtensionPct,CloseVsVwapAtr,NetMoveAtr,DirectionalEfficiency,ReturnedToOpenFlag,TwoSidedTradeFlag,ValueBreakAcceptFlag,LastPrice,Atr5m,Adx5m,Chop5m,Rvol5m,StaleDataFlag,StaleReason,AllowMomo,AllowAdxx,AllowPine,AllowEsScalper,AllowBracketSniper,AllowExpansionBot,AllowCompressionBot,AllowFadeBot,AllowLong,AllowShort,AllowMomoLong,AllowMomoShort","Archived V3C regime/model snapshots."
"02_HMM_Macro_Outputs","V3C\History\ES_Regimes_V3C_Latest_20260429_20260429_161029.csv","02_HMM_Macro_Outputs\V3C\History\ES_Regimes_V3C_Latest_20260429_20260429_161029.csv","1346","2026-04-29 16:01:31","2","SnapshotTimestamp,MacroTimestamp,MicroTimestamp,Instrument,MacroRegime,MacroPlaybook,HMM_Micro,Phase,CandidateRegime,FinalRegime,FinalDirection,RegimeConfidence,ConflictScore,ReasonCode,PersistenceStatus,PendingCount,Velocity3CP,HMMFlipCount,PhaseBucket,DevelopingInitiativeScore,InitiativeDirection,RollingEfficiency10m,RollingEfficiency20m,LocalNetMove10mAtr,SameSideVwapMinutes,VwapHoldCount,LateExtensionPenalty,HMMStateProb,HMMStateMargin,HMMStateEntropy,HMMStateAge,IBExtensionPct,CloseVsVwapAtr,NetMoveAtr,DirectionalEfficiency,ReturnedToOpenFlag,TwoSidedTradeFlag,ValueBreakAcceptFlag,LastPrice,Atr5m,Adx5m,Chop5m,Rvol5m,StaleDataFlag,StaleReason,AllowMomo,AllowAdxx,AllowPine,AllowEsScalper,AllowBracketSniper,AllowExpansionBot,AllowCompressionBot,AllowFadeBot,AllowLong,AllowShort,AllowMomoLong,AllowMomoShort","Archived V3C regime/model snapshots."
"02_HMM_Macro_Outputs","V3C\History\ES_Regimes_V3C_Latest_20260430_20260430_165347.csv","02_HMM_Macro_Outputs\V3C\History\ES_Regimes_V3C_Latest_20260430_20260430_165347.csv","1335","2026-04-30 16:14:57","2","SnapshotTimestamp,MacroTimestamp,MicroTimestamp,Instrument,MacroRegime,MacroPlaybook,HMM_Micro,Phase,CandidateRegime,FinalRegime,FinalDirection,RegimeConfidence,ConflictScore,ReasonCode,PersistenceStatus,PendingCount,Velocity3CP,HMMFlipCount,PhaseBucket,DevelopingInitiativeScore,InitiativeDirection,RollingEfficiency10m,RollingEfficiency20m,LocalNetMove10mAtr,SameSideVwapMinutes,VwapHoldCount,LateExtensionPenalty,HMMStateProb,HMMStateMargin,HMMStateEntropy,HMMStateAge,IBExtensionPct,CloseVsVwapAtr,NetMoveAtr,DirectionalEfficiency,ReturnedToOpenFlag,TwoSidedTradeFlag,ValueBreakAcceptFlag,LastPrice,Atr5m,Adx5m,Chop5m,Rvol5m,StaleDataFlag,StaleReason,AllowMomo,AllowAdxx,AllowPine,AllowEsScalper,AllowBracketSniper,AllowExpansionBot,AllowCompressionBot,AllowFadeBot,AllowLong,AllowShort,AllowMomoLong,AllowMomoShort","Archived V3C regime/model snapshots."
"02_HMM_Macro_Outputs","V3C\History\ES_Regimes_V3C_Latest_20260501_20260501_163748.csv","02_HMM_Macro_Outputs\V3C\History\ES_Regimes_V3C_Latest_20260501_20260501_163748.csv","1352","2026-05-01 16:06:59","2","SnapshotTimestamp,MacroTimestamp,MicroTimestamp,Instrument,MacroRegime,MacroPlaybook,HMM_Micro,Phase,CandidateRegime,FinalRegime,FinalDirection,RegimeConfidence,ConflictScore,ReasonCode,PersistenceStatus,PendingCount,Velocity3CP,HMMFlipCount,PhaseBucket,DevelopingInitiativeScore,InitiativeDirection,RollingEfficiency10m,RollingEfficiency20m,LocalNetMove10mAtr,SameSideVwapMinutes,VwapHoldCount,LateExtensionPenalty,HMMStateProb,HMMStateMargin,HMMStateEntropy,HMMStateAge,IBExtensionPct,CloseVsVwapAtr,NetMoveAtr,DirectionalEfficiency,ReturnedToOpenFlag,TwoSidedTradeFlag,ValueBreakAcceptFlag,LastPrice,Atr5m,Adx5m,Chop5m,Rvol5m,StaleDataFlag,StaleReason,AllowMomo,AllowAdxx,AllowPine,AllowEsScalper,AllowBracketSniper,AllowExpansionBot,AllowCompressionBot,AllowFadeBot,AllowLong,AllowShort,AllowMomoLong,AllowMomoShort","Archived V3C regime/model snapshots."
"02_HMM_Macro_Outputs","V3C\History\NQ_Regimes_V3C_History_20260428_20260428_170816.csv","02_HMM_Macro_Outputs\V3C\History\NQ_Regimes_V3C_History_20260428_20260428_170816.csv","92149","2026-04-28 16:41:59","175","SnapshotTimestamp,MacroTimestamp,MicroTimestamp,Instrument,MacroRegime,MacroPlaybook,HMM_Micro,Phase,CandidateRegime,FinalRegime,FinalDirection,RegimeConfidence,ConflictScore,ReasonCode,PersistenceStatus,PendingCount,Velocity3CP,HMMFlipCount,PhaseBucket,DevelopingInitiativeScore,InitiativeDirection,RollingEfficiency10m,RollingEfficiency20m,LocalNetMove10mAtr,SameSideVwapMinutes,VwapHoldCount,LateExtensionPenalty,HMMStateProb,HMMStateMargin,HMMStateEntropy,HMMStateAge,IBExtensionPct,CloseVsVwapAtr,NetMoveAtr,DirectionalEfficiency,ReturnedToOpenFlag,TwoSidedTradeFlag,ValueBreakAcceptFlag,LastPrice,Atr5m,Adx5m,Chop5m,Rvol5m,StaleDataFlag,StaleReason,AllowMomo,AllowAdxx,AllowPine,AllowEsScalper,AllowBracketSniper,AllowExpansionBot,AllowCompressionBot,AllowFadeBot,AllowLong,AllowShort,AllowMomoLong,AllowMomoShort","Archived V3C regime/model snapshots."
"02_HMM_Macro_Outputs","V3C\History\NQ_Regimes_V3C_History_20260429_20260429_161029.csv","02_HMM_Macro_Outputs\V3C\History\NQ_Regimes_V3C_History_20260429_20260429_161029.csv","152065","2026-04-29 16:00:41","290","SnapshotTimestamp,MacroTimestamp,MicroTimestamp,Instrument,MacroRegime,MacroPlaybook,HMM_Micro,Phase,CandidateRegime,FinalRegime,FinalDirection,RegimeConfidence,ConflictScore,ReasonCode,PersistenceStatus,PendingCount,Velocity3CP,HMMFlipCount,PhaseBucket,DevelopingInitiativeScore,InitiativeDirection,RollingEfficiency10m,RollingEfficiency20m,LocalNetMove10mAtr,SameSideVwapMinutes,VwapHoldCount,LateExtensionPenalty,HMMStateProb,HMMStateMargin,HMMStateEntropy,HMMStateAge,IBExtensionPct,CloseVsVwapAtr,NetMoveAtr,DirectionalEfficiency,ReturnedToOpenFlag,TwoSidedTradeFlag,ValueBreakAcceptFlag,LastPrice,Atr5m,Adx5m,Chop5m,Rvol5m,StaleDataFlag,StaleReason,AllowMomo,AllowAdxx,AllowPine,AllowEsScalper,AllowBracketSniper,AllowExpansionBot,AllowCompressionBot,AllowFadeBot,AllowLong,AllowShort,AllowMomoLong,AllowMomoShort","Archived V3C regime/model snapshots."
"02_HMM_Macro_Outputs","V3C\History\NQ_Regimes_V3C_History_20260430_20260430_165347.csv","02_HMM_Macro_Outputs\V3C\History\NQ_Regimes_V3C_History_20260430_20260430_165347.csv","213778","2026-04-30 16:07:39","408","SnapshotTimestamp,MacroTimestamp,MicroTimestamp,Instrument,MacroRegime,MacroPlaybook,HMM_Micro,Phase,CandidateRegime,FinalRegime,FinalDirection,RegimeConfidence,ConflictScore,ReasonCode,PersistenceStatus,PendingCount,Velocity3CP,HMMFlipCount,PhaseBucket,DevelopingInitiativeScore,InitiativeDirection,RollingEfficiency10m,RollingEfficiency20m,LocalNetMove10mAtr,SameSideVwapMinutes,VwapHoldCount,LateExtensionPenalty,HMMStateProb,HMMStateMargin,HMMStateEntropy,HMMStateAge,IBExtensionPct,CloseVsVwapAtr,NetMoveAtr,DirectionalEfficiency,ReturnedToOpenFlag,TwoSidedTradeFlag,ValueBreakAcceptFlag,LastPrice,Atr5m,Adx5m,Chop5m,Rvol5m,StaleDataFlag,StaleReason,AllowMomo,AllowAdxx,AllowPine,AllowEsScalper,AllowBracketSniper,AllowExpansionBot,AllowCompressionBot,AllowFadeBot,AllowLong,AllowShort,AllowMomoLong,AllowMomoShort","Archived V3C regime/model snapshots."
"02_HMM_Macro_Outputs","V3C\History\NQ_Regimes_V3C_History_20260501_20260501_163748.csv","02_HMM_Macro_Outputs\V3C\History\NQ_Regimes_V3C_History_20260501_20260501_163748.csv","283093","2026-05-01 16:27:45","541","SnapshotTimestamp,MacroTimestamp,MicroTimestamp,Instrument,MacroRegime,MacroPlaybook,HMM_Micro,Phase,CandidateRegime,FinalRegime,FinalDirection,RegimeConfidence,ConflictScore,ReasonCode,PersistenceStatus,PendingCount,Velocity3CP,HMMFlipCount,PhaseBucket,DevelopingInitiativeScore,InitiativeDirection,RollingEfficiency10m,RollingEfficiency20m,LocalNetMove10mAtr,SameSideVwapMinutes,VwapHoldCount,LateExtensionPenalty,HMMStateProb,HMMStateMargin,HMMStateEntropy,HMMStateAge,IBExtensionPct,CloseVsVwapAtr,NetMoveAtr,DirectionalEfficiency,ReturnedToOpenFlag,TwoSidedTradeFlag,ValueBreakAcceptFlag,LastPrice,Atr5m,Adx5m,Chop5m,Rvol5m,StaleDataFlag,StaleReason,AllowMomo,AllowAdxx,AllowPine,AllowEsScalper,AllowBracketSniper,AllowExpansionBot,AllowCompressionBot,AllowFadeBot,AllowLong,AllowShort,AllowMomoLong,AllowMomoShort","Archived V3C regime/model snapshots."
"02_HMM_Macro_Outputs","V3C\History\NQ_Regimes_V3C_Latest_20260428_20260428_170816.csv","02_HMM_Macro_Outputs\V3C\History\NQ_Regimes_V3C_Latest_20260428_20260428_170816.csv","1348","2026-04-28 16:41:59","2","SnapshotTimestamp,MacroTimestamp,MicroTimestamp,Instrument,MacroRegime,MacroPlaybook,HMM_Micro,Phase,CandidateRegime,FinalRegime,FinalDirection,RegimeConfidence,ConflictScore,ReasonCode,PersistenceStatus,PendingCount,Velocity3CP,HMMFlipCount,PhaseBucket,DevelopingInitiativeScore,InitiativeDirection,RollingEfficiency10m,RollingEfficiency20m,LocalNetMove10mAtr,SameSideVwapMinutes,VwapHoldCount,LateExtensionPenalty,HMMStateProb,HMMStateMargin,HMMStateEntropy,HMMStateAge,IBExtensionPct,CloseVsVwapAtr,NetMoveAtr,DirectionalEfficiency,ReturnedToOpenFlag,TwoSidedTradeFlag,ValueBreakAcceptFlag,LastPrice,Atr5m,Adx5m,Chop5m,Rvol5m,StaleDataFlag,StaleReason,AllowMomo,AllowAdxx,AllowPine,AllowEsScalper,AllowBracketSniper,AllowExpansionBot,AllowCompressionBot,AllowFadeBot,AllowLong,AllowShort,AllowMomoLong,AllowMomoShort","Archived V3C regime/model snapshots."
"02_HMM_Macro_Outputs","V3C\History\NQ_Regimes_V3C_Latest_20260429_20260429_161029.csv","02_HMM_Macro_Outputs\V3C\History\NQ_Regimes_V3C_Latest_20260429_20260429_161029.csv","1344","2026-04-29 16:00:41","2","SnapshotTimestamp,MacroTimestamp,MicroTimestamp,Instrument,MacroRegime,MacroPlaybook,HMM_Micro,Phase,CandidateRegime,FinalRegime,FinalDirection,RegimeConfidence,ConflictScore,ReasonCode,PersistenceStatus,PendingCount,Velocity3CP,HMMFlipCount,PhaseBucket,DevelopingInitiativeScore,InitiativeDirection,RollingEfficiency10m,RollingEfficiency20m,LocalNetMove10mAtr,SameSideVwapMinutes,VwapHoldCount,LateExtensionPenalty,HMMStateProb,HMMStateMargin,HMMStateEntropy,HMMStateAge,IBExtensionPct,CloseVsVwapAtr,NetMoveAtr,DirectionalEfficiency,ReturnedToOpenFlag,TwoSidedTradeFlag,ValueBreakAcceptFlag,LastPrice,Atr5m,Adx5m,Chop5m,Rvol5m,StaleDataFlag,StaleReason,AllowMomo,AllowAdxx,AllowPine,AllowEsScalper,AllowBracketSniper,AllowExpansionBot,AllowCompressionBot,AllowFadeBot,AllowLong,AllowShort,AllowMomoLong,AllowMomoShort","Archived V3C regime/model snapshots."
"02_HMM_Macro_Outputs","V3C\History\NQ_Regimes_V3C_Latest_20260430_20260430_165347.csv","02_HMM_Macro_Outputs\V3C\History\NQ_Regimes_V3C_Latest_20260430_20260430_165347.csv","1336","2026-04-30 16:07:39","2","SnapshotTimestamp,MacroTimestamp,MicroTimestamp,Instrument,MacroRegime,MacroPlaybook,HMM_Micro,Phase,CandidateRegime,FinalRegime,FinalDirection,RegimeConfidence,ConflictScore,ReasonCode,PersistenceStatus,PendingCount,Velocity3CP,HMMFlipCount,PhaseBucket,DevelopingInitiativeScore,InitiativeDirection,RollingEfficiency10m,RollingEfficiency20m,LocalNetMove10mAtr,SameSideVwapMinutes,VwapHoldCount,LateExtensionPenalty,HMMStateProb,HMMStateMargin,HMMStateEntropy,HMMStateAge,IBExtensionPct,CloseVsVwapAtr,NetMoveAtr,DirectionalEfficiency,ReturnedToOpenFlag,TwoSidedTradeFlag,ValueBreakAcceptFlag,LastPrice,Atr5m,Adx5m,Chop5m,Rvol5m,StaleDataFlag,StaleReason,AllowMomo,AllowAdxx,AllowPine,AllowEsScalper,AllowBracketSniper,AllowExpansionBot,AllowCompressionBot,AllowFadeBot,AllowLong,AllowShort,AllowMomoLong,AllowMomoShort","Archived V3C regime/model snapshots."
"02_HMM_Macro_Outputs","V3C\History\NQ_Regimes_V3C_Latest_20260501_20260501_163748.csv","02_HMM_Macro_Outputs\V3C\History\NQ_Regimes_V3C_Latest_20260501_20260501_163748.csv","1326","2026-05-01 16:27:45","2","SnapshotTimestamp,MacroTimestamp,MicroTimestamp,Instrument,MacroRegime,MacroPlaybook,HMM_Micro,Phase,CandidateRegime,FinalRegime,FinalDirection,RegimeConfidence,ConflictScore,ReasonCode,PersistenceStatus,PendingCount,Velocity3CP,HMMFlipCount,PhaseBucket,DevelopingInitiativeScore,InitiativeDirection,RollingEfficiency10m,RollingEfficiency20m,LocalNetMove10mAtr,SameSideVwapMinutes,VwapHoldCount,LateExtensionPenalty,HMMStateProb,HMMStateMargin,HMMStateEntropy,HMMStateAge,IBExtensionPct,CloseVsVwapAtr,NetMoveAtr,DirectionalEfficiency,ReturnedToOpenFlag,TwoSidedTradeFlag,ValueBreakAcceptFlag,LastPrice,Atr5m,Adx5m,Chop5m,Rvol5m,StaleDataFlag,StaleReason,AllowMomo,AllowAdxx,AllowPine,AllowEsScalper,AllowBracketSniper,AllowExpansionBot,AllowCompressionBot,AllowFadeBot,AllowLong,AllowShort,AllowMomoLong,AllowMomoShort","Archived V3C regime/model snapshots."
"02_HMM_Macro_Outputs","V3C\History\V3C_TradeLog_20260430.csv","02_HMM_Macro_Outputs\V3C\History\V3C_TradeLog_20260430.csv","20904","2026-04-30 18:15:19","66","trade_date,entry_time,exit_time,model_version,account,strategy_name,bot_name,ab_mode,symbol,instrument,direction,contracts,entry_price,exit_price,gross_pnl,net_pnl,ticks,win_loss,exit_reason,entry_regime,entry_macro,entry_hmm,entry_phase,entry_confidence,entry_reason_code,broad_agree,v3c_regime_at_entry,trade_duration_min,risk_reward_actual,session_trade_rank,daily_pnl_running,export_timestamp,data_quality_flag","Archived V3C regime/model snapshots."
"02_HMM_Macro_Outputs","V3C\History\V3C_TradeLog_20260501.csv","02_HMM_Macro_Outputs\V3C\History\V3C_TradeLog_20260501.csv","794","2026-05-02 19:39:27","2","trade_date,entry_time,exit_time,model_version,account,strategy_name,bot_name,ab_mode,symbol,instrument,direction,contracts,entry_price,exit_price,gross_pnl,net_pnl,ticks,win_loss,exit_reason,initial_stop_price,initial_stop_distance,entry_regime,entry_macro,entry_hmm,entry_phase,entry_confidence,entry_reason_code,broad_agree,v3c_regime_at_entry,trade_duration_min,r_multiple,risk_reward_actual,session_trade_rank,daily_pnl_running,export_timestamp,data_quality_flag","Archived V3C regime/model snapshots."
"02_HMM_Macro_Outputs","V3C\History\V3C_TradeLog_ALL.csv","02_HMM_Macro_Outputs\V3C\History\V3C_TradeLog_ALL.csv","21480","2026-05-02 19:39:13","64","trade_date,entry_time,exit_time,model_version,account,strategy_name,bot_name,ab_mode,symbol,instrument,direction,contracts,entry_price,exit_price,gross_pnl,net_pnl,ticks,win_loss,exit_reason,initial_stop_price,initial_stop_distance,entry_regime,entry_macro,entry_hmm,entry_phase,entry_confidence,entry_reason_code,broad_agree,v3c_regime_at_entry,trade_duration_min,r_multiple,risk_reward_actual,session_trade_rank,daily_pnl_running,export_timestamp,data_quality_flag","Archived V3C regime/model snapshots."
"02_HMM_Macro_Outputs","V3C\ModelFeed\ES_Macro_Regimes_V3C.csv","02_HMM_Macro_Outputs\V3C\ModelFeed\ES_Macro_Regimes_V3C.csv","2075195","2026-05-01 16:36:21","3321","trade_date,symbol,checkpoint_time,minutes_from_open,phase,macro_logic_version,pd_high,pd_low,pd_close,pd_range,pd_vah,pd_val,pd_poc,on_high,on_low,on_close,on_range,on_vah,on_val,on_poc,on_volume,on_range_pct_of_pd,rth_open,gap_vs_pd_close_atr,open_in_pd_value_flag,open_in_on_value_flag,last_price,close_in_pd_value_flag,close_in_on_value_flag,two_sided_trade_flag,returned_to_open_flag,value_break_accept_flag,session_vwap,close_vs_vwap_atr,atr_5m,net_move_since_open_atr,directional_efficiency_since_open,ib_width_so_far,ib_extension_pct,price_vs_ib_high_atr,price_vs_ib_low_atr,checkpoint_state,official_bias_label,official_regime_label,tradable_flag,no_trade_reason,volatility_state,playbook_state,phase_bucket,rolling_efficiency_10m,rolling_efficiency_20m,local_net_move_10m_atr,local_net_move_20m_atr,vwap_side,vwap_hold_count,same_side_vwap_minutes,ib_escape_pressure,value_acceptance_pressure,developing_initiative_score,initiative_direction,late_extension_penalty","Current and prior model outputs for longitudinal regime comparison."
"02_HMM_Macro_Outputs","V3C\ModelFeed\ES_Regimes_HMM_V3C.csv","02_HMM_Macro_Outputs\V3C\ModelFeed\ES_Regimes_HMM_V3C.csv","5041592","2026-05-01 16:36:30","19046","TimestampET,StateId,RegimeLabel,Tradeable,AllowLong,AllowShort,SuggestedAdxMin,SuggestedCiMax,SuggestedSlopeGate,SuggestedStopBucket,ModelVersion,StateProb,StateMargin,StateEntropy,StateAge,ret_1,ret_3,range_atr,vol_z,vwap_dist_atr,phase_code","Current and prior model outputs for longitudinal regime comparison."
"02_HMM_Macro_Outputs","V3C\ModelFeed\NQ_Macro_Regimes_V3C.csv","02_HMM_Macro_Outputs\V3C\ModelFeed\NQ_Macro_Regimes_V3C.csv","2142038","2026-05-01 16:37:02","3321","trade_date,symbol,checkpoint_time,minutes_from_open,phase,macro_logic_version,pd_high,pd_low,pd_close,pd_range,pd_vah,pd_val,pd_poc,on_high,on_low,on_close,on_range,on_vah,on_val,on_poc,on_volume,on_range_pct_of_pd,rth_open,gap_vs_pd_close_atr,open_in_pd_value_flag,open_in_on_value_flag,last_price,close_in_pd_value_flag,close_in_on_value_flag,two_sided_trade_flag,returned_to_open_flag,value_break_accept_flag,session_vwap,close_vs_vwap_atr,atr_5m,net_move_since_open_atr,directional_efficiency_since_open,ib_width_so_far,ib_extension_pct,price_vs_ib_high_atr,price_vs_ib_low_atr,checkpoint_state,official_bias_label,official_regime_label,tradable_flag,no_trade_reason,volatility_state,playbook_state,phase_bucket,rolling_efficiency_10m,rolling_efficiency_20m,local_net_move_10m_atr,local_net_move_20m_atr,vwap_side,vwap_hold_count,same_side_vwap_minutes,ib_escape_pressure,value_acceptance_pressure,developing_initiative_score,initiative_direction,late_extension_penalty","Current and prior model outputs for longitudinal regime comparison."
"02_HMM_Macro_Outputs","V3C\ModelFeed\NQ_Regimes_HMM_V3C.csv","02_HMM_Macro_Outputs\V3C\ModelFeed\NQ_Regimes_HMM_V3C.csv","5030331","2026-05-01 16:37:12","19072","TimestampET,StateId,RegimeLabel,Tradeable,AllowLong,AllowShort,SuggestedAdxMin,SuggestedCiMax,SuggestedSlopeGate,SuggestedStopBucket,ModelVersion,StateProb,StateMargin,StateEntropy,StateAge,ret_1,ret_3,range_atr,vol_z,vwap_dist_atr,phase_code","Current and prior model outputs for longitudinal regime comparison."
"02_HMM_Macro_Outputs","V3C\NQ_Regimes_V3C.csv","02_HMM_Macro_Outputs\V3C\NQ_Regimes_V3C.csv","283093","2026-05-01 16:27:45","541","SnapshotTimestamp,MacroTimestamp,MicroTimestamp,Instrument,MacroRegime,MacroPlaybook,HMM_Micro,Phase,CandidateRegime,FinalRegime,FinalDirection,RegimeConfidence,ConflictScore,ReasonCode,PersistenceStatus,PendingCount,Velocity3CP,HMMFlipCount,PhaseBucket,DevelopingInitiativeScore,InitiativeDirection,RollingEfficiency10m,RollingEfficiency20m,LocalNetMove10mAtr,SameSideVwapMinutes,VwapHoldCount,LateExtensionPenalty,HMMStateProb,HMMStateMargin,HMMStateEntropy,HMMStateAge,IBExtensionPct,CloseVsVwapAtr,NetMoveAtr,DirectionalEfficiency,ReturnedToOpenFlag,TwoSidedTradeFlag,ValueBreakAcceptFlag,LastPrice,Atr5m,Adx5m,Chop5m,Rvol5m,StaleDataFlag,StaleReason,AllowMomo,AllowAdxx,AllowPine,AllowEsScalper,AllowBracketSniper,AllowExpansionBot,AllowCompressionBot,AllowFadeBot,AllowLong,AllowShort,AllowMomoLong,AllowMomoShort","Current and prior model outputs for longitudinal regime comparison."
"02_HMM_Macro_Outputs","V3C\NQ_Regimes_V3C_Latest.csv","02_HMM_Macro_Outputs\V3C\NQ_Regimes_V3C_Latest.csv","1326","2026-05-01 16:27:45","2","SnapshotTimestamp,MacroTimestamp,MicroTimestamp,Instrument,MacroRegime,MacroPlaybook,HMM_Micro,Phase,CandidateRegime,FinalRegime,FinalDirection,RegimeConfidence,ConflictScore,ReasonCode,PersistenceStatus,PendingCount,Velocity3CP,HMMFlipCount,PhaseBucket,DevelopingInitiativeScore,InitiativeDirection,RollingEfficiency10m,RollingEfficiency20m,LocalNetMove10mAtr,SameSideVwapMinutes,VwapHoldCount,LateExtensionPenalty,HMMStateProb,HMMStateMargin,HMMStateEntropy,HMMStateAge,IBExtensionPct,CloseVsVwapAtr,NetMoveAtr,DirectionalEfficiency,ReturnedToOpenFlag,TwoSidedTradeFlag,ValueBreakAcceptFlag,LastPrice,Atr5m,Adx5m,Chop5m,Rvol5m,StaleDataFlag,StaleReason,AllowMomo,AllowAdxx,AllowPine,AllowEsScalper,AllowBracketSniper,AllowExpansionBot,AllowCompressionBot,AllowFadeBot,AllowLong,AllowShort,AllowMomoLong,AllowMomoShort","Current and prior model outputs for longitudinal regime comparison."
"02_HMM_Macro_Outputs","V3D\ES_HMM_Regimes_V3D.csv","02_HMM_Macro_Outputs\V3D\ES_HMM_Regimes_V3D.csv","576253","2026-05-01 16:00:36","4704","session_key,TimestampET,Symbol,StateId,RegimeLabel,StateProb_TrendUp,StateProb_TrendDown,StateProb_Balance,StateProb_Transition,HMM_FlipRate_5bar,HMM_PersistBars,SuggestedAdxMin,SuggestedCiMax,SuggestedSlopeGate,SuggestedStopBucket,ModelVersion,Tradeable,AllowLong,AllowShort","Current and prior model outputs for longitudinal regime comparison."
"02_HMM_Macro_Outputs","V3D\ES_Macro_Regimes_V3D.csv","02_HMM_Macro_Outputs\V3D\ES_Macro_Regimes_V3D.csv","3847587","2026-05-01 16:37:01","15052","session_key,trade_date,checkpoint_time,phase,symbol,last_price,rth_open,session_vwap,close_vs_vwap_atr,net_move_since_open_atr,directional_efficiency_since_open,de_recent_3bar,de_effective,ib_extension_pct,ib_width_so_far,ib_width_atr,atr_5m,velocity_3cp_atr,daily_volume,two_sided_trade_flag,returned_to_open_flag,value_break_accept_flag,open_in_pd_value_flag,open_in_on_value_flag,close_in_pd_value_flag,close_in_on_value_flag,inside_value_score,on_type,official_regime_label,official_bias_label,checkpoint_state,volatility_state,playbook_state,ib_high_so_far,ib_low_so_far,pd_vah,pd_val,atr_pctile_20d,rvol_vs_20d,prior_day_type","Current and prior model outputs for longitudinal regime comparison."
"02_HMM_Macro_Outputs","V3D\History\Archives\ES_V3D_History_20260427_20260427_183716.csv","02_HMM_Macro_Outputs\V3D\History\Archives\ES_V3D_History_20260427_20260427_183716.csv","3400185","2026-04-27 16:10:14","15833","session_key,TimestampET,Symbol,MacroRegime,MacroPlaybook,MacroCheckpointState,HMMRegime,HMMDirection,Velocity3P_ATR,VelocityConfirmed,TrendExpansionScore,KalmanSmoothedScore,ConflictScore,Phase,PhaseMultiplier,FinalRegime,FinalDirection,RegimeConfidence,AllowExpansion,AllowMomo,AllowPine,AllowADX_DI,AllowSniper,ExpansionSizePct,MomoSizePct,PineSizePct,ADX_DISizePct,SniperSizePct,AllowLong,AllowShort,AllowFadeLong,AllowFadeShort,ReasonCode,StateAgeBars,StaleDataFlag","Archived V3D HMM, macro, latest, and history snapshots."
"02_HMM_Macro_Outputs","V3D\History\Archives\ES_V3D_History_20260427_20260427_184149.csv","02_HMM_Macro_Outputs\V3D\History\Archives\ES_V3D_History_20260427_20260427_184149.csv","3400185","2026-04-27 16:10:14","15833","session_key,TimestampET,Symbol,MacroRegime,MacroPlaybook,MacroCheckpointState,HMMRegime,HMMDirection,Velocity3P_ATR,VelocityConfirmed,TrendExpansionScore,KalmanSmoothedScore,ConflictScore,Phase,PhaseMultiplier,FinalRegime,FinalDirection,RegimeConfidence,AllowExpansion,AllowMomo,AllowPine,AllowADX_DI,AllowSniper,ExpansionSizePct,MomoSizePct,PineSizePct,ADX_DISizePct,SniperSizePct,AllowLong,AllowShort,AllowFadeLong,AllowFadeShort,ReasonCode,StateAgeBars,StaleDataFlag","Archived V3D HMM, macro, latest, and history snapshots."
"02_HMM_Macro_Outputs","V3D\History\Archives\ES_V3D_History_20260428_20260428_164402.csv","02_HMM_Macro_Outputs\V3D\History\Archives\ES_V3D_History_20260428_20260428_164402.csv","4042177","2026-04-28 16:43:50","16703","session_key,TimestampET,Symbol,MacroRegime,MacroPlaybook,MacroCheckpointState,HMMRegime,HMMDirection,Velocity3P_ATR,VelocityConfirmed,TrendExpansionScore,KalmanSmoothedScore,ConflictScore,Phase,PhaseMultiplier,FinalRegime,FinalDirection,RegimeConfidence,AllowExpansion,AllowMomo,AllowPine,AllowADX_DI,AllowSniper,ExpansionSizePct,MomoSizePct,PineSizePct,ADX_DISizePct,SniperSizePct,AllowLong,AllowShort,AllowFadeLong,AllowFadeShort,ReasonCode,StateAgeBars,StaleDataFlag,SuggestedAdxMin,SuggestedCiMax,SuggestedSlopeGate,SuggestedStopBucket,SessionVWAP,IBHigh,IBLow,IBExtensionPct,IBWidthATR,PDVAH,PDVAL,TwoSidedFlag,AllowExpansion_SizePct,AllowMomo_SizePct,AllowPine_SizePct,AllowADX_DI_SizePct,AllowSniper_SizePct,BlockedReason,BotPermissionSummary,AnyDirectionalBotAllowed,AnySizePctPositive,SimTestingMode","Archived V3D HMM, macro, latest, and history snapshots."
"02_HMM_Macro_Outputs","V3D\History\Archives\ES_V3D_History_20260429_20260429_161049.csv","02_HMM_Macro_Outputs\V3D\History\Archives\ES_V3D_History_20260429_20260429_161049.csv","4360308","2026-04-29 16:10:30","17477","session_key,TimestampET,Symbol,MacroRegime,MacroPlaybook,MacroCheckpointState,HMMRegime,HMMDirection,Velocity3P_ATR,VelocityConfirmed,TrendExpansionScore,KalmanSmoothedScore,ConflictScore,Phase,PhaseMultiplier,FinalRegime,FinalDirection,RegimeConfidence,AllowExpansion,AllowMomo,AllowPine,AllowADX_DI,AllowSniper,ExpansionSizePct,MomoSizePct,PineSizePct,ADX_DISizePct,SniperSizePct,AllowLong,AllowShort,AllowFadeLong,AllowFadeShort,ReasonCode,StateAgeBars,StaleDataFlag,SuggestedAdxMin,SuggestedCiMax,SuggestedSlopeGate,SuggestedStopBucket,SessionVWAP,IBHigh,IBLow,IBExtensionPct,IBWidthATR,PDVAH,PDVAL,TwoSidedFlag,AllowExpansion_SizePct,AllowMomo_SizePct,AllowPine_SizePct,AllowADX_DI_SizePct,AllowSniper_SizePct,BlockedReason,BotPermissionSummary,AnyDirectionalBotAllowed,AnySizePctPositive,SimTestingMode","Archived V3D HMM, macro, latest, and history snapshots."
"02_HMM_Macro_Outputs","V3D\History\Archives\ES_V3D_History_20260429_20260429_161116.csv","02_HMM_Macro_Outputs\V3D\History\Archives\ES_V3D_History_20260429_20260429_161116.csv","4360308","2026-04-29 16:10:30","17477","session_key,TimestampET,Symbol,MacroRegime,MacroPlaybook,MacroCheckpointState,HMMRegime,HMMDirection,Velocity3P_ATR,VelocityConfirmed,TrendExpansionScore,KalmanSmoothedScore,ConflictScore,Phase,PhaseMultiplier,FinalRegime,FinalDirection,RegimeConfidence,AllowExpansion,AllowMomo,AllowPine,AllowADX_DI,AllowSniper,ExpansionSizePct,MomoSizePct,PineSizePct,ADX_DISizePct,SniperSizePct,AllowLong,AllowShort,AllowFadeLong,AllowFadeShort,ReasonCode,StateAgeBars,StaleDataFlag,SuggestedAdxMin,SuggestedCiMax,SuggestedSlopeGate,SuggestedStopBucket,SessionVWAP,IBHigh,IBLow,IBExtensionPct,IBWidthATR,PDVAH,PDVAL,TwoSidedFlag,AllowExpansion_SizePct,AllowMomo_SizePct,AllowPine_SizePct,AllowADX_DI_SizePct,AllowSniper_SizePct,BlockedReason,BotPermissionSummary,AnyDirectionalBotAllowed,AnySizePctPositive,SimTestingMode","Archived V3D HMM, macro, latest, and history snapshots."
"02_HMM_Macro_Outputs","V3D\History\Archives\ES_V3D_History_20260430_20260430_165359.csv","02_HMM_Macro_Outputs\V3D\History\Archives\ES_V3D_History_20260430_20260430_165359.csv","4742314","2026-04-30 16:53:45","18405","session_key,TimestampET,Symbol,MacroRegime,MacroPlaybook,MacroCheckpointState,HMMRegime,HMMDirection,Velocity3P_ATR,VelocityConfirmed,TrendExpansionScore,KalmanSmoothedScore,ConflictScore,Phase,PhaseMultiplier,FinalRegime,FinalDirection,RegimeConfidence,AllowExpansion,AllowMomo,AllowPine,AllowADX_DI,AllowSniper,ExpansionSizePct,MomoSizePct,PineSizePct,ADX_DISizePct,SniperSizePct,AllowLong,AllowShort,AllowFadeLong,AllowFadeShort,ReasonCode,StateAgeBars,StaleDataFlag,SuggestedAdxMin,SuggestedCiMax,SuggestedSlopeGate,SuggestedStopBucket,SessionVWAP,IBHigh,IBLow,IBExtensionPct,IBWidthATR,PDVAH,PDVAL,TwoSidedFlag,AllowExpansion_SizePct,AllowMomo_SizePct,AllowPine_SizePct,AllowADX_DI_SizePct,AllowSniper_SizePct,BlockedReason,BotPermissionSummary,AnyDirectionalBotAllowed,AnySizePctPositive,SimTestingMode","Archived V3D HMM, macro, latest, and history snapshots."
"02_HMM_Macro_Outputs","V3D\History\Archives\ES_V3D_History_20260501_20260501_163746.csv","02_HMM_Macro_Outputs\V3D\History\Archives\ES_V3D_History_20260501_20260501_163746.csv","5166943","2026-05-01 16:37:16","19300","session_key,TimestampET,Symbol,MacroRegime,MacroPlaybook,MacroCheckpointState,HMMRegime,HMMDirection,HMMAsOfTimestampET,HMMJoinLagMinutes,SuggestedAdxMin,SuggestedCiMax,SuggestedSlopeGate,SuggestedStopBucket,SessionVWAP,IBHigh,IBLow,IBExtensionPct,IBWidthATR,PDVAH,PDVAL,TwoSidedFlag,Velocity3P_ATR,VelocityConfirmed,TrendExpansionScore,KalmanSmoothedScore,ConflictScore,Phase,PhaseMultiplier,FinalRegime,FinalDirection,RegimeConfidence,AllowExpansion,AllowMomo,AllowPine,AllowADX_DI,AllowSniper,ExpansionSizePct,AllowExpansion_SizePct,MomoSizePct,AllowMomo_SizePct,PineSizePct,AllowPine_SizePct,ADX_DISizePct,AllowADX_DI_SizePct,SniperSizePct,AllowSniper_SizePct,AllowLong,AllowShort,AllowFadeLong,AllowFadeShort,ReasonCode,OverrideSource,BlockedReason,BotPermissionSummary,AnyDirectionalBotAllowed,AnySizePctPositive,SimTestingMode,StateAgeBars,StaleDataFlag","Archived V3D HMM, macro, latest, and history snapshots."
"02_HMM_Macro_Outputs","V3D\History\Archives\ES_V3D_HMM_20260427_20260427_183716.csv","02_HMM_Macro_Outputs\V3D\History\Archives\ES_V3D_HMM_20260427_20260427_183716.csv","574350","2026-04-27 16:10:31","4707","session_key,TimestampET,Symbol,StateId,RegimeLabel,StateProb_TrendUp,StateProb_TrendDown,StateProb_Balance,StateProb_Transition,HMM_FlipRate_5bar,HMM_PersistBars,SuggestedAdxMin,SuggestedCiMax,SuggestedSlopeGate,SuggestedStopBucket,ModelVersion,Tradeable,AllowLong,AllowShort","Archived V3D HMM, macro, latest, and history snapshots."
"02_HMM_Macro_Outputs","V3D\History\Archives\ES_V3D_HMM_20260427_20260427_184149.csv","02_HMM_Macro_Outputs\V3D\History\Archives\ES_V3D_HMM_20260427_20260427_184149.csv","574350","2026-04-27 16:10:31","4707","session_key,TimestampET,Symbol,StateId,RegimeLabel,StateProb_TrendUp,StateProb_TrendDown,StateProb_Balance,StateProb_Transition,HMM_FlipRate_5bar,HMM_PersistBars,SuggestedAdxMin,SuggestedCiMax,SuggestedSlopeGate,SuggestedStopBucket,ModelVersion,Tradeable,AllowLong,AllowShort","Archived V3D HMM, macro, latest, and history snapshots."
"02_HMM_Macro_Outputs","V3D\History\Archives\ES_V3D_HMM_20260428_20260428_164402.csv","02_HMM_Macro_Outputs\V3D\History\Archives\ES_V3D_HMM_20260428_20260428_164402.csv","573373","2026-04-28 16:42:51","4704","session_key,TimestampET,Symbol,StateId,RegimeLabel,StateProb_TrendUp,StateProb_TrendDown,StateProb_Balance,StateProb_Transition,HMM_FlipRate_5bar,HMM_PersistBars,SuggestedAdxMin,SuggestedCiMax,SuggestedSlopeGate,SuggestedStopBucket,ModelVersion,Tradeable,AllowLong,AllowShort","Archived V3D HMM, macro, latest, and history snapshots."
"02_HMM_Macro_Outputs","V3D\History\Archives\ES_V3D_HMM_20260429_20260429_161049.csv","02_HMM_Macro_Outputs\V3D\History\Archives\ES_V3D_HMM_20260429_20260429_161049.csv","574290","2026-04-29 16:09:48","4704","session_key,TimestampET,Symbol,StateId,RegimeLabel,StateProb_TrendUp,StateProb_TrendDown,StateProb_Balance,StateProb_Transition,HMM_FlipRate_5bar,HMM_PersistBars,SuggestedAdxMin,SuggestedCiMax,SuggestedSlopeGate,SuggestedStopBucket,ModelVersion,Tradeable,AllowLong,AllowShort","Archived V3D HMM, macro, latest, and history snapshots."
"02_HMM_Macro_Outputs","V3D\History\Archives\ES_V3D_HMM_20260429_20260429_161116.csv","02_HMM_Macro_Outputs\V3D\History\Archives\ES_V3D_HMM_20260429_20260429_161116.csv","574290","2026-04-29 16:09:48","4704","session_key,TimestampET,Symbol,StateId,RegimeLabel,StateProb_TrendUp,StateProb_TrendDown,StateProb_Balance,StateProb_Transition,HMM_FlipRate_5bar,HMM_PersistBars,SuggestedAdxMin,SuggestedCiMax,SuggestedSlopeGate,SuggestedStopBucket,ModelVersion,Tradeable,AllowLong,AllowShort","Archived V3D HMM, macro, latest, and history snapshots."
"02_HMM_Macro_Outputs","V3D\History\Archives\ES_V3D_HMM_20260430_20260430_165359.csv","02_HMM_Macro_Outputs\V3D\History\Archives\ES_V3D_HMM_20260430_20260430_165359.csv","577455","2026-04-30 16:24:26","4704","session_key,TimestampET,Symbol,StateId,RegimeLabel,StateProb_TrendUp,StateProb_TrendDown,StateProb_Balance,StateProb_Transition,HMM_FlipRate_5bar,HMM_PersistBars,SuggestedAdxMin,SuggestedCiMax,SuggestedSlopeGate,SuggestedStopBucket,ModelVersion,Tradeable,AllowLong,AllowShort","Archived V3D HMM, macro, latest, and history snapshots."
"02_HMM_Macro_Outputs","V3D\History\Archives\ES_V3D_HMM_20260501_20260501_163746.csv","02_HMM_Macro_Outputs\V3D\History\Archives\ES_V3D_HMM_20260501_20260501_163746.csv","576253","2026-05-01 16:00:36","4704","session_key,TimestampET,Symbol,StateId,RegimeLabel,StateProb_TrendUp,StateProb_TrendDown,StateProb_Balance,StateProb_Transition,HMM_FlipRate_5bar,HMM_PersistBars,SuggestedAdxMin,SuggestedCiMax,SuggestedSlopeGate,SuggestedStopBucket,ModelVersion,Tradeable,AllowLong,AllowShort","Archived V3D HMM, macro, latest, and history snapshots."
"02_HMM_Macro_Outputs","V3D\History\Archives\ES_V3D_Latest_20260427_20260427_183716.csv","02_HMM_Macro_Outputs\V3D\History\Archives\ES_V3D_Latest_20260427_20260427_183716.csv","679","2026-04-27 16:10:14","2","session_key,TimestampET,Symbol,MacroRegime,MacroPlaybook,MacroCheckpointState,HMMRegime,HMMDirection,Velocity3P_ATR,VelocityConfirmed,TrendExpansionScore,KalmanSmoothedScore,ConflictScore,Phase,PhaseMultiplier,FinalRegime,FinalDirection,RegimeConfidence,AllowExpansion,AllowMomo,AllowPine,AllowADX_DI,AllowSniper,ExpansionSizePct,MomoSizePct,PineSizePct,ADX_DISizePct,SniperSizePct,AllowLong,AllowShort,AllowFadeLong,AllowFadeShort,ReasonCode,StateAgeBars,StaleDataFlag","Archived V3D HMM, macro, latest, and history snapshots."
"02_HMM_Macro_Outputs","V3D\History\Archives\ES_V3D_Latest_20260427_20260427_184149.csv","02_HMM_Macro_Outputs\V3D\History\Archives\ES_V3D_Latest_20260427_20260427_184149.csv","679","2026-04-27 16:10:14","2","session_key,TimestampET,Symbol,MacroRegime,MacroPlaybook,MacroCheckpointState,HMMRegime,HMMDirection,Velocity3P_ATR,VelocityConfirmed,TrendExpansionScore,KalmanSmoothedScore,ConflictScore,Phase,PhaseMultiplier,FinalRegime,FinalDirection,RegimeConfidence,AllowExpansion,AllowMomo,AllowPine,AllowADX_DI,AllowSniper,ExpansionSizePct,MomoSizePct,PineSizePct,ADX_DISizePct,SniperSizePct,AllowLong,AllowShort,AllowFadeLong,AllowFadeShort,ReasonCode,StateAgeBars,StaleDataFlag","Archived V3D HMM, macro, latest, and history snapshots."
"02_HMM_Macro_Outputs","V3D\History\Archives\ES_V3D_Latest_20260428_20260428_164402.csv","02_HMM_Macro_Outputs\V3D\History\Archives\ES_V3D_Latest_20260428_20260428_164402.csv","1200","2026-04-28 16:43:50","2","session_key,TimestampET,Symbol,MacroRegime,MacroPlaybook,MacroCheckpointState,HMMRegime,HMMDirection,SuggestedAdxMin,SuggestedCiMax,SuggestedSlopeGate,SuggestedStopBucket,SessionVWAP,IBHigh,IBLow,IBExtensionPct,IBWidthATR,PDVAH,PDVAL,TwoSidedFlag,Velocity3P_ATR,VelocityConfirmed,TrendExpansionScore,KalmanSmoothedScore,ConflictScore,Phase,PhaseMultiplier,FinalRegime,FinalDirection,RegimeConfidence,AllowExpansion,AllowMomo,AllowPine,AllowADX_DI,AllowSniper,ExpansionSizePct,AllowExpansion_SizePct,MomoSizePct,AllowMomo_SizePct,PineSizePct,AllowPine_SizePct,ADX_DISizePct,AllowADX_DI_SizePct,SniperSizePct,AllowSniper_SizePct,AllowLong,AllowShort,AllowFadeLong,AllowFadeShort,ReasonCode,BlockedReason,BotPermissionSummary,AnyDirectionalBotAllowed,AnySizePctPositive,SimTestingMode,StateAgeBars,StaleDataFlag","Archived V3D HMM, macro, latest, and history snapshots."
"02_HMM_Macro_Outputs","V3D\History\Archives\ES_V3D_Latest_20260429_20260429_161049.csv","02_HMM_Macro_Outputs\V3D\History\Archives\ES_V3D_Latest_20260429_20260429_161049.csv","1194","2026-04-29 16:10:30","2","session_key,TimestampET,Symbol,MacroRegime,MacroPlaybook,MacroCheckpointState,HMMRegime,HMMDirection,SuggestedAdxMin,SuggestedCiMax,SuggestedSlopeGate,SuggestedStopBucket,SessionVWAP,IBHigh,IBLow,IBExtensionPct,IBWidthATR,PDVAH,PDVAL,TwoSidedFlag,Velocity3P_ATR,VelocityConfirmed,TrendExpansionScore,KalmanSmoothedScore,ConflictScore,Phase,PhaseMultiplier,FinalRegime,FinalDirection,RegimeConfidence,AllowExpansion,AllowMomo,AllowPine,AllowADX_DI,AllowSniper,ExpansionSizePct,AllowExpansion_SizePct,MomoSizePct,AllowMomo_SizePct,PineSizePct,AllowPine_SizePct,ADX_DISizePct,AllowADX_DI_SizePct,SniperSizePct,AllowSniper_SizePct,AllowLong,AllowShort,AllowFadeLong,AllowFadeShort,ReasonCode,BlockedReason,BotPermissionSummary,AnyDirectionalBotAllowed,AnySizePctPositive,SimTestingMode,StateAgeBars,StaleDataFlag","Archived V3D HMM, macro, latest, and history snapshots."
"02_HMM_Macro_Outputs","V3D\History\Archives\ES_V3D_Latest_20260429_20260429_161116.csv","02_HMM_Macro_Outputs\V3D\History\Archives\ES_V3D_Latest_20260429_20260429_161116.csv","1194","2026-04-29 16:10:30","2","session_key,TimestampET,Symbol,MacroRegime,MacroPlaybook,MacroCheckpointState,HMMRegime,HMMDirection,SuggestedAdxMin,SuggestedCiMax,SuggestedSlopeGate,SuggestedStopBucket,SessionVWAP,IBHigh,IBLow,IBExtensionPct,IBWidthATR,PDVAH,PDVAL,TwoSidedFlag,Velocity3P_ATR,VelocityConfirmed,TrendExpansionScore,KalmanSmoothedScore,ConflictScore,Phase,PhaseMultiplier,FinalRegime,FinalDirection,RegimeConfidence,AllowExpansion,AllowMomo,AllowPine,AllowADX_DI,AllowSniper,ExpansionSizePct,AllowExpansion_SizePct,MomoSizePct,AllowMomo_SizePct,PineSizePct,AllowPine_SizePct,ADX_DISizePct,AllowADX_DI_SizePct,SniperSizePct,AllowSniper_SizePct,AllowLong,AllowShort,AllowFadeLong,AllowFadeShort,ReasonCode,BlockedReason,BotPermissionSummary,AnyDirectionalBotAllowed,AnySizePctPositive,SimTestingMode,StateAgeBars,StaleDataFlag","Archived V3D HMM, macro, latest, and history snapshots."
"02_HMM_Macro_Outputs","V3D\History\Archives\ES_V3D_Latest_20260430_20260430_165359.csv","02_HMM_Macro_Outputs\V3D\History\Archives\ES_V3D_Latest_20260430_20260430_165359.csv","1197","2026-04-30 16:53:44","2","session_key,TimestampET,Symbol,MacroRegime,MacroPlaybook,MacroCheckpointState,HMMRegime,HMMDirection,SuggestedAdxMin,SuggestedCiMax,SuggestedSlopeGate,SuggestedStopBucket,SessionVWAP,IBHigh,IBLow,IBExtensionPct,IBWidthATR,PDVAH,PDVAL,TwoSidedFlag,Velocity3P_ATR,VelocityConfirmed,TrendExpansionScore,KalmanSmoothedScore,ConflictScore,Phase,PhaseMultiplier,FinalRegime,FinalDirection,RegimeConfidence,AllowExpansion,AllowMomo,AllowPine,AllowADX_DI,AllowSniper,ExpansionSizePct,AllowExpansion_SizePct,MomoSizePct,AllowMomo_SizePct,PineSizePct,AllowPine_SizePct,ADX_DISizePct,AllowADX_DI_SizePct,SniperSizePct,AllowSniper_SizePct,AllowLong,AllowShort,AllowFadeLong,AllowFadeShort,ReasonCode,BlockedReason,BotPermissionSummary,AnyDirectionalBotAllowed,AnySizePctPositive,SimTestingMode,StateAgeBars,StaleDataFlag","Archived V3D HMM, macro, latest, and history snapshots."
"02_HMM_Macro_Outputs","V3D\History\Archives\ES_V3D_Latest_20260501_20260501_163746.csv","02_HMM_Macro_Outputs\V3D\History\Archives\ES_V3D_Latest_20260501_20260501_163746.csv","1259","2026-05-01 16:37:16","2","session_key,TimestampET,Symbol,MacroRegime,MacroPlaybook,MacroCheckpointState,HMMRegime,HMMDirection,HMMAsOfTimestampET,HMMJoinLagMinutes,SuggestedAdxMin,SuggestedCiMax,SuggestedSlopeGate,SuggestedStopBucket,SessionVWAP,IBHigh,IBLow,IBExtensionPct,IBWidthATR,PDVAH,PDVAL,TwoSidedFlag,Velocity3P_ATR,VelocityConfirmed,TrendExpansionScore,KalmanSmoothedScore,ConflictScore,Phase,PhaseMultiplier,FinalRegime,FinalDirection,RegimeConfidence,AllowExpansion,AllowMomo,AllowPine,AllowADX_DI,AllowSniper,ExpansionSizePct,AllowExpansion_SizePct,MomoSizePct,AllowMomo_SizePct,PineSizePct,AllowPine_SizePct,ADX_DISizePct,AllowADX_DI_SizePct,SniperSizePct,AllowSniper_SizePct,AllowLong,AllowShort,AllowFadeLong,AllowFadeShort,ReasonCode,OverrideSource,BlockedReason,BotPermissionSummary,AnyDirectionalBotAllowed,AnySizePctPositive,SimTestingMode,StateAgeBars,StaleDataFlag","Archived V3D HMM, macro, latest, and history snapshots."
"02_HMM_Macro_Outputs","V3D\History\Archives\ES_V3D_Macro_20260427_20260427_183716.csv","02_HMM_Macro_Outputs\V3D\History\Archives\ES_V3D_Macro_20260427_20260427_183716.csv","3586806","2026-04-27 16:10:16","14972","session_key,trade_date,checkpoint_time,phase,symbol,last_price,rth_open,session_vwap,close_vs_vwap_atr,net_move_since_open_atr,directional_efficiency_since_open,de_recent_3bar,de_effective,ib_extension_pct,ib_width_so_far,ib_width_atr,atr_5m,velocity_3cp_atr,daily_volume,two_sided_trade_flag,returned_to_open_flag,value_break_accept_flag,open_in_pd_value_flag,open_in_on_value_flag,close_in_pd_value_flag,close_in_on_value_flag,inside_value_score,on_type,official_regime_label,official_bias_label,checkpoint_state,volatility_state,playbook_state,atr_pctile_20d,rvol_vs_20d,prior_day_type","Archived V3D HMM, macro, latest, and history snapshots."
"02_HMM_Macro_Outputs","V3D\History\Archives\ES_V3D_Macro_20260427_20260427_184149.csv","02_HMM_Macro_Outputs\V3D\History\Archives\ES_V3D_Macro_20260427_20260427_184149.csv","3586806","2026-04-27 16:10:16","14972","session_key,trade_date,checkpoint_time,phase,symbol,last_price,rth_open,session_vwap,close_vs_vwap_atr,net_move_since_open_atr,directional_efficiency_since_open,de_recent_3bar,de_effective,ib_extension_pct,ib_width_so_far,ib_width_atr,atr_5m,velocity_3cp_atr,daily_volume,two_sided_trade_flag,returned_to_open_flag,value_break_accept_flag,open_in_pd_value_flag,open_in_on_value_flag,close_in_pd_value_flag,close_in_on_value_flag,inside_value_score,on_type,official_regime_label,official_bias_label,checkpoint_state,volatility_state,playbook_state,atr_pctile_20d,rvol_vs_20d,prior_day_type","Archived V3D HMM, macro, latest, and history snapshots."
"02_HMM_Macro_Outputs","V3D\History\Archives\ES_V3D_Macro_20260428_20260428_164402.csv","02_HMM_Macro_Outputs\V3D\History\Archives\ES_V3D_Macro_20260428_20260428_164402.csv","3831779","2026-04-28 16:43:41","14992","session_key,trade_date,checkpoint_time,phase,symbol,last_price,rth_open,session_vwap,close_vs_vwap_atr,net_move_since_open_atr,directional_efficiency_since_open,de_recent_3bar,de_effective,ib_extension_pct,ib_width_so_far,ib_width_atr,atr_5m,velocity_3cp_atr,daily_volume,two_sided_trade_flag,returned_to_open_flag,value_break_accept_flag,open_in_pd_value_flag,open_in_on_value_flag,close_in_pd_value_flag,close_in_on_value_flag,inside_value_score,on_type,official_regime_label,official_bias_label,checkpoint_state,volatility_state,playbook_state,ib_high_so_far,ib_low_so_far,pd_vah,pd_val,atr_pctile_20d,rvol_vs_20d,prior_day_type","Archived V3D HMM, macro, latest, and history snapshots."
"02_HMM_Macro_Outputs","V3D\History\Archives\ES_V3D_Macro_20260429_20260429_161049.csv","02_HMM_Macro_Outputs\V3D\History\Archives\ES_V3D_Macro_20260429_20260429_161049.csv","3837048","2026-04-29 16:10:31","15012","session_key,trade_date,checkpoint_time,phase,symbol,last_price,rth_open,session_vwap,close_vs_vwap_atr,net_move_since_open_atr,directional_efficiency_since_open,de_recent_3bar,de_effective,ib_extension_pct,ib_width_so_far,ib_width_atr,atr_5m,velocity_3cp_atr,daily_volume,two_sided_trade_flag,returned_to_open_flag,value_break_accept_flag,open_in_pd_value_flag,open_in_on_value_flag,close_in_pd_value_flag,close_in_on_value_flag,inside_value_score,on_type,official_regime_label,official_bias_label,checkpoint_state,volatility_state,playbook_state,ib_high_so_far,ib_low_so_far,pd_vah,pd_val,atr_pctile_20d,rvol_vs_20d,prior_day_type","Archived V3D HMM, macro, latest, and history snapshots."
"02_HMM_Macro_Outputs","V3D\History\Archives\ES_V3D_Macro_20260429_20260429_161116.csv","02_HMM_Macro_Outputs\V3D\History\Archives\ES_V3D_Macro_20260429_20260429_161116.csv","3837048","2026-04-29 16:10:31","15012","session_key,trade_date,checkpoint_time,phase,symbol,last_price,rth_open,session_vwap,close_vs_vwap_atr,net_move_since_open_atr,directional_efficiency_since_open,de_recent_3bar,de_effective,ib_extension_pct,ib_width_so_far,ib_width_atr,atr_5m,velocity_3cp_atr,daily_volume,two_sided_trade_flag,returned_to_open_flag,value_break_accept_flag,open_in_pd_value_flag,open_in_on_value_flag,close_in_pd_value_flag,close_in_on_value_flag,inside_value_score,on_type,official_regime_label,official_bias_label,checkpoint_state,volatility_state,playbook_state,ib_high_so_far,ib_low_so_far,pd_vah,pd_val,atr_pctile_20d,rvol_vs_20d,prior_day_type","Archived V3D HMM, macro, latest, and history snapshots."
"02_HMM_Macro_Outputs","V3D\History\Archives\ES_V3D_Macro_20260430_20260430_165359.csv","02_HMM_Macro_Outputs\V3D\History\Archives\ES_V3D_Macro_20260430_20260430_165359.csv","3842322","2026-04-30 16:53:51","15032","session_key,trade_date,checkpoint_time,phase,symbol,last_price,rth_open,session_vwap,close_vs_vwap_atr,net_move_since_open_atr,directional_efficiency_since_open,de_recent_3bar,de_effective,ib_extension_pct,ib_width_so_far,ib_width_atr,atr_5m,velocity_3cp_atr,daily_volume,two_sided_trade_flag,returned_to_open_flag,value_break_accept_flag,open_in_pd_value_flag,open_in_on_value_flag,close_in_pd_value_flag,close_in_on_value_flag,inside_value_score,on_type,official_regime_label,official_bias_label,checkpoint_state,volatility_state,playbook_state,ib_high_so_far,ib_low_so_far,pd_vah,pd_val,atr_pctile_20d,rvol_vs_20d,prior_day_type","Archived V3D HMM, macro, latest, and history snapshots."
"02_HMM_Macro_Outputs","V3D\History\Archives\ES_V3D_Macro_20260501_20260501_163746.csv","02_HMM_Macro_Outputs\V3D\History\Archives\ES_V3D_Macro_20260501_20260501_163746.csv","3847587","2026-05-01 16:37:01","15052","session_key,trade_date,checkpoint_time,phase,symbol,last_price,rth_open,session_vwap,close_vs_vwap_atr,net_move_since_open_atr,directional_efficiency_since_open,de_recent_3bar,de_effective,ib_extension_pct,ib_width_so_far,ib_width_atr,atr_5m,velocity_3cp_atr,daily_volume,two_sided_trade_flag,returned_to_open_flag,value_break_accept_flag,open_in_pd_value_flag,open_in_on_value_flag,close_in_pd_value_flag,close_in_on_value_flag,inside_value_score,on_type,official_regime_label,official_bias_label,checkpoint_state,volatility_state,playbook_state,ib_high_so_far,ib_low_so_far,pd_vah,pd_val,atr_pctile_20d,rvol_vs_20d,prior_day_type","Archived V3D HMM, macro, latest, and history snapshots."
"02_HMM_Macro_Outputs","V3D\History\Archives\NQ_V3D_History_20260427_20260427_183716.csv","02_HMM_Macro_Outputs\V3D\History\Archives\NQ_V3D_History_20260427_20260427_183716.csv","3401611","2026-04-27 16:10:14","15850","session_key,TimestampET,Symbol,MacroRegime,MacroPlaybook,MacroCheckpointState,HMMRegime,HMMDirection,Velocity3P_ATR,VelocityConfirmed,TrendExpansionScore,KalmanSmoothedScore,ConflictScore,Phase,PhaseMultiplier,FinalRegime,FinalDirection,RegimeConfidence,AllowExpansion,AllowMomo,AllowPine,AllowADX_DI,AllowSniper,ExpansionSizePct,MomoSizePct,PineSizePct,ADX_DISizePct,SniperSizePct,AllowLong,AllowShort,AllowFadeLong,AllowFadeShort,ReasonCode,StateAgeBars,StaleDataFlag","Archived V3D HMM, macro, latest, and history snapshots."
"02_HMM_Macro_Outputs","V3D\History\Archives\NQ_V3D_History_20260427_20260427_184149.csv","02_HMM_Macro_Outputs\V3D\History\Archives\NQ_V3D_History_20260427_20260427_184149.csv","3401611","2026-04-27 16:10:14","15850","session_key,TimestampET,Symbol,MacroRegime,MacroPlaybook,MacroCheckpointState,HMMRegime,HMMDirection,Velocity3P_ATR,VelocityConfirmed,TrendExpansionScore,KalmanSmoothedScore,ConflictScore,Phase,PhaseMultiplier,FinalRegime,FinalDirection,RegimeConfidence,AllowExpansion,AllowMomo,AllowPine,AllowADX_DI,AllowSniper,ExpansionSizePct,MomoSizePct,PineSizePct,ADX_DISizePct,SniperSizePct,AllowLong,AllowShort,AllowFadeLong,AllowFadeShort,ReasonCode,StateAgeBars,StaleDataFlag","Archived V3D HMM, macro, latest, and history snapshots."
"02_HMM_Macro_Outputs","V3D\History\Archives\NQ_V3D_History_20260428_20260428_164402.csv","02_HMM_Macro_Outputs\V3D\History\Archives\NQ_V3D_History_20260428_20260428_164402.csv","4044476","2026-04-28 16:43:49","16719","session_key,TimestampET,Symbol,MacroRegime,MacroPlaybook,MacroCheckpointState,HMMRegime,HMMDirection,Velocity3P_ATR,VelocityConfirmed,TrendExpansionScore,KalmanSmoothedScore,ConflictScore,Phase,PhaseMultiplier,FinalRegime,FinalDirection,RegimeConfidence,AllowExpansion,AllowMomo,AllowPine,AllowADX_DI,AllowSniper,ExpansionSizePct,MomoSizePct,PineSizePct,ADX_DISizePct,SniperSizePct,AllowLong,AllowShort,AllowFadeLong,AllowFadeShort,ReasonCode,StateAgeBars,StaleDataFlag,SuggestedAdxMin,SuggestedCiMax,SuggestedSlopeGate,SuggestedStopBucket,SessionVWAP,IBHigh,IBLow,IBExtensionPct,IBWidthATR,PDVAH,PDVAL,TwoSidedFlag,AllowExpansion_SizePct,AllowMomo_SizePct,AllowPine_SizePct,AllowADX_DI_SizePct,AllowSniper_SizePct,BlockedReason,BotPermissionSummary,AnyDirectionalBotAllowed,AnySizePctPositive,SimTestingMode","Archived V3D HMM, macro, latest, and history snapshots."
"02_HMM_Macro_Outputs","V3D\History\Archives\NQ_V3D_History_20260429_20260429_161049.csv","02_HMM_Macro_Outputs\V3D\History\Archives\NQ_V3D_History_20260429_20260429_161049.csv","4362575","2026-04-29 16:10:29","17493","session_key,TimestampET,Symbol,MacroRegime,MacroPlaybook,MacroCheckpointState,HMMRegime,HMMDirection,Velocity3P_ATR,VelocityConfirmed,TrendExpansionScore,KalmanSmoothedScore,ConflictScore,Phase,PhaseMultiplier,FinalRegime,FinalDirection,RegimeConfidence,AllowExpansion,AllowMomo,AllowPine,AllowADX_DI,AllowSniper,ExpansionSizePct,MomoSizePct,PineSizePct,ADX_DISizePct,SniperSizePct,AllowLong,AllowShort,AllowFadeLong,AllowFadeShort,ReasonCode,StateAgeBars,StaleDataFlag,SuggestedAdxMin,SuggestedCiMax,SuggestedSlopeGate,SuggestedStopBucket,SessionVWAP,IBHigh,IBLow,IBExtensionPct,IBWidthATR,PDVAH,PDVAL,TwoSidedFlag,AllowExpansion_SizePct,AllowMomo_SizePct,AllowPine_SizePct,AllowADX_DI_SizePct,AllowSniper_SizePct,BlockedReason,BotPermissionSummary,AnyDirectionalBotAllowed,AnySizePctPositive,SimTestingMode","Archived V3D HMM, macro, latest, and history snapshots."
"02_HMM_Macro_Outputs","V3D\History\Archives\NQ_V3D_History_20260429_20260429_161116.csv","02_HMM_Macro_Outputs\V3D\History\Archives\NQ_V3D_History_20260429_20260429_161116.csv","4362575","2026-04-29 16:10:29","17493","session_key,TimestampET,Symbol,MacroRegime,MacroPlaybook,MacroCheckpointState,HMMRegime,HMMDirection,Velocity3P_ATR,VelocityConfirmed,TrendExpansionScore,KalmanSmoothedScore,ConflictScore,Phase,PhaseMultiplier,FinalRegime,FinalDirection,RegimeConfidence,AllowExpansion,AllowMomo,AllowPine,AllowADX_DI,AllowSniper,ExpansionSizePct,MomoSizePct,PineSizePct,ADX_DISizePct,SniperSizePct,AllowLong,AllowShort,AllowFadeLong,AllowFadeShort,ReasonCode,StateAgeBars,StaleDataFlag,SuggestedAdxMin,SuggestedCiMax,SuggestedSlopeGate,SuggestedStopBucket,SessionVWAP,IBHigh,IBLow,IBExtensionPct,IBWidthATR,PDVAH,PDVAL,TwoSidedFlag,AllowExpansion_SizePct,AllowMomo_SizePct,AllowPine_SizePct,AllowADX_DI_SizePct,AllowSniper_SizePct,BlockedReason,BotPermissionSummary,AnyDirectionalBotAllowed,AnySizePctPositive,SimTestingMode","Archived V3D HMM, macro, latest, and history snapshots."
"02_HMM_Macro_Outputs","V3D\History\Archives\NQ_V3D_History_20260430_20260430_165359.csv","02_HMM_Macro_Outputs\V3D\History\Archives\NQ_V3D_History_20260430_20260430_165359.csv","4740886","2026-04-30 16:53:44","18421","session_key,TimestampET,Symbol,MacroRegime,MacroPlaybook,MacroCheckpointState,HMMRegime,HMMDirection,Velocity3P_ATR,VelocityConfirmed,TrendExpansionScore,KalmanSmoothedScore,ConflictScore,Phase,PhaseMultiplier,FinalRegime,FinalDirection,RegimeConfidence,AllowExpansion,AllowMomo,AllowPine,AllowADX_DI,AllowSniper,ExpansionSizePct,MomoSizePct,PineSizePct,ADX_DISizePct,SniperSizePct,AllowLong,AllowShort,AllowFadeLong,AllowFadeShort,ReasonCode,StateAgeBars,StaleDataFlag,SuggestedAdxMin,SuggestedCiMax,SuggestedSlopeGate,SuggestedStopBucket,SessionVWAP,IBHigh,IBLow,IBExtensionPct,IBWidthATR,PDVAH,PDVAL,TwoSidedFlag,AllowExpansion_SizePct,AllowMomo_SizePct,AllowPine_SizePct,AllowADX_DI_SizePct,AllowSniper_SizePct,BlockedReason,BotPermissionSummary,AnyDirectionalBotAllowed,AnySizePctPositive,SimTestingMode","Archived V3D HMM, macro, latest, and history snapshots."
"02_HMM_Macro_Outputs","V3D\History\Archives\NQ_V3D_History_20260501_20260501_163746.csv","02_HMM_Macro_Outputs\V3D\History\Archives\NQ_V3D_History_20260501_20260501_163746.csv","5167312","2026-05-01 16:37:15","19316","session_key,TimestampET,Symbol,MacroRegime,MacroPlaybook,MacroCheckpointState,HMMRegime,HMMDirection,HMMAsOfTimestampET,HMMJoinLagMinutes,SuggestedAdxMin,SuggestedCiMax,SuggestedSlopeGate,SuggestedStopBucket,SessionVWAP,IBHigh,IBLow,IBExtensionPct,IBWidthATR,PDVAH,PDVAL,TwoSidedFlag,Velocity3P_ATR,VelocityConfirmed,TrendExpansionScore,KalmanSmoothedScore,ConflictScore,Phase,PhaseMultiplier,FinalRegime,FinalDirection,RegimeConfidence,AllowExpansion,AllowMomo,AllowPine,AllowADX_DI,AllowSniper,ExpansionSizePct,AllowExpansion_SizePct,MomoSizePct,AllowMomo_SizePct,PineSizePct,AllowPine_SizePct,ADX_DISizePct,AllowADX_DI_SizePct,SniperSizePct,AllowSniper_SizePct,AllowLong,AllowShort,AllowFadeLong,AllowFadeShort,ReasonCode,OverrideSource,BlockedReason,BotPermissionSummary,AnyDirectionalBotAllowed,AnySizePctPositive,SimTestingMode,StateAgeBars,StaleDataFlag","Archived V3D HMM, macro, latest, and history snapshots."
"02_HMM_Macro_Outputs","V3D\History\Archives\NQ_V3D_HMM_20260427_20260427_183716.csv","02_HMM_Macro_Outputs\V3D\History\Archives\NQ_V3D_HMM_20260427_20260427_183716.csv","574845","2026-04-27 16:10:22","4706","session_key,TimestampET,Symbol,StateId,RegimeLabel,StateProb_TrendUp,StateProb_TrendDown,StateProb_Balance,StateProb_Transition,HMM_FlipRate_5bar,HMM_PersistBars,SuggestedAdxMin,SuggestedCiMax,SuggestedSlopeGate,SuggestedStopBucket,ModelVersion,Tradeable,AllowLong,AllowShort","Archived V3D HMM, macro, latest, and history snapshots."
"02_HMM_Macro_Outputs","V3D\History\Archives\NQ_V3D_HMM_20260427_20260427_184149.csv","02_HMM_Macro_Outputs\V3D\History\Archives\NQ_V3D_HMM_20260427_20260427_184149.csv","574845","2026-04-27 16:10:22","4706","session_key,TimestampET,Symbol,StateId,RegimeLabel,StateProb_TrendUp,StateProb_TrendDown,StateProb_Balance,StateProb_Transition,HMM_FlipRate_5bar,HMM_PersistBars,SuggestedAdxMin,SuggestedCiMax,SuggestedSlopeGate,SuggestedStopBucket,ModelVersion,Tradeable,AllowLong,AllowShort","Archived V3D HMM, macro, latest, and history snapshots."
"02_HMM_Macro_Outputs","V3D\History\Archives\NQ_V3D_HMM_20260428_20260428_164402.csv","02_HMM_Macro_Outputs\V3D\History\Archives\NQ_V3D_HMM_20260428_20260428_164402.csv","577957","2026-04-28 16:42:35","4703","session_key,TimestampET,Symbol,StateId,RegimeLabel,StateProb_TrendUp,StateProb_TrendDown,StateProb_Balance,StateProb_Transition,HMM_FlipRate_5bar,HMM_PersistBars,SuggestedAdxMin,SuggestedCiMax,SuggestedSlopeGate,SuggestedStopBucket,ModelVersion,Tradeable,AllowLong,AllowShort","Archived V3D HMM, macro, latest, and history snapshots."
"02_HMM_Macro_Outputs","V3D\History\Archives\NQ_V3D_HMM_20260429_20260429_161049.csv","02_HMM_Macro_Outputs\V3D\History\Archives\NQ_V3D_HMM_20260429_20260429_161049.csv","575158","2026-04-29 16:09:33","4703","session_key,TimestampET,Symbol,StateId,RegimeLabel,StateProb_TrendUp,StateProb_TrendDown,StateProb_Balance,StateProb_Transition,HMM_FlipRate_5bar,HMM_PersistBars,SuggestedAdxMin,SuggestedCiMax,SuggestedSlopeGate,SuggestedStopBucket,ModelVersion,Tradeable,AllowLong,AllowShort","Archived V3D HMM, macro, latest, and history snapshots."
"02_HMM_Macro_Outputs","V3D\History\Archives\NQ_V3D_HMM_20260429_20260429_161116.csv","02_HMM_Macro_Outputs\V3D\History\Archives\NQ_V3D_HMM_20260429_20260429_161116.csv","575158","2026-04-29 16:09:33","4703","session_key,TimestampET,Symbol,StateId,RegimeLabel,StateProb_TrendUp,StateProb_TrendDown,StateProb_Balance,StateProb_Transition,HMM_FlipRate_5bar,HMM_PersistBars,SuggestedAdxMin,SuggestedCiMax,SuggestedSlopeGate,SuggestedStopBucket,ModelVersion,Tradeable,AllowLong,AllowShort","Archived V3D HMM, macro, latest, and history snapshots."
"02_HMM_Macro_Outputs","V3D\History\Archives\NQ_V3D_HMM_20260430_20260430_165359.csv","02_HMM_Macro_Outputs\V3D\History\Archives\NQ_V3D_HMM_20260430_20260430_165359.csv","579511","2026-04-30 16:25:40","4703","session_key,TimestampET,Symbol,StateId,RegimeLabel,StateProb_TrendUp,StateProb_TrendDown,StateProb_Balance,StateProb_Transition,HMM_FlipRate_5bar,HMM_PersistBars,SuggestedAdxMin,SuggestedCiMax,SuggestedSlopeGate,SuggestedStopBucket,ModelVersion,Tradeable,AllowLong,AllowShort","Archived V3D HMM, macro, latest, and history snapshots."
"02_HMM_Macro_Outputs","V3D\History\Archives\NQ_V3D_HMM_20260501_20260501_163746.csv","02_HMM_Macro_Outputs\V3D\History\Archives\NQ_V3D_HMM_20260501_20260501_163746.csv","579721","2026-05-01 16:00:21","4703","session_key,TimestampET,Symbol,StateId,RegimeLabel,StateProb_TrendUp,StateProb_TrendDown,StateProb_Balance,StateProb_Transition,HMM_FlipRate_5bar,HMM_PersistBars,SuggestedAdxMin,SuggestedCiMax,SuggestedSlopeGate,SuggestedStopBucket,ModelVersion,Tradeable,AllowLong,AllowShort","Archived V3D HMM, macro, latest, and history snapshots."
"02_HMM_Macro_Outputs","V3D\History\Archives\NQ_V3D_Latest_20260427_20260427_183716.csv","02_HMM_Macro_Outputs\V3D\History\Archives\NQ_V3D_Latest_20260427_20260427_183716.csv","682","2026-04-27 16:10:14","2","session_key,TimestampET,Symbol,MacroRegime,MacroPlaybook,MacroCheckpointState,HMMRegime,HMMDirection,Velocity3P_ATR,VelocityConfirmed,TrendExpansionScore,KalmanSmoothedScore,ConflictScore,Phase,PhaseMultiplier,FinalRegime,FinalDirection,RegimeConfidence,AllowExpansion,AllowMomo,AllowPine,AllowADX_DI,AllowSniper,ExpansionSizePct,MomoSizePct,PineSizePct,ADX_DISizePct,SniperSizePct,AllowLong,AllowShort,AllowFadeLong,AllowFadeShort,ReasonCode,StateAgeBars,StaleDataFlag","Archived V3D HMM, macro, latest, and history snapshots."
"02_HMM_Macro_Outputs","V3D\History\Archives\NQ_V3D_Latest_20260427_20260427_184149.csv","02_HMM_Macro_Outputs\V3D\History\Archives\NQ_V3D_Latest_20260427_20260427_184149.csv","682","2026-04-27 16:10:14","2","session_key,TimestampET,Symbol,MacroRegime,MacroPlaybook,MacroCheckpointState,HMMRegime,HMMDirection,Velocity3P_ATR,VelocityConfirmed,TrendExpansionScore,KalmanSmoothedScore,ConflictScore,Phase,PhaseMultiplier,FinalRegime,FinalDirection,RegimeConfidence,AllowExpansion,AllowMomo,AllowPine,AllowADX_DI,AllowSniper,ExpansionSizePct,MomoSizePct,PineSizePct,ADX_DISizePct,SniperSizePct,AllowLong,AllowShort,AllowFadeLong,AllowFadeShort,ReasonCode,StateAgeBars,StaleDataFlag","Archived V3D HMM, macro, latest, and history snapshots."
"02_HMM_Macro_Outputs","V3D\History\Archives\NQ_V3D_Latest_20260428_20260428_164402.csv","02_HMM_Macro_Outputs\V3D\History\Archives\NQ_V3D_Latest_20260428_20260428_164402.csv","1188","2026-04-28 16:43:49","2","session_key,TimestampET,Symbol,MacroRegime,MacroPlaybook,MacroCheckpointState,HMMRegime,HMMDirection,SuggestedAdxMin,SuggestedCiMax,SuggestedSlopeGate,SuggestedStopBucket,SessionVWAP,IBHigh,IBLow,IBExtensionPct,IBWidthATR,PDVAH,PDVAL,TwoSidedFlag,Velocity3P_ATR,VelocityConfirmed,TrendExpansionScore,KalmanSmoothedScore,ConflictScore,Phase,PhaseMultiplier,FinalRegime,FinalDirection,RegimeConfidence,AllowExpansion,AllowMomo,AllowPine,AllowADX_DI,AllowSniper,ExpansionSizePct,AllowExpansion_SizePct,MomoSizePct,AllowMomo_SizePct,PineSizePct,AllowPine_SizePct,ADX_DISizePct,AllowADX_DI_SizePct,SniperSizePct,AllowSniper_SizePct,AllowLong,AllowShort,AllowFadeLong,AllowFadeShort,ReasonCode,BlockedReason,BotPermissionSummary,AnyDirectionalBotAllowed,AnySizePctPositive,SimTestingMode,StateAgeBars,StaleDataFlag","Archived V3D HMM, macro, latest, and history snapshots."
"02_HMM_Macro_Outputs","V3D\History\Archives\NQ_V3D_Latest_20260429_20260429_161049.csv","02_HMM_Macro_Outputs\V3D\History\Archives\NQ_V3D_Latest_20260429_20260429_161049.csv","1193","2026-04-29 16:10:29","2","session_key,TimestampET,Symbol,MacroRegime,MacroPlaybook,MacroCheckpointState,HMMRegime,HMMDirection,SuggestedAdxMin,SuggestedCiMax,SuggestedSlopeGate,SuggestedStopBucket,SessionVWAP,IBHigh,IBLow,IBExtensionPct,IBWidthATR,PDVAH,PDVAL,TwoSidedFlag,Velocity3P_ATR,VelocityConfirmed,TrendExpansionScore,KalmanSmoothedScore,ConflictScore,Phase,PhaseMultiplier,FinalRegime,FinalDirection,RegimeConfidence,AllowExpansion,AllowMomo,AllowPine,AllowADX_DI,AllowSniper,ExpansionSizePct,AllowExpansion_SizePct,MomoSizePct,AllowMomo_SizePct,PineSizePct,AllowPine_SizePct,ADX_DISizePct,AllowADX_DI_SizePct,SniperSizePct,AllowSniper_SizePct,AllowLong,AllowShort,AllowFadeLong,AllowFadeShort,ReasonCode,BlockedReason,BotPermissionSummary,AnyDirectionalBotAllowed,AnySizePctPositive,SimTestingMode,StateAgeBars,StaleDataFlag","Archived V3D HMM, macro, latest, and history snapshots."
"02_HMM_Macro_Outputs","V3D\History\Archives\NQ_V3D_Latest_20260429_20260429_161116.csv","02_HMM_Macro_Outputs\V3D\History\Archives\NQ_V3D_Latest_20260429_20260429_161116.csv","1193","2026-04-29 16:10:29","2","session_key,TimestampET,Symbol,MacroRegime,MacroPlaybook,MacroCheckpointState,HMMRegime,HMMDirection,SuggestedAdxMin,SuggestedCiMax,SuggestedSlopeGate,SuggestedStopBucket,SessionVWAP,IBHigh,IBLow,IBExtensionPct,IBWidthATR,PDVAH,PDVAL,TwoSidedFlag,Velocity3P_ATR,VelocityConfirmed,TrendExpansionScore,KalmanSmoothedScore,ConflictScore,Phase,PhaseMultiplier,FinalRegime,FinalDirection,RegimeConfidence,AllowExpansion,AllowMomo,AllowPine,AllowADX_DI,AllowSniper,ExpansionSizePct,AllowExpansion_SizePct,MomoSizePct,AllowMomo_SizePct,PineSizePct,AllowPine_SizePct,ADX_DISizePct,AllowADX_DI_SizePct,SniperSizePct,AllowSniper_SizePct,AllowLong,AllowShort,AllowFadeLong,AllowFadeShort,ReasonCode,BlockedReason,BotPermissionSummary,AnyDirectionalBotAllowed,AnySizePctPositive,SimTestingMode,StateAgeBars,StaleDataFlag","Archived V3D HMM, macro, latest, and history snapshots."
"02_HMM_Macro_Outputs","V3D\History\Archives\NQ_V3D_Latest_20260430_20260430_165359.csv","02_HMM_Macro_Outputs\V3D\History\Archives\NQ_V3D_Latest_20260430_20260430_165359.csv","1196","2026-04-30 16:53:43","2","session_key,TimestampET,Symbol,MacroRegime,MacroPlaybook,MacroCheckpointState,HMMRegime,HMMDirection,SuggestedAdxMin,SuggestedCiMax,SuggestedSlopeGate,SuggestedStopBucket,SessionVWAP,IBHigh,IBLow,IBExtensionPct,IBWidthATR,PDVAH,PDVAL,TwoSidedFlag,Velocity3P_ATR,VelocityConfirmed,TrendExpansionScore,KalmanSmoothedScore,ConflictScore,Phase,PhaseMultiplier,FinalRegime,FinalDirection,RegimeConfidence,AllowExpansion,AllowMomo,AllowPine,AllowADX_DI,AllowSniper,ExpansionSizePct,AllowExpansion_SizePct,MomoSizePct,AllowMomo_SizePct,PineSizePct,AllowPine_SizePct,ADX_DISizePct,AllowADX_DI_SizePct,SniperSizePct,AllowSniper_SizePct,AllowLong,AllowShort,AllowFadeLong,AllowFadeShort,ReasonCode,BlockedReason,BotPermissionSummary,AnyDirectionalBotAllowed,AnySizePctPositive,SimTestingMode,StateAgeBars,StaleDataFlag","Archived V3D HMM, macro, latest, and history snapshots."
"02_HMM_Macro_Outputs","V3D\History\Archives\NQ_V3D_Latest_20260501_20260501_163746.csv","02_HMM_Macro_Outputs\V3D\History\Archives\NQ_V3D_Latest_20260501_20260501_163746.csv","1274","2026-05-01 16:37:15","2","session_key,TimestampET,Symbol,MacroRegime,MacroPlaybook,MacroCheckpointState,HMMRegime,HMMDirection,HMMAsOfTimestampET,HMMJoinLagMinutes,SuggestedAdxMin,SuggestedCiMax,SuggestedSlopeGate,SuggestedStopBucket,SessionVWAP,IBHigh,IBLow,IBExtensionPct,IBWidthATR,PDVAH,PDVAL,TwoSidedFlag,Velocity3P_ATR,VelocityConfirmed,TrendExpansionScore,KalmanSmoothedScore,ConflictScore,Phase,PhaseMultiplier,FinalRegime,FinalDirection,RegimeConfidence,AllowExpansion,AllowMomo,AllowPine,AllowADX_DI,AllowSniper,ExpansionSizePct,AllowExpansion_SizePct,MomoSizePct,AllowMomo_SizePct,PineSizePct,AllowPine_SizePct,ADX_DISizePct,AllowADX_DI_SizePct,SniperSizePct,AllowSniper_SizePct,AllowLong,AllowShort,AllowFadeLong,AllowFadeShort,ReasonCode,OverrideSource,BlockedReason,BotPermissionSummary,AnyDirectionalBotAllowed,AnySizePctPositive,SimTestingMode,StateAgeBars,StaleDataFlag","Archived V3D HMM, macro, latest, and history snapshots."
"02_HMM_Macro_Outputs","V3D\History\Archives\NQ_V3D_Macro_20260427_20260427_183716.csv","02_HMM_Macro_Outputs\V3D\History\Archives\NQ_V3D_Macro_20260427_20260427_183716.csv","3669911","2026-04-27 16:10:10","14986","session_key,trade_date,checkpoint_time,phase,symbol,last_price,rth_open,session_vwap,close_vs_vwap_atr,net_move_since_open_atr,directional_efficiency_since_open,de_recent_3bar,de_effective,ib_extension_pct,ib_width_so_far,ib_width_atr,atr_5m,velocity_3cp_atr,daily_volume,two_sided_trade_flag,returned_to_open_flag,value_break_accept_flag,open_in_pd_value_flag,open_in_on_value_flag,close_in_pd_value_flag,close_in_on_value_flag,inside_value_score,on_type,official_regime_label,official_bias_label,checkpoint_state,volatility_state,playbook_state,atr_pctile_20d,rvol_vs_20d,prior_day_type","Archived V3D HMM, macro, latest, and history snapshots."
"02_HMM_Macro_Outputs","V3D\History\Archives\NQ_V3D_Macro_20260427_20260427_184149.csv","02_HMM_Macro_Outputs\V3D\History\Archives\NQ_V3D_Macro_20260427_20260427_184149.csv","3669911","2026-04-27 16:10:10","14986","session_key,trade_date,checkpoint_time,phase,symbol,last_price,rth_open,session_vwap,close_vs_vwap_atr,net_move_since_open_atr,directional_efficiency_since_open,de_recent_3bar,de_effective,ib_extension_pct,ib_width_so_far,ib_width_atr,atr_5m,velocity_3cp_atr,daily_volume,two_sided_trade_flag,returned_to_open_flag,value_break_accept_flag,open_in_pd_value_flag,open_in_on_value_flag,close_in_pd_value_flag,close_in_on_value_flag,inside_value_score,on_type,official_regime_label,official_bias_label,checkpoint_state,volatility_state,playbook_state,atr_pctile_20d,rvol_vs_20d,prior_day_type","Archived V3D HMM, macro, latest, and history snapshots."
"02_HMM_Macro_Outputs","V3D\History\Archives\NQ_V3D_Macro_20260428_20260428_164402.csv","02_HMM_Macro_Outputs\V3D\History\Archives\NQ_V3D_Macro_20260428_20260428_164402.csv","3915316","2026-04-28 16:43:29","15006","session_key,trade_date,checkpoint_time,phase,symbol,last_price,rth_open,session_vwap,close_vs_vwap_atr,net_move_since_open_atr,directional_efficiency_since_open,de_recent_3bar,de_effective,ib_extension_pct,ib_width_so_far,ib_width_atr,atr_5m,velocity_3cp_atr,daily_volume,two_sided_trade_flag,returned_to_open_flag,value_break_accept_flag,open_in_pd_value_flag,open_in_on_value_flag,close_in_pd_value_flag,close_in_on_value_flag,inside_value_score,on_type,official_regime_label,official_bias_label,checkpoint_state,volatility_state,playbook_state,ib_high_so_far,ib_low_so_far,pd_vah,pd_val,atr_pctile_20d,rvol_vs_20d,prior_day_type","Archived V3D HMM, macro, latest, and history snapshots."
"02_HMM_Macro_Outputs","V3D\History\Archives\NQ_V3D_Macro_20260429_20260429_161049.csv","02_HMM_Macro_Outputs\V3D\History\Archives\NQ_V3D_Macro_20260429_20260429_161049.csv","3920725","2026-04-29 16:10:19","15026","session_key,trade_date,checkpoint_time,phase,symbol,last_price,rth_open,session_vwap,close_vs_vwap_atr,net_move_since_open_atr,directional_efficiency_since_open,de_recent_3bar,de_effective,ib_extension_pct,ib_width_so_far,ib_width_atr,atr_5m,velocity_3cp_atr,daily_volume,two_sided_trade_flag,returned_to_open_flag,value_break_accept_flag,open_in_pd_value_flag,open_in_on_value_flag,close_in_pd_value_flag,close_in_on_value_flag,inside_value_score,on_type,official_regime_label,official_bias_label,checkpoint_state,volatility_state,playbook_state,ib_high_so_far,ib_low_so_far,pd_vah,pd_val,atr_pctile_20d,rvol_vs_20d,prior_day_type","Archived V3D HMM, macro, latest, and history snapshots."
"02_HMM_Macro_Outputs","V3D\History\Archives\NQ_V3D_Macro_20260429_20260429_161116.csv","02_HMM_Macro_Outputs\V3D\History\Archives\NQ_V3D_Macro_20260429_20260429_161116.csv","3920725","2026-04-29 16:10:19","15026","session_key,trade_date,checkpoint_time,phase,symbol,last_price,rth_open,session_vwap,close_vs_vwap_atr,net_move_since_open_atr,directional_efficiency_since_open,de_recent_3bar,de_effective,ib_extension_pct,ib_width_so_far,ib_width_atr,atr_5m,velocity_3cp_atr,daily_volume,two_sided_trade_flag,returned_to_open_flag,value_break_accept_flag,open_in_pd_value_flag,open_in_on_value_flag,close_in_pd_value_flag,close_in_on_value_flag,inside_value_score,on_type,official_regime_label,official_bias_label,checkpoint_state,volatility_state,playbook_state,ib_high_so_far,ib_low_so_far,pd_vah,pd_val,atr_pctile_20d,rvol_vs_20d,prior_day_type","Archived V3D HMM, macro, latest, and history snapshots."
"02_HMM_Macro_Outputs","V3D\History\Archives\NQ_V3D_Macro_20260430_20260430_165359.csv","02_HMM_Macro_Outputs\V3D\History\Archives\NQ_V3D_Macro_20260430_20260430_165359.csv","3926139","2026-04-30 16:53:38","15046","session_key,trade_date,checkpoint_time,phase,symbol,last_price,rth_open,session_vwap,close_vs_vwap_atr,net_move_since_open_atr,directional_efficiency_since_open,de_recent_3bar,de_effective,ib_extension_pct,ib_width_so_far,ib_width_atr,atr_5m,velocity_3cp_atr,daily_volume,two_sided_trade_flag,returned_to_open_flag,value_break_accept_flag,open_in_pd_value_flag,open_in_on_value_flag,close_in_pd_value_flag,close_in_on_value_flag,inside_value_score,on_type,official_regime_label,official_bias_label,checkpoint_state,volatility_state,playbook_state,ib_high_so_far,ib_low_so_far,pd_vah,pd_val,atr_pctile_20d,rvol_vs_20d,prior_day_type","Archived V3D HMM, macro, latest, and history snapshots."
"02_HMM_Macro_Outputs","V3D\History\Archives\NQ_V3D_Macro_20260501_20260501_163746.csv","02_HMM_Macro_Outputs\V3D\History\Archives\NQ_V3D_Macro_20260501_20260501_163746.csv","3931554","2026-05-01 16:37:43","15066","session_key,trade_date,checkpoint_time,phase,symbol,last_price,rth_open,session_vwap,close_vs_vwap_atr,net_move_since_open_atr,directional_efficiency_since_open,de_recent_3bar,de_effective,ib_extension_pct,ib_width_so_far,ib_width_atr,atr_5m,velocity_3cp_atr,daily_volume,two_sided_trade_flag,returned_to_open_flag,value_break_accept_flag,open_in_pd_value_flag,open_in_on_value_flag,close_in_pd_value_flag,close_in_on_value_flag,inside_value_score,on_type,official_regime_label,official_bias_label,checkpoint_state,volatility_state,playbook_state,ib_high_so_far,ib_low_so_far,pd_vah,pd_val,atr_pctile_20d,rvol_vs_20d,prior_day_type","Archived V3D HMM, macro, latest, and history snapshots."
"02_HMM_Macro_Outputs","V3D\NQ_HMM_Regimes_V3D.csv","02_HMM_Macro_Outputs\V3D\NQ_HMM_Regimes_V3D.csv","579721","2026-05-01 16:00:21","4703","session_key,TimestampET,Symbol,StateId,RegimeLabel,StateProb_TrendUp,StateProb_TrendDown,StateProb_Balance,StateProb_Transition,HMM_FlipRate_5bar,HMM_PersistBars,SuggestedAdxMin,SuggestedCiMax,SuggestedSlopeGate,SuggestedStopBucket,ModelVersion,Tradeable,AllowLong,AllowShort","Current and prior model outputs for longitudinal regime comparison."
"02_HMM_Macro_Outputs","V3D\NQ_Macro_Regimes_V3D.csv","02_HMM_Macro_Outputs\V3D\NQ_Macro_Regimes_V3D.csv","3931554","2026-05-01 16:37:43","15066","session_key,trade_date,checkpoint_time,phase,symbol,last_price,rth_open,session_vwap,close_vs_vwap_atr,net_move_since_open_atr,directional_efficiency_since_open,de_recent_3bar,de_effective,ib_extension_pct,ib_width_so_far,ib_width_atr,atr_5m,velocity_3cp_atr,daily_volume,two_sided_trade_flag,returned_to_open_flag,value_break_accept_flag,open_in_pd_value_flag,open_in_on_value_flag,close_in_pd_value_flag,close_in_on_value_flag,inside_value_score,on_type,official_regime_label,official_bias_label,checkpoint_state,volatility_state,playbook_state,ib_high_so_far,ib_low_so_far,pd_vah,pd_val,atr_pctile_20d,rvol_vs_20d,prior_day_type","Current and prior model outputs for longitudinal regime comparison."
"03_Trade_Outcomes","accounts_registry.json","03_Trade_Outcomes\accounts_registry.json","5326","2026-04-30 18:14:38",,"","Trade outcome exports and data quality context."
"03_Trade_Outcomes","Logs\April_29_Trade_Analysis_Enriched.csv","03_Trade_Outcomes\Logs\April_29_Trade_Analysis_Enriched.csv","16611","2026-04-29 17:10:20","108","Instrument,Account,Market pos.,Qty,Entry price,Exit price,Entry time,Exit time,Profit,Cum. net profit,Commission,MAE,MFE,ETD,Unnamed: 14,Strategy,Net Profit","Trade outcome exports and data quality context."
"03_Trade_Outcomes","Logs\Orders.csv","03_Trade_Outcomes\Logs\Orders.csv","33862","2026-04-29 17:16:47","333","Action,Instrument,Type,Quantity,Limit,Stop,State,Filled,Name,Strategy,Account display name,Account name,Time,","Trade outcome exports and data quality context."
"03_Trade_Outcomes","Logs\Trades.csv","03_Trade_Outcomes\Logs\Trades.csv","19559","2026-04-29 17:16:36","108","Instrument,Trade number,Account,Strategy,Market pos.,Qty,Entry price,Exit price,Entry time,Exit time,Entry name,Exit name,Profit,Cum. net profit,Commission,MAE,MFE,ETD,Bars,","Trade outcome exports and data quality context."
"03_Trade_Outcomes","UNIFIED\AllModels_TradeLog_20260430.csv","03_Trade_Outcomes\UNIFIED\AllModels_TradeLog_20260430.csv","141584","2026-04-30 18:15:19","455","trade_date,entry_time,exit_time,model_version,account,strategy_name,bot_name,ab_mode,symbol,instrument,direction,contracts,entry_price,exit_price,gross_pnl,net_pnl,ticks,win_loss,exit_reason,entry_regime,entry_macro,entry_hmm,entry_phase,entry_confidence,entry_reason_code,broad_agree,v3c_regime_at_entry,trade_duration_min,risk_reward_actual,session_trade_rank,daily_pnl_running,export_timestamp,data_quality_flag","Trade outcome exports and data quality context."
"03_Trade_Outcomes","UNIFIED\AllModels_TradeLog_20260501.csv","03_Trade_Outcomes\UNIFIED\AllModels_TradeLog_20260501.csv","3555","2026-05-02 19:39:27","11","trade_date,entry_time,exit_time,model_version,account,strategy_name,bot_name,ab_mode,symbol,instrument,direction,contracts,entry_price,exit_price,gross_pnl,net_pnl,ticks,win_loss,exit_reason,initial_stop_price,initial_stop_distance,entry_regime,entry_macro,entry_hmm,entry_phase,entry_confidence,entry_reason_code,broad_agree,v3c_regime_at_entry,trade_duration_min,r_multiple,risk_reward_actual,session_trade_rank,daily_pnl_running,export_timestamp,data_quality_flag","Trade outcome exports and data quality context."
"03_Trade_Outcomes","UNIFIED\AllModels_TradeLog_ALL.csv","03_Trade_Outcomes\UNIFIED\AllModels_TradeLog_ALL.csv","38330","2026-05-02 19:39:13","120","trade_date,entry_time,exit_time,model_version,account,strategy_name,bot_name,ab_mode,symbol,instrument,direction,contracts,entry_price,exit_price,gross_pnl,net_pnl,ticks,win_loss,exit_reason,initial_stop_price,initial_stop_distance,entry_regime,entry_macro,entry_hmm,entry_phase,entry_confidence,entry_reason_code,broad_agree,v3c_regime_at_entry,trade_duration_min,r_multiple,risk_reward_actual,session_trade_rank,daily_pnl_running,export_timestamp,data_quality_flag","Trade outcome exports and data quality context."
"03_Trade_Outcomes","UNIFIED\DataQuality_Report_20260430.txt","03_Trade_Outcomes\UNIFIED\DataQuality_Report_20260430.txt","31201","2026-04-30 18:15:19","305","Data Quality Report 20260430","Trade outcome exports and data quality context."
"03_Trade_Outcomes","UNIFIED\DataQuality_Report_20260501.txt","03_Trade_Outcomes\UNIFIED\DataQuality_Report_20260501.txt","114","2026-05-02 19:39:27","6","Data Quality Report 20260501","Trade outcome exports and data quality context."
"03_Trade_Outcomes","UNIFIED\DataQuality_Report_ALL.txt","03_Trade_Outcomes\UNIFIED\DataQuality_Report_ALL.txt","2590","2026-05-02 19:39:13","33","Data Quality Report ALL","Trade outcome exports and data quality context."
"03_Trade_Outcomes","UNIFIED\Reports\Daily_Trade_Performance_20260501.md","03_Trade_Outcomes\UNIFIED\Reports\Daily_Trade_Performance_20260501.md","2000","2026-05-02 19:39:34","45","# Daily Trade Performance - 2026-05-01","Unified performance summaries and strategy lists."
"03_Trade_Outcomes","UNIFIED\Reports\EOW_Trade_Performance_20260501.md","03_Trade_Outcomes\UNIFIED\Reports\EOW_Trade_Performance_20260501.md","3729","2026-05-02 19:39:19","76","# End-of-Week Trade Performance - Week Ending 2026-05-01","Unified performance summaries and strategy lists."
"03_Trade_Outcomes","UNIFIED\Reports\OG_Candidate_File_List_20260502.md","03_Trade_Outcomes\UNIFIED\Reports\OG_Candidate_File_List_20260502.md","1254","2026-05-02 20:02:19","31","# OG / Original Candidate Strategy File List","Unified performance summaries and strategy lists."
"03_Trade_Outcomes","UNIFIED\Reports\Regime_Model_Master_Strategy_List_20260502.md","03_Trade_Outcomes\UNIFIED\Reports\Regime_Model_Master_Strategy_List_20260502.md","10990","2026-05-02 20:07:06","143","# Regime Model Master Strategy List","Unified performance summaries and strategy lists."
"03_Trade_Outcomes","UNIFIED\Reports\Stage1_EOD_EOW_Runbook_20260502.md","03_Trade_Outcomes\UNIFIED\Reports\Stage1_EOD_EOW_Runbook_20260502.md","7886","2026-05-02 20:02:27","124","# Stage 1 Trade Logging / EOD and EOW Export Runbook","Unified performance summaries and strategy lists."
"03_Trade_Outcomes","V1A\History\V1A_TradeLog_20260430.csv","03_Trade_Outcomes\V1A\History\V1A_TradeLog_20260430.csv","8192","2026-04-30 18:15:19","27","trade_date,entry_time,exit_time,model_version,account,strategy_name,bot_name,ab_mode,symbol,instrument,direction,contracts,entry_price,exit_price,gross_pnl,net_pnl,ticks,win_loss,exit_reason,entry_regime,entry_macro,entry_hmm,entry_phase,entry_confidence,entry_reason_code,broad_agree,v3c_regime_at_entry,trade_duration_min,risk_reward_actual,session_trade_rank,daily_pnl_running,export_timestamp,data_quality_flag","V1A trade logs."
"03_Trade_Outcomes","V1A\History\V1A_TradeLog_20260501.csv","03_Trade_Outcomes\V1A\History\V1A_TradeLog_20260501.csv","1123","2026-05-02 19:39:27","3","trade_date,entry_time,exit_time,model_version,account,strategy_name,bot_name,ab_mode,symbol,instrument,direction,contracts,entry_price,exit_price,gross_pnl,net_pnl,ticks,win_loss,exit_reason,initial_stop_price,initial_stop_distance,entry_regime,entry_macro,entry_hmm,entry_phase,entry_confidence,entry_reason_code,broad_agree,v3c_regime_at_entry,trade_duration_min,r_multiple,risk_reward_actual,session_trade_rank,daily_pnl_running,export_timestamp,data_quality_flag","V1A trade logs."
"03_Trade_Outcomes","V1A\History\V1A_TradeLog_ALL.csv","03_Trade_Outcomes\V1A\History\V1A_TradeLog_ALL.csv","1716","2026-05-02 19:39:13","5","trade_date,entry_time,exit_time,model_version,account,strategy_name,bot_name,ab_mode,symbol,instrument,direction,contracts,entry_price,exit_price,gross_pnl,net_pnl,ticks,win_loss,exit_reason,initial_stop_price,initial_stop_distance,entry_regime,entry_macro,entry_hmm,entry_phase,entry_confidence,entry_reason_code,broad_agree,v3c_regime_at_entry,trade_duration_min,r_multiple,risk_reward_actual,session_trade_rank,daily_pnl_running,export_timestamp,data_quality_flag","V1A trade logs."
"03_Trade_Outcomes","V1A\TradeLog\V1A_TradeLog.csv","03_Trade_Outcomes\V1A\TradeLog\V1A_TradeLog.csv","992","2026-05-01 10:35:02","3","trade_date,entry_time,exit_time,symbol,bot_name,model_version,direction,contracts,entry_price,exit_price,gross_pnl,net_pnl,ticks,win_loss,exit_reason,entry_regime,entry_macro,entry_hmm,entry_direction,entry_confidence,entry_conflict,entry_phase,entry_state_age,exit_regime,exit_macro,exit_hmm,exit_confidence,entry_size_pct,entry_velocity,entry_reason_code,account,instrument,notes","V1A active trade log."
"03_Trade_Outcomes","V1B\History\V1B_TradeLog_20260501.csv","03_Trade_Outcomes\V1B\History\V1B_TradeLog_20260501.csv","777","2026-05-02 19:39:27","2","trade_date,entry_time,exit_time,model_version,account,strategy_name,bot_name,ab_mode,symbol,instrument,direction,contracts,entry_price,exit_price,gross_pnl,net_pnl,ticks,win_loss,exit_reason,initial_stop_price,initial_stop_distance,entry_regime,entry_macro,entry_hmm,entry_phase,entry_confidence,entry_reason_code,broad_agree,v3c_regime_at_entry,trade_duration_min,r_multiple,risk_reward_actual,session_trade_rank,daily_pnl_running,export_timestamp,data_quality_flag","V1B trade logs."
"03_Trade_Outcomes","V1B\History\V1B_TradeLog_ALL.csv","03_Trade_Outcomes\V1B\History\V1B_TradeLog_ALL.csv","777","2026-05-02 19:39:13","2","trade_date,entry_time,exit_time,model_version,account,strategy_name,bot_name,ab_mode,symbol,instrument,direction,contracts,entry_price,exit_price,gross_pnl,net_pnl,ticks,win_loss,exit_reason,initial_stop_price,initial_stop_distance,entry_regime,entry_macro,entry_hmm,entry_phase,entry_confidence,entry_reason_code,broad_agree,v3c_regime_at_entry,trade_duration_min,r_multiple,risk_reward_actual,session_trade_rank,daily_pnl_running,export_timestamp,data_quality_flag","V1B trade logs."
"03_Trade_Outcomes","V1B\TradeLog\V1B_TradeLog.csv","03_Trade_Outcomes\V1B\TradeLog\V1B_TradeLog.csv","383","2026-04-30 19:07:04","1","trade_date,entry_time,exit_time,symbol,bot_name,model_version,direction,contracts,entry_price,exit_price,gross_pnl,net_pnl,ticks,win_loss,exit_reason,entry_regime,entry_macro,entry_hmm,entry_direction,entry_confidence,entry_conflict,entry_phase,entry_state_age,exit_regime,exit_macro,exit_hmm,exit_confidence,entry_size_pct,entry_velocity,entry_reason_code,account,instrument,notes","V1B active trade log."
"03_Trade_Outcomes","V3D\History\V3D_Trade_Log_Enriched.csv","03_Trade_Outcomes\V3D\History\V3D_Trade_Log_Enriched.csv","450409","2026-05-01 16:37:48","1484","trade_date,entry_time,exit_time,symbol,bot_name,model_version,direction,contracts,entry_price,exit_price,gross_pnl,net_pnl,ticks,win_loss,exit_reason,entry_regime,entry_macro,entry_hmm,entry_direction,entry_confidence,entry_conflict,entry_phase,entry_state_age,exit_regime,exit_macro,exit_hmm,exit_confidence,entry_size_pct,entry_velocity,entry_reason_code,account,instrument,trade_duration_min,regime_held,regime_changed_during,entry_broad_regime,in_correct_regime,ticks_per_minute,session_trade_rank,daily_pnl_running,risk_reward_actual","Trade outcome exports and data quality context."
"03_Trade_Outcomes","V3D\History\V3D_TradeLog_20260430.csv","03_Trade_Outcomes\V3D\History\V3D_TradeLog_20260430.csv","25091","2026-04-30 18:15:19","85","trade_date,entry_time,exit_time,model_version,account,strategy_name,bot_name,ab_mode,symbol,instrument,direction,contracts,entry_price,exit_price,gross_pnl,net_pnl,ticks,win_loss,exit_reason,entry_regime,entry_macro,entry_hmm,entry_phase,entry_confidence,entry_reason_code,broad_agree,v3c_regime_at_entry,trade_duration_min,risk_reward_actual,session_trade_rank,daily_pnl_running,export_timestamp,data_quality_flag","V3D trade logs."
"03_Trade_Outcomes","V3D\History\V3D_TradeLog_20260501.csv","03_Trade_Outcomes\V3D\History\V3D_TradeLog_20260501.csv","2265","2026-05-02 19:39:27","7","trade_date,entry_time,exit_time,model_version,account,strategy_name,bot_name,ab_mode,symbol,instrument,direction,contracts,entry_price,exit_price,gross_pnl,net_pnl,ticks,win_loss,exit_reason,initial_stop_price,initial_stop_distance,entry_regime,entry_macro,entry_hmm,entry_phase,entry_confidence,entry_reason_code,broad_agree,v3c_regime_at_entry,trade_duration_min,r_multiple,risk_reward_actual,session_trade_rank,daily_pnl_running,export_timestamp,data_quality_flag","V3D trade logs."
"03_Trade_Outcomes","V3D\History\V3D_TradeLog_ALL.csv","03_Trade_Outcomes\V3D\History\V3D_TradeLog_ALL.csv","15761","2026-05-02 19:39:13","52","trade_date,entry_time,exit_time,model_version,account,strategy_name,bot_name,ab_mode,symbol,instrument,direction,contracts,entry_price,exit_price,gross_pnl,net_pnl,ticks,win_loss,exit_reason,initial_stop_price,initial_stop_distance,entry_regime,entry_macro,entry_hmm,entry_phase,entry_confidence,entry_reason_code,broad_agree,v3c_regime_at_entry,trade_duration_min,r_multiple,risk_reward_actual,session_trade_rank,daily_pnl_running,export_timestamp,data_quality_flag","V3D trade logs."
"03_Trade_Outcomes","V3D\Reports\NinjaTrader Grid 2026-05-01 04-27 PM.csv","03_Trade_Outcomes\V3D\Reports\NinjaTrader Grid 2026-05-01 04-27 PM.csv","30625","2026-05-01 16:28:05","186","Trade number,Instrument,Account,Strategy,Market pos.,Qty,Entry price,Exit price,Entry time,Exit time,Entry name,Exit name,Profit,Cum. net profit,Commission,MAE,MFE,ETD,Bars,","V3D trade/report exports."
"03_Trade_Outcomes","V3D\Reports\Weekly_V3D_Trade_Summary_2026-05-01.md","03_Trade_Outcomes\V3D\Reports\Weekly_V3D_Trade_Summary_2026-05-01.md","6809","2026-05-01 16:32:00","130","# V3D Weekly Trade Summary","V3D trade/report exports."
"03_Trade_Outcomes","V3D\Reports\Weekly_V3D_Trade_Summary_2026-05-01_Addendum.md","03_Trade_Outcomes\V3D\Reports\Weekly_V3D_Trade_Summary_2026-05-01_Addendum.md","6322","2026-05-02 20:02:38","94","# Weekly V3D Summary Addendum","V3D trade/report exports."
"03_Trade_Outcomes","V3D\TradeLog\V3D_TradeLog.csv","03_Trade_Outcomes\V3D\TradeLog\V3D_TradeLog.csv","403720","2026-05-01 12:15:00","1484","trade_date,entry_time,exit_time,symbol,bot_name,model_version,direction,contracts,entry_price,exit_price,gross_pnl,net_pnl,ticks,win_loss,exit_reason,entry_regime,entry_macro,entry_hmm,entry_direction,entry_confidence,entry_conflict,entry_phase,entry_state_age,exit_regime,exit_macro,exit_hmm,exit_confidence,entry_size_pct,entry_velocity,entry_reason_code,account,instrument","V3D active trade log."
"04_Gate_Logs_Overrides","Logs\NinjaTrader Grid 2026-04-29 04-17 PM.csv","04_Gate_Logs_Overrides\Logs\NinjaTrader Grid 2026-04-29 04-17 PM.csv","34737","2026-04-29 16:17:32","333","Action,Type,Quantity,Limit,Stop,State,Filled,Name,Strategy,Account display name,Time,","NinjaTrader exports and execution/order snapshots."
"04_Gate_Logs_Overrides","Logs\NinjaTrader Grid 2026-04-29 05-02 PM executions.csv","04_Gate_Logs_Overrides\Logs\NinjaTrader Grid 2026-04-29 05-02 PM executions.csv","34021","2026-04-29 17:02:57","215","Instrument,Action,Quantity,Price,Time,ID,E/X,Position,Order ID,Name,Commission,Rate,Account,Connection,","NinjaTrader exports and execution/order snapshots."
"04_Gate_Logs_Overrides","Logs\NinjaTrader Grid 2026-04-29 05-02 PM.csv","04_Gate_Logs_Overrides\Logs\NinjaTrader Grid 2026-04-29 05-02 PM.csv","14821","2026-04-29 17:02:28","108","Instrument,Account,Market pos.,Qty,Entry price,Exit price,Entry time,Exit time,Profit,Cum. net profit,Commission,MAE,MFE,ETD,","NinjaTrader exports and execution/order snapshots."
"04_Gate_Logs_Overrides","Logs\NinjaTrader Grid 2026-04-29 05-03 PM orders.csv","04_Gate_Logs_Overrides\Logs\NinjaTrader Grid 2026-04-29 05-03 PM orders.csv","54601","2026-04-29 17:03:17","333","Instrument,Action,Type,Quantity,Limit,Stop,State,Filled,Avg. price,Remaining,Name,OCO,TIF,Account,Connection,ID,Strategy,Time,","NinjaTrader exports and execution/order snapshots."
"04_Gate_Logs_Overrides","Logs\NinjaTrader Grid 2026-04-29 05-05 PM Time of Day.csv","04_Gate_Logs_Overrides\Logs\NinjaTrader Grid 2026-04-29 05-05 PM Time of Day.csv","2237","2026-04-29 17:05:27","13","Period,#,Cum. net profit,Net profit,Gross profit,Gross loss,Commission,Cum. max. drawdown,Max. drawdown,% Win,Avg. trade,Avg. winner,Avg. loser,Lrg. winner,Lrg. loser,MTR,Avg. MAE,Avg. MFE,Avg. ETD,% Trade,Entry efficiency,Exit efficiency,Total efficiency,","NinjaTrader exports and execution/order snapshots."
"04_Gate_Logs_Overrides","Logs\NinjaTrader Grid 2026-04-30 04-26 PM_Trades.csv","04_Gate_Logs_Overrides\Logs\NinjaTrader Grid 2026-04-30 04-26 PM_Trades.csv","7124","2026-04-30 16:26:46","43","Trade number,Instrument,Account,Strategy,Market pos.,Qty,Entry price,Exit price,Entry time,Exit time,Entry name,Exit name,Profit,Cum. net profit,Commission,MAE,MFE,ETD,Bars,","NinjaTrader exports and execution/order snapshots."
"04_Gate_Logs_Overrides","Overrides\HUD_Override_Log.csv","04_Gate_Logs_Overrides\Overrides\HUD_Override_Log.csv","165","2026-04-28 11:18:40","3","TimestampET,Symbol,Bot,OverrideState,Mode,Reason","Manual/auto HUD override audit trail."
"04_Gate_Logs_Overrides","V3C\Reports\V3C_Regime_Report_20260427.txt","04_Gate_Logs_Overrides\V3C\Reports\V3C_Regime_Report_20260427.txt","7328","2026-04-28 14:04:34","102","V3C Daily Regime Report","Daily V3C regime reports."
"04_Gate_Logs_Overrides","V3C\Reports\V3C_Regime_Report_20260428.txt","04_Gate_Logs_Overrides\V3C\Reports\V3C_Regime_Report_20260428.txt","14048","2026-04-29 09:18:08","155","V3C Daily Regime Report","Daily V3C regime reports."
"04_Gate_Logs_Overrides","V3C\Reports\V3C_Regime_Report_20260429.txt","04_Gate_Logs_Overrides\V3C\Reports\V3C_Regime_Report_20260429.txt","13829","2026-04-30 08:35:39","153","V3C Daily Regime Report","Daily V3C regime reports."
"04_Gate_Logs_Overrides","V3C\Reports\V3C_Regime_Report_20260430.txt","04_Gate_Logs_Overrides\V3C\Reports\V3C_Regime_Report_20260430.txt","13839","2026-05-01 08:43:05","155","V3C Daily Regime Report","Daily V3C regime reports."
"04_Gate_Logs_Overrides","V3C\Reports\V3C_Regime_Report_20260501.txt","04_Gate_Logs_Overrides\V3C\Reports\V3C_Regime_Report_20260501.txt","13787","2026-05-01 16:37:48","153","V3C Daily Regime Report","Daily V3C regime reports."
"04_Gate_Logs_Overrides","V3D\Logs\StageA_Macro_stderr.log","04_Gate_Logs_Overrides\V3D\Logs\StageA_Macro_stderr.log","0","2026-04-28 12:30:07","0","","Stage A/B/C live stdout/stderr logs."
"04_Gate_Logs_Overrides","V3D\Logs\StageA_Macro_stdout.log","04_Gate_Logs_Overrides\V3D\Logs\StageA_Macro_stdout.log","288992","2026-04-28 16:43:41","3448","2026-04-28 12:30:08,213 [INFO] === MacroRegimeBuilder V3D — LIVE MODE (interval=30s) ===","Stage A/B/C live stdout/stderr logs."
"04_Gate_Logs_Overrides","V3D\Logs\StageB_HMM_stderr.log","04_Gate_Logs_Overrides\V3D\Logs\StageB_HMM_stderr.log","0","2026-04-28 12:30:12","0","","Stage A/B/C live stdout/stderr logs."
"04_Gate_Logs_Overrides","V3D\Logs\StageB_HMM_stdout.log","04_Gate_Logs_Overrides\V3D\Logs\StageB_HMM_stdout.log","231515","2026-04-28 16:43:51","2254","2026-04-28 12:30:14,368 [INFO] === HMMWatchdog V3D — LIVE MODE (interval=30s) ===","Stage A/B/C live stdout/stderr logs."
"04_Gate_Logs_Overrides","V3D\Logs\StageC_Supervisor_stderr.log","04_Gate_Logs_Overrides\V3D\Logs\StageC_Supervisor_stderr.log","0","2026-04-28 12:30:17","0","","Stage A/B/C live stdout/stderr logs."
"04_Gate_Logs_Overrides","V3D\Logs\StageC_Supervisor_stdout.log","04_Gate_Logs_Overrides\V3D\Logs\StageC_Supervisor_stdout.log","758096","2026-04-28 16:43:50","15148","2026-04-28 12:30:18,254 [INFO] === SIM TESTING MODE ENABLED: compression=50, emerging=30, ADX_DI/Sniper scout lane on ===","Stage A/B/C live stdout/stderr logs."
"04_Gate_Logs_Overrides","V3D\Reports\V3D_Regime_Report_20260427.txt","04_Gate_Logs_Overrides\V3D\Reports\V3D_Regime_Report_20260427.txt","11498","2026-04-28 11:29:02","147","V3D Daily Regime Report","Daily V3D regime reports."
"04_Gate_Logs_Overrides","V3D\Reports\V3D_Regime_Report_20260428.txt","04_Gate_Logs_Overrides\V3D\Reports\V3D_Regime_Report_20260428.txt","14051","2026-04-29 09:18:25","169","V3D Daily Regime Report","Daily V3D regime reports."
"04_Gate_Logs_Overrides","V3D\Reports\V3D_Regime_Report_20260429.txt","04_Gate_Logs_Overrides\V3D\Reports\V3D_Regime_Report_20260429.txt","12548","2026-04-30 08:36:34","161","V3D Daily Regime Report","Daily V3D regime reports."
"04_Gate_Logs_Overrides","V3D\Reports\V3D_Regime_Report_20260430.txt","04_Gate_Logs_Overrides\V3D\Reports\V3D_Regime_Report_20260430.txt","9512","2026-05-01 11:10:57","140","V3D Daily Regime Report","Daily V3D regime reports."
"04_Gate_Logs_Overrides","V3D\Reports\V3D_Regime_Report_20260501.txt","04_Gate_Logs_Overrides\V3D\Reports\V3D_Regime_Report_20260501.txt","11092","2026-05-01 16:37:46","147","V3D Daily Regime Report","Daily V3D regime reports."
"05_Raw_Inputs_Footprint","Active\Footprint_Export.csv","05_Raw_Inputs_Footprint\Active\Footprint_Export.csv","60","2026-05-02 19:42:51","1","TimestampET,Signal,Volume,Delta,DeltaPct,VwapDistanceTicks","Raw input, footprint, or value-area source material."
"05_Raw_Inputs_Footprint","Archive\ES_1min_export.txt","05_Raw_Inputs_Footprint\Archive\ES_1min_export.txt","5127746","2026-04-24 16:59:00","104351","20260104 180100;6961.25;6961.25;6954.75;6956.25;1613","Raw input, footprint, or value-area source material."
"05_Raw_Inputs_Footprint","Archive\NQ_1min_export.txt","05_Raw_Inputs_Footprint\Archive\NQ_1min_export.txt","5530878","2026-04-24 16:59:00","104853","20260104 180100;25640.5;25652.75;25627;25650.75;561","Raw input, footprint, or value-area source material."
"05_Raw_Inputs_Footprint","Archive\NQ_MAR26_1m_2026-01-01_to_2026-04-03.txt","05_Raw_Inputs_Footprint\Archive\NQ_MAR26_1m_2026-01-01_to_2026-04-03.txt","3668768","2026-04-03 15:13:26","69905","20260101 230100;25478.5;25484;25467.25;25476.75;349","Raw input, footprint, or value-area source material."
"05_Raw_Inputs_Footprint","Exports\ES_1min_export.txt","05_Raw_Inputs_Footprint\Exports\ES_1min_export.txt","53417040","2026-05-01 16:59:00","1028273","20230601 040100;4193.00;4193.50;4192.50;4192.50;65","Raw input, footprint, or value-area source material."
"05_Raw_Inputs_Footprint","Exports\NQ_1min_export.txt","05_Raw_Inputs_Footprint\Exports\NQ_1min_export.txt","57306212","2026-05-01 16:59:00","1030297","20230601 040100;14280.00;14281.00;14278.25;14278.50;33","Raw input, footprint, or value-area source material."
"05_Raw_Inputs_Footprint","Exports\ValueArea_ES.csv","05_Raw_Inputs_Footprint\Exports\ValueArea_ES.csv","31765","2026-05-01 18:23:43","508","Date,Symbol,POC,VAH,VAL,DailyVolume,ONHigh,ONLow","Raw input, footprint, or value-area source material."
"05_Raw_Inputs_Footprint","Exports\ValueArea_NQ.csv","05_Raw_Inputs_Footprint\Exports\ValueArea_NQ.csv","34067","2026-05-01 18:22:47","509","Date,Symbol,POC,VAH,VAL,DailyVolume,ONHigh,ONLow","Raw input, footprint, or value-area source material."
"05_Raw_Inputs_Footprint","MacroRegime\data\raw\ES\ES_Continuous_20230601_20260424_Audit.md","05_Raw_Inputs_Footprint\MacroRegime\data\raw\ES\ES_Continuous_20230601_20260424_Audit.md","5974","2026-04-25 13:55:22","88","# ES Continuous Stitch Audit","Raw continuous-data audit notes."
"05_Raw_Inputs_Footprint","MacroRegime\data\raw\ES\ES_Continuous_20230601_20260424_Manifest.csv","05_Raw_Inputs_Footprint\MacroRegime\data\raw\ES\ES_Continuous_20230601_20260424_Manifest.csv","2131","2026-04-25 13:55:22","14","contract,source_file,contract_sequence,original_rows,rows_after_date_filter,bad_timestamps_removed,bad_ohlc_removed,duplicate_timestamps_within_file_removed,first_timestamp,last_timestamp","Raw continuous-data manifests."
"05_Raw_Inputs_Footprint","MacroRegime\data\raw\ES\ES_Continuous_20230601_20260424_RollWindows.csv","05_Raw_Inputs_Footprint\MacroRegime\data\raw\ES\ES_Continuous_20230601_20260424_RollWindows.csv","2911","2026-04-25 13:55:22","14","contract_used,source_file,roll_window_start_inclusive,roll_window_end_inclusive,next_contract_boundary_exclusive,rows_used,first_open,last_close,previous_contract,previous_last_close,roll_gap_points,roll_gap_pct","Roll window metadata."
"05_Raw_Inputs_Footprint","MacroRegime\data\raw\NQ\NQ_Continuous_20230101_20260424_Audit.md","05_Raw_Inputs_Footprint\MacroRegime\data\raw\NQ\NQ_Continuous_20230101_20260424_Audit.md","6131","2026-04-25 13:50:00","89","# NQ Continuous Stitch Audit","Raw continuous-data audit notes."
"05_Raw_Inputs_Footprint","MacroRegime\data\raw\NQ\NQ_Continuous_20230101_20260424_Manifest.csv","05_Raw_Inputs_Footprint\MacroRegime\data\raw\NQ\NQ_Continuous_20230101_20260424_Manifest.csv","2129","2026-04-25 13:50:00","14","contract,source_file,contract_sequence,original_rows,rows_after_date_filter,bad_timestamps_removed,bad_ohlc_removed,duplicate_timestamps_within_file_removed,first_timestamp,last_timestamp","Raw continuous-data manifests."
"05_Raw_Inputs_Footprint","MacroRegime\data\raw\NQ\NQ_Continuous_20230101_20260424_RollWindows.csv","05_Raw_Inputs_Footprint\MacroRegime\data\raw\NQ\NQ_Continuous_20230101_20260424_RollWindows.csv","2971","2026-04-25 13:50:00","14","contract_used,source_file,roll_window_start_inclusive,roll_window_end_inclusive,next_contract_boundary_exclusive,rows_used,first_open,last_close,previous_contract,previous_last_close,roll_gap_points,roll_gap_pct","Roll window metadata."
"06_OG_Baseline","Archive\CL_April 25 to April 26 Performance bot 3-1130.csv","06_OG_Baseline\Archive\CL_April 25 to April 26 Performance bot 3-1130.csv","484867","2026-04-05 21:28:23","3199","Trade number,Instrument,Account,Strategy,Market pos.,Qty,Entry price,Exit price,Entry time,Exit time,Entry name,Exit name,Profit,Cum. net profit,Commission,MAE,MFE,ETD,Bars,","Archived high-level performance bot exports."
"06_OG_Baseline","Archive\ES_April 25 to April 26 Performance bot ALL.csv","06_OG_Baseline\Archive\ES_April 25 to April 26 Performance bot ALL.csv","1187027","2026-04-05 18:15:22","7449","Trade number,Instrument,Account,Strategy,Market pos.,Qty,Entry price,Exit price,Entry time,Exit time,Entry name,Exit name,Profit,Cum. net profit,Commission,MAE,MFE,ETD,Bars,","Archived high-level performance bot exports."
"06_OG_Baseline","Archive\GC_April 25 to April 26 Performance bot 3-1130.csv","06_OG_Baseline\Archive\GC_April 25 to April 26 Performance bot 3-1130.csv","567707","2026-04-05 21:27:25","3589","Trade number,Instrument,Account,Strategy,Market pos.,Qty,Entry price,Exit price,Entry time,Exit time,Entry name,Exit name,Profit,Cum. net profit,Commission,MAE,MFE,ETD,Bars,","Archived high-level performance bot exports."
"06_OG_Baseline","Archive\NQ_April 25 to April 26 Performance bot 300am to 1600pm.csv","06_OG_Baseline\Archive\NQ_April 25 to April 26 Performance bot 300am to 1600pm.csv","1357861","2026-04-05 17:24:47","8320","Trade number,Instrument,Account,Strategy,Market pos.,Qty,Entry price,Exit price,Entry time,Exit time,Entry name,Exit name,Profit,Cum. net profit,Commission,MAE,MFE,ETD,Bars,","Archived high-level performance bot exports."
"06_OG_Baseline","Archive\NQ_April 25 to April 26 Performance bot 830am to 1600pm.csv","06_OG_Baseline\Archive\NQ_April 25 to April 26 Performance bot 830am to 1600pm.csv","502330","2026-04-05 17:14:29","3081","Trade number,Instrument,Account,Strategy,Market pos.,Qty,Entry price,Exit price,Entry time,Exit time,Entry name,Exit name,Profit,Cum. net profit,Commission,MAE,MFE,ETD,Bars,","Archived high-level performance bot exports."
"06_OG_Baseline","Archive\NQ_April 25 to April 26 Performance bot ALL.csv","06_OG_Baseline\Archive\NQ_April 25 to April 26 Performance bot ALL.csv","2265479","2026-04-05 17:28:08","13879","Trade number,Instrument,Account,Strategy,Market pos.,Qty,Entry price,Exit price,Entry time,Exit time,Entry name,Exit name,Profit,Cum. net profit,Commission,MAE,MFE,ETD,Bars,","Archived high-level performance bot exports."
"06_OG_Baseline","Archive\NQ_April 25 to April 26 Performance bot.csv","06_OG_Baseline\Archive\NQ_April 25 to April 26 Performance bot.csv","568815","2026-04-05 16:52:45","3501","Trade number,Instrument,Account,Strategy,Market pos.,Qty,Entry price,Exit price,Entry time,Exit time,Entry name,Exit name,Profit,Cum. net profit,Commission,MAE,MFE,ETD,Bars,","Archived high-level performance bot exports."
"06_OG_Baseline","Archive\Stage1TradeLogBackup_OG3_20260502-195908\@@AdxDiCrossOG.cs","06_OG_Baseline\Archive\Stage1TradeLogBackup_OG3_20260502-195908\@@AdxDiCrossOG.cs","13876","2026-04-15 17:35:23",,"","OG strategy source snapshots after Stage 1 logging patch."
"06_OG_Baseline","Archive\Stage1TradeLogBackup_OG3_20260502-195908\AdxDiCrossBracketOG.cs","06_OG_Baseline\Archive\Stage1TradeLogBackup_OG3_20260502-195908\AdxDiCrossBracketOG.cs","24752","2026-04-15 17:31:55",,"","OG strategy source snapshots after Stage 1 logging patch."
"06_OG_Baseline","Archive\Stage1TradeLogBackup_OG3_20260502-195908\AdxDiCrossStrategyPineTrail.cs","06_OG_Baseline\Archive\Stage1TradeLogBackup_OG3_20260502-195908\AdxDiCrossStrategyPineTrail.cs","20228","2026-04-15 17:38:09",,"","OG strategy source snapshots after Stage 1 logging patch."
"06_OG_Baseline","UNIFIED\Strategy Analyzer\bot tests\ADX_OG_04152026WEDS.csv","06_OG_Baseline\UNIFIED\Strategy Analyzer\bot tests\ADX_OG_04152026WEDS.csv","1211","2026-04-15 15:41:15","6","Period,#,Cum. net profit,Net profit,Gross profit,Gross loss,Commission,Cum. max. drawdown,Max. drawdown,% Win,Avg. trade,Avg. winner,Avg. loser,Lrg. winner,Lrg. loser,MTR,Avg. MAE,Avg. MFE,Avg. ETD,% Trade,Sharpe,Profit p.m.,Sortino,Ulcer,Entry efficiency,Exit efficiency,Total efficiency,","Strategy Analyzer baseline and bot-test exports, including OG candidates."
"06_OG_Baseline","UNIFIED\Strategy Analyzer\bot tests\ADX_OG_Jan26_Apr10.csv","06_OG_Baseline\UNIFIED\Strategy Analyzer\bot tests\ADX_OG_Jan26_Apr10.csv","1516","2026-04-12 10:07:32","46","Performance,All trades,Long trades,Short trades,","Strategy Analyzer baseline and bot-test exports, including OG candidates."
"06_OG_Baseline","UNIFIED\Strategy Analyzer\bot tests\ADX_OG_Jan26_Apr10_WALKOPT.csv","06_OG_Baseline\UNIFIED\Strategy Analyzer\bot tests\ADX_OG_Jan26_Apr10_WALKOPT.csv","11981","2026-04-12 10:29:15","12","Instrument,Performance,Parameters,Total net profit,Gross profit,Gross loss,Profit factor,Max. drawdown,Total # of trades,Percent profitable,","Strategy Analyzer baseline and bot-test exports, including OG candidates."
"06_OG_Baseline","UNIFIED\Strategy Analyzer\bot tests\ADX_OG_Jan26_Apr10trades.csv","06_OG_Baseline\UNIFIED\Strategy Analyzer\bot tests\ADX_OG_Jan26_Apr10trades.csv","119434","2026-04-12 16:11:06","687","Trade number,Instrument,Account,Strategy,Market pos.,Qty,Entry price,Exit price,Entry time,Exit time,Entry name,Exit name,Profit,Cum. net profit,Commission,MAE,MFE,ETD,Bars,","Strategy Analyzer baseline and bot-test exports, including OG candidates."
"06_OG_Baseline","UNIFIED\Strategy Analyzer\bot tests\ADX_Pine__Jan26_Apr10.csv","06_OG_Baseline\UNIFIED\Strategy Analyzer\bot tests\ADX_Pine__Jan26_Apr10.csv","1526","2026-04-12 10:10:40","46","Performance,All trades,Long trades,Short trades,","Strategy Analyzer baseline and bot-test exports, including OG candidates."
"06_OG_Baseline","UNIFIED\Strategy Analyzer\bot tests\ADX_Pine__Jan26_Apr10_individualtrades.csv","06_OG_Baseline\UNIFIED\Strategy Analyzer\bot tests\ADX_Pine__Jan26_Apr10_individualtrades.csv","242322","2026-04-12 10:15:26","1297","Trade number,Instrument,Account,Strategy,Market pos.,Qty,Entry price,Exit price,Entry time,Exit time,Entry name,Exit name,Profit,Cum. net profit,Commission,MAE,MFE,ETD,Bars,","Strategy Analyzer baseline and bot-test exports, including OG candidates."
"06_OG_Baseline","UNIFIED\Strategy Analyzer\bot tests\ADX_Pine__Jan26_Apr10_TRADES.csv","06_OG_Baseline\UNIFIED\Strategy Analyzer\bot tests\ADX_Pine__Jan26_Apr10_TRADES.csv","242322","2026-04-12 16:13:54","1297","Trade number,Instrument,Account,Strategy,Market pos.,Qty,Entry price,Exit price,Entry time,Exit time,Entry name,Exit name,Profit,Cum. net profit,Commission,MAE,MFE,ETD,Bars,","Strategy Analyzer baseline and bot-test exports, including OG candidates."
"06_OG_Baseline","UNIFIED\Strategy Analyzer\bot tests\ADX_Pine__Jan26_Apr10WALK_OPT.csv","06_OG_Baseline\UNIFIED\Strategy Analyzer\bot tests\ADX_Pine__Jan26_Apr10WALK_OPT.csv","3159","2026-04-12 11:01:13","6","Instrument,Performance,Start date,End date,Parameters,Total net profit,Gross profit,Gross loss,Profit factor,Max. drawdown,Total # of trades,Percent profitable,","Strategy Analyzer baseline and bot-test exports, including OG candidates."
"06_OG_Baseline","UNIFIED\Strategy Analyzer\bot tests\Momentumv1.2_Jan26_Apr10.csv","06_OG_Baseline\UNIFIED\Strategy Analyzer\bot tests\Momentumv1.2_Jan26_Apr10.csv","1521","2026-04-12 10:02:09","46","Performance,All trades,Long trades,Short trades,","Strategy Analyzer baseline and bot-test exports, including OG candidates."
"06_OG_Baseline","UNIFIED\Strategy Analyzer\bot tests\Momentumv1.2_Jan26_Apr10_trades.csv","06_OG_Baseline\UNIFIED\Strategy Analyzer\bot tests\Momentumv1.2_Jan26_Apr10_trades.csv","103752","2026-04-12 10:18:14","643","Trade number,Instrument,Account,Strategy,Market pos.,Qty,Entry price,Exit price,Entry time,Exit time,Entry name,Exit name,Profit,Cum. net profit,Commission,MAE,MFE,ETD,Bars,","Strategy Analyzer baseline and bot-test exports, including OG candidates."
"06_OG_Baseline","UNIFIED\Strategy Analyzer\bot tests\Momentumv1.2_Jan26_Apr10TRADES.csv","06_OG_Baseline\UNIFIED\Strategy Analyzer\bot tests\Momentumv1.2_Jan26_Apr10TRADES.csv","103752","2026-04-12 16:05:07","643","Trade number,Instrument,Account,Strategy,Market pos.,Qty,Entry price,Exit price,Entry time,Exit time,Entry name,Exit name,Profit,Cum. net profit,Commission,MAE,MFE,ETD,Bars,","Strategy Analyzer baseline and bot-test exports, including OG candidates."
"06_OG_Baseline","UNIFIED\Strategy Analyzer\bot tests\Momentumv1.2_Jan26_Apr10WALKOPT.csv","06_OG_Baseline\UNIFIED\Strategy Analyzer\bot tests\Momentumv1.2_Jan26_Apr10WALKOPT.csv","1840","2026-04-12 10:51:09","3","Instrument,Performance,Start date,End date,Parameters,Total net profit,Gross profit,Gross loss,Profit factor,Max. drawdown,Total # of trades,Percent profitable,","Strategy Analyzer baseline and bot-test exports, including OG candidates."
"06_OG_Baseline","UNIFIED\Strategy Analyzer\bot tests\Momentumv1.2_Jan26_Apr10WALKOPT2.csv","06_OG_Baseline\UNIFIED\Strategy Analyzer\bot tests\Momentumv1.2_Jan26_Apr10WALKOPT2.csv","6254","2026-04-12 11:17:40","6","Instrument,Performance,Start date,End date,Parameters,Total net profit,Gross profit,Gross loss,Profit factor,Max. drawdown,Total # of trades,Percent profitable,","Strategy Analyzer baseline and bot-test exports, including OG candidates."
"06_OG_Baseline","UNIFIED\Strategy Analyzer\bot tests\Momentumv1.2_Jan26_Apr10WALKOPT3.csv","06_OG_Baseline\UNIFIED\Strategy Analyzer\bot tests\Momentumv1.2_Jan26_Apr10WALKOPT3.csv","6254","2026-04-12 11:17:56","6","Instrument,Performance,Start date,End date,Parameters,Total net profit,Gross profit,Gross loss,Profit factor,Max. drawdown,Total # of trades,Percent profitable,","Strategy Analyzer baseline and bot-test exports, including OG candidates."
"06_OG_Baseline","UNIFIED\Strategy Analyzer\bot tests\Momentumv1.2_Jan26_Apr10WALKOPT4.csv","06_OG_Baseline\UNIFIED\Strategy Analyzer\bot tests\Momentumv1.2_Jan26_Apr10WALKOPT4.csv","6254","2026-04-12 11:18:10","6","Instrument,Performance,Start date,End date,Parameters,Total net profit,Gross profit,Gross loss,Profit factor,Max. drawdown,Total # of trades,Percent profitable,","Strategy Analyzer baseline and bot-test exports, including OG candidates."
"06_OG_Baseline","UNIFIED\Strategy Analyzer\bot tests\Momentumv1.2_Jan26_Apr10WALKOPT5.csv","06_OG_Baseline\UNIFIED\Strategy Analyzer\bot tests\Momentumv1.2_Jan26_Apr10WALKOPT5.csv","6254","2026-04-12 11:18:26","6","Instrument,Performance,Start date,End date,Parameters,Total net profit,Gross profit,Gross loss,Profit factor,Max. drawdown,Total # of trades,Percent profitable,","Strategy Analyzer baseline and bot-test exports, including OG candidates."
"06_OG_Baseline","UNIFIED\Strategy Analyzer\bot tests\MOMO_04152026WEDS.csv","06_OG_Baseline\UNIFIED\Strategy Analyzer\bot tests\MOMO_04152026WEDS.csv","858","2026-04-15 15:41:35","4","Period,#,Cum. net profit,Net profit,Gross profit,Gross loss,Commission,Cum. max. drawdown,Max. drawdown,% Win,Avg. trade,Avg. winner,Avg. loser,Lrg. winner,Lrg. loser,MTR,Avg. MAE,Avg. MFE,Avg. ETD,% Trade,Sharpe,Profit p.m.,Sortino,Ulcer,Entry efficiency,Exit efficiency,Total efficiency,","Strategy Analyzer baseline and bot-test exports, including OG candidates."
"06_OG_Baseline","UNIFIED\Strategy Analyzer\bot tests\PINE_04152026WEDS.csv","06_OG_Baseline\UNIFIED\Strategy Analyzer\bot tests\PINE_04152026WEDS.csv","1560","2026-04-15 15:41:54","8","Period,#,Cum. net profit,Net profit,Gross profit,Gross loss,Commission,Cum. max. drawdown,Max. drawdown,% Win,Avg. trade,Avg. winner,Avg. loser,Lrg. winner,Lrg. loser,MTR,Avg. MAE,Avg. MFE,Avg. ETD,% Trade,Sharpe,Profit p.m.,Sortino,Ulcer,Entry efficiency,Exit efficiency,Total efficiency,","Strategy Analyzer baseline and bot-test exports, including OG candidates."
"06_OG_Baseline","UNIFIED\Strategy Analyzer\bot tests\Regime Tests 3 bots\ADX_OGJan_Aprl2026.csv","06_OG_Baseline\UNIFIED\Strategy Analyzer\bot tests\Regime Tests 3 bots\ADX_OGJan_Aprl2026.csv","170014","2026-04-15 16:14:35","975","Trade number,Instrument,Account,Strategy,Market pos.,Qty,Entry price,Exit price,Entry time,Exit time,Entry name,Exit name,Profit,Cum. net profit,Commission,MAE,MFE,ETD,Bars,","Strategy Analyzer baseline and bot-test exports, including OG candidates."
"06_OG_Baseline","UNIFIED\Strategy Analyzer\bot tests\Regime Tests 3 bots\Momo_15Aprl2026.csv","06_OG_Baseline\UNIFIED\Strategy Analyzer\bot tests\Regime Tests 3 bots\Momo_15Aprl2026.csv","1477","2026-04-15 17:22:13","46","Performance,All trades,Long trades,Short trades,","Strategy Analyzer baseline and bot-test exports, including OG candidates."
"06_OG_Baseline","UNIFIED\Strategy Analyzer\bot tests\Regime Tests 3 bots\Momo_Jan_Aprl2026.csv","06_OG_Baseline\UNIFIED\Strategy Analyzer\bot tests\Regime Tests 3 bots\Momo_Jan_Aprl2026.csv","82736","2026-04-15 16:17:55","495","Trade number,Instrument,Account,Strategy,Market pos.,Qty,Entry price,Exit price,Entry time,Exit time,Entry name,Exit name,Profit,Cum. net profit,Commission,MAE,MFE,ETD,Bars,","Strategy Analyzer baseline and bot-test exports, including OG candidates."
"06_OG_Baseline","UNIFIED\Strategy Analyzer\bot tests\Regime Tests 3 bots\Pine_Jan_Aprl2026.csv","06_OG_Baseline\UNIFIED\Strategy Analyzer\bot tests\Regime Tests 3 bots\Pine_Jan_Aprl2026.csv","785974","2026-04-15 16:16:07","4615","Trade number,Instrument,Account,Strategy,Market pos.,Qty,Entry price,Exit price,Entry time,Exit time,Entry name,Exit name,Profit,Cum. net profit,Commission,MAE,MFE,ETD,Bars,","Strategy Analyzer baseline and bot-test exports, including OG candidates."
"07_Source_Code","Archive\HMM_Watchdog.py","07_Source_Code\Archive\HMM_Watchdog.py","5887","2026-04-14 11:48:18",,"","Older pipeline or root source/reference."
"07_Source_Code","Archive\MacroSupervisor.py","07_Source_Code\Archive\MacroSupervisor.py","4253","2026-04-14 11:27:59",,"","Older pipeline or root source/reference."
"07_Source_Code","Archive\RegimeUpdate.py","07_Source_Code\Archive\RegimeUpdate.py","2128","2026-04-02 19:28:48",,"","Older pipeline or root source/reference."
"07_Source_Code","HMM_Watchdog.py","07_Source_Code\HMM_Watchdog.py","5887","2026-04-14 11:48:18",,"","Older pipeline or root source/reference."
"07_Source_Code","MacroRegime\archive\MacroRegimeBuilder_ES.py","07_Source_Code\MacroRegime\archive\MacroRegimeBuilder_ES.py","25188","2026-04-23 16:57:03",,"","Older Python macro-regime pipeline."
"07_Source_Code","MacroRegime\archive\MacroRegimeBuilder_ES_backup.py","07_Source_Code\MacroRegime\archive\MacroRegimeBuilder_ES_backup.py","23271","2026-04-23 14:19:00",,"","Older Python macro-regime pipeline."
"07_Source_Code","MacroRegime\archive\MacroRegimeBuilder_NQ.py","07_Source_Code\MacroRegime\archive\MacroRegimeBuilder_NQ.py","25269","2026-04-23 16:57:30",,"","Older Python macro-regime pipeline."
"07_Source_Code","MacroRegime\archive\MacroRegimeBuilder_NQbackup.py","07_Source_Code\MacroRegime\archive\MacroRegimeBuilder_NQbackup.py","23352","2026-04-23 14:19:22",,"","Older Python macro-regime pipeline."
"07_Source_Code","MacroRegime\MacroRegime_Research_Logger.py","07_Source_Code\MacroRegime\MacroRegime_Research_Logger.py","2303","2026-04-12 08:58:12",,"","Older Python macro-regime pipeline."
"07_Source_Code","MacroRegime\MacroRegimeBuilder_ES.py","07_Source_Code\MacroRegime\MacroRegimeBuilder_ES.py","25151","2026-04-24 13:50:39",,"","Older Python macro-regime pipeline."
"07_Source_Code","MacroRegime\MacroRegimeBuilder_NQ.py","07_Source_Code\MacroRegime\MacroRegimeBuilder_NQ.py","25204","2026-04-24 13:53:26",,"","Older Python macro-regime pipeline."
"07_Source_Code","MacroRegime\V3_Health_Check.py","07_Source_Code\MacroRegime\V3_Health_Check.py","4541","2026-04-23 16:33:43",,"","Older Python macro-regime pipeline."
"07_Source_Code","MacroRegime\V3_Health_Checkbackup.py","07_Source_Code\MacroRegime\V3_Health_Checkbackup.py","4541","2026-04-23 16:33:30",,"","Older Python macro-regime pipeline."
"07_Source_Code","MacroSupervisor.py","07_Source_Code\MacroSupervisor.py","4253","2026-04-14 11:27:59",,"","Older pipeline or root source/reference."
"07_Source_Code","Scripts\archive\HMMWatchdog_V3D.py","07_Source_Code\Scripts\archive\HMMWatchdog_V3D.py","18955","2026-04-25 19:00:17",,"","Current shared scripts and archived script variants."
"07_Source_Code","Scripts\archive\HMMWatchdog_V3D_Modified.py","07_Source_Code\Scripts\archive\HMMWatchdog_V3D_Modified.py","19913","2026-04-27 08:12:36",,"","Current shared scripts and archived script variants."
"07_Source_Code","Scripts\eod_export.py","07_Source_Code\Scripts\eod_export.py","21700","2026-05-02 19:41:32",,"","Current shared scripts and archived script variants."
"07_Source_Code","Scripts\HMMWatchdog_V3D.py","07_Source_Code\Scripts\HMMWatchdog_V3D.py","19913","2026-04-27 08:11:31",,"","Current shared scripts and archived script variants."
"07_Source_Code","Scripts\MacroRegimeBuilder_V3D.py","07_Source_Code\Scripts\MacroRegimeBuilder_V3D.py","30371","2026-04-25 19:00:13",,"","Current shared scripts and archived script variants."
"07_Source_Code","Scripts\RegimeSupervisor_V3D.py","07_Source_Code\Scripts\RegimeSupervisor_V3D.py","26622","2026-04-27 07:27:04",,"","Current shared scripts and archived script variants."
"07_Source_Code","Scripts\trade_performance_report.py","07_Source_Code\Scripts\trade_performance_report.py","10047","2026-05-02 19:38:15",,"","Current shared scripts and archived script variants."
"07_Source_Code","Scripts\V3D_Regime_Analysis.py","07_Source_Code\Scripts\V3D_Regime_Analysis.py","14237","2026-04-27 08:56:42",,"","Current shared scripts and archived script variants."
"07_Source_Code","V1A\HMM Market Regimes [LuxAlgo].cs","07_Source_Code\V1A\HMM Market Regimes [LuxAlgo].cs","9649","2026-04-29 09:11:25",,"","V1A strategy/source files."
"07_Source_Code","V1A\Kalman_Regime.cs","07_Source_Code\V1A\Kalman_Regime.cs","8189","2026-04-29 14:33:22",,"","V1A strategy/source files."
"07_Source_Code","V1A\MomentumExpansion_5m.cs","07_Source_Code\V1A\MomentumExpansion_5m.cs","44998","2026-04-29 10:00:39",,"","V1A strategy/source files."
"07_Source_Code","V1A\MomentumHA_Scalp_1m.cs","07_Source_Code\V1A\MomentumHA_Scalp_1m.cs","47755","2026-04-29 10:00:44",,"","V1A strategy/source files."
"07_Source_Code","V1A\MomentumRange_RangeBar.cs","07_Source_Code\V1A\MomentumRange_RangeBar.cs","53303","2026-04-29 10:00:39",,"","V1A strategy/source files."
"07_Source_Code","V1A\NinjaTrader\TradeLogExporter_V1AB.cs","07_Source_Code\V1A\NinjaTrader\TradeLogExporter_V1AB.cs","11691","2026-04-30 18:14:29",,"","V1A strategy/source files."
"07_Source_Code","V1A\Regime Direction.cs","07_Source_Code\V1A\Regime Direction.cs","8749","2026-04-29 09:06:12",,"","V1A strategy/source files."
"07_Source_Code","V1A\Regime_Classifier_Oscillator.cs","07_Source_Code\V1A\Regime_Classifier_Oscillator.cs","12029","2026-04-29 14:39:33",,"","V1A strategy/source files."
"07_Source_Code","V1A\Regime_Classifier_Ossiclator.cs","07_Source_Code\V1A\Regime_Classifier_Ossiclator.cs","12029","2026-04-29 14:38:37",,"","V1A strategy/source files."
"07_Source_Code","V1A\Volatility Regimes.cs","07_Source_Code\V1A\Volatility Regimes.cs","26645","2026-04-29 09:04:44",,"","V1A strategy/source files."
"07_Source_Code","V1B\CompositeEdge_Momentum_V1B.cs","07_Source_Code\V1B\CompositeEdge_Momentum_V1B.cs","34364","2026-04-30 14:02:46",,"","V1B strategy/source files including footprint logic."
"07_Source_Code","V1B\HUDMessenger_V1B.cs","07_Source_Code\V1B\HUDMessenger_V1B.cs","2473","2026-04-30 10:05:32",,"","V1B strategy/source files including footprint logic."
"07_Source_Code","V1B\KalmanPulse_Fader_V1B.cs","07_Source_Code\V1B\KalmanPulse_Fader_V1B.cs","24496","2026-04-30 14:02:46",,"","V1B strategy/source files including footprint logic."
"07_Source_Code","V1B\NinjaTrader\TradeLogExporter_V1AB.cs","07_Source_Code\V1B\NinjaTrader\TradeLogExporter_V1AB.cs","11691","2026-04-30 18:14:29",,"","V1B strategy/source files including footprint logic."
"07_Source_Code","V1B\VolState_Fader_V1B.cs","07_Source_Code\V1B\VolState_Fader_V1B.cs","27474","2026-04-30 14:02:46",,"","V1B strategy/source files including footprint logic."
"07_Source_Code","V3C\NT files\ADXX_V3C.cs","07_Source_Code\V3C\NT files\ADXX_V3C.cs","29648","2026-05-01 17:49:23",,"","V3C HUD and strategy source."
"07_Source_Code","V3C\NT files\Momo_V3C.cs","07_Source_Code\V3C\NT files\Momo_V3C.cs","32516","2026-05-01 17:49:35",,"","V3C HUD and strategy source."
"07_Source_Code","V3C\NT files\MomoV3C.cs","07_Source_Code\V3C\NT files\MomoV3C.cs","4617","2026-05-01 17:50:16",,"","V3C HUD and strategy source."
"07_Source_Code","V3C\NT files\Pine_V3C.cs","07_Source_Code\V3C\NT files\Pine_V3C.cs","26073","2026-05-01 17:49:26",,"","V3C HUD and strategy source."
"07_Source_Code","V3C\NT files\RegimeMatrixHUD_V3C.cs","07_Source_Code\V3C\NT files\RegimeMatrixHUD_V3C.cs","21489","2026-05-01 17:49:20",,"","V3C HUD and strategy source."
"07_Source_Code","V3C\Scripts\BuildV3CModelFeed.py","07_Source_Code\V3C\Scripts\BuildV3CModelFeed.py","18020","2026-04-27 12:47:04",,"","V3C Python pipeline source."
"07_Source_Code","V3C\Scripts\RegimeMatrixSupervisor.py","07_Source_Code\V3C\Scripts\RegimeMatrixSupervisor.py","41000","2026-05-01 17:49:53",,"","V3C Python pipeline source."
"07_Source_Code","V3C\Scripts\V3C_Daily_Regime_Report.py","07_Source_Code\V3C\Scripts\V3C_Daily_Regime_Report.py","9666","2026-04-27 15:43:09",,"","V3C Python pipeline source."
"07_Source_Code","V3C\Scripts\V3C_ModelFeed_Watchdog.py","07_Source_Code\V3C\Scripts\V3C_ModelFeed_Watchdog.py","2287","2026-04-27 12:47:15",,"","V3C Python pipeline source."
"07_Source_Code","V3D\NinjaTrader\ADX_DI_V3D.cs","07_Source_Code\V3D\NinjaTrader\ADX_DI_V3D.cs","23604","2026-05-01 17:17:26",,"","V3D HUD and strategy source."
"07_Source_Code","V3D\NinjaTrader\Expansion_V3D.cs","07_Source_Code\V3D\NinjaTrader\Expansion_V3D.cs","31267","2026-05-01 17:17:39",,"","V3D HUD and strategy source."
"07_Source_Code","V3D\NinjaTrader\Expansion_V3D_B.cs","07_Source_Code\V3D\NinjaTrader\Expansion_V3D_B.cs","28801","2026-05-01 17:17:26",,"","V3D HUD and strategy source."
"07_Source_Code","V3D\NinjaTrader\Fader_V3D.cs","07_Source_Code\V3D\NinjaTrader\Fader_V3D.cs","30957","2026-05-01 17:23:12",,"","V3D HUD and strategy source."
"07_Source_Code","V3D\NinjaTrader\Fader_V3D_B.cs","07_Source_Code\V3D\NinjaTrader\Fader_V3D_B.cs","29236","2026-05-01 17:23:12",,"","V3D HUD and strategy source."
"07_Source_Code","V3D\NinjaTrader\Momentum_V3D.cs","07_Source_Code\V3D\NinjaTrader\Momentum_V3D.cs","28422","2026-05-01 17:17:26",,"","V3D HUD and strategy source."
"07_Source_Code","V3D\NinjaTrader\RegimeMatrixHUD_V3D.cs","07_Source_Code\V3D\NinjaTrader\RegimeMatrixHUD_V3D.cs","36008","2026-04-28 12:22:06",,"","V3D HUD and strategy source."
"07_Source_Code","V3D\NinjaTrader\Sniper_V3D.cs","07_Source_Code\V3D\NinjaTrader\Sniper_V3D.cs","26128","2026-05-01 17:17:26",,"","V3D HUD and strategy source."
"07_Source_Code","V3D\NinjaTrader\Sniper_V3D_B.cs","07_Source_Code\V3D\NinjaTrader\Sniper_V3D_B.cs","21901","2026-05-01 17:17:26",,"","V3D HUD and strategy source."
"07_Source_Code","V3D\NinjaTrader\TradeLogExporter_V3D.cs","07_Source_Code\V3D\NinjaTrader\TradeLogExporter_V3D.cs","21927","2026-04-30 17:53:06",,"","V3D HUD and strategy source."
"07_Source_Code","V3D\NinjaTrader\ValueAreaBackfillReporter.cs","07_Source_Code\V3D\NinjaTrader\ValueAreaBackfillReporter.cs","13058","2026-05-01 18:03:42",,"","V3D HUD and strategy source."
"07_Source_Code","V3D\NinjaTrader\ValueAreaExporter.cs","07_Source_Code\V3D\NinjaTrader\ValueAreaExporter.cs","14624","2026-04-25 18:50:26",,"","V3D HUD and strategy source."
"07_Source_Code","V3D\Scripts\HMMWatchdog_V3D.py","07_Source_Code\V3D\Scripts\HMMWatchdog_V3D.py","21772","2026-05-01 11:08:08",,"","V3D Python pipeline source."
"07_Source_Code","V3D\Scripts\MacroRegimeBuilder_V3D.py","07_Source_Code\V3D\Scripts\MacroRegimeBuilder_V3D.py","31920","2026-04-28 12:28:11",,"","V3D Python pipeline source."
"07_Source_Code","V3D\Scripts\RegimeSupervisor_V3D.py","07_Source_Code\V3D\Scripts\RegimeSupervisor_V3D.py","44808","2026-05-01 17:23:05",,"","V3D Python pipeline source."
"07_Source_Code","V3D\Scripts\V3D_Daily_Regime_Report.py","07_Source_Code\V3D\Scripts\V3D_Daily_Regime_Report.py","10158","2026-04-27 16:09:03",,"","V3D Python pipeline source."
"07_Source_Code","V3D\Scripts\V3D_Regime_Analysis.py","07_Source_Code\V3D\Scripts\V3D_Regime_Analysis.py","14237","2026-04-27 08:56:42",,"","V3D Python pipeline source."
"07_Source_Code","V3D\Scripts\V3D_Regime_Comparison.py","07_Source_Code\V3D\Scripts\V3D_Regime_Comparison.py","40176","2026-04-27 18:47:34",,"","V3D Python pipeline source."
"08_Docs_Handoffs","Master_Keys\Operator_Start_EOD_Checklist_V3C_V3D.md","08_Docs_Handoffs\Master_Keys\Operator_Start_EOD_Checklist_V3C_V3D.md","4016","2026-05-02 19:54:22","74","# Operator Start / EOD Checklist - V3C and V3D","Operator runbooks and checklists."
"08_Docs_Handoffs","Master_Keys\README_WHICH_KEY_TO_CLICK.txt","08_Docs_Handoffs\Master_Keys\README_WHICH_KEY_TO_CLICK.txt","768","2026-05-02 19:38:54","20","MASTER KEYS - DAILY USE","Operator runbooks and checklists."
"08_Docs_Handoffs","Master_Keys\Stage1_EOD_EOW_Runbook_20260502.md","08_Docs_Handoffs\Master_Keys\Stage1_EOD_EOW_Runbook_20260502.md","7445","2026-05-02 19:53:09","119","# Stage 1 Trade Logging / EOD and EOW Export Runbook","Operator runbooks and checklists."
"08_Docs_Handoffs","Operator_Start_EOD_Checklist_V3C_V3D.md","08_Docs_Handoffs\Operator_Start_EOD_Checklist_V3C_V3D.md","4016","2026-05-02 19:41:27","74","# Operator Start / EOD Checklist - V3C and V3D","Architecture, taxonomy, or handoff reference."
"08_Docs_Handoffs","V1B\V1B_Architecture_Notes.md","08_Docs_Handoffs\V1B\V1B_Architecture_Notes.md","5153","2026-04-30 09:01:56","72","# V1B Architecture â€” Pre-Code Notes","Architecture, taxonomy, or handoff reference."
"08_Docs_Handoffs","V3B\V3B_Architecture_Spec.md","08_Docs_Handoffs\V3B\V3B_Architecture_Spec.md","3998","2026-04-25 16:29:37","77","import os","Architecture, taxonomy, or handoff reference."
"08_Docs_Handoffs","V3C\Docs\V3C_Architecture_Spec.md","08_Docs_Handoffs\V3C\Docs\V3C_Architecture_Spec.md","26750","2026-04-28 14:03:12","598","# V3C Architecture Spec","V3C docs."
"08_Docs_Handoffs","V3C\Docs\V3C_Architecture_SpecV2.md","08_Docs_Handoffs\V3C\Docs\V3C_Architecture_SpecV2.md","25753","2026-04-28 13:59:25","588","# V3C Architecture Spec","V3C docs."
"08_Docs_Handoffs","V3C\Docs\V3C_Folder_Taxonomy.md","08_Docs_Handoffs\V3C\Docs\V3C_Folder_Taxonomy.md","792","2026-04-27 15:58:17","16","# V3C Folder Taxonomy","V3C docs."
"08_Docs_Handoffs","V3C\Docs\V3C_Master_Launcher_Guide.txt","08_Docs_Handoffs\V3C\Docs\V3C_Master_Launcher_Guide.txt","2615","2026-04-27 15:58:17","71","V3C MASTER LAUNCHER GUIDE","V3C docs."
"08_Docs_Handoffs","V3C\Docs\V3C_Operator_Daily_Checklist.md","08_Docs_Handoffs\V3C\Docs\V3C_Operator_Daily_Checklist.md","1261","2026-04-27 15:58:17","25","# V3C Operator Daily Checklist","V3C docs."
"08_Docs_Handoffs","V3C\Docs\V3C_Run_Instructions.md","08_Docs_Handoffs\V3C\Docs\V3C_Run_Instructions.md","1182","2026-04-27 15:58:17","19","# V3C Regime Matrix Launch Instructions","V3C docs."
"08_Docs_Handoffs","V3C\V3C_Taxonomy.xlsx","08_Docs_Handoffs\V3C\V3C_Taxonomy.xlsx","7042","2026-04-26 16:31:52",,"","Architecture, taxonomy, or handoff reference."
"08_Docs_Handoffs","V3D\Docs\Analysis_Package\V3D_Daily_Workflow_Guide.txt","08_Docs_Handoffs\V3D\Docs\Analysis_Package\V3D_Daily_Workflow_Guide.txt","12765","2026-04-27 08:57:16","318","# V3D Regime Analysis & Daily Workflow Guide","V3D docs and imported handoffs."
"08_Docs_Handoffs","V3D\Docs\Analysis_Package\V3D_Quick_Reference.txt","08_Docs_Handoffs\V3D\Docs\Analysis_Package\V3D_Quick_Reference.txt","4562","2026-04-27 08:57:16","148","# V3D QUICK REFERENCE CARD","V3D docs and imported handoffs."
"08_Docs_Handoffs","V3D\Docs\Imported_Files\Handoff Overview & Section Paste.txt","08_Docs_Handoffs\V3D\Docs\Imported_Files\Handoff Overview & Section Paste.txt","4188","2026-04-25 23:27:02","63","Start handoff with : I am building the V3D Institutional Regime Matrix. Here is the relevant specification section for this phase:","V3D docs and imported handoffs."
"08_Docs_Handoffs","V3D\Docs\Imported_Files\strategy review instructions Claude.txt","08_Docs_Handoffs\V3D\Docs\Imported_Files\strategy review instructions Claude.txt","1568","2026-04-26 09:06:38","5","OK the first draft of these are complete. I would like to go through them one by one. Review their internal logic and confirm they specifically follow all of the goals of the template within that regime. Review all past strategy features we reviewed and cross check them and any others that might be considered an enhancement or a must add for this strategy and make a proposal for adding (or subtracting features that might be bloat); consider too since we are in test mode where we might create an alternate strategy within the same regime to test A/B for the next few weeks or months to see how they perform over time: Lets start with ExpansionV3D","V3D docs and imported handoffs."
"08_Docs_Handoffs","V3D\Docs\Imported_Files\V3D_Architecture_Spec.md","08_Docs_Handoffs\V3D\Docs\Imported_Files\V3D_Architecture_Spec.md","41918","2026-04-28 12:26:30","677","# V3D Institutional Regime Matrix â€” Architecture Specification","V3D docs and imported handoffs."
"08_Docs_Handoffs","V3D\Docs\Imported_Files\V3D_ES_Master_Checklist.md","08_Docs_Handoffs\V3D\Docs\Imported_Files\V3D_ES_Master_Checklist.md","14261","2026-04-27 07:25:00","280","# V3D Institutional Regime Matrix â€” ES Master Setup & Test Checklist","V3D docs and imported handoffs."
"08_Docs_Handoffs","V3D\Docs\Imported_Files\V3D_NQ_Master_Checklist.md","08_Docs_Handoffs\V3D\Docs\Imported_Files\V3D_NQ_Master_Checklist.md","18307","2026-04-27 07:25:00","345","# V3D Institutional Regime Matrix â€” NQ Master Setup & Test Checklist","V3D docs and imported handoffs."
"08_Docs_Handoffs","V3D\Docs\Legacy_StageC_Package\V3D_Supervisor_Setup_Guide.txt","08_Docs_Handoffs\V3D\Docs\Legacy_StageC_Package\V3D_Supervisor_Setup_Guide.txt","11188","2026-04-27 07:27:04","274","# V3D RegimeSupervisor â€” Setup and Usage Guide","V3D docs and imported handoffs."
"08_Docs_Handoffs","V3D\Docs\RTH V3C Operator Setup Guide.txt","08_Docs_Handoffs\V3D\Docs\RTH V3C Operator Setup Guide.txt","11337","2026-04-27 11:20:49","347","RTH V3C Operator Setup Guide","V3D docs and imported handoffs."
"08_Docs_Handoffs","V3D\Docs\V3D_ES_Master_Checklist.md","08_Docs_Handoffs\V3D\Docs\V3D_ES_Master_Checklist.md","14261","2026-04-27 12:38:38","280","# V3D Institutional Regime Matrix â€” ES Master Setup & Test Checklist","V3D docs and imported handoffs."
"08_Docs_Handoffs","V3D\Docs\V3D_Folder_Taxonomy.md","08_Docs_Handoffs\V3D\Docs\V3D_Folder_Taxonomy.md","1344","2026-04-27 16:09:03","33","# V3D Folder Taxonomy","V3D docs and imported handoffs."
"08_Docs_Handoffs","V3D\Docs\V3D_FullHistory_Instructions.txt","08_Docs_Handoffs\V3D\Docs\V3D_FullHistory_Instructions.txt","5971","2026-04-27 08:12:43","172","# V3D Full History Processing â€” Step-by-Step Instructions","V3D docs and imported handoffs."
"08_Docs_Handoffs","V3D\Docs\V3D_Master_Launcher_Guide.txt","08_Docs_Handoffs\V3D\Docs\V3D_Master_Launcher_Guide.txt","12999","2026-04-27 09:07:04","413","# V3D Master Launcher â€” Setup & Usage Guide","V3D docs and imported handoffs."
"08_Docs_Handoffs","V3D\Docs\V3D_NQ_Master_Checklist.md","08_Docs_Handoffs\V3D\Docs\V3D_NQ_Master_Checklist.md","18307","2026-04-27 12:38:13","345","# V3D Institutional Regime Matrix â€” NQ Master Setup & Test Checklist","V3D docs and imported handoffs."
"08_Docs_Handoffs","V3D\Docs\V3D_Run_Instructions.md","08_Docs_Handoffs\V3D\Docs\V3D_Run_Instructions.md","1820","2026-04-27 16:10:14","41","# V3D Manual Run Instructions","V3D docs and imported handoffs."
"08_Docs_Handoffs","V3D\Docs\ValueAreaBackfillReporter_Setup.md","08_Docs_Handoffs\V3D\Docs\ValueAreaBackfillReporter_Setup.md","1300","2026-05-01 18:03:52","23","# ValueAreaBackfillReporter Setup","V3D docs and imported handoffs."
"08_Docs_Handoffs","V3D\V3D_Architecture_Spec.md","08_Docs_Handoffs\V3D\V3D_Architecture_Spec.md","41918","2026-04-28 12:33:16","677","# V3D Institutional Regime Matrix â€” Architecture Specification","Architecture, taxonomy, or handoff reference."
