trade_date,entry_time,exit_time,model_version,account,strategy_name,bot_name,ab_mode,symbol,instrument,direction,contracts,entry_price,exit_price,gross_pnl,net_pnl,ticks,win_loss,exit_reason,entry_regime,entry_macro,entry_hmm,entry_phase,entry_confidence,entry_reason_code,broad_agree,v3c_regime_at_entry,trade_duration_min,risk_reward_actual,session_trade_rank,daily_pnl_running,export_timestamp,data_quality_flag
2026-04-30,2026-04-30 09:42:05,2026-04-30 09:42:15,UNKNOWN,DEMO1419193,UNKNOWN,NQ Fader A,UNKNOWN,NQ,NQ JUN26,LONG,1,27283.25,27294.5,225.0,225.0,45.0,WIN,STOP_HIT,TREND_COMPRESSION,TREND,TrendDown,OPENING_AUCTION,49,DIRECTIONAL_MODERATE,0,TRANSITION,0.17,,1,225.0,2026-04-30 18:15:19,UNMAPPED_ACCOUNT
2026-04-30,2026-04-30 09:42:05,2026-04-30 09:42:15,UNKNOWN,DEMO1419193,UNKNOWN,NQ_Sniper_B,UNKNOWN,NQ,NQ JUN26,LONG,1,27283.25,27294.5,225.0,225.0,45.0,WIN,STOP_HIT,TREND_COMPRESSION,TREND,TrendDown,OPENING_AUCTION,49,DIRECTIONAL_MODERATE,0,TRANSITION,0.17,,2,450.0,2026-04-30 18:15:19,UNMAPPED_ACCOUNT
2026-04-30,2026-04-30 09:42:05,2026-04-30 09:42:15,UNKNOWN,DEMO1419193,UNKNOWN,NQ Fader B,UNKNOWN,NQ,NQ JUN26,LONG,1,27283.25,27294.5,225.0,225.0,45.0,WIN,STOP_HIT,TREND_COMPRESSION,TREND,TrendDown,OPENING_AUCTION,49,DIRECTIONAL_MODERATE,0,TRANSITION,0.17,,3,675.0,2026-04-30 18:15:19,UNMAPPED_ACCOUNT
2026-04-30,2026-04-30 09:42:05,2026-04-30 09:42:15,UNKNOWN,DEMO1419193,UNKNOWN,NQ Expansion B,UNKNOWN,NQ,NQ JUN26,LONG,1,27283.25,27294.5,225.0,225.0,45.0,WIN,STOP_HIT,TREND_COMPRESSION,TREND,TrendDown,OPENING_AUCTION,49,DIRECTIONAL_MODERATE,0,TRANSITION,0.17,,4,900.0,2026-04-30 18:15:19,UNMAPPED_ACCOUNT
2026-04-30,2026-04-30 09:42:05,2026-04-30 09:42:15,UNKNOWN,DEMO1419193,UNKNOWN,NQ_ADX_A,UNKNOWN,NQ,NQ JUN26,LONG,1,27283.25,27294.5,225.0,225.0,45.0,WIN,STOP_HIT,TREND_COMPRESSION,TREND,TrendDown,OPENING_AUCTION,49,DIRECTIONAL_MODERATE,0,TRANSITION,0.17,,5,1125.0,2026-04-30 18:15:19,UNMAPPED_ACCOUNT
2026-04-30,2026-04-30 09:42:05,2026-04-30 09:42:15,UNKNOWN,DEMO1419193,UNKNOWN,NQ Expansion A,UNKNOWN,NQ,NQ JUN26,LONG,1,27283.25,27294.5,225.0,225.0,45.0,WIN,STOP_HIT,TREND_COMPRESSION,TREND,TrendDown,OPENING_AUCTION,49,DIRECTIONAL_MODERATE,0,TRANSITION,0.17,,6,1350.0,2026-04-30 18:15:19,UNMAPPED_ACCOUNT
2026-04-30,2026-04-30 09:42:05,2026-04-30 09:42:15,UNKNOWN,DEMO1419193,UNKNOWN,NQ Momentum A,UNKNOWN,NQ,NQ JUN26,LONG,1,27283.25,27294.5,225.0,225.0,45.0,WIN,STOP_HIT,TREND_COMPRESSION,TREND,TrendDown,OPENING_AUCTION,49,DIRECTIONAL_MODERATE,0,TRANSITION,0.17,,7,1575.0,2026-04-30 18:15:19,UNMAPPED_ACCOUNT
2026-04-30,2026-04-30 09:42:05,2026-04-30 09:42:15,UNKNOWN,DEMO1419193,UNKNOWN,NQ_Sniper_A,UNKNOWN,NQ,NQ JUN26,LONG,1,27283.25,27294.5,225.0,225.0,45.0,WIN,STOP_HIT,TREND_COMPRESSION,TREND,TrendDown,OPENING_AUCTION,49,DIRECTIONAL_MODERATE,0,TRANSITION,0.17,,8,1800.0,2026-04-30 18:15:19,UNMAPPED_ACCOUNT
2026-04-30,2026-04-30 09:42:05,2026-04-30 09:42:15,UNKNOWN,DEMO1419193,UNKNOWN,UNMAPPED,UNKNOWN,NQ,NQ JUN26,LONG,1,27283.25,27294.5,225.0,225.0,45.0,WIN,STOP_HIT,TREND_COMPRESSION,TREND,TrendDown,OPENING_AUCTION,49,DIRECTIONAL_MODERATE,0,TRANSITION,0.17,,9,2025.0,2026-04-30 18:15:19,UNMAPPED_ACCOUNT;UNMAPPED_BOT
2026-04-30,2026-04-30 09:42:05,2026-04-30 09:42:15,UNKNOWN,DEMO1419193,UNKNOWN,UNMAPPED,UNKNOWN,NQ,NQ JUN26,LONG,1,27283.25,27294.5,225.0,225.0,45.0,WIN,STOP_HIT,TREND_COMPRESSION,TREND,TrendDown,OPENING_AUCTION,49,DIRECTIONAL_MODERATE,0,TRANSITION,0.17,,10,2250.0,2026-04-30 18:15:19,UNMAPPED_ACCOUNT;UNMAPPED_BOT
2026-04-30,2026-04-30 09:42:05,2026-04-30 09:42:15,UNKNOWN,DEMO1419193,UNKNOWN,NQ Momentum A,UNKNOWN,NQ,NQ JUN26,LONG,1,27283.25,27294.5,225.0,225.0,45.0,WIN,STOP_HIT,TREND_COMPRESSION,TREND,TrendDown,OPENING_AUCTION,49,DIRECTIONAL_MODERATE,0,TRANSITION,0.17,,11,2475.0,2026-04-30 18:15:19,UNMAPPED_ACCOUNT
2026-04-30,2026-04-30 09:42:05,2026-04-30 09:42:15,UNKNOWN,DEMO1419193,UNKNOWN,NQ_ADX_C,UNKNOWN,NQ,NQ JUN26,LONG,1,27283.25,27294.5,225.0,225.0,45.0,WIN,STOP_HIT,TREND_COMPRESSION,TREND,TrendDown,OPENING_AUCTION,49,DIRECTIONAL_MODERATE,0,TRANSITION,0.17,,12,2700.0,2026-04-30 18:15:19,UNMAPPED_ACCOUNT
2026-04-30,2026-04-30 09:42:05,2026-04-30 09:42:15,UNKNOWN,DEMO1419193,UNKNOWN,NQ Momentum B,UNKNOWN,NQ,NQ JUN26,LONG,1,27283.25,27294.5,225.0,225.0,45.0,WIN,STOP_HIT,TREND_COMPRESSION,TREND,TrendDown,OPENING_AUCTION,49,DIRECTIONAL_MODERATE,0,TRANSITION,0.17,,13,2925.0,2026-04-30 18:15:19,UNMAPPED_ACCOUNT
2026-04-30,2026-04-30 09:42:05,2026-04-30 09:42:15,UNKNOWN,DEMO1419193,UNKNOWN,NQ_ADX_B,UNKNOWN,NQ,NQ JUN26,LONG,1,27283.25,27294.5,225.0,225.0,45.0,WIN,STOP_HIT,TREND_COMPRESSION,TREND,TrendDown,OPENING_AUCTION,49,DIRECTIONAL_MODERATE,0,TRANSITION,0.17,,14,3150.0,2026-04-30 18:15:19,UNMAPPED_ACCOUNT
2026-04-30,2026-04-30 09:42:44,2026-04-30 09:43:10,UNKNOWN,DEMO1419193,UNKNOWN,UNMAPPED,UNKNOWN,NQ,NQ JUN26,LONG,1,27304.25,27310.75,130.0,130.0,26.0,WIN,STOP_HIT,TREND_COMPRESSION,TREND,TrendDown,OPENING_AUCTION,49,DIRECTIONAL_MODERATE,0,TRANSITION,0.43,,15,3280.0,2026-04-30 18:15:19,UNMAPPED_ACCOUNT;UNMAPPED_BOT
2026-04-30,2026-04-30 09:42:44,2026-04-30 09:43:10,UNKNOWN,DEMO1419193,UNKNOWN,UNMAPPED,UNKNOWN,NQ,NQ JUN26,LONG,1,27304.25,27310.75,130.0,130.0,26.0,WIN,STOP_HIT,TREND_COMPRESSION,TREND,TrendDown,OPENING_AUCTION,49,DIRECTIONAL_MODERATE,0,TRANSITION,0.43,,16,3410.0,2026-04-30 18:15:19,UNMAPPED_ACCOUNT;UNMAPPED_BOT
2026-04-30,2026-04-30 09:42:44,2026-04-30 09:43:10,UNKNOWN,DEMO1419193,UNKNOWN,NQ Fader A,UNKNOWN,NQ,NQ JUN26,LONG,1,27304.25,27310.75,130.0,130.0,26.0,WIN,STOP_HIT,TREND_COMPRESSION,TREND,TrendDown,OPENING_AUCTION,49,DIRECTIONAL_MODERATE,0,TRANSITION,0.43,,17,3540.0,2026-04-30 18:15:19,UNMAPPED_ACCOUNT
2026-04-30,2026-04-30 09:42:44,2026-04-30 09:43:10,UNKNOWN,DEMO1419193,UNKNOWN,NQ_Sniper_A,UNKNOWN,NQ,NQ JUN26,LONG,1,27304.25,27310.75,130.0,130.0,26.0,WIN,STOP_HIT,TREND_COMPRESSION,TREND,TrendDown,OPENING_AUCTION,49,DIRECTIONAL_MODERATE,0,TRANSITION,0.43,,18,3670.0,2026-04-30 18:15:19,UNMAPPED_ACCOUNT
2026-04-30,2026-04-30 09:42:44,2026-04-30 09:43:10,UNKNOWN,DEMO1419193,UNKNOWN,NQ Expansion A,UNKNOWN,NQ,NQ JUN26,LONG,1,27304.25,27310.75,130.0,130.0,26.0,WIN,STOP_HIT,TREND_COMPRESSION,TREND,TrendDown,OPENING_AUCTION,49,DIRECTIONAL_MODERATE,0,TRANSITION,0.43,,19,3800.0,2026-04-30 18:15:19,UNMAPPED_ACCOUNT
2026-04-30,2026-04-30 09:42:44,2026-04-30 09:43:10,UNKNOWN,DEMO1419193,UNKNOWN,NQ_Sniper_B,UNKNOWN,NQ,NQ JUN26,LONG,1,27304.25,27310.75,130.0,130.0,26.0,WIN,STOP_HIT,TREND_COMPRESSION,TREND,TrendDown,OPENING_AUCTION,49,DIRECTIONAL_MODERATE,0,TRANSITION,0.43,,20,3930.0,2026-04-30 18:15:19,UNMAPPED_ACCOUNT
2026-04-30,2026-04-30 09:42:44,2026-04-30 09:43:10,UNKNOWN,DEMO1419193,UNKNOWN,NQ Expansion B,UNKNOWN,NQ,NQ JUN26,LONG,1,27304.25,27310.75,130.0,130.0,26.0,WIN,STOP_HIT,TREND_COMPRESSION,TREND,TrendDown,OPENING_AUCTION,49,DIRECTIONAL_MODERATE,0,TRANSITION,0.43,,21,4060.0,2026-04-30 18:15:19,UNMAPPED_ACCOUNT
2026-04-30,2026-04-30 09:42:44,2026-04-30 09:43:10,UNKNOWN,DEMO1419193,UNKNOWN,NQ Fader B,UNKNOWN,NQ,NQ JUN26,LONG,1,27304.25,27310.75,130.0,130.0,26.0,WIN,STOP_HIT,TREND_COMPRESSION,TREND,TrendDown,OPENING_AUCTION,49,DIRECTIONAL_MODERATE,0,TRANSITION,0.43,,22,4190.0,2026-04-30 18:15:19,UNMAPPED_ACCOUNT
2026-04-30,2026-04-30 09:42:44,2026-04-30 09:43:10,UNKNOWN,DEMO1419193,UNKNOWN,NQ_ADX_B,UNKNOWN,NQ,NQ JUN26,LONG,1,27304.25,27310.75,130.0,130.0,26.0,WIN,STOP_HIT,TREND_COMPRESSION,TREND,TrendDown,OPENING_AUCTION,49,DIRECTIONAL_MODERATE,0,TRANSITION,0.43,,23,4320.0,2026-04-30 18:15:19,UNMAPPED_ACCOUNT
2026-04-30,2026-04-30 09:42:44,2026-04-30 09:43:10,UNKNOWN,DEMO1419193,UNKNOWN,NQ Momentum B,UNKNOWN,NQ,NQ JUN26,LONG,1,27304.25,27310.75,130.0,130.0,26.0,WIN,STOP_HIT,TREND_COMPRESSION,TREND,TrendDown,OPENING_AUCTION,49,DIRECTIONAL_MODERATE,0,TRANSITION,0.43,,24,4450.0,2026-04-30 18:15:19,UNMAPPED_ACCOUNT
2026-04-30,2026-04-30 09:42:44,2026-04-30 09:43:10,UNKNOWN,DEMO1419193,UNKNOWN,NQ_ADX_C,UNKNOWN,NQ,NQ JUN26,LONG,1,27304.25,27310.75,130.0,130.0,26.0,WIN,STOP_HIT,TREND_COMPRESSION,TREND,TrendDown,OPENING_AUCTION,49,DIRECTIONAL_MODERATE,0,TRANSITION,0.43,,25,4580.0,2026-04-30 18:15:19,UNMAPPED_ACCOUNT
2026-04-30,2026-04-30 09:42:44,2026-04-30 09:43:10,UNKNOWN,DEMO1419193,UNKNOWN,NQ Momentum A,UNKNOWN,NQ,NQ JUN26,LONG,1,27304.25,27310.75,130.0,130.0,26.0,WIN,STOP_HIT,TREND_COMPRESSION,TREND,TrendDown,OPENING_AUCTION,49,DIRECTIONAL_MODERATE,0,TRANSITION,0.43,,26,4710.0,2026-04-30 18:15:19,UNMAPPED_ACCOUNT
2026-04-30,2026-04-30 09:42:44,2026-04-30 09:43:10,UNKNOWN,DEMO1419193,UNKNOWN,NQ Momentum A,UNKNOWN,NQ,NQ JUN26,LONG,1,27304.25,27310.75,130.0,130.0,26.0,WIN,STOP_HIT,TREND_COMPRESSION,TREND,TrendDown,OPENING_AUCTION,49,DIRECTIONAL_MODERATE,0,TRANSITION,0.43,,27,4840.0,2026-04-30 18:15:19,UNMAPPED_ACCOUNT
2026-04-30,2026-04-30 09:42:44,2026-04-30 09:43:10,UNKNOWN,DEMO1419193,UNKNOWN,NQ_ADX_A,UNKNOWN,NQ,NQ JUN26,LONG,1,27304.25,27310.75,130.0,130.0,26.0,WIN,STOP_HIT,TREND_COMPRESSION,TREND,TrendDown,OPENING_AUCTION,49,DIRECTIONAL_MODERATE,0,TRANSITION,0.43,,28,4970.0,2026-04-30 18:15:19,UNMAPPED_ACCOUNT
2026-04-30,2026-04-30 09:43:23,2026-04-30 09:43:24,UNKNOWN,DEMO1419193,UNKNOWN,NQ_ADX_A,UNKNOWN,NQ,NQ JUN26,LONG,1,27299.25,27304.25,100.0,100.0,20.0,WIN,STOP_HIT,TREND_COMPRESSION,TREND,TrendDown,OPENING_AUCTION,49,DIRECTIONAL_MODERATE,0,TRANSITION,0.02,,29,5070.0,2026-04-30 18:15:19,UNMAPPED_ACCOUNT
2026-04-30,2026-04-30 09:43:23,2026-04-30 09:43:24,UNKNOWN,DEMO1419193,UNKNOWN,NQ Momentum A,UNKNOWN,NQ,NQ JUN26,LONG,1,27299.25,27304.25,100.0,100.0,20.0,WIN,STOP_HIT,TREND_COMPRESSION,TREND,TrendDown,OPENING_AUCTION,49,DIRECTIONAL_MODERATE,0,TRANSITION,0.02,,30,5170.0,2026-04-30 18:15:19,UNMAPPED_ACCOUNT
2026-04-30,2026-04-30 09:43:23,2026-04-30 09:43:24,UNKNOWN,DEMO1419193,UNKNOWN,UNMAPPED,UNKNOWN,NQ,NQ JUN26,LONG,1,27299.25,27304.25,100.0,100.0,20.0,WIN,STOP_HIT,TREND_COMPRESSION,TREND,TrendDown,OPENING_AUCTION,49,DIRECTIONAL_MODERATE,0,TRANSITION,0.02,,31,5270.0,2026-04-30 18:15:19,UNMAPPED_ACCOUNT;UNMAPPED_BOT
2026-04-30,2026-04-30 09:43:23,2026-04-30 09:43:24,UNKNOWN,DEMO1419193,UNKNOWN,UNMAPPED,UNKNOWN,NQ,NQ JUN26,LONG,1,27299.25,27304.25,100.0,100.0,20.0,WIN,STOP_HIT,TREND_COMPRESSION,TREND,TrendDown,OPENING_AUCTION,49,DIRECTIONAL_MODERATE,0,TRANSITION,0.02,,32,5370.0,2026-04-30 18:15:19,UNMAPPED_ACCOUNT;UNMAPPED_BOT
2026-04-30,2026-04-30 09:43:23,2026-04-30 09:43:24,UNKNOWN,DEMO1419193,UNKNOWN,NQ Fader A,UNKNOWN,NQ,NQ JUN26,LONG,1,27299.25,27304.25,100.0,100.0,20.0,WIN,STOP_HIT,TREND_COMPRESSION,TREND,TrendDown,OPENING_AUCTION,49,DIRECTIONAL_MODERATE,0,TRANSITION,0.02,,33,5470.0,2026-04-30 18:15:19,UNMAPPED_ACCOUNT
2026-04-30,2026-04-30 09:43:23,2026-04-30 09:43:24,UNKNOWN,DEMO1419193,UNKNOWN,NQ_Sniper_A,UNKNOWN,NQ,NQ JUN26,LONG,1,27299.25,27304.25,100.0,100.0,20.0,WIN,STOP_HIT,TREND_COMPRESSION,TREND,TrendDown,OPENING_AUCTION,49,DIRECTIONAL_MODERATE,0,TRANSITION,0.02,,34,5570.0,2026-04-30 18:15:19,UNMAPPED_ACCOUNT
2026-04-30,2026-04-30 09:43:23,2026-04-30 09:43:24,UNKNOWN,DEMO1419193,UNKNOWN,NQ Expansion A,UNKNOWN,NQ,NQ JUN26,LONG,1,27299.25,27304.25,100.0,100.0,20.0,WIN,STOP_HIT,TREND_COMPRESSION,TREND,TrendDown,OPENING_AUCTION,49,DIRECTIONAL_MODERATE,0,TRANSITION,0.02,,35,5670.0,2026-04-30 18:15:19,UNMAPPED_ACCOUNT
2026-04-30,2026-04-30 09:43:23,2026-04-30 09:43:24,UNKNOWN,DEMO1419193,UNKNOWN,NQ_ADX_B,UNKNOWN,NQ,NQ JUN26,LONG,1,27299.25,27304.25,100.0,100.0,20.0,WIN,STOP_HIT,TREND_COMPRESSION,TREND,TrendDown,OPENING_AUCTION,49,DIRECTIONAL_MODERATE,0,TRANSITION,0.02,,36,5770.0,2026-04-30 18:15:19,UNMAPPED_ACCOUNT
2026-04-30,2026-04-30 09:43:23,2026-04-30 09:43:24,UNKNOWN,DEMO1419193,UNKNOWN,NQ Expansion B,UNKNOWN,NQ,NQ JUN26,LONG,1,27299.25,27304.25,100.0,100.0,20.0,WIN,STOP_HIT,TREND_COMPRESSION,TREND,TrendDown,OPENING_AUCTION,49,DIRECTIONAL_MODERATE,0,TRANSITION,0.02,,37,5870.0,2026-04-30 18:15:19,UNMAPPED_ACCOUNT
2026-04-30,2026-04-30 09:43:23,2026-04-30 09:43:24,UNKNOWN,DEMO1419193,UNKNOWN,NQ Fader B,UNKNOWN,NQ,NQ JUN26,LONG,1,27299.25,27304.25,100.0,100.0,20.0,WIN,STOP_HIT,TREND_COMPRESSION,TREND,TrendDown,OPENING_AUCTION,49,DIRECTIONAL_MODERATE,0,TRANSITION,0.02,,38,5970.0,2026-04-30 18:15:19,UNMAPPED_ACCOUNT
2026-04-30,2026-04-30 09:43:23,2026-04-30 09:43:24,UNKNOWN,DEMO1419193,UNKNOWN,NQ_Sniper_B,UNKNOWN,NQ,NQ JUN26,LONG,1,27299.25,27304.25,100.0,100.0,20.0,WIN,STOP_HIT,TREND_COMPRESSION,TREND,TrendDown,OPENING_AUCTION,49,DIRECTIONAL_MODERATE,0,TRANSITION,0.02,,39,6070.0,2026-04-30 18:15:19,UNMAPPED_ACCOUNT
2026-04-30,2026-04-30 09:43:23,2026-04-30 09:43:24,UNKNOWN,DEMO1419193,UNKNOWN,NQ Momentum B,UNKNOWN,NQ,NQ JUN26,LONG,1,27299.25,27304.25,100.0,100.0,20.0,WIN,STOP_HIT,TREND_COMPRESSION,TREND,TrendDown,OPENING_AUCTION,49,DIRECTIONAL_MODERATE,0,TRANSITION,0.02,,40,6170.0,2026-04-30 18:15:19,UNMAPPED_ACCOUNT
2026-04-30,2026-04-30 09:43:23,2026-04-30 09:43:24,UNKNOWN,DEMO1419193,UNKNOWN,NQ_ADX_C,UNKNOWN,NQ,NQ JUN26,LONG,1,27299.25,27304.25,100.0,100.0,20.0,WIN,STOP_HIT,TREND_COMPRESSION,TREND,TrendDown,OPENING_AUCTION,49,DIRECTIONAL_MODERATE,0,TRANSITION,0.02,,41,6270.0,2026-04-30 18:15:19,UNMAPPED_ACCOUNT
2026-04-30,2026-04-30 09:43:23,2026-04-30 09:43:24,UNKNOWN,DEMO1419193,UNKNOWN,NQ Momentum A,UNKNOWN,NQ,NQ JUN26,LONG,1,27299.25,27304.25,100.0,100.0,20.0,WIN,STOP_HIT,TREND_COMPRESSION,TREND,TrendDown,OPENING_AUCTION,49,DIRECTIONAL_MODERATE,0,TRANSITION,0.02,,42,6370.0,2026-04-30 18:15:19,UNMAPPED_ACCOUNT
2026-04-30,2026-04-30 09:43:25,2026-04-30 09:43:27,UNKNOWN,DEMO1419193,UNKNOWN,NQ Fader B,UNKNOWN,NQ,NQ JUN26,LONG,1,27304.75,27308.75,80.0,80.0,16.0,WIN,STOP_HIT,TREND_COMPRESSION,TREND,TrendDown,OPENING_AUCTION,49,DIRECTIONAL_MODERATE,0,TRANSITION,0.03,,43,6450.0,2026-04-30 18:15:19,UNMAPPED_ACCOUNT
2026-04-30,2026-04-30 09:43:25,2026-04-30 09:43:27,UNKNOWN,DEMO1419193,UNKNOWN,UNMAPPED,UNKNOWN,NQ,NQ JUN26,LONG,1,27304.75,27308.75,80.0,80.0,16.0,WIN,STOP_HIT,TREND_COMPRESSION,TREND,TrendDown,OPENING_AUCTION,49,DIRECTIONAL_MODERATE,0,TRANSITION,0.03,,44,6530.0,2026-04-30 18:15:19,UNMAPPED_ACCOUNT;UNMAPPED_BOT
2026-04-30,2026-04-30 09:43:25,2026-04-30 09:43:27,UNKNOWN,DEMO1419193,UNKNOWN,NQ Fader A,UNKNOWN,NQ,NQ JUN26,LONG,1,27304.75,27308.75,80.0,80.0,16.0,WIN,STOP_HIT,TREND_COMPRESSION,TREND,TrendDown,OPENING_AUCTION,49,DIRECTIONAL_MODERATE,0,TRANSITION,0.03,,45,6610.0,2026-04-30 18:15:19,UNMAPPED_ACCOUNT
2026-04-30,2026-04-30 09:43:25,2026-04-30 09:43:27,UNKNOWN,DEMO1419193,UNKNOWN,NQ_Sniper_A,UNKNOWN,NQ,NQ JUN26,LONG,1,27304.75,27308.75,80.0,80.0,16.0,WIN,STOP_HIT,TREND_COMPRESSION,TREND,TrendDown,OPENING_AUCTION,49,DIRECTIONAL_MODERATE,0,TRANSITION,0.03,,46,6690.0,2026-04-30 18:15:19,UNMAPPED_ACCOUNT
2026-04-30,2026-04-30 09:43:25,2026-04-30 09:43:27,UNKNOWN,DEMO1419193,UNKNOWN,NQ Momentum A,UNKNOWN,NQ,NQ JUN26,LONG,1,27304.75,27308.75,80.0,80.0,16.0,WIN,STOP_HIT,TREND_COMPRESSION,TREND,TrendDown,OPENING_AUCTION,49,DIRECTIONAL_MODERATE,0,TRANSITION,0.03,,47,6770.0,2026-04-30 18:15:19,UNMAPPED_ACCOUNT
2026-04-30,2026-04-30 09:43:25,2026-04-30 09:43:27,UNKNOWN,DEMO1419193,UNKNOWN,NQ Expansion A,UNKNOWN,NQ,NQ JUN26,LONG,1,27304.75,27308.75,80.0,80.0,16.0,WIN,STOP_HIT,TREND_COMPRESSION,TREND,TrendDown,OPENING_AUCTION,49,DIRECTIONAL_MODERATE,0,TRANSITION,0.03,,48,6850.0,2026-04-30 18:15:19,UNMAPPED_ACCOUNT
2026-04-30,2026-04-30 09:43:25,2026-04-30 09:43:27,UNKNOWN,DEMO1419193,UNKNOWN,NQ_ADX_A,UNKNOWN,NQ,NQ JUN26,LONG,1,27304.75,27308.75,80.0,80.0,16.0,WIN,STOP_HIT,TREND_COMPRESSION,TREND,TrendDown,OPENING_AUCTION,49,DIRECTIONAL_MODERATE,0,TRANSITION,0.03,,49,6930.0,2026-04-30 18:15:19,UNMAPPED_ACCOUNT
2026-04-30,2026-04-30 09:43:25,2026-04-30 09:43:27,UNKNOWN,DEMO1419193,UNKNOWN,NQ_Sniper_B,UNKNOWN,NQ,NQ JUN26,LONG,1,27304.75,27308.75,80.0,80.0,16.0,WIN,STOP_HIT,TREND_COMPRESSION,TREND,TrendDown,OPENING_AUCTION,49,DIRECTIONAL_MODERATE,0,TRANSITION,0.03,,50,7010.0,2026-04-30 18:15:19,UNMAPPED_ACCOUNT
2026-04-30,2026-04-30 09:43:25,2026-04-30 09:43:27,UNKNOWN,DEMO1419193,UNKNOWN,NQ_ADX_B,UNKNOWN,NQ,NQ JUN26,LONG,1,27304.75,27308.75,80.0,80.0,16.0,WIN,STOP_HIT,TREND_COMPRESSION,TREND,TrendDown,OPENING_AUCTION,49,DIRECTIONAL_MODERATE,0,TRANSITION,0.03,,51,7090.0,2026-04-30 18:15:19,UNMAPPED_ACCOUNT
2026-04-30,2026-04-30 09:43:25,2026-04-30 09:43:27,UNKNOWN,DEMO1419193,UNKNOWN,NQ Momentum B,UNKNOWN,NQ,NQ JUN26,LONG,1,27304.75,27308.75,80.0,80.0,16.0,WIN,STOP_HIT,TREND_COMPRESSION,TREND,TrendDown,OPENING_AUCTION,49,DIRECTIONAL_MODERATE,0,TRANSITION,0.03,,52,7170.0,2026-04-30 18:15:19,UNMAPPED_ACCOUNT
2026-04-30,2026-04-30 09:43:25,2026-04-30 09:43:27,UNKNOWN,DEMO1419193,UNKNOWN,NQ_ADX_C,UNKNOWN,NQ,NQ JUN26,LONG,1,27304.75,27308.75,80.0,80.0,16.0,WIN,STOP_HIT,TREND_COMPRESSION,TREND,TrendDown,OPENING_AUCTION,49,DIRECTIONAL_MODERATE,0,TRANSITION,0.03,,53,7250.0,2026-04-30 18:15:19,UNMAPPED_ACCOUNT
2026-04-30,2026-04-30 09:43:25,2026-04-30 09:43:27,UNKNOWN,DEMO1419193,UNKNOWN,NQ Expansion B,UNKNOWN,NQ,NQ JUN26,LONG,1,27304.75,27308.75,80.0,80.0,16.0,WIN,STOP_HIT,TREND_COMPRESSION,TREND,TrendDown,OPENING_AUCTION,49,DIRECTIONAL_MODERATE,0,TRANSITION,0.03,,54,7330.0,2026-04-30 18:15:19,UNMAPPED_ACCOUNT
2026-04-30,2026-04-30 09:43:25,2026-04-30 09:43:27,UNKNOWN,DEMO1419193,UNKNOWN,UNMAPPED,UNKNOWN,NQ,NQ JUN26,LONG,1,27304.75,27308.75,80.0,80.0,16.0,WIN,STOP_HIT,TREND_COMPRESSION,TREND,TrendDown,OPENING_AUCTION,49,DIRECTIONAL_MODERATE,0,TRANSITION,0.03,,55,7410.0,2026-04-30 18:15:19,UNMAPPED_ACCOUNT;UNMAPPED_BOT
2026-04-30,2026-04-30 09:43:25,2026-04-30 09:43:27,UNKNOWN,DEMO1419193,UNKNOWN,NQ Momentum A,UNKNOWN,NQ,NQ JUN26,LONG,1,27304.75,27308.75,80.0,80.0,16.0,WIN,STOP_HIT,TREND_COMPRESSION,TREND,TrendDown,OPENING_AUCTION,49,DIRECTIONAL_MODERATE,0,TRANSITION,0.03,,56,7490.0,2026-04-30 18:15:19,UNMAPPED_ACCOUNT
2026-04-30,2026-04-30 09:50:48,2026-04-30 09:51:50,UNKNOWN,DEMO1419193,UNKNOWN,UNMAPPED,UNKNOWN,NQ,NQ JUN26,LONG,1,27329.25,27280.25,-980.0,-980.0,-196.0,LOSS,STOP_HIT,ROTATION_LIQUID,ROTATION,Transition,EARLY_TEST,70,TWO_SIDED_CONFIRMED,0,TREND_COMPRESSION,1.03,,57,6510.0,2026-04-30 18:15:19,UNMAPPED_ACCOUNT;UNMAPPED_BOT
2026-04-30,2026-04-30 09:50:48,2026-04-30 09:51:50,UNKNOWN,DEMO1419193,UNKNOWN,UNMAPPED,UNKNOWN,NQ,NQ JUN26,LONG,1,27329.25,27280.25,-980.0,-980.0,-196.0,LOSS,STOP_HIT,ROTATION_LIQUID,ROTATION,Transition,EARLY_TEST,70,TWO_SIDED_CONFIRMED,0,TREND_COMPRESSION,1.03,,58,5530.0,2026-04-30 18:15:19,UNMAPPED_ACCOUNT;UNMAPPED_BOT
2026-04-30,2026-04-30 09:50:48,2026-04-30 09:51:50,UNKNOWN,DEMO1419193,UNKNOWN,NQ_Sniper_A,UNKNOWN,NQ,NQ JUN26,LONG,1,27329.25,27280.25,-980.0,-980.0,-196.0,LOSS,STOP_HIT,ROTATION_LIQUID,ROTATION,Transition,EARLY_TEST,70,TWO_SIDED_CONFIRMED,0,TREND_COMPRESSION,1.03,,59,4550.0,2026-04-30 18:15:19,UNMAPPED_ACCOUNT
2026-04-30,2026-04-30 09:50:48,2026-04-30 09:51:50,UNKNOWN,DEMO1419193,UNKNOWN,NQ Expansion A,UNKNOWN,NQ,NQ JUN26,LONG,1,27329.25,27280.25,-980.0,-980.0,-196.0,LOSS,STOP_HIT,ROTATION_LIQUID,ROTATION,Transition,EARLY_TEST,70,TWO_SIDED_CONFIRMED,0,TREND_COMPRESSION,1.03,,60,3570.0,2026-04-30 18:15:19,UNMAPPED_ACCOUNT
2026-04-30,2026-04-30 09:50:48,2026-04-30 09:51:50,UNKNOWN,DEMO1419193,UNKNOWN,NQ Fader A,UNKNOWN,NQ,NQ JUN26,LONG,1,27329.25,27280.25,-980.0,-980.0,-196.0,LOSS,STOP_HIT,ROTATION_LIQUID,ROTATION,Transition,EARLY_TEST,70,TWO_SIDED_CONFIRMED,0,TREND_COMPRESSION,1.03,,61,2590.0,2026-04-30 18:15:19,UNMAPPED_ACCOUNT
2026-04-30,2026-04-30 09:50:48,2026-04-30 09:51:50,UNKNOWN,DEMO1419193,UNKNOWN,NQ Expansion B,UNKNOWN,NQ,NQ JUN26,LONG,1,27329.25,27280.25,-980.0,-980.0,-196.0,LOSS,STOP_HIT,ROTATION_LIQUID,ROTATION,Transition,EARLY_TEST,70,TWO_SIDED_CONFIRMED,0,TREND_COMPRESSION,1.03,,62,1610.0,2026-04-30 18:15:19,UNMAPPED_ACCOUNT
2026-04-30,2026-04-30 09:50:48,2026-04-30 09:51:50,UNKNOWN,DEMO1419193,UNKNOWN,NQ Momentum A,UNKNOWN,NQ,NQ JUN26,LONG,1,27329.25,27280.25,-980.0,-980.0,-196.0,LOSS,STOP_HIT,ROTATION_LIQUID,ROTATION,Transition,EARLY_TEST,70,TWO_SIDED_CONFIRMED,0,TREND_COMPRESSION,1.03,,63,630.0,2026-04-30 18:15:19,UNMAPPED_ACCOUNT
2026-04-30,2026-04-30 09:50:48,2026-04-30 09:51:50,UNKNOWN,DEMO1419193,UNKNOWN,NQ Fader B,UNKNOWN,NQ,NQ JUN26,LONG,1,27329.25,27280.25,-980.0,-980.0,-196.0,LOSS,STOP_HIT,ROTATION_LIQUID,ROTATION,Transition,EARLY_TEST,70,TWO_SIDED_CONFIRMED,0,TREND_COMPRESSION,1.03,,64,-350.0,2026-04-30 18:15:19,UNMAPPED_ACCOUNT
2026-04-30,2026-04-30 09:50:48,2026-04-30 09:51:50,UNKNOWN,DEMO1419193,UNKNOWN,NQ_ADX_A,UNKNOWN,NQ,NQ JUN26,LONG,1,27329.25,27280.25,-980.0,-980.0,-196.0,LOSS,STOP_HIT,ROTATION_LIQUID,ROTATION,Transition,EARLY_TEST,70,TWO_SIDED_CONFIRMED,0,TREND_COMPRESSION,1.03,,65,-1330.0,2026-04-30 18:15:19,UNMAPPED_ACCOUNT
2026-04-30,2026-04-30 09:50:48,2026-04-30 09:51:50,UNKNOWN,DEMO1419193,UNKNOWN,NQ_ADX_B,UNKNOWN,NQ,NQ JUN26,LONG,1,27329.25,27280.25,-980.0,-980.0,-196.0,LOSS,STOP_HIT,ROTATION_LIQUID,ROTATION,Transition,EARLY_TEST,70,TWO_SIDED_CONFIRMED,0,TREND_COMPRESSION,1.03,,66,-2310.0,2026-04-30 18:15:19,UNMAPPED_ACCOUNT
2026-04-30,2026-04-30 09:50:48,2026-04-30 09:51:50,UNKNOWN,DEMO1419193,UNKNOWN,NQ Momentum A,UNKNOWN,NQ,NQ JUN26,LONG,1,27329.25,27280.25,-980.0,-980.0,-196.0,LOSS,STOP_HIT,ROTATION_LIQUID,ROTATION,Transition,EARLY_TEST,70,TWO_SIDED_CONFIRMED,0,TREND_COMPRESSION,1.03,,67,-3290.0,2026-04-30 18:15:19,UNMAPPED_ACCOUNT
2026-04-30,2026-04-30 09:50:48,2026-04-30 09:51:50,UNKNOWN,DEMO1419193,UNKNOWN,NQ_Sniper_B,UNKNOWN,NQ,NQ JUN26,LONG,1,27329.25,27280.25,-980.0,-980.0,-196.0,LOSS,STOP_HIT,ROTATION_LIQUID,ROTATION,Transition,EARLY_TEST,70,TWO_SIDED_CONFIRMED,0,TREND_COMPRESSION,1.03,,68,-4270.0,2026-04-30 18:15:19,UNMAPPED_ACCOUNT
2026-04-30,2026-04-30 09:50:48,2026-04-30 09:51:50,UNKNOWN,DEMO1419193,UNKNOWN,NQ_ADX_C,UNKNOWN,NQ,NQ JUN26,LONG,1,27329.25,27280.25,-980.0,-980.0,-196.0,LOSS,STOP_HIT,ROTATION_LIQUID,ROTATION,Transition,EARLY_TEST,70,TWO_SIDED_CONFIRMED,0,TREND_COMPRESSION,1.03,,69,-5250.0,2026-04-30 18:15:19,UNMAPPED_ACCOUNT
2026-04-30,2026-04-30 09:50:48,2026-04-30 09:51:50,UNKNOWN,DEMO1419193,UNKNOWN,NQ Momentum B,UNKNOWN,NQ,NQ JUN26,LONG,1,27329.25,27280.25,-980.0,-980.0,-196.0,LOSS,STOP_HIT,ROTATION_LIQUID,ROTATION,Transition,EARLY_TEST,70,TWO_SIDED_CONFIRMED,0,TREND_COMPRESSION,1.03,,70,-6230.0,2026-04-30 18:15:19,UNMAPPED_ACCOUNT
2026-04-30,2026-04-30 09:52:05,2026-04-30 09:52:14,UNKNOWN,DEMO1419193,UNKNOWN,NQ_Sniper_A,UNKNOWN,NQ,NQ JUN26,LONG,1,27274.0,27281.25,145.0,145.0,29.0,WIN,Target1,ROTATION_LIQUID,ROTATION,Transition,EARLY_TEST,70,TWO_SIDED_CONFIRMED,0,TREND_COMPRESSION,0.15,,71,-6085.0,2026-04-30 18:15:19,UNMAPPED_ACCOUNT
2026-04-30,2026-04-30 09:52:05,2026-04-30 09:52:14,UNKNOWN,DEMO1419193,UNKNOWN,NQ Momentum A,UNKNOWN,NQ,NQ JUN26,LONG,1,27274.0,27281.25,145.0,145.0,29.0,WIN,Target1,ROTATION_LIQUID,ROTATION,Transition,EARLY_TEST,70,TWO_SIDED_CONFIRMED,0,TREND_COMPRESSION,0.15,,72,-5940.0,2026-04-30 18:15:19,UNMAPPED_ACCOUNT
2026-04-30,2026-04-30 09:52:05,2026-04-30 09:52:14,UNKNOWN,DEMO1419193,UNKNOWN,NQ Expansion A,UNKNOWN,NQ,NQ JUN26,LONG,1,27274.0,27281.25,145.0,145.0,29.0,WIN,Target1,ROTATION_LIQUID,ROTATION,Transition,EARLY_TEST,70,TWO_SIDED_CONFIRMED,0,TREND_COMPRESSION,0.15,,73,-5795.0,2026-04-30 18:15:19,UNMAPPED_ACCOUNT
2026-04-30,2026-04-30 09:52:05,2026-04-30 09:52:14,UNKNOWN,DEMO1419193,UNKNOWN,NQ_ADX_A,UNKNOWN,NQ,NQ JUN26,LONG,1,27274.0,27281.25,145.0,145.0,29.0,WIN,Target1,ROTATION_LIQUID,ROTATION,Transition,EARLY_TEST,70,TWO_SIDED_CONFIRMED,0,TREND_COMPRESSION,0.15,,74,-5650.0,2026-04-30 18:15:19,UNMAPPED_ACCOUNT
2026-04-30,2026-04-30 09:52:05,2026-04-30 09:52:14,UNKNOWN,DEMO1419193,UNKNOWN,NQ Expansion B,UNKNOWN,NQ,NQ JUN26,LONG,1,27274.0,27281.25,145.0,145.0,29.0,WIN,Target1,ROTATION_LIQUID,ROTATION,Transition,EARLY_TEST,70,TWO_SIDED_CONFIRMED,0,TREND_COMPRESSION,0.15,,75,-5505.0,2026-04-30 18:15:19,UNMAPPED_ACCOUNT
2026-04-30,2026-04-30 09:52:05,2026-04-30 09:52:14,UNKNOWN,DEMO1419193,UNKNOWN,NQ Fader B,UNKNOWN,NQ,NQ JUN26,LONG,1,27274.0,27281.25,145.0,145.0,29.0,WIN,Target1,ROTATION_LIQUID,ROTATION,Transition,EARLY_TEST,70,TWO_SIDED_CONFIRMED,0,TREND_COMPRESSION,0.15,,76,-5360.0,2026-04-30 18:15:19,UNMAPPED_ACCOUNT
2026-04-30,2026-04-30 09:52:05,2026-04-30 09:52:14,UNKNOWN,DEMO1419193,UNKNOWN,NQ_Sniper_B,UNKNOWN,NQ,NQ JUN26,LONG,1,27274.0,27281.25,145.0,145.0,29.0,WIN,Target1,ROTATION_LIQUID,ROTATION,Transition,EARLY_TEST,70,TWO_SIDED_CONFIRMED,0,TREND_COMPRESSION,0.15,,77,-5215.0,2026-04-30 18:15:19,UNMAPPED_ACCOUNT
2026-04-30,2026-04-30 09:52:05,2026-04-30 09:52:14,UNKNOWN,DEMO1419193,UNKNOWN,NQ_ADX_B,UNKNOWN,NQ,NQ JUN26,LONG,1,27274.0,27281.25,145.0,145.0,29.0,WIN,Target1,ROTATION_LIQUID,ROTATION,Transition,EARLY_TEST,70,TWO_SIDED_CONFIRMED,0,TREND_COMPRESSION,0.15,,78,-5070.0,2026-04-30 18:15:19,UNMAPPED_ACCOUNT
2026-04-30,2026-04-30 09:52:05,2026-04-30 09:52:14,UNKNOWN,DEMO1419193,UNKNOWN,UNMAPPED,UNKNOWN,NQ,NQ JUN26,LONG,1,27274.0,27281.25,145.0,145.0,29.0,WIN,Target1,ROTATION_LIQUID,ROTATION,Transition,EARLY_TEST,70,TWO_SIDED_CONFIRMED,0,TREND_COMPRESSION,0.15,,79,-4925.0,2026-04-30 18:15:19,UNMAPPED_ACCOUNT;UNMAPPED_BOT
2026-04-30,2026-04-30 09:52:05,2026-04-30 09:52:14,UNKNOWN,DEMO1419193,UNKNOWN,NQ Momentum B,UNKNOWN,NQ,NQ JUN26,LONG,1,27274.0,27281.25,145.0,145.0,29.0,WIN,Target1,ROTATION_LIQUID,ROTATION,Transition,EARLY_TEST,70,TWO_SIDED_CONFIRMED,0,TREND_COMPRESSION,0.15,,80,-4780.0,2026-04-30 18:15:19,UNMAPPED_ACCOUNT
2026-04-30,2026-04-30 09:52:05,2026-04-30 09:52:14,UNKNOWN,DEMO1419193,UNKNOWN,NQ_ADX_C,UNKNOWN,NQ,NQ JUN26,LONG,1,27274.0,27281.25,145.0,145.0,29.0,WIN,Target1,ROTATION_LIQUID,ROTATION,Transition,EARLY_TEST,70,TWO_SIDED_CONFIRMED,0,TREND_COMPRESSION,0.15,,81,-4635.0,2026-04-30 18:15:19,UNMAPPED_ACCOUNT
2026-04-30,2026-04-30 09:52:05,2026-04-30 09:52:14,UNKNOWN,DEMO1419193,UNKNOWN,NQ Fader A,UNKNOWN,NQ,NQ JUN26,LONG,1,27274.0,27281.25,145.0,145.0,29.0,WIN,Target1,ROTATION_LIQUID,ROTATION,Transition,EARLY_TEST,70,TWO_SIDED_CONFIRMED,0,TREND_COMPRESSION,0.15,,82,-4490.0,2026-04-30 18:15:19,UNMAPPED_ACCOUNT
2026-04-30,2026-04-30 09:52:05,2026-04-30 09:52:14,UNKNOWN,DEMO1419193,UNKNOWN,UNMAPPED,UNKNOWN,NQ,NQ JUN26,LONG,1,27274.0,27281.25,145.0,145.0,29.0,WIN,Target1,ROTATION_LIQUID,ROTATION,Transition,EARLY_TEST,70,TWO_SIDED_CONFIRMED,0,TREND_COMPRESSION,0.15,,83,-4345.0,2026-04-30 18:15:19,UNMAPPED_ACCOUNT;UNMAPPED_BOT
2026-04-30,2026-04-30 09:52:05,2026-04-30 09:52:14,UNKNOWN,DEMO1419193,UNKNOWN,NQ Momentum A,UNKNOWN,NQ,NQ JUN26,LONG,1,27274.0,27281.25,145.0,145.0,29.0,WIN,Target1,ROTATION_LIQUID,ROTATION,Transition,EARLY_TEST,70,TWO_SIDED_CONFIRMED,0,TREND_COMPRESSION,0.15,,84,-4200.0,2026-04-30 18:15:19,UNMAPPED_ACCOUNT
2026-04-30,2026-04-30 09:52:34,2026-04-30 09:52:34,UNKNOWN,DEMO1419193,UNKNOWN,UNMAPPED,UNKNOWN,NQ,NQ JUN26,LONG,1,27269.25,27269.75,10.0,10.0,2.0,WIN,Target1,ROTATION_LIQUID,ROTATION,Transition,EARLY_TEST,70,TWO_SIDED_CONFIRMED,0,TREND_COMPRESSION,0.0,,85,-4190.0,2026-04-30 18:15:19,UNMAPPED_ACCOUNT;UNMAPPED_BOT
2026-04-30,2026-04-30 09:52:34,2026-04-30 09:52:34,UNKNOWN,DEMO1419193,UNKNOWN,NQ_ADX_A,UNKNOWN,NQ,NQ JUN26,LONG,1,27269.25,27269.75,10.0,10.0,2.0,WIN,Target1,ROTATION_LIQUID,ROTATION,Transition,EARLY_TEST,70,TWO_SIDED_CONFIRMED,0,TREND_COMPRESSION,0.0,,86,-4180.0,2026-04-30 18:15:19,UNMAPPED_ACCOUNT
2026-04-30,2026-04-30 09:52:34,2026-04-30 09:52:34,UNKNOWN,DEMO1419193,UNKNOWN,NQ_ADX_C,UNKNOWN,NQ,NQ JUN26,LONG,1,27269.25,27269.75,10.0,10.0,2.0,WIN,Target1,ROTATION_LIQUID,ROTATION,Transition,EARLY_TEST,70,TWO_SIDED_CONFIRMED,0,TREND_COMPRESSION,0.0,,87,-4170.0,2026-04-30 18:15:19,UNMAPPED_ACCOUNT
2026-04-30,2026-04-30 09:52:34,2026-04-30 09:52:34,UNKNOWN,DEMO1419193,UNKNOWN,NQ Momentum B,UNKNOWN,NQ,NQ JUN26,LONG,1,27269.25,27269.75,10.0,10.0,2.0,WIN,Target1,ROTATION_LIQUID,ROTATION,Transition,EARLY_TEST,70,TWO_SIDED_CONFIRMED,0,TREND_COMPRESSION,0.0,,88,-4160.0,2026-04-30 18:15:19,UNMAPPED_ACCOUNT
2026-04-30,2026-04-30 09:52:34,2026-04-30 09:52:34,UNKNOWN,DEMO1419193,UNKNOWN,NQ_ADX_B,UNKNOWN,NQ,NQ JUN26,LONG,1,27269.25,27269.75,10.0,10.0,2.0,WIN,Target1,ROTATION_LIQUID,ROTATION,Transition,EARLY_TEST,70,TWO_SIDED_CONFIRMED,0,TREND_COMPRESSION,0.0,,89,-4150.0,2026-04-30 18:15:19,UNMAPPED_ACCOUNT
2026-04-30,2026-04-30 09:52:34,2026-04-30 09:52:34,UNKNOWN,DEMO1419193,UNKNOWN,NQ_Sniper_B,UNKNOWN,NQ,NQ JUN26,LONG,1,27269.25,27269.75,10.0,10.0,2.0,WIN,Target1,ROTATION_LIQUID,ROTATION,Transition,EARLY_TEST,70,TWO_SIDED_CONFIRMED,0,TREND_COMPRESSION,0.0,,90,-4140.0,2026-04-30 18:15:19,UNMAPPED_ACCOUNT
2026-04-30,2026-04-30 09:52:34,2026-04-30 09:52:34,UNKNOWN,DEMO1419193,UNKNOWN,NQ Fader B,UNKNOWN,NQ,NQ JUN26,LONG,1,27269.25,27269.75,10.0,10.0,2.0,WIN,Target1,ROTATION_LIQUID,ROTATION,Transition,EARLY_TEST,70,TWO_SIDED_CONFIRMED,0,TREND_COMPRESSION,0.0,,91,-4130.0,2026-04-30 18:15:19,UNMAPPED_ACCOUNT
2026-04-30,2026-04-30 09:52:34,2026-04-30 09:52:34,UNKNOWN,DEMO1419193,UNKNOWN,NQ Expansion B,UNKNOWN,NQ,NQ JUN26,LONG,1,27269.25,27269.75,10.0,10.0,2.0,WIN,Target1,ROTATION_LIQUID,ROTATION,Transition,EARLY_TEST,70,TWO_SIDED_CONFIRMED,0,TREND_COMPRESSION,0.0,,92,-4120.0,2026-04-30 18:15:19,UNMAPPED_ACCOUNT
2026-04-30,2026-04-30 09:52:34,2026-04-30 09:52:34,UNKNOWN,DEMO1419193,UNKNOWN,NQ Momentum A,UNKNOWN,NQ,NQ JUN26,LONG,1,27269.25,27269.75,10.0,10.0,2.0,WIN,Target1,ROTATION_LIQUID,ROTATION,Transition,EARLY_TEST,70,TWO_SIDED_CONFIRMED,0,TREND_COMPRESSION,0.0,,93,-4110.0,2026-04-30 18:15:19,UNMAPPED_ACCOUNT
2026-04-30,2026-04-30 09:52:34,2026-04-30 09:52:34,UNKNOWN,DEMO1419193,UNKNOWN,NQ Expansion A,UNKNOWN,NQ,NQ JUN26,LONG,1,27269.25,27269.75,10.0,10.0,2.0,WIN,Target1,ROTATION_LIQUID,ROTATION,Transition,EARLY_TEST,70,TWO_SIDED_CONFIRMED,0,TREND_COMPRESSION,0.0,,94,-4100.0,2026-04-30 18:15:19,UNMAPPED_ACCOUNT
2026-04-30,2026-04-30 09:52:34,2026-04-30 09:52:34,UNKNOWN,DEMO1419193,UNKNOWN,NQ Momentum A,UNKNOWN,NQ,NQ JUN26,LONG,1,27269.25,27269.75,10.0,10.0,2.0,WIN,Target1,ROTATION_LIQUID,ROTATION,Transition,EARLY_TEST,70,TWO_SIDED_CONFIRMED,0,TREND_COMPRESSION,0.0,,95,-4090.0,2026-04-30 18:15:19,UNMAPPED_ACCOUNT
2026-04-30,2026-04-30 09:52:34,2026-04-30 09:52:34,UNKNOWN,DEMO1419193,UNKNOWN,NQ_Sniper_A,UNKNOWN,NQ,NQ JUN26,LONG,1,27269.25,27269.75,10.0,10.0,2.0,WIN,Target1,ROTATION_LIQUID,ROTATION,Transition,EARLY_TEST,70,TWO_SIDED_CONFIRMED,0,TREND_COMPRESSION,0.0,,96,-4080.0,2026-04-30 18:15:19,UNMAPPED_ACCOUNT
2026-04-30,2026-04-30 09:52:34,2026-04-30 09:52:34,UNKNOWN,DEMO1419193,UNKNOWN,NQ Fader A,UNKNOWN,NQ,NQ JUN26,LONG,1,27269.25,27269.75,10.0,10.0,2.0,WIN,Target1,ROTATION_LIQUID,ROTATION,Transition,EARLY_TEST,70,TWO_SIDED_CONFIRMED,0,TREND_COMPRESSION,0.0,,97,-4070.0,2026-04-30 18:15:19,UNMAPPED_ACCOUNT
2026-04-30,2026-04-30 09:52:34,2026-04-30 09:52:34,UNKNOWN,DEMO1419193,UNKNOWN,UNMAPPED,UNKNOWN,NQ,NQ JUN26,LONG,1,27269.25,27269.75,10.0,10.0,2.0,WIN,Target1,ROTATION_LIQUID,ROTATION,Transition,EARLY_TEST,70,TWO_SIDED_CONFIRMED,0,TREND_COMPRESSION,0.0,,98,-4060.0,2026-04-30 18:15:19,UNMAPPED_ACCOUNT;UNMAPPED_BOT
2026-04-30,2026-04-30 09:53:11,2026-04-30 09:53:11,UNKNOWN,DEMO1419193,UNKNOWN,UNMAPPED,UNKNOWN,NQ,NQ JUN26,LONG,3,27287.25,27287.25,0.0,0.0,0.0,SCRATCH,UNKNOWN,ROTATION_LIQUID,ROTATION,Transition,EARLY_TEST,70,TWO_SIDED_CONFIRMED,0,TREND_COMPRESSION,0.0,,99,-4060.0,2026-04-30 18:15:19,UNMAPPED_ACCOUNT;MISSING_EXITREASON;UNMAPPED_BOT
2026-04-30,2026-04-30 09:53:11,2026-04-30 09:53:11,UNKNOWN,DEMO1419193,UNKNOWN,NQ_ADX_C,UNKNOWN,NQ,NQ JUN26,LONG,3,27287.25,27287.25,0.0,0.0,0.0,SCRATCH,UNKNOWN,ROTATION_LIQUID,ROTATION,Transition,EARLY_TEST,70,TWO_SIDED_CONFIRMED,0,TREND_COMPRESSION,0.0,,100,-4060.0,2026-04-30 18:15:19,UNMAPPED_ACCOUNT;MISSING_EXITREASON
2026-04-30,2026-04-30 09:53:11,2026-04-30 09:53:11,UNKNOWN,DEMO1419193,UNKNOWN,NQ Momentum B,UNKNOWN,NQ,NQ JUN26,LONG,3,27287.25,27287.25,0.0,0.0,0.0,SCRATCH,UNKNOWN,ROTATION_LIQUID,ROTATION,Transition,EARLY_TEST,70,TWO_SIDED_CONFIRMED,0,TREND_COMPRESSION,0.0,,101,-4060.0,2026-04-30 18:15:19,UNMAPPED_ACCOUNT;MISSING_EXITREASON
2026-04-30,2026-04-30 09:53:11,2026-04-30 09:53:11,UNKNOWN,DEMO1419193,UNKNOWN,NQ_ADX_B,UNKNOWN,NQ,NQ JUN26,LONG,3,27287.25,27287.25,0.0,0.0,0.0,SCRATCH,UNKNOWN,ROTATION_LIQUID,ROTATION,Transition,EARLY_TEST,70,TWO_SIDED_CONFIRMED,0,TREND_COMPRESSION,0.0,,102,-4060.0,2026-04-30 18:15:19,UNMAPPED_ACCOUNT;MISSING_EXITREASON
2026-04-30,2026-04-30 09:53:11,2026-04-30 09:53:11,UNKNOWN,DEMO1419193,UNKNOWN,NQ_Sniper_B,UNKNOWN,NQ,NQ JUN26,LONG,3,27287.25,27287.25,0.0,0.0,0.0,SCRATCH,UNKNOWN,ROTATION_LIQUID,ROTATION,Transition,EARLY_TEST,70,TWO_SIDED_CONFIRMED,0,TREND_COMPRESSION,0.0,,103,-4060.0,2026-04-30 18:15:19,UNMAPPED_ACCOUNT;MISSING_EXITREASON
2026-04-30,2026-04-30 09:53:11,2026-04-30 09:53:11,UNKNOWN,DEMO1419193,UNKNOWN,NQ Fader B,UNKNOWN,NQ,NQ JUN26,LONG,3,27287.25,27287.25,0.0,0.0,0.0,SCRATCH,UNKNOWN,ROTATION_LIQUID,ROTATION,Transition,EARLY_TEST,70,TWO_SIDED_CONFIRMED,0,TREND_COMPRESSION,0.0,,104,-4060.0,2026-04-30 18:15:19,UNMAPPED_ACCOUNT;MISSING_EXITREASON
2026-04-30,2026-04-30 09:53:11,2026-04-30 09:53:11,UNKNOWN,DEMO1419193,UNKNOWN,NQ Expansion B,UNKNOWN,NQ,NQ JUN26,LONG,3,27287.25,27287.25,0.0,0.0,0.0,SCRATCH,UNKNOWN,ROTATION_LIQUID,ROTATION,Transition,EARLY_TEST,70,TWO_SIDED_CONFIRMED,0,TREND_COMPRESSION,0.0,,105,-4060.0,2026-04-30 18:15:19,UNMAPPED_ACCOUNT;MISSING_EXITREASON
2026-04-30,2026-04-30 09:53:11,2026-04-30 09:53:11,UNKNOWN,DEMO1419193,UNKNOWN,NQ Momentum A,UNKNOWN,NQ,NQ JUN26,LONG,3,27287.25,27287.25,0.0,0.0,0.0,SCRATCH,UNKNOWN,ROTATION_LIQUID,ROTATION,Transition,EARLY_TEST,70,TWO_SIDED_CONFIRMED,0,TREND_COMPRESSION,0.0,,106,-4060.0,2026-04-30 18:15:19,UNMAPPED_ACCOUNT;MISSING_EXITREASON
2026-04-30,2026-04-30 09:53:11,2026-04-30 09:53:11,UNKNOWN,DEMO1419193,UNKNOWN,NQ Expansion A,UNKNOWN,NQ,NQ JUN26,LONG,3,27287.25,27287.25,0.0,0.0,0.0,SCRATCH,UNKNOWN,ROTATION_LIQUID,ROTATION,Transition,EARLY_TEST,70,TWO_SIDED_CONFIRMED,0,TREND_COMPRESSION,0.0,,107,-4060.0,2026-04-30 18:15:19,UNMAPPED_ACCOUNT;MISSING_EXITREASON
2026-04-30,2026-04-30 09:53:11,2026-04-30 09:53:11,UNKNOWN,DEMO1419193,UNKNOWN,NQ Momentum A,UNKNOWN,NQ,NQ JUN26,LONG,3,27287.25,27287.25,0.0,0.0,0.0,SCRATCH,UNKNOWN,ROTATION_LIQUID,ROTATION,Transition,EARLY_TEST,70,TWO_SIDED_CONFIRMED,0,TREND_COMPRESSION,0.0,,108,-4060.0,2026-04-30 18:15:19,UNMAPPED_ACCOUNT;MISSING_EXITREASON
2026-04-30,2026-04-30 09:53:11,2026-04-30 09:53:11,UNKNOWN,DEMO1419193,UNKNOWN,NQ_Sniper_A,UNKNOWN,NQ,NQ JUN26,LONG,3,27287.25,27287.25,0.0,0.0,0.0,SCRATCH,UNKNOWN,ROTATION_LIQUID,ROTATION,Transition,EARLY_TEST,70,TWO_SIDED_CONFIRMED,0,TREND_COMPRESSION,0.0,,109,-4060.0,2026-04-30 18:15:19,UNMAPPED_ACCOUNT;MISSING_EXITREASON
2026-04-30,2026-04-30 09:53:11,2026-04-30 09:53:11,UNKNOWN,DEMO1419193,UNKNOWN,NQ Fader A,UNKNOWN,NQ,NQ JUN26,LONG,3,27287.25,27287.25,0.0,0.0,0.0,SCRATCH,UNKNOWN,ROTATION_LIQUID,ROTATION,Transition,EARLY_TEST,70,TWO_SIDED_CONFIRMED,0,TREND_COMPRESSION,0.0,,110,-4060.0,2026-04-30 18:15:19,UNMAPPED_ACCOUNT;MISSING_EXITREASON
2026-04-30,2026-04-30 09:53:11,2026-04-30 09:53:11,UNKNOWN,DEMO1419193,UNKNOWN,NQ_ADX_A,UNKNOWN,NQ,NQ JUN26,LONG,3,27287.25,27287.25,0.0,0.0,0.0,SCRATCH,UNKNOWN,ROTATION_LIQUID,ROTATION,Transition,EARLY_TEST,70,TWO_SIDED_CONFIRMED,0,TREND_COMPRESSION,0.0,,111,-4060.0,2026-04-30 18:15:19,UNMAPPED_ACCOUNT;MISSING_EXITREASON
2026-04-30,2026-04-30 09:53:11,2026-04-30 09:53:11,UNKNOWN,DEMO1419193,UNKNOWN,UNMAPPED,UNKNOWN,NQ,NQ JUN26,LONG,3,27287.25,27287.25,0.0,0.0,0.0,SCRATCH,UNKNOWN,ROTATION_LIQUID,ROTATION,Transition,EARLY_TEST,70,TWO_SIDED_CONFIRMED,0,TREND_COMPRESSION,0.0,,112,-4060.0,2026-04-30 18:15:19,UNMAPPED_ACCOUNT;MISSING_EXITREASON;UNMAPPED_BOT
2026-04-30,2026-04-30 09:53:29,2026-04-30 09:54:33,UNKNOWN,DEMO1419193,UNKNOWN,NQ Fader A,UNKNOWN,NQ,NQ JUN26,LONG,1,27280.25,27252.75,-550.0,-550.0,-110.0,LOSS,Target1,ROTATION_LIQUID,ROTATION,Transition,EARLY_TEST,70,TWO_SIDED_CONFIRMED,0,TREND_COMPRESSION,1.07,,113,-4610.0,2026-04-30 18:15:19,UNMAPPED_ACCOUNT
2026-04-30,2026-04-30 09:53:29,2026-04-30 09:54:33,UNKNOWN,DEMO1419193,UNKNOWN,UNMAPPED,UNKNOWN,NQ,NQ JUN26,LONG,1,27280.25,27252.75,-550.0,-550.0,-110.0,LOSS,Target1,ROTATION_LIQUID,ROTATION,Transition,EARLY_TEST,70,TWO_SIDED_CONFIRMED,0,TREND_COMPRESSION,1.07,,114,-5160.0,2026-04-30 18:15:19,UNMAPPED_ACCOUNT;UNMAPPED_BOT
2026-04-30,2026-04-30 09:53:29,2026-04-30 09:54:33,UNKNOWN,DEMO1419193,UNKNOWN,NQ Expansion B,UNKNOWN,NQ,NQ JUN26,LONG,1,27280.25,27252.75,-550.0,-550.0,-110.0,LOSS,Target1,ROTATION_LIQUID,ROTATION,Transition,EARLY_TEST,70,TWO_SIDED_CONFIRMED,0,TREND_COMPRESSION,1.07,,115,-5710.0,2026-04-30 18:15:19,UNMAPPED_ACCOUNT
2026-04-30,2026-04-30 09:53:29,2026-04-30 09:54:33,UNKNOWN,DEMO1419193,UNKNOWN,NQ_ADX_C,UNKNOWN,NQ,NQ JUN26,LONG,1,27280.25,27252.75,-550.0,-550.0,-110.0,LOSS,Target1,ROTATION_LIQUID,ROTATION,Transition,EARLY_TEST,70,TWO_SIDED_CONFIRMED,0,TREND_COMPRESSION,1.07,,116,-6260.0,2026-04-30 18:15:19,UNMAPPED_ACCOUNT
2026-04-30,2026-04-30 09:53:29,2026-04-30 09:54:33,UNKNOWN,DEMO1419193,UNKNOWN,NQ Momentum B,UNKNOWN,NQ,NQ JUN26,LONG,1,27280.25,27252.75,-550.0,-550.0,-110.0,LOSS,Target1,ROTATION_LIQUID,ROTATION,Transition,EARLY_TEST,70,TWO_SIDED_CONFIRMED,0,TREND_COMPRESSION,1.07,,117,-6810.0,2026-04-30 18:15:19,UNMAPPED_ACCOUNT
2026-04-30,2026-04-30 09:53:29,2026-04-30 09:54:33,UNKNOWN,DEMO1419193,UNKNOWN,NQ_ADX_B,UNKNOWN,NQ,NQ JUN26,LONG,1,27280.25,27252.75,-550.0,-550.0,-110.0,LOSS,Target1,ROTATION_LIQUID,ROTATION,Transition,EARLY_TEST,70,TWO_SIDED_CONFIRMED,0,TREND_COMPRESSION,1.07,,118,-7360.0,2026-04-30 18:15:19,UNMAPPED_ACCOUNT
2026-04-30,2026-04-30 09:53:29,2026-04-30 09:54:33,UNKNOWN,DEMO1419193,UNKNOWN,NQ_Sniper_B,UNKNOWN,NQ,NQ JUN26,LONG,1,27280.25,27252.75,-550.0,-550.0,-110.0,LOSS,Target1,ROTATION_LIQUID,ROTATION,Transition,EARLY_TEST,70,TWO_SIDED_CONFIRMED,0,TREND_COMPRESSION,1.07,,119,-7910.0,2026-04-30 18:15:19,UNMAPPED_ACCOUNT
2026-04-30,2026-04-30 09:53:29,2026-04-30 09:54:33,UNKNOWN,DEMO1419193,UNKNOWN,NQ Fader B,UNKNOWN,NQ,NQ JUN26,LONG,1,27280.25,27252.75,-550.0,-550.0,-110.0,LOSS,Target1,ROTATION_LIQUID,ROTATION,Transition,EARLY_TEST,70,TWO_SIDED_CONFIRMED,0,TREND_COMPRESSION,1.07,,120,-8460.0,2026-04-30 18:15:19,UNMAPPED_ACCOUNT
2026-04-30,2026-04-30 09:53:29,2026-04-30 09:54:33,UNKNOWN,DEMO1419193,UNKNOWN,NQ_ADX_A,UNKNOWN,NQ,NQ JUN26,LONG,1,27280.25,27252.75,-550.0,-550.0,-110.0,LOSS,Target1,ROTATION_LIQUID,ROTATION,Transition,EARLY_TEST,70,TWO_SIDED_CONFIRMED,0,TREND_COMPRESSION,1.07,,121,-9010.0,2026-04-30 18:15:19,UNMAPPED_ACCOUNT
2026-04-30,2026-04-30 09:53:29,2026-04-30 09:54:33,UNKNOWN,DEMO1419193,UNKNOWN,NQ Expansion A,UNKNOWN,NQ,NQ JUN26,LONG,1,27280.25,27252.75,-550.0,-550.0,-110.0,LOSS,Target1,ROTATION_LIQUID,ROTATION,Transition,EARLY_TEST,70,TWO_SIDED_CONFIRMED,0,TREND_COMPRESSION,1.07,,122,-9560.0,2026-04-30 18:15:19,UNMAPPED_ACCOUNT
2026-04-30,2026-04-30 09:53:29,2026-04-30 09:54:33,UNKNOWN,DEMO1419193,UNKNOWN,NQ Momentum A,UNKNOWN,NQ,NQ JUN26,LONG,1,27280.25,27252.75,-550.0,-550.0,-110.0,LOSS,Target1,ROTATION_LIQUID,ROTATION,Transition,EARLY_TEST,70,TWO_SIDED_CONFIRMED,0,TREND_COMPRESSION,1.07,,123,-10110.0,2026-04-30 18:15:19,UNMAPPED_ACCOUNT
2026-04-30,2026-04-30 09:53:29,2026-04-30 09:54:33,UNKNOWN,DEMO1419193,UNKNOWN,NQ_Sniper_A,UNKNOWN,NQ,NQ JUN26,LONG,1,27280.25,27252.75,-550.0,-550.0,-110.0,LOSS,Target1,ROTATION_LIQUID,ROTATION,Transition,EARLY_TEST,70,TWO_SIDED_CONFIRMED,0,TREND_COMPRESSION,1.07,,124,-10660.0,2026-04-30 18:15:19,UNMAPPED_ACCOUNT
2026-04-30,2026-04-30 09:53:29,2026-04-30 09:54:33,UNKNOWN,DEMO1419193,UNKNOWN,NQ Momentum A,UNKNOWN,NQ,NQ JUN26,LONG,1,27280.25,27252.75,-550.0,-550.0,-110.0,LOSS,Target1,ROTATION_LIQUID,ROTATION,Transition,EARLY_TEST,70,TWO_SIDED_CONFIRMED,0,TREND_COMPRESSION,1.07,,125,-11210.0,2026-04-30 18:15:19,UNMAPPED_ACCOUNT
2026-04-30,2026-04-30 09:53:29,2026-04-30 09:54:33,UNKNOWN,DEMO1419193,UNKNOWN,UNMAPPED,UNKNOWN,NQ,NQ JUN26,LONG,1,27280.25,27252.75,-550.0,-550.0,-110.0,LOSS,Target1,ROTATION_LIQUID,ROTATION,Transition,EARLY_TEST,70,TWO_SIDED_CONFIRMED,0,TREND_COMPRESSION,1.07,,126,-11760.0,2026-04-30 18:15:19,UNMAPPED_ACCOUNT;UNMAPPED_BOT
2026-04-30,2026-04-30 09:54:59,2026-04-30 09:55:21,UNKNOWN,DEMO1419193,UNKNOWN,NQ_ADX_A,UNKNOWN,NQ,NQ JUN26,LONG,1,27243.0,27241.75,-25.0,-25.0,-5.0,LOSS,STOP_HIT,ROTATION_LIQUID,ROTATION,Transition,EARLY_TEST,70,TWO_SIDED_CONFIRMED,0,TREND_COMPRESSION,0.37,,127,-11785.0,2026-04-30 18:15:19,UNMAPPED_ACCOUNT
2026-04-30,2026-04-30 09:54:59,2026-04-30 09:55:21,UNKNOWN,DEMO1419193,UNKNOWN,NQ_ADX_C,UNKNOWN,NQ,NQ JUN26,LONG,1,27243.0,27241.75,-25.0,-25.0,-5.0,LOSS,STOP_HIT,ROTATION_LIQUID,ROTATION,Transition,EARLY_TEST,70,TWO_SIDED_CONFIRMED,0,TREND_COMPRESSION,0.37,,128,-11810.0,2026-04-30 18:15:19,UNMAPPED_ACCOUNT
2026-04-30,2026-04-30 09:54:59,2026-04-30 09:55:21,UNKNOWN,DEMO1419193,UNKNOWN,NQ_ADX_B,UNKNOWN,NQ,NQ JUN26,LONG,1,27243.0,27241.75,-25.0,-25.0,-5.0,LOSS,STOP_HIT,ROTATION_LIQUID,ROTATION,Transition,EARLY_TEST,70,TWO_SIDED_CONFIRMED,0,TREND_COMPRESSION,0.37,,129,-11835.0,2026-04-30 18:15:19,UNMAPPED_ACCOUNT
2026-04-30,2026-04-30 09:54:59,2026-04-30 09:55:21,UNKNOWN,DEMO1419193,UNKNOWN,NQ_Sniper_B,UNKNOWN,NQ,NQ JUN26,LONG,1,27243.0,27241.75,-25.0,-25.0,-5.0,LOSS,STOP_HIT,ROTATION_LIQUID,ROTATION,Transition,EARLY_TEST,70,TWO_SIDED_CONFIRMED,0,TREND_COMPRESSION,0.37,,130,-11860.0,2026-04-30 18:15:19,UNMAPPED_ACCOUNT
2026-04-30,2026-04-30 09:54:59,2026-04-30 09:55:21,UNKNOWN,DEMO1419193,UNKNOWN,NQ Expansion B,UNKNOWN,NQ,NQ JUN26,LONG,1,27243.0,27241.75,-25.0,-25.0,-5.0,LOSS,STOP_HIT,ROTATION_LIQUID,ROTATION,Transition,EARLY_TEST,70,TWO_SIDED_CONFIRMED,0,TREND_COMPRESSION,0.37,,131,-11885.0,2026-04-30 18:15:19,UNMAPPED_ACCOUNT
2026-04-30,2026-04-30 09:54:59,2026-04-30 09:55:21,UNKNOWN,DEMO1419193,UNKNOWN,NQ Expansion A,UNKNOWN,NQ,NQ JUN26,LONG,1,27243.0,27241.75,-25.0,-25.0,-5.0,LOSS,STOP_HIT,ROTATION_LIQUID,ROTATION,Transition,EARLY_TEST,70,TWO_SIDED_CONFIRMED,0,TREND_COMPRESSION,0.37,,132,-11910.0,2026-04-30 18:15:19,UNMAPPED_ACCOUNT
2026-04-30,2026-04-30 09:54:59,2026-04-30 09:55:21,UNKNOWN,DEMO1419193,UNKNOWN,NQ_Sniper_A,UNKNOWN,NQ,NQ JUN26,LONG,1,27243.0,27241.75,-25.0,-25.0,-5.0,LOSS,STOP_HIT,ROTATION_LIQUID,ROTATION,Transition,EARLY_TEST,70,TWO_SIDED_CONFIRMED,0,TREND_COMPRESSION,0.37,,133,-11935.0,2026-04-30 18:15:19,UNMAPPED_ACCOUNT
2026-04-30,2026-04-30 09:54:59,2026-04-30 09:55:21,UNKNOWN,DEMO1419193,UNKNOWN,NQ Fader B,UNKNOWN,NQ,NQ JUN26,LONG,1,27243.0,27241.75,-25.0,-25.0,-5.0,LOSS,STOP_HIT,ROTATION_LIQUID,ROTATION,Transition,EARLY_TEST,70,TWO_SIDED_CONFIRMED,0,TREND_COMPRESSION,0.37,,134,-11960.0,2026-04-30 18:15:19,UNMAPPED_ACCOUNT
2026-04-30,2026-04-30 09:54:59,2026-04-30 09:55:21,UNKNOWN,DEMO1419193,UNKNOWN,UNMAPPED,UNKNOWN,NQ,NQ JUN26,LONG,1,27243.0,27241.75,-25.0,-25.0,-5.0,LOSS,STOP_HIT,ROTATION_LIQUID,ROTATION,Transition,EARLY_TEST,70,TWO_SIDED_CONFIRMED,0,TREND_COMPRESSION,0.37,,135,-11985.0,2026-04-30 18:15:19,UNMAPPED_ACCOUNT;UNMAPPED_BOT
2026-04-30,2026-04-30 09:54:59,2026-04-30 09:55:21,UNKNOWN,DEMO1419193,UNKNOWN,UNMAPPED,UNKNOWN,NQ,NQ JUN26,LONG,1,27243.0,27241.75,-25.0,-25.0,-5.0,LOSS,STOP_HIT,ROTATION_LIQUID,ROTATION,Transition,EARLY_TEST,70,TWO_SIDED_CONFIRMED,0,TREND_COMPRESSION,0.37,,136,-12010.0,2026-04-30 18:15:19,UNMAPPED_ACCOUNT;UNMAPPED_BOT
2026-04-30,2026-04-30 09:54:59,2026-04-30 09:55:21,UNKNOWN,DEMO1419193,UNKNOWN,NQ Momentum A,UNKNOWN,NQ,NQ JUN26,LONG,1,27243.0,27241.75,-25.0,-25.0,-5.0,LOSS,STOP_HIT,ROTATION_LIQUID,ROTATION,Transition,EARLY_TEST,70,TWO_SIDED_CONFIRMED,0,TREND_COMPRESSION,0.37,,137,-12035.0,2026-04-30 18:15:19,UNMAPPED_ACCOUNT
2026-04-30,2026-04-30 09:54:59,2026-04-30 09:55:21,UNKNOWN,DEMO1419193,UNKNOWN,NQ Momentum A,UNKNOWN,NQ,NQ JUN26,LONG,1,27243.0,27241.75,-25.0,-25.0,-5.0,LOSS,STOP_HIT,ROTATION_LIQUID,ROTATION,Transition,EARLY_TEST,70,TWO_SIDED_CONFIRMED,0,TREND_COMPRESSION,0.37,,138,-12060.0,2026-04-30 18:15:19,UNMAPPED_ACCOUNT
2026-04-30,2026-04-30 09:54:59,2026-04-30 09:55:21,UNKNOWN,DEMO1419193,UNKNOWN,NQ Fader A,UNKNOWN,NQ,NQ JUN26,LONG,1,27243.0,27241.75,-25.0,-25.0,-5.0,LOSS,STOP_HIT,ROTATION_LIQUID,ROTATION,Transition,EARLY_TEST,70,TWO_SIDED_CONFIRMED,0,TREND_COMPRESSION,0.37,,139,-12085.0,2026-04-30 18:15:19,UNMAPPED_ACCOUNT
2026-04-30,2026-04-30 09:54:59,2026-04-30 09:55:21,UNKNOWN,DEMO1419193,UNKNOWN,NQ Momentum B,UNKNOWN,NQ,NQ JUN26,LONG,1,27243.0,27241.75,-25.0,-25.0,-5.0,LOSS,STOP_HIT,ROTATION_LIQUID,ROTATION,Transition,EARLY_TEST,70,TWO_SIDED_CONFIRMED,0,TREND_COMPRESSION,0.37,,140,-12110.0,2026-04-30 18:15:19,UNMAPPED_ACCOUNT
2026-04-30,2026-04-30 09:55:55,2026-04-30 09:56:00,UNKNOWN,DEMO1419193,UNKNOWN,NQ_Sniper_B,UNKNOWN,NQ,NQ JUN26,LONG,1,27241.75,27246.25,90.0,90.0,18.0,WIN,STOP_HIT,TREND_COMPRESSION,TREND,TrendDown,FIRST_ACCEPTANCE,42,DIRECTIONAL_MODERATE,0,ROTATION_ILLIQUID,0.08,,141,-12020.0,2026-04-30 18:15:19,UNMAPPED_ACCOUNT
2026-04-30,2026-04-30 09:55:55,2026-04-30 09:56:00,UNKNOWN,DEMO1419193,UNKNOWN,NQ Momentum A,UNKNOWN,NQ,NQ JUN26,LONG,1,27241.75,27246.25,90.0,90.0,18.0,WIN,STOP_HIT,TREND_COMPRESSION,TREND,TrendDown,FIRST_ACCEPTANCE,42,DIRECTIONAL_MODERATE,0,ROTATION_ILLIQUID,0.08,,142,-11930.0,2026-04-30 18:15:19,UNMAPPED_ACCOUNT
2026-04-30,2026-04-30 09:55:55,2026-04-30 09:56:00,UNKNOWN,DEMO1419193,UNKNOWN,NQ_ADX_A,UNKNOWN,NQ,NQ JUN26,LONG,1,27241.75,27246.25,90.0,90.0,18.0,WIN,STOP_HIT,TREND_COMPRESSION,TREND,TrendDown,FIRST_ACCEPTANCE,42,DIRECTIONAL_MODERATE,0,ROTATION_ILLIQUID,0.08,,143,-11840.0,2026-04-30 18:15:19,UNMAPPED_ACCOUNT
2026-04-30,2026-04-30 09:55:55,2026-04-30 09:56:00,UNKNOWN,DEMO1419193,UNKNOWN,NQ_ADX_C,UNKNOWN,NQ,NQ JUN26,LONG,1,27241.75,27246.25,90.0,90.0,18.0,WIN,STOP_HIT,TREND_COMPRESSION,TREND,TrendDown,FIRST_ACCEPTANCE,42,DIRECTIONAL_MODERATE,0,ROTATION_ILLIQUID,0.08,,144,-11750.0,2026-04-30 18:15:19,UNMAPPED_ACCOUNT
2026-04-30,2026-04-30 09:55:55,2026-04-30 09:56:00,UNKNOWN,DEMO1419193,UNKNOWN,NQ Momentum B,UNKNOWN,NQ,NQ JUN26,LONG,1,27241.75,27246.25,90.0,90.0,18.0,WIN,STOP_HIT,TREND_COMPRESSION,TREND,TrendDown,FIRST_ACCEPTANCE,42,DIRECTIONAL_MODERATE,0,ROTATION_ILLIQUID,0.08,,145,-11660.0,2026-04-30 18:15:19,UNMAPPED_ACCOUNT
2026-04-30,2026-04-30 09:55:55,2026-04-30 09:56:00,UNKNOWN,DEMO1419193,UNKNOWN,NQ_ADX_B,UNKNOWN,NQ,NQ JUN26,LONG,1,27241.75,27246.25,90.0,90.0,18.0,WIN,STOP_HIT,TREND_COMPRESSION,TREND,TrendDown,FIRST_ACCEPTANCE,42,DIRECTIONAL_MODERATE,0,ROTATION_ILLIQUID,0.08,,146,-11570.0,2026-04-30 18:15:19,UNMAPPED_ACCOUNT
2026-04-30,2026-04-30 09:55:55,2026-04-30 09:56:00,UNKNOWN,DEMO1419193,UNKNOWN,NQ Fader B,UNKNOWN,NQ,NQ JUN26,LONG,1,27241.75,27246.25,90.0,90.0,18.0,WIN,STOP_HIT,TREND_COMPRESSION,TREND,TrendDown,FIRST_ACCEPTANCE,42,DIRECTIONAL_MODERATE,0,ROTATION_ILLIQUID,0.08,,147,-11480.0,2026-04-30 18:15:19,UNMAPPED_ACCOUNT
2026-04-30,2026-04-30 09:55:55,2026-04-30 09:56:00,UNKNOWN,DEMO1419193,UNKNOWN,NQ Expansion A,UNKNOWN,NQ,NQ JUN26,LONG,1,27241.75,27246.25,90.0,90.0,18.0,WIN,STOP_HIT,TREND_COMPRESSION,TREND,TrendDown,FIRST_ACCEPTANCE,42,DIRECTIONAL_MODERATE,0,ROTATION_ILLIQUID,0.08,,148,-11390.0,2026-04-30 18:15:19,UNMAPPED_ACCOUNT
2026-04-30,2026-04-30 09:55:55,2026-04-30 09:56:00,UNKNOWN,DEMO1419193,UNKNOWN,NQ Momentum A,UNKNOWN,NQ,NQ JUN26,LONG,1,27241.75,27246.25,90.0,90.0,18.0,WIN,STOP_HIT,TREND_COMPRESSION,TREND,TrendDown,FIRST_ACCEPTANCE,42,DIRECTIONAL_MODERATE,0,ROTATION_ILLIQUID,0.08,,149,-11300.0,2026-04-30 18:15:19,UNMAPPED_ACCOUNT
2026-04-30,2026-04-30 09:55:55,2026-04-30 09:56:00,UNKNOWN,DEMO1419193,UNKNOWN,NQ_Sniper_A,UNKNOWN,NQ,NQ JUN26,LONG,1,27241.75,27246.25,90.0,90.0,18.0,WIN,STOP_HIT,TREND_COMPRESSION,TREND,TrendDown,FIRST_ACCEPTANCE,42,DIRECTIONAL_MODERATE,0,ROTATION_ILLIQUID,0.08,,150,-11210.0,2026-04-30 18:15:19,UNMAPPED_ACCOUNT
2026-04-30,2026-04-30 09:55:55,2026-04-30 09:56:00,UNKNOWN,DEMO1419193,UNKNOWN,NQ Fader A,UNKNOWN,NQ,NQ JUN26,LONG,1,27241.75,27246.25,90.0,90.0,18.0,WIN,STOP_HIT,TREND_COMPRESSION,TREND,TrendDown,FIRST_ACCEPTANCE,42,DIRECTIONAL_MODERATE,0,ROTATION_ILLIQUID,0.08,,151,-11120.0,2026-04-30 18:15:19,UNMAPPED_ACCOUNT
2026-04-30,2026-04-30 09:55:55,2026-04-30 09:56:00,UNKNOWN,DEMO1419193,UNKNOWN,UNMAPPED,UNKNOWN,NQ,NQ JUN26,LONG,1,27241.75,27246.25,90.0,90.0,18.0,WIN,STOP_HIT,TREND_COMPRESSION,TREND,TrendDown,FIRST_ACCEPTANCE,42,DIRECTIONAL_MODERATE,0,ROTATION_ILLIQUID,0.08,,152,-11030.0,2026-04-30 18:15:19,UNMAPPED_ACCOUNT;UNMAPPED_BOT
2026-04-30,2026-04-30 09:55:55,2026-04-30 09:56:00,UNKNOWN,DEMO1419193,UNKNOWN,UNMAPPED,UNKNOWN,NQ,NQ JUN26,LONG,1,27241.75,27246.25,90.0,90.0,18.0,WIN,STOP_HIT,TREND_COMPRESSION,TREND,TrendDown,FIRST_ACCEPTANCE,42,DIRECTIONAL_MODERATE,0,ROTATION_ILLIQUID,0.08,,153,-10940.0,2026-04-30 18:15:19,UNMAPPED_ACCOUNT;UNMAPPED_BOT
2026-04-30,2026-04-30 09:55:55,2026-04-30 09:56:00,UNKNOWN,DEMO1419193,UNKNOWN,NQ Expansion B,UNKNOWN,NQ,NQ JUN26,LONG,1,27241.75,27246.25,90.0,90.0,18.0,WIN,STOP_HIT,TREND_COMPRESSION,TREND,TrendDown,FIRST_ACCEPTANCE,42,DIRECTIONAL_MODERATE,0,ROTATION_ILLIQUID,0.08,,154,-10850.0,2026-04-30 18:15:19,UNMAPPED_ACCOUNT
2026-04-30,2026-04-30 09:56:02,2026-04-30 09:57:44,UNKNOWN,DEMO1419193,UNKNOWN,NQ_ADX_B,UNKNOWN,NQ,NQ JUN26,LONG,1,27245.25,27227.5,-355.0,-355.0,-71.0,LOSS,SESSION_CLOSE,TREND_COMPRESSION,TREND,TrendDown,FIRST_ACCEPTANCE,42,DIRECTIONAL_MODERATE,0,ROTATION_ILLIQUID,1.7,,155,-11205.0,2026-04-30 18:15:19,UNMAPPED_ACCOUNT
2026-04-30,2026-04-30 09:56:02,2026-04-30 09:57:44,UNKNOWN,DEMO1419193,UNKNOWN,NQ_Sniper_B,UNKNOWN,NQ,NQ JUN26,LONG,1,27245.25,27227.5,-355.0,-355.0,-71.0,LOSS,SESSION_CLOSE,TREND_COMPRESSION,TREND,TrendDown,FIRST_ACCEPTANCE,42,DIRECTIONAL_MODERATE,0,ROTATION_ILLIQUID,1.7,,156,-11560.0,2026-04-30 18:15:19,UNMAPPED_ACCOUNT
2026-04-30,2026-04-30 09:56:02,2026-04-30 09:57:44,UNKNOWN,DEMO1419193,UNKNOWN,NQ Fader B,UNKNOWN,NQ,NQ JUN26,LONG,1,27245.25,27227.5,-355.0,-355.0,-71.0,LOSS,SESSION_CLOSE,TREND_COMPRESSION,TREND,TrendDown,FIRST_ACCEPTANCE,42,DIRECTIONAL_MODERATE,0,ROTATION_ILLIQUID,1.7,,157,-11915.0,2026-04-30 18:15:19,UNMAPPED_ACCOUNT
2026-04-30,2026-04-30 09:56:02,2026-04-30 09:57:44,UNKNOWN,DEMO1419193,UNKNOWN,NQ Expansion B,UNKNOWN,NQ,NQ JUN26,LONG,1,27245.25,27227.5,-355.0,-355.0,-71.0,LOSS,SESSION_CLOSE,TREND_COMPRESSION,TREND,TrendDown,FIRST_ACCEPTANCE,42,DIRECTIONAL_MODERATE,0,ROTATION_ILLIQUID,1.7,,158,-12270.0,2026-04-30 18:15:19,UNMAPPED_ACCOUNT
2026-04-30,2026-04-30 09:56:02,2026-04-30 09:57:44,UNKNOWN,DEMO1419193,UNKNOWN,NQ_ADX_C,UNKNOWN,NQ,NQ JUN26,LONG,1,27245.25,27227.5,-355.0,-355.0,-71.0,LOSS,SESSION_CLOSE,TREND_COMPRESSION,TREND,TrendDown,FIRST_ACCEPTANCE,42,DIRECTIONAL_MODERATE,0,ROTATION_ILLIQUID,1.7,,159,-12625.0,2026-04-30 18:15:19,UNMAPPED_ACCOUNT
2026-04-30,2026-04-30 09:56:02,2026-04-30 09:57:44,UNKNOWN,DEMO1419193,UNKNOWN,NQ Fader A,UNKNOWN,NQ,NQ JUN26,LONG,1,27245.25,27227.5,-355.0,-355.0,-71.0,LOSS,SESSION_CLOSE,TREND_COMPRESSION,TREND,TrendDown,FIRST_ACCEPTANCE,42,DIRECTIONAL_MODERATE,0,ROTATION_ILLIQUID,1.7,,160,-12980.0,2026-04-30 18:15:19,UNMAPPED_ACCOUNT
2026-04-30,2026-04-30 09:56:02,2026-04-30 09:57:44,UNKNOWN,DEMO1419193,UNKNOWN,NQ_Sniper_A,UNKNOWN,NQ,NQ JUN26,LONG,1,27245.25,27227.5,-355.0,-355.0,-71.0,LOSS,SESSION_CLOSE,TREND_COMPRESSION,TREND,TrendDown,FIRST_ACCEPTANCE,42,DIRECTIONAL_MODERATE,0,ROTATION_ILLIQUID,1.7,,161,-13335.0,2026-04-30 18:15:19,UNMAPPED_ACCOUNT
2026-04-30,2026-04-30 09:56:02,2026-04-30 09:57:44,UNKNOWN,DEMO1419193,UNKNOWN,UNMAPPED,UNKNOWN,NQ,NQ JUN26,LONG,1,27245.25,27227.5,-355.0,-355.0,-71.0,LOSS,SESSION_CLOSE,TREND_COMPRESSION,TREND,TrendDown,FIRST_ACCEPTANCE,42,DIRECTIONAL_MODERATE,0,ROTATION_ILLIQUID,1.7,,162,-13690.0,2026-04-30 18:15:19,UNMAPPED_ACCOUNT;UNMAPPED_BOT
2026-04-30,2026-04-30 09:56:02,2026-04-30 09:57:44,UNKNOWN,DEMO1419193,UNKNOWN,UNMAPPED,UNKNOWN,NQ,NQ JUN26,LONG,1,27245.25,27227.5,-355.0,-355.0,-71.0,LOSS,SESSION_CLOSE,TREND_COMPRESSION,TREND,TrendDown,FIRST_ACCEPTANCE,42,DIRECTIONAL_MODERATE,0,ROTATION_ILLIQUID,1.7,,163,-14045.0,2026-04-30 18:15:19,UNMAPPED_ACCOUNT;UNMAPPED_BOT
2026-04-30,2026-04-30 09:56:02,2026-04-30 09:57:44,UNKNOWN,DEMO1419193,UNKNOWN,NQ Momentum A,UNKNOWN,NQ,NQ JUN26,LONG,1,27245.25,27227.5,-355.0,-355.0,-71.0,LOSS,SESSION_CLOSE,TREND_COMPRESSION,TREND,TrendDown,FIRST_ACCEPTANCE,42,DIRECTIONAL_MODERATE,0,ROTATION_ILLIQUID,1.7,,164,-14400.0,2026-04-30 18:15:19,UNMAPPED_ACCOUNT
2026-04-30,2026-04-30 09:56:02,2026-04-30 09:57:44,UNKNOWN,DEMO1419193,UNKNOWN,NQ Momentum A,UNKNOWN,NQ,NQ JUN26,LONG,1,27245.25,27227.5,-355.0,-355.0,-71.0,LOSS,SESSION_CLOSE,TREND_COMPRESSION,TREND,TrendDown,FIRST_ACCEPTANCE,42,DIRECTIONAL_MODERATE,0,ROTATION_ILLIQUID,1.7,,165,-14755.0,2026-04-30 18:15:19,UNMAPPED_ACCOUNT
2026-04-30,2026-04-30 09:56:02,2026-04-30 09:57:44,UNKNOWN,DEMO1419193,UNKNOWN,NQ Expansion A,UNKNOWN,NQ,NQ JUN26,LONG,1,27245.25,27227.5,-355.0,-355.0,-71.0,LOSS,SESSION_CLOSE,TREND_COMPRESSION,TREND,TrendDown,FIRST_ACCEPTANCE,42,DIRECTIONAL_MODERATE,0,ROTATION_ILLIQUID,1.7,,166,-15110.0,2026-04-30 18:15:19,UNMAPPED_ACCOUNT
2026-04-30,2026-04-30 09:56:02,2026-04-30 09:57:44,UNKNOWN,DEMO1419193,UNKNOWN,NQ_ADX_A,UNKNOWN,NQ,NQ JUN26,LONG,1,27245.25,27227.5,-355.0,-355.0,-71.0,LOSS,SESSION_CLOSE,TREND_COMPRESSION,TREND,TrendDown,FIRST_ACCEPTANCE,42,DIRECTIONAL_MODERATE,0,ROTATION_ILLIQUID,1.7,,167,-15465.0,2026-04-30 18:15:19,UNMAPPED_ACCOUNT
2026-04-30,2026-04-30 09:56:02,2026-04-30 09:57:44,UNKNOWN,DEMO1419193,UNKNOWN,NQ Momentum B,UNKNOWN,NQ,NQ JUN26,LONG,1,27245.25,27227.5,-355.0,-355.0,-71.0,LOSS,SESSION_CLOSE,TREND_COMPRESSION,TREND,TrendDown,FIRST_ACCEPTANCE,42,DIRECTIONAL_MODERATE,0,ROTATION_ILLIQUID,1.7,,168,-15820.0,2026-04-30 18:15:19,UNMAPPED_ACCOUNT
2026-04-30,2026-04-30 09:58:22,2026-04-30 09:58:48,UNKNOWN,DEMO1419193,UNKNOWN,NQ Momentum A,UNKNOWN,NQ,NQ JUN26,LONG,1,27219.75,27229.5,195.0,195.0,39.0,WIN,SESSION_CLOSE,TREND_COMPRESSION,TREND,TrendDown,FIRST_ACCEPTANCE,42,DIRECTIONAL_MODERATE,0,ROTATION_ILLIQUID,0.43,,169,-15625.0,2026-04-30 18:15:19,UNMAPPED_ACCOUNT
2026-04-30,2026-04-30 09:58:22,2026-04-30 09:58:48,UNKNOWN,DEMO1419193,UNKNOWN,NQ Momentum A,UNKNOWN,NQ,NQ JUN26,LONG,1,27219.75,27229.5,195.0,195.0,39.0,WIN,SESSION_CLOSE,TREND_COMPRESSION,TREND,TrendDown,FIRST_ACCEPTANCE,42,DIRECTIONAL_MODERATE,0,ROTATION_ILLIQUID,0.43,,170,-15430.0,2026-04-30 18:15:19,UNMAPPED_ACCOUNT
2026-04-30,2026-04-30 09:58:22,2026-04-30 09:58:48,UNKNOWN,DEMO1419193,UNKNOWN,NQ_ADX_A,UNKNOWN,NQ,NQ JUN26,LONG,1,27219.75,27229.5,195.0,195.0,39.0,WIN,SESSION_CLOSE,TREND_COMPRESSION,TREND,TrendDown,FIRST_ACCEPTANCE,42,DIRECTIONAL_MODERATE,0,ROTATION_ILLIQUID,0.43,,171,-15235.0,2026-04-30 18:15:19,UNMAPPED_ACCOUNT
2026-04-30,2026-04-30 09:58:22,2026-04-30 09:58:48,UNKNOWN,DEMO1419193,UNKNOWN,NQ Momentum B,UNKNOWN,NQ,NQ JUN26,LONG,1,27219.75,27229.5,195.0,195.0,39.0,WIN,SESSION_CLOSE,TREND_COMPRESSION,TREND,TrendDown,FIRST_ACCEPTANCE,42,DIRECTIONAL_MODERATE,0,ROTATION_ILLIQUID,0.43,,172,-15040.0,2026-04-30 18:15:19,UNMAPPED_ACCOUNT
2026-04-30,2026-04-30 09:58:22,2026-04-30 09:58:48,UNKNOWN,DEMO1419193,UNKNOWN,NQ_ADX_B,UNKNOWN,NQ,NQ JUN26,LONG,1,27219.75,27229.5,195.0,195.0,39.0,WIN,SESSION_CLOSE,TREND_COMPRESSION,TREND,TrendDown,FIRST_ACCEPTANCE,42,DIRECTIONAL_MODERATE,0,ROTATION_ILLIQUID,0.43,,173,-14845.0,2026-04-30 18:15:19,UNMAPPED_ACCOUNT
2026-04-30,2026-04-30 09:58:22,2026-04-30 09:58:48,UNKNOWN,DEMO1419193,UNKNOWN,NQ_Sniper_B,UNKNOWN,NQ,NQ JUN26,LONG,1,27219.75,27229.5,195.0,195.0,39.0,WIN,SESSION_CLOSE,TREND_COMPRESSION,TREND,TrendDown,FIRST_ACCEPTANCE,42,DIRECTIONAL_MODERATE,0,ROTATION_ILLIQUID,0.43,,174,-14650.0,2026-04-30 18:15:19,UNMAPPED_ACCOUNT
2026-04-30,2026-04-30 09:58:22,2026-04-30 09:58:48,UNKNOWN,DEMO1419193,UNKNOWN,NQ Fader B,UNKNOWN,NQ,NQ JUN26,LONG,1,27219.75,27229.5,195.0,195.0,39.0,WIN,SESSION_CLOSE,TREND_COMPRESSION,TREND,TrendDown,FIRST_ACCEPTANCE,42,DIRECTIONAL_MODERATE,0,ROTATION_ILLIQUID,0.43,,175,-14455.0,2026-04-30 18:15:19,UNMAPPED_ACCOUNT
2026-04-30,2026-04-30 09:58:22,2026-04-30 09:58:48,UNKNOWN,DEMO1419193,UNKNOWN,NQ_Sniper_A,UNKNOWN,NQ,NQ JUN26,LONG,1,27219.75,27229.5,195.0,195.0,39.0,WIN,SESSION_CLOSE,TREND_COMPRESSION,TREND,TrendDown,FIRST_ACCEPTANCE,42,DIRECTIONAL_MODERATE,0,ROTATION_ILLIQUID,0.43,,176,-14260.0,2026-04-30 18:15:19,UNMAPPED_ACCOUNT
2026-04-30,2026-04-30 09:58:22,2026-04-30 09:58:48,UNKNOWN,DEMO1419193,UNKNOWN,NQ_ADX_C,UNKNOWN,NQ,NQ JUN26,LONG,1,27219.75,27229.5,195.0,195.0,39.0,WIN,SESSION_CLOSE,TREND_COMPRESSION,TREND,TrendDown,FIRST_ACCEPTANCE,42,DIRECTIONAL_MODERATE,0,ROTATION_ILLIQUID,0.43,,177,-14065.0,2026-04-30 18:15:19,UNMAPPED_ACCOUNT
2026-04-30,2026-04-30 09:58:22,2026-04-30 09:58:48,UNKNOWN,DEMO1419193,UNKNOWN,NQ Expansion A,UNKNOWN,NQ,NQ JUN26,LONG,1,27219.75,27229.5,195.0,195.0,39.0,WIN,SESSION_CLOSE,TREND_COMPRESSION,TREND,TrendDown,FIRST_ACCEPTANCE,42,DIRECTIONAL_MODERATE,0,ROTATION_ILLIQUID,0.43,,178,-13870.0,2026-04-30 18:15:19,UNMAPPED_ACCOUNT
2026-04-30,2026-04-30 09:58:22,2026-04-30 09:58:48,UNKNOWN,DEMO1419193,UNKNOWN,NQ Fader A,UNKNOWN,NQ,NQ JUN26,LONG,1,27219.75,27229.5,195.0,195.0,39.0,WIN,SESSION_CLOSE,TREND_COMPRESSION,TREND,TrendDown,FIRST_ACCEPTANCE,42,DIRECTIONAL_MODERATE,0,ROTATION_ILLIQUID,0.43,,179,-13675.0,2026-04-30 18:15:19,UNMAPPED_ACCOUNT
2026-04-30,2026-04-30 09:58:22,2026-04-30 09:58:48,UNKNOWN,DEMO1419193,UNKNOWN,UNMAPPED,UNKNOWN,NQ,NQ JUN26,LONG,1,27219.75,27229.5,195.0,195.0,39.0,WIN,SESSION_CLOSE,TREND_COMPRESSION,TREND,TrendDown,FIRST_ACCEPTANCE,42,DIRECTIONAL_MODERATE,0,ROTATION_ILLIQUID,0.43,,180,-13480.0,2026-04-30 18:15:19,UNMAPPED_ACCOUNT;UNMAPPED_BOT
2026-04-30,2026-04-30 09:58:22,2026-04-30 09:58:48,UNKNOWN,DEMO1419193,UNKNOWN,UNMAPPED,UNKNOWN,NQ,NQ JUN26,LONG,1,27219.75,27229.5,195.0,195.0,39.0,WIN,SESSION_CLOSE,TREND_COMPRESSION,TREND,TrendDown,FIRST_ACCEPTANCE,42,DIRECTIONAL_MODERATE,0,ROTATION_ILLIQUID,0.43,,181,-13285.0,2026-04-30 18:15:19,UNMAPPED_ACCOUNT;UNMAPPED_BOT
2026-04-30,2026-04-30 09:58:22,2026-04-30 09:58:48,UNKNOWN,DEMO1419193,UNKNOWN,NQ Expansion B,UNKNOWN,NQ,NQ JUN26,LONG,1,27219.75,27229.5,195.0,195.0,39.0,WIN,SESSION_CLOSE,TREND_COMPRESSION,TREND,TrendDown,FIRST_ACCEPTANCE,42,DIRECTIONAL_MODERATE,0,ROTATION_ILLIQUID,0.43,,182,-13090.0,2026-04-30 18:15:19,UNMAPPED_ACCOUNT
2026-04-30,2026-04-30 09:58:54,2026-04-30 09:59:03,UNKNOWN,DEMO1419193,UNKNOWN,NQ_ADX_A,UNKNOWN,NQ,NQ JUN26,LONG,1,27235.0,27247.25,245.0,245.0,49.0,WIN,STOP_HIT,TREND_COMPRESSION,TREND,TrendDown,FIRST_ACCEPTANCE,42,DIRECTIONAL_MODERATE,0,ROTATION_ILLIQUID,0.15,,183,-12845.0,2026-04-30 18:15:19,UNMAPPED_ACCOUNT
2026-04-30,2026-04-30 09:58:54,2026-04-30 09:59:03,UNKNOWN,DEMO1419193,UNKNOWN,NQ_ADX_C,UNKNOWN,NQ,NQ JUN26,LONG,1,27235.0,27247.25,245.0,245.0,49.0,WIN,STOP_HIT,TREND_COMPRESSION,TREND,TrendDown,FIRST_ACCEPTANCE,42,DIRECTIONAL_MODERATE,0,ROTATION_ILLIQUID,0.15,,184,-12600.0,2026-04-30 18:15:19,UNMAPPED_ACCOUNT
2026-04-30,2026-04-30 09:58:54,2026-04-30 09:59:03,UNKNOWN,DEMO1419193,UNKNOWN,NQ Momentum B,UNKNOWN,NQ,NQ JUN26,LONG,1,27235.0,27247.25,245.0,245.0,49.0,WIN,STOP_HIT,TREND_COMPRESSION,TREND,TrendDown,FIRST_ACCEPTANCE,42,DIRECTIONAL_MODERATE,0,ROTATION_ILLIQUID,0.15,,185,-12355.0,2026-04-30 18:15:19,UNMAPPED_ACCOUNT
2026-04-30,2026-04-30 09:58:54,2026-04-30 09:59:03,UNKNOWN,DEMO1419193,UNKNOWN,NQ_ADX_B,UNKNOWN,NQ,NQ JUN26,LONG,1,27235.0,27247.25,245.0,245.0,49.0,WIN,STOP_HIT,TREND_COMPRESSION,TREND,TrendDown,FIRST_ACCEPTANCE,42,DIRECTIONAL_MODERATE,0,ROTATION_ILLIQUID,0.15,,186,-12110.0,2026-04-30 18:15:19,UNMAPPED_ACCOUNT
2026-04-30,2026-04-30 09:58:54,2026-04-30 09:59:03,UNKNOWN,DEMO1419193,UNKNOWN,NQ_Sniper_B,UNKNOWN,NQ,NQ JUN26,LONG,1,27235.0,27247.25,245.0,245.0,49.0,WIN,STOP_HIT,TREND_COMPRESSION,TREND,TrendDown,FIRST_ACCEPTANCE,42,DIRECTIONAL_MODERATE,0,ROTATION_ILLIQUID,0.15,,187,-11865.0,2026-04-30 18:15:19,UNMAPPED_ACCOUNT
2026-04-30,2026-04-30 09:58:54,2026-04-30 09:59:03,UNKNOWN,DEMO1419193,UNKNOWN,NQ Fader B,UNKNOWN,NQ,NQ JUN26,LONG,1,27235.0,27247.25,245.0,245.0,49.0,WIN,STOP_HIT,TREND_COMPRESSION,TREND,TrendDown,FIRST_ACCEPTANCE,42,DIRECTIONAL_MODERATE,0,ROTATION_ILLIQUID,0.15,,188,-11620.0,2026-04-30 18:15:19,UNMAPPED_ACCOUNT
2026-04-30,2026-04-30 09:58:54,2026-04-30 09:59:03,UNKNOWN,DEMO1419193,UNKNOWN,NQ Momentum A,UNKNOWN,NQ,NQ JUN26,LONG,1,27235.0,27247.25,245.0,245.0,49.0,WIN,STOP_HIT,TREND_COMPRESSION,TREND,TrendDown,FIRST_ACCEPTANCE,42,DIRECTIONAL_MODERATE,0,ROTATION_ILLIQUID,0.15,,189,-11375.0,2026-04-30 18:15:19,UNMAPPED_ACCOUNT
2026-04-30,2026-04-30 09:58:54,2026-04-30 09:59:03,UNKNOWN,DEMO1419193,UNKNOWN,NQ Expansion A,UNKNOWN,NQ,NQ JUN26,LONG,1,27235.0,27247.25,245.0,245.0,49.0,WIN,STOP_HIT,TREND_COMPRESSION,TREND,TrendDown,FIRST_ACCEPTANCE,42,DIRECTIONAL_MODERATE,0,ROTATION_ILLIQUID,0.15,,190,-11130.0,2026-04-30 18:15:19,UNMAPPED_ACCOUNT
2026-04-30,2026-04-30 09:58:54,2026-04-30 09:59:03,UNKNOWN,DEMO1419193,UNKNOWN,NQ_Sniper_A,UNKNOWN,NQ,NQ JUN26,LONG,1,27235.0,27247.25,245.0,245.0,49.0,WIN,STOP_HIT,TREND_COMPRESSION,TREND,TrendDown,FIRST_ACCEPTANCE,42,DIRECTIONAL_MODERATE,0,ROTATION_ILLIQUID,0.15,,191,-10885.0,2026-04-30 18:15:19,UNMAPPED_ACCOUNT
2026-04-30,2026-04-30 09:58:54,2026-04-30 09:59:03,UNKNOWN,DEMO1419193,UNKNOWN,NQ Fader A,UNKNOWN,NQ,NQ JUN26,LONG,1,27235.0,27247.25,245.0,245.0,49.0,WIN,STOP_HIT,TREND_COMPRESSION,TREND,TrendDown,FIRST_ACCEPTANCE,42,DIRECTIONAL_MODERATE,0,ROTATION_ILLIQUID,0.15,,192,-10640.0,2026-04-30 18:15:19,UNMAPPED_ACCOUNT
2026-04-30,2026-04-30 09:58:54,2026-04-30 09:59:03,UNKNOWN,DEMO1419193,UNKNOWN,UNMAPPED,UNKNOWN,NQ,NQ JUN26,LONG,1,27235.0,27247.25,245.0,245.0,49.0,WIN,STOP_HIT,TREND_COMPRESSION,TREND,TrendDown,FIRST_ACCEPTANCE,42,DIRECTIONAL_MODERATE,0,ROTATION_ILLIQUID,0.15,,193,-10395.0,2026-04-30 18:15:19,UNMAPPED_ACCOUNT;UNMAPPED_BOT
2026-04-30,2026-04-30 09:58:54,2026-04-30 09:59:03,UNKNOWN,DEMO1419193,UNKNOWN,NQ Momentum A,UNKNOWN,NQ,NQ JUN26,LONG,1,27235.0,27247.25,245.0,245.0,49.0,WIN,STOP_HIT,TREND_COMPRESSION,TREND,TrendDown,FIRST_ACCEPTANCE,42,DIRECTIONAL_MODERATE,0,ROTATION_ILLIQUID,0.15,,194,-10150.0,2026-04-30 18:15:19,UNMAPPED_ACCOUNT
2026-04-30,2026-04-30 09:58:54,2026-04-30 09:59:03,UNKNOWN,DEMO1419193,UNKNOWN,NQ Expansion B,UNKNOWN,NQ,NQ JUN26,LONG,1,27235.0,27247.25,245.0,245.0,49.0,WIN,STOP_HIT,TREND_COMPRESSION,TREND,TrendDown,FIRST_ACCEPTANCE,42,DIRECTIONAL_MODERATE,0,ROTATION_ILLIQUID,0.15,,195,-9905.0,2026-04-30 18:15:19,UNMAPPED_ACCOUNT
2026-04-30,2026-04-30 09:58:54,2026-04-30 09:59:03,UNKNOWN,DEMO1419193,UNKNOWN,UNMAPPED,UNKNOWN,NQ,NQ JUN26,LONG,1,27235.0,27247.25,245.0,245.0,49.0,WIN,STOP_HIT,TREND_COMPRESSION,TREND,TrendDown,FIRST_ACCEPTANCE,42,DIRECTIONAL_MODERATE,0,ROTATION_ILLIQUID,0.15,,196,-9660.0,2026-04-30 18:15:19,UNMAPPED_ACCOUNT;UNMAPPED_BOT
2026-04-30,2026-04-30 09:59:10,2026-04-30 09:59:14,UNKNOWN,DEMO1419193,UNKNOWN,UNMAPPED,UNKNOWN,NQ,NQ JUN26,LONG,1,27254.0,27241.75,-245.0,-245.0,-49.0,LOSS,STOP_HIT,TREND_COMPRESSION,TREND,TrendDown,FIRST_ACCEPTANCE,42,DIRECTIONAL_MODERATE,0,ROTATION_ILLIQUID,0.07,,197,-9905.0,2026-04-30 18:15:19,UNMAPPED_ACCOUNT;UNMAPPED_BOT
2026-04-30,2026-04-30 09:59:10,2026-04-30 09:59:14,UNKNOWN,DEMO1419193,UNKNOWN,NQ_ADX_C,UNKNOWN,NQ,NQ JUN26,LONG,1,27254.0,27241.75,-245.0,-245.0,-49.0,LOSS,STOP_HIT,TREND_COMPRESSION,TREND,TrendDown,FIRST_ACCEPTANCE,42,DIRECTIONAL_MODERATE,0,ROTATION_ILLIQUID,0.07,,198,-10150.0,2026-04-30 18:15:19,UNMAPPED_ACCOUNT
2026-04-30,2026-04-30 09:59:10,2026-04-30 09:59:14,UNKNOWN,DEMO1419193,UNKNOWN,NQ Momentum B,UNKNOWN,NQ,NQ JUN26,LONG,1,27254.0,27241.75,-245.0,-245.0,-49.0,LOSS,STOP_HIT,TREND_COMPRESSION,TREND,TrendDown,FIRST_ACCEPTANCE,42,DIRECTIONAL_MODERATE,0,ROTATION_ILLIQUID,0.07,,199,-10395.0,2026-04-30 18:15:19,UNMAPPED_ACCOUNT
2026-04-30,2026-04-30 09:59:10,2026-04-30 09:59:14,UNKNOWN,DEMO1419193,UNKNOWN,NQ_ADX_B,UNKNOWN,NQ,NQ JUN26,LONG,1,27254.0,27241.75,-245.0,-245.0,-49.0,LOSS,STOP_HIT,TREND_COMPRESSION,TREND,TrendDown,FIRST_ACCEPTANCE,42,DIRECTIONAL_MODERATE,0,ROTATION_ILLIQUID,0.07,,200,-10640.0,2026-04-30 18:15:19,UNMAPPED_ACCOUNT
2026-04-30,2026-04-30 09:59:10,2026-04-30 09:59:14,UNKNOWN,DEMO1419193,UNKNOWN,NQ_ADX_A,UNKNOWN,NQ,NQ JUN26,LONG,1,27254.0,27241.75,-245.0,-245.0,-49.0,LOSS,STOP_HIT,TREND_COMPRESSION,TREND,TrendDown,FIRST_ACCEPTANCE,42,DIRECTIONAL_MODERATE,0,ROTATION_ILLIQUID,0.07,,201,-10885.0,2026-04-30 18:15:19,UNMAPPED_ACCOUNT
2026-04-30,2026-04-30 09:59:10,2026-04-30 09:59:14,UNKNOWN,DEMO1419193,UNKNOWN,NQ Fader B,UNKNOWN,NQ,NQ JUN26,LONG,1,27254.0,27241.75,-245.0,-245.0,-49.0,LOSS,STOP_HIT,TREND_COMPRESSION,TREND,TrendDown,FIRST_ACCEPTANCE,42,DIRECTIONAL_MODERATE,0,ROTATION_ILLIQUID,0.07,,202,-11130.0,2026-04-30 18:15:19,UNMAPPED_ACCOUNT
2026-04-30,2026-04-30 09:59:10,2026-04-30 09:59:14,UNKNOWN,DEMO1419193,UNKNOWN,NQ Expansion B,UNKNOWN,NQ,NQ JUN26,LONG,1,27254.0,27241.75,-245.0,-245.0,-49.0,LOSS,STOP_HIT,TREND_COMPRESSION,TREND,TrendDown,FIRST_ACCEPTANCE,42,DIRECTIONAL_MODERATE,0,ROTATION_ILLIQUID,0.07,,203,-11375.0,2026-04-30 18:15:19,UNMAPPED_ACCOUNT
2026-04-30,2026-04-30 09:59:10,2026-04-30 09:59:14,UNKNOWN,DEMO1419193,UNKNOWN,NQ_Sniper_B,UNKNOWN,NQ,NQ JUN26,LONG,1,27254.0,27241.75,-245.0,-245.0,-49.0,LOSS,STOP_HIT,TREND_COMPRESSION,TREND,TrendDown,FIRST_ACCEPTANCE,42,DIRECTIONAL_MODERATE,0,ROTATION_ILLIQUID,0.07,,204,-11620.0,2026-04-30 18:15:19,UNMAPPED_ACCOUNT
2026-04-30,2026-04-30 09:59:10,2026-04-30 09:59:14,UNKNOWN,DEMO1419193,UNKNOWN,NQ Expansion A,UNKNOWN,NQ,NQ JUN26,LONG,1,27254.0,27241.75,-245.0,-245.0,-49.0,LOSS,STOP_HIT,TREND_COMPRESSION,TREND,TrendDown,FIRST_ACCEPTANCE,42,DIRECTIONAL_MODERATE,0,ROTATION_ILLIQUID,0.07,,205,-11865.0,2026-04-30 18:15:19,UNMAPPED_ACCOUNT
2026-04-30,2026-04-30 09:59:10,2026-04-30 09:59:14,UNKNOWN,DEMO1419193,UNKNOWN,NQ_Sniper_A,UNKNOWN,NQ,NQ JUN26,LONG,1,27254.0,27241.75,-245.0,-245.0,-49.0,LOSS,STOP_HIT,TREND_COMPRESSION,TREND,TrendDown,FIRST_ACCEPTANCE,42,DIRECTIONAL_MODERATE,0,ROTATION_ILLIQUID,0.07,,206,-12110.0,2026-04-30 18:15:19,UNMAPPED_ACCOUNT
2026-04-30,2026-04-30 09:59:10,2026-04-30 09:59:14,UNKNOWN,DEMO1419193,UNKNOWN,NQ Fader A,UNKNOWN,NQ,NQ JUN26,LONG,1,27254.0,27241.75,-245.0,-245.0,-49.0,LOSS,STOP_HIT,TREND_COMPRESSION,TREND,TrendDown,FIRST_ACCEPTANCE,42,DIRECTIONAL_MODERATE,0,ROTATION_ILLIQUID,0.07,,207,-12355.0,2026-04-30 18:15:19,UNMAPPED_ACCOUNT
2026-04-30,2026-04-30 09:59:10,2026-04-30 09:59:14,UNKNOWN,DEMO1419193,UNKNOWN,UNMAPPED,UNKNOWN,NQ,NQ JUN26,LONG,1,27254.0,27241.75,-245.0,-245.0,-49.0,LOSS,STOP_HIT,TREND_COMPRESSION,TREND,TrendDown,FIRST_ACCEPTANCE,42,DIRECTIONAL_MODERATE,0,ROTATION_ILLIQUID,0.07,,208,-12600.0,2026-04-30 18:15:19,UNMAPPED_ACCOUNT;UNMAPPED_BOT
2026-04-30,2026-04-30 09:59:10,2026-04-30 09:59:14,UNKNOWN,DEMO1419193,UNKNOWN,NQ Momentum A,UNKNOWN,NQ,NQ JUN26,LONG,1,27254.0,27241.75,-245.0,-245.0,-49.0,LOSS,STOP_HIT,TREND_COMPRESSION,TREND,TrendDown,FIRST_ACCEPTANCE,42,DIRECTIONAL_MODERATE,0,ROTATION_ILLIQUID,0.07,,209,-12845.0,2026-04-30 18:15:19,UNMAPPED_ACCOUNT
2026-04-30,2026-04-30 09:59:10,2026-04-30 09:59:14,UNKNOWN,DEMO1419193,UNKNOWN,NQ Momentum A,UNKNOWN,NQ,NQ JUN26,LONG,1,27254.0,27241.75,-245.0,-245.0,-49.0,LOSS,STOP_HIT,TREND_COMPRESSION,TREND,TrendDown,FIRST_ACCEPTANCE,42,DIRECTIONAL_MODERATE,0,ROTATION_ILLIQUID,0.07,,210,-13090.0,2026-04-30 18:15:19,UNMAPPED_ACCOUNT
2026-04-30,2026-04-30 09:59:21,2026-04-30 09:59:26,UNKNOWN,DEMO1419193,UNKNOWN,NQ Fader A,UNKNOWN,NQ,NQ JUN26,LONG,1,27241.75,27254.0,245.0,245.0,49.0,WIN,STOP_HIT,TREND_COMPRESSION,TREND,TrendDown,FIRST_ACCEPTANCE,42,DIRECTIONAL_MODERATE,0,ROTATION_ILLIQUID,0.08,,211,-12845.0,2026-04-30 18:15:19,UNMAPPED_ACCOUNT
2026-04-30,2026-04-30 09:59:21,2026-04-30 09:59:26,UNKNOWN,DEMO1419193,UNKNOWN,NQ_ADX_C,UNKNOWN,NQ,NQ JUN26,LONG,1,27241.75,27254.0,245.0,245.0,49.0,WIN,STOP_HIT,TREND_COMPRESSION,TREND,TrendDown,FIRST_ACCEPTANCE,42,DIRECTIONAL_MODERATE,0,ROTATION_ILLIQUID,0.08,,212,-12600.0,2026-04-30 18:15:19,UNMAPPED_ACCOUNT
2026-04-30,2026-04-30 09:59:21,2026-04-30 09:59:26,UNKNOWN,DEMO1419193,UNKNOWN,NQ_ADX_B,UNKNOWN,NQ,NQ JUN26,LONG,1,27241.75,27254.0,245.0,245.0,49.0,WIN,STOP_HIT,TREND_COMPRESSION,TREND,TrendDown,FIRST_ACCEPTANCE,42,DIRECTIONAL_MODERATE,0,ROTATION_ILLIQUID,0.08,,213,-12355.0,2026-04-30 18:15:19,UNMAPPED_ACCOUNT
2026-04-30,2026-04-30 09:59:21,2026-04-30 09:59:26,UNKNOWN,DEMO1419193,UNKNOWN,NQ_Sniper_B,UNKNOWN,NQ,NQ JUN26,LONG,1,27241.75,27254.0,245.0,245.0,49.0,WIN,STOP_HIT,TREND_COMPRESSION,TREND,TrendDown,FIRST_ACCEPTANCE,42,DIRECTIONAL_MODERATE,0,ROTATION_ILLIQUID,0.08,,214,-12110.0,2026-04-30 18:15:19,UNMAPPED_ACCOUNT
2026-04-30,2026-04-30 09:59:21,2026-04-30 09:59:26,UNKNOWN,DEMO1419193,UNKNOWN,NQ Fader B,UNKNOWN,NQ,NQ JUN26,LONG,1,27241.75,27254.0,245.0,245.0,49.0,WIN,STOP_HIT,TREND_COMPRESSION,TREND,TrendDown,FIRST_ACCEPTANCE,42,DIRECTIONAL_MODERATE,0,ROTATION_ILLIQUID,0.08,,215,-11865.0,2026-04-30 18:15:19,UNMAPPED_ACCOUNT
2026-04-30,2026-04-30 09:59:21,2026-04-30 09:59:26,UNKNOWN,DEMO1419193,UNKNOWN,NQ Expansion B,UNKNOWN,NQ,NQ JUN26,LONG,1,27241.75,27254.0,245.0,245.0,49.0,WIN,STOP_HIT,TREND_COMPRESSION,TREND,TrendDown,FIRST_ACCEPTANCE,42,DIRECTIONAL_MODERATE,0,ROTATION_ILLIQUID,0.08,,216,-11620.0,2026-04-30 18:15:19,UNMAPPED_ACCOUNT
2026-04-30,2026-04-30 09:59:21,2026-04-30 09:59:26,UNKNOWN,DEMO1419193,UNKNOWN,NQ_ADX_A,UNKNOWN,NQ,NQ JUN26,LONG,1,27241.75,27254.0,245.0,245.0,49.0,WIN,STOP_HIT,TREND_COMPRESSION,TREND,TrendDown,FIRST_ACCEPTANCE,42,DIRECTIONAL_MODERATE,0,ROTATION_ILLIQUID,0.08,,217,-11375.0,2026-04-30 18:15:19,UNMAPPED_ACCOUNT
2026-04-30,2026-04-30 09:59:21,2026-04-30 09:59:26,UNKNOWN,DEMO1419193,UNKNOWN,NQ Expansion A,UNKNOWN,NQ,NQ JUN26,LONG,1,27241.75,27254.0,245.0,245.0,49.0,WIN,STOP_HIT,TREND_COMPRESSION,TREND,TrendDown,FIRST_ACCEPTANCE,42,DIRECTIONAL_MODERATE,0,ROTATION_ILLIQUID,0.08,,218,-11130.0,2026-04-30 18:15:19,UNMAPPED_ACCOUNT
2026-04-30,2026-04-30 09:59:21,2026-04-30 09:59:26,UNKNOWN,DEMO1419193,UNKNOWN,NQ Momentum A,UNKNOWN,NQ,NQ JUN26,LONG,1,27241.75,27254.0,245.0,245.0,49.0,WIN,STOP_HIT,TREND_COMPRESSION,TREND,TrendDown,FIRST_ACCEPTANCE,42,DIRECTIONAL_MODERATE,0,ROTATION_ILLIQUID,0.08,,219,-10885.0,2026-04-30 18:15:19,UNMAPPED_ACCOUNT
2026-04-30,2026-04-30 09:59:21,2026-04-30 09:59:26,UNKNOWN,DEMO1419193,UNKNOWN,NQ_Sniper_A,UNKNOWN,NQ,NQ JUN26,LONG,1,27241.75,27254.0,245.0,245.0,49.0,WIN,STOP_HIT,TREND_COMPRESSION,TREND,TrendDown,FIRST_ACCEPTANCE,42,DIRECTIONAL_MODERATE,0,ROTATION_ILLIQUID,0.08,,220,-10640.0,2026-04-30 18:15:19,UNMAPPED_ACCOUNT
2026-04-30,2026-04-30 09:59:21,2026-04-30 09:59:26,UNKNOWN,DEMO1419193,UNKNOWN,UNMAPPED,UNKNOWN,NQ,NQ JUN26,LONG,1,27241.75,27254.0,245.0,245.0,49.0,WIN,STOP_HIT,TREND_COMPRESSION,TREND,TrendDown,FIRST_ACCEPTANCE,42,DIRECTIONAL_MODERATE,0,ROTATION_ILLIQUID,0.08,,221,-10395.0,2026-04-30 18:15:19,UNMAPPED_ACCOUNT;UNMAPPED_BOT
2026-04-30,2026-04-30 09:59:21,2026-04-30 09:59:26,UNKNOWN,DEMO1419193,UNKNOWN,UNMAPPED,UNKNOWN,NQ,NQ JUN26,LONG,1,27241.75,27254.0,245.0,245.0,49.0,WIN,STOP_HIT,TREND_COMPRESSION,TREND,TrendDown,FIRST_ACCEPTANCE,42,DIRECTIONAL_MODERATE,0,ROTATION_ILLIQUID,0.08,,222,-10150.0,2026-04-30 18:15:19,UNMAPPED_ACCOUNT;UNMAPPED_BOT
2026-04-30,2026-04-30 09:59:21,2026-04-30 09:59:26,UNKNOWN,DEMO1419193,UNKNOWN,NQ Momentum A,UNKNOWN,NQ,NQ JUN26,LONG,1,27241.75,27254.0,245.0,245.0,49.0,WIN,STOP_HIT,TREND_COMPRESSION,TREND,TrendDown,FIRST_ACCEPTANCE,42,DIRECTIONAL_MODERATE,0,ROTATION_ILLIQUID,0.08,,223,-9905.0,2026-04-30 18:15:19,UNMAPPED_ACCOUNT
2026-04-30,2026-04-30 09:59:21,2026-04-30 09:59:26,UNKNOWN,DEMO1419193,UNKNOWN,NQ Momentum B,UNKNOWN,NQ,NQ JUN26,LONG,1,27241.75,27254.0,245.0,245.0,49.0,WIN,STOP_HIT,TREND_COMPRESSION,TREND,TrendDown,FIRST_ACCEPTANCE,42,DIRECTIONAL_MODERATE,0,ROTATION_ILLIQUID,0.08,,224,-9660.0,2026-04-30 18:15:19,UNMAPPED_ACCOUNT
2026-04-30,2026-04-30 09:59:31,2026-04-30 10:00:24,UNKNOWN,DEMO1419193,UNKNOWN,NQ_ADX_C,UNKNOWN,NQ,NQ JUN26,LONG,1,27249.75,27245.75,-80.0,-80.0,-16.0,LOSS,SESSION_CLOSE,TREND_COMPRESSION,TREND,TrendDown,FIRST_ACCEPTANCE,42,DIRECTIONAL_MODERATE,0,ROTATION_ILLIQUID,0.88,,225,-9740.0,2026-04-30 18:15:19,UNMAPPED_ACCOUNT
2026-04-30,2026-04-30 09:59:31,2026-04-30 10:00:24,UNKNOWN,DEMO1419193,UNKNOWN,NQ_Sniper_A,UNKNOWN,NQ,NQ JUN26,LONG,1,27249.75,27245.75,-80.0,-80.0,-16.0,LOSS,SESSION_CLOSE,TREND_COMPRESSION,TREND,TrendDown,FIRST_ACCEPTANCE,42,DIRECTIONAL_MODERATE,0,ROTATION_ILLIQUID,0.88,,226,-9820.0,2026-04-30 18:15:19,UNMAPPED_ACCOUNT
2026-04-30,2026-04-30 09:59:31,2026-04-30 10:00:24,UNKNOWN,DEMO1419193,UNKNOWN,NQ Momentum A,UNKNOWN,NQ,NQ JUN26,LONG,1,27249.75,27245.75,-80.0,-80.0,-16.0,LOSS,SESSION_CLOSE,TREND_COMPRESSION,TREND,TrendDown,FIRST_ACCEPTANCE,42,DIRECTIONAL_MODERATE,0,ROTATION_ILLIQUID,0.88,,227,-9900.0,2026-04-30 18:15:19,UNMAPPED_ACCOUNT
2026-04-30,2026-04-30 09:59:31,2026-04-30 10:00:24,UNKNOWN,DEMO1419193,UNKNOWN,NQ Expansion A,UNKNOWN,NQ,NQ JUN26,LONG,1,27249.75,27245.75,-80.0,-80.0,-16.0,LOSS,SESSION_CLOSE,TREND_COMPRESSION,TREND,TrendDown,FIRST_ACCEPTANCE,42,DIRECTIONAL_MODERATE,0,ROTATION_ILLIQUID,0.88,,228,-9980.0,2026-04-30 18:15:19,UNMAPPED_ACCOUNT
2026-04-30,2026-04-30 09:59:31,2026-04-30 10:00:24,UNKNOWN,DEMO1419193,UNKNOWN,NQ Fader A,UNKNOWN,NQ,NQ JUN26,LONG,1,27249.75,27245.75,-80.0,-80.0,-16.0,LOSS,SESSION_CLOSE,TREND_COMPRESSION,TREND,TrendDown,FIRST_ACCEPTANCE,42,DIRECTIONAL_MODERATE,0,ROTATION_ILLIQUID,0.88,,229,-10060.0,2026-04-30 18:15:19,UNMAPPED_ACCOUNT
2026-04-30,2026-04-30 09:59:31,2026-04-30 10:00:24,UNKNOWN,DEMO1419193,UNKNOWN,NQ Expansion B,UNKNOWN,NQ,NQ JUN26,LONG,1,27249.75,27245.75,-80.0,-80.0,-16.0,LOSS,SESSION_CLOSE,TREND_COMPRESSION,TREND,TrendDown,FIRST_ACCEPTANCE,42,DIRECTIONAL_MODERATE,0,ROTATION_ILLIQUID,0.88,,230,-10140.0,2026-04-30 18:15:19,UNMAPPED_ACCOUNT
2026-04-30,2026-04-30 09:59:31,2026-04-30 10:00:24,UNKNOWN,DEMO1419193,UNKNOWN,NQ Fader B,UNKNOWN,NQ,NQ JUN26,LONG,1,27249.75,27245.75,-80.0,-80.0,-16.0,LOSS,SESSION_CLOSE,TREND_COMPRESSION,TREND,TrendDown,FIRST_ACCEPTANCE,42,DIRECTIONAL_MODERATE,0,ROTATION_ILLIQUID,0.88,,231,-10220.0,2026-04-30 18:15:19,UNMAPPED_ACCOUNT
2026-04-30,2026-04-30 09:59:31,2026-04-30 10:00:24,UNKNOWN,DEMO1419193,UNKNOWN,NQ_Sniper_B,UNKNOWN,NQ,NQ JUN26,LONG,1,27249.75,27245.75,-80.0,-80.0,-16.0,LOSS,SESSION_CLOSE,TREND_COMPRESSION,TREND,TrendDown,FIRST_ACCEPTANCE,42,DIRECTIONAL_MODERATE,0,ROTATION_ILLIQUID,0.88,,232,-10300.0,2026-04-30 18:15:19,UNMAPPED_ACCOUNT
2026-04-30,2026-04-30 09:59:31,2026-04-30 10:00:24,UNKNOWN,DEMO1419193,UNKNOWN,NQ_ADX_B,UNKNOWN,NQ,NQ JUN26,LONG,1,27249.75,27245.75,-80.0,-80.0,-16.0,LOSS,SESSION_CLOSE,TREND_COMPRESSION,TREND,TrendDown,FIRST_ACCEPTANCE,42,DIRECTIONAL_MODERATE,0,ROTATION_ILLIQUID,0.88,,233,-10380.0,2026-04-30 18:15:19,UNMAPPED_ACCOUNT
2026-04-30,2026-04-30 09:59:31,2026-04-30 10:00:24,UNKNOWN,DEMO1419193,UNKNOWN,NQ Momentum B,UNKNOWN,NQ,NQ JUN26,LONG,1,27249.75,27245.75,-80.0,-80.0,-16.0,LOSS,SESSION_CLOSE,TREND_COMPRESSION,TREND,TrendDown,FIRST_ACCEPTANCE,42,DIRECTIONAL_MODERATE,0,ROTATION_ILLIQUID,0.88,,234,-10460.0,2026-04-30 18:15:19,UNMAPPED_ACCOUNT
2026-04-30,2026-04-30 09:59:31,2026-04-30 10:00:24,UNKNOWN,DEMO1419193,UNKNOWN,NQ_ADX_A,UNKNOWN,NQ,NQ JUN26,LONG,1,27249.75,27245.75,-80.0,-80.0,-16.0,LOSS,SESSION_CLOSE,TREND_COMPRESSION,TREND,TrendDown,FIRST_ACCEPTANCE,42,DIRECTIONAL_MODERATE,0,ROTATION_ILLIQUID,0.88,,235,-10540.0,2026-04-30 18:15:19,UNMAPPED_ACCOUNT
2026-04-30,2026-04-30 09:59:31,2026-04-30 10:00:24,UNKNOWN,DEMO1419193,UNKNOWN,NQ Momentum A,UNKNOWN,NQ,NQ JUN26,LONG,1,27249.75,27245.75,-80.0,-80.0,-16.0,LOSS,SESSION_CLOSE,TREND_COMPRESSION,TREND,TrendDown,FIRST_ACCEPTANCE,42,DIRECTIONAL_MODERATE,0,ROTATION_ILLIQUID,0.88,,236,-10620.0,2026-04-30 18:15:19,UNMAPPED_ACCOUNT
2026-04-30,2026-04-30 09:59:31,2026-04-30 10:00:24,UNKNOWN,DEMO1419193,UNKNOWN,UNMAPPED,UNKNOWN,NQ,NQ JUN26,LONG,1,27249.75,27245.75,-80.0,-80.0,-16.0,LOSS,SESSION_CLOSE,TREND_COMPRESSION,TREND,TrendDown,FIRST_ACCEPTANCE,42,DIRECTIONAL_MODERATE,0,ROTATION_ILLIQUID,0.88,,237,-10700.0,2026-04-30 18:15:19,UNMAPPED_ACCOUNT;UNMAPPED_BOT
2026-04-30,2026-04-30 09:59:31,2026-04-30 10:00:24,UNKNOWN,DEMO1419193,UNKNOWN,UNMAPPED,UNKNOWN,NQ,NQ JUN26,LONG,1,27249.75,27245.75,-80.0,-80.0,-16.0,LOSS,SESSION_CLOSE,TREND_COMPRESSION,TREND,TrendDown,FIRST_ACCEPTANCE,42,DIRECTIONAL_MODERATE,0,ROTATION_ILLIQUID,0.88,,238,-10780.0,2026-04-30 18:15:19,UNMAPPED_ACCOUNT;UNMAPPED_BOT
2026-04-30,2026-04-30 10:13:50,2026-04-30 10:16:00,UNKNOWN,DEMO1419193,UNKNOWN,NQ_ADX_A,UNKNOWN,NQ,NQ JUN26,LONG,1,27259.25,27221.75,-750.0,-750.0,-150.0,LOSS,Target1,ROTATION_ILLIQUID,TREND,Transition,FIRST_ACCEPTANCE,40,LOW_CONVICTION,1,TREND_COMPRESSION,2.17,,239,-11530.0,2026-04-30 18:15:19,UNMAPPED_ACCOUNT
2026-04-30,2026-04-30 10:13:50,2026-04-30 10:16:00,UNKNOWN,DEMO1419193,UNKNOWN,NQ_ADX_C,UNKNOWN,NQ,NQ JUN26,LONG,1,27259.25,27221.75,-750.0,-750.0,-150.0,LOSS,Target1,ROTATION_ILLIQUID,TREND,Transition,FIRST_ACCEPTANCE,40,LOW_CONVICTION,1,TREND_COMPRESSION,2.17,,240,-12280.0,2026-04-30 18:15:19,UNMAPPED_ACCOUNT
2026-04-30,2026-04-30 10:13:50,2026-04-30 10:16:00,UNKNOWN,DEMO1419193,UNKNOWN,NQ Momentum B,UNKNOWN,NQ,NQ JUN26,LONG,1,27259.25,27221.75,-750.0,-750.0,-150.0,LOSS,Target1,ROTATION_ILLIQUID,TREND,Transition,FIRST_ACCEPTANCE,40,LOW_CONVICTION,1,TREND_COMPRESSION,2.17,,241,-13030.0,2026-04-30 18:15:19,UNMAPPED_ACCOUNT
2026-04-30,2026-04-30 10:13:50,2026-04-30 10:16:00,UNKNOWN,DEMO1419193,UNKNOWN,NQ_ADX_B,UNKNOWN,NQ,NQ JUN26,LONG,1,27259.25,27221.75,-750.0,-750.0,-150.0,LOSS,Target1,ROTATION_ILLIQUID,TREND,Transition,FIRST_ACCEPTANCE,40,LOW_CONVICTION,1,TREND_COMPRESSION,2.17,,242,-13780.0,2026-04-30 18:15:19,UNMAPPED_ACCOUNT
2026-04-30,2026-04-30 10:13:50,2026-04-30 10:16:00,UNKNOWN,DEMO1419193,UNKNOWN,NQ_Sniper_B,UNKNOWN,NQ,NQ JUN26,LONG,1,27259.25,27221.75,-750.0,-750.0,-150.0,LOSS,Target1,ROTATION_ILLIQUID,TREND,Transition,FIRST_ACCEPTANCE,40,LOW_CONVICTION,1,TREND_COMPRESSION,2.17,,243,-14530.0,2026-04-30 18:15:19,UNMAPPED_ACCOUNT
2026-04-30,2026-04-30 10:13:50,2026-04-30 10:16:00,UNKNOWN,DEMO1419193,UNKNOWN,NQ Fader B,UNKNOWN,NQ,NQ JUN26,LONG,1,27259.25,27221.75,-750.0,-750.0,-150.0,LOSS,Target1,ROTATION_ILLIQUID,TREND,Transition,FIRST_ACCEPTANCE,40,LOW_CONVICTION,1,TREND_COMPRESSION,2.17,,244,-15280.0,2026-04-30 18:15:19,UNMAPPED_ACCOUNT
2026-04-30,2026-04-30 10:13:50,2026-04-30 10:16:00,UNKNOWN,DEMO1419193,UNKNOWN,NQ Expansion B,UNKNOWN,NQ,NQ JUN26,LONG,1,27259.25,27221.75,-750.0,-750.0,-150.0,LOSS,Target1,ROTATION_ILLIQUID,TREND,Transition,FIRST_ACCEPTANCE,40,LOW_CONVICTION,1,TREND_COMPRESSION,2.17,,245,-16030.0,2026-04-30 18:15:19,UNMAPPED_ACCOUNT
2026-04-30,2026-04-30 10:13:50,2026-04-30 10:16:00,UNKNOWN,DEMO1419193,UNKNOWN,NQ Fader A,UNKNOWN,NQ,NQ JUN26,LONG,1,27259.25,27221.75,-750.0,-750.0,-150.0,LOSS,Target1,ROTATION_ILLIQUID,TREND,Transition,FIRST_ACCEPTANCE,40,LOW_CONVICTION,1,TREND_COMPRESSION,2.17,,246,-16780.0,2026-04-30 18:15:19,UNMAPPED_ACCOUNT
2026-04-30,2026-04-30 10:13:50,2026-04-30 10:16:00,UNKNOWN,DEMO1419193,UNKNOWN,NQ Expansion A,UNKNOWN,NQ,NQ JUN26,LONG,1,27259.25,27221.75,-750.0,-750.0,-150.0,LOSS,Target1,ROTATION_ILLIQUID,TREND,Transition,FIRST_ACCEPTANCE,40,LOW_CONVICTION,1,TREND_COMPRESSION,2.17,,247,-17530.0,2026-04-30 18:15:19,UNMAPPED_ACCOUNT
2026-04-30,2026-04-30 10:13:50,2026-04-30 10:16:00,UNKNOWN,DEMO1419193,UNKNOWN,NQ Momentum A,UNKNOWN,NQ,NQ JUN26,LONG,1,27259.25,27221.75,-750.0,-750.0,-150.0,LOSS,Target1,ROTATION_ILLIQUID,TREND,Transition,FIRST_ACCEPTANCE,40,LOW_CONVICTION,1,TREND_COMPRESSION,2.17,,248,-18280.0,2026-04-30 18:15:19,UNMAPPED_ACCOUNT
2026-04-30,2026-04-30 10:13:50,2026-04-30 10:16:00,UNKNOWN,DEMO1419193,UNKNOWN,NQ_Sniper_A,UNKNOWN,NQ,NQ JUN26,LONG,1,27259.25,27221.75,-750.0,-750.0,-150.0,LOSS,Target1,ROTATION_ILLIQUID,TREND,Transition,FIRST_ACCEPTANCE,40,LOW_CONVICTION,1,TREND_COMPRESSION,2.17,,249,-19030.0,2026-04-30 18:15:19,UNMAPPED_ACCOUNT
2026-04-30,2026-04-30 10:13:50,2026-04-30 10:16:00,UNKNOWN,DEMO1419193,UNKNOWN,UNMAPPED,UNKNOWN,NQ,NQ JUN26,LONG,1,27259.25,27221.75,-750.0,-750.0,-150.0,LOSS,Target1,ROTATION_ILLIQUID,TREND,Transition,FIRST_ACCEPTANCE,40,LOW_CONVICTION,1,TREND_COMPRESSION,2.17,,250,-19780.0,2026-04-30 18:15:19,UNMAPPED_ACCOUNT;UNMAPPED_BOT
2026-04-30,2026-04-30 10:13:50,2026-04-30 10:16:00,UNKNOWN,DEMO1419193,UNKNOWN,UNMAPPED,UNKNOWN,NQ,NQ JUN26,LONG,1,27259.25,27221.75,-750.0,-750.0,-150.0,LOSS,Target1,ROTATION_ILLIQUID,TREND,Transition,FIRST_ACCEPTANCE,40,LOW_CONVICTION,1,TREND_COMPRESSION,2.17,,251,-20530.0,2026-04-30 18:15:19,UNMAPPED_ACCOUNT;UNMAPPED_BOT
2026-04-30,2026-04-30 10:13:50,2026-04-30 10:16:00,UNKNOWN,DEMO1419193,UNKNOWN,NQ Momentum A,UNKNOWN,NQ,NQ JUN26,LONG,1,27259.25,27221.75,-750.0,-750.0,-150.0,LOSS,Target1,ROTATION_ILLIQUID,TREND,Transition,FIRST_ACCEPTANCE,40,LOW_CONVICTION,1,TREND_COMPRESSION,2.17,,252,-21280.0,2026-04-30 18:15:19,UNMAPPED_ACCOUNT
2026-04-30,2026-04-30 10:26:19,2026-04-30 10:27:19,UNKNOWN,DEMO1419193,UNKNOWN,NQ Momentum A,UNKNOWN,NQ,NQ JUN26,LONG,1,27202.0,27195.75,-125.0,-125.0,-25.0,LOSS,SESSION_CLOSE,ROTATION_LIQUID,ROTATION,Transition,PRE_IB_MATURATION,70,TWO_SIDED_CONFIRMED,0,TRANSITION,1.0,,253,-21405.0,2026-04-30 18:15:19,UNMAPPED_ACCOUNT
2026-04-30,2026-04-30 10:26:19,2026-04-30 10:27:19,UNKNOWN,DEMO1419193,UNKNOWN,NQ Fader A,UNKNOWN,NQ,NQ JUN26,LONG,1,27202.0,27195.75,-125.0,-125.0,-25.0,LOSS,SESSION_CLOSE,ROTATION_LIQUID,ROTATION,Transition,PRE_IB_MATURATION,70,TWO_SIDED_CONFIRMED,0,TRANSITION,1.0,,254,-21530.0,2026-04-30 18:15:19,UNMAPPED_ACCOUNT
2026-04-30,2026-04-30 10:26:19,2026-04-30 10:27:19,UNKNOWN,DEMO1419193,UNKNOWN,NQ Expansion B,UNKNOWN,NQ,NQ JUN26,LONG,1,27202.0,27195.75,-125.0,-125.0,-25.0,LOSS,SESSION_CLOSE,ROTATION_LIQUID,ROTATION,Transition,PRE_IB_MATURATION,70,TWO_SIDED_CONFIRMED,0,TRANSITION,1.0,,255,-21655.0,2026-04-30 18:15:19,UNMAPPED_ACCOUNT
2026-04-30,2026-04-30 10:26:19,2026-04-30 10:27:19,UNKNOWN,DEMO1419193,UNKNOWN,UNMAPPED,UNKNOWN,NQ,NQ JUN26,LONG,1,27202.0,27195.75,-125.0,-125.0,-25.0,LOSS,SESSION_CLOSE,ROTATION_LIQUID,ROTATION,Transition,PRE_IB_MATURATION,70,TWO_SIDED_CONFIRMED,0,TRANSITION,1.0,,256,-21780.0,2026-04-30 18:15:19,UNMAPPED_ACCOUNT;UNMAPPED_BOT
2026-04-30,2026-04-30 10:26:19,2026-04-30 10:27:19,UNKNOWN,DEMO1419193,UNKNOWN,NQ_ADX_C,UNKNOWN,NQ,NQ JUN26,LONG,1,27202.0,27195.75,-125.0,-125.0,-25.0,LOSS,SESSION_CLOSE,ROTATION_LIQUID,ROTATION,Transition,PRE_IB_MATURATION,70,TWO_SIDED_CONFIRMED,0,TRANSITION,1.0,,257,-21905.0,2026-04-30 18:15:19,UNMAPPED_ACCOUNT
2026-04-30,2026-04-30 10:26:19,2026-04-30 10:27:19,UNKNOWN,DEMO1419193,UNKNOWN,NQ Momentum B,UNKNOWN,NQ,NQ JUN26,LONG,1,27202.0,27195.75,-125.0,-125.0,-25.0,LOSS,SESSION_CLOSE,ROTATION_LIQUID,ROTATION,Transition,PRE_IB_MATURATION,70,TWO_SIDED_CONFIRMED,0,TRANSITION,1.0,,258,-22030.0,2026-04-30 18:15:19,UNMAPPED_ACCOUNT
2026-04-30,2026-04-30 10:26:19,2026-04-30 10:27:19,UNKNOWN,DEMO1419193,UNKNOWN,NQ_ADX_B,UNKNOWN,NQ,NQ JUN26,LONG,1,27202.0,27195.75,-125.0,-125.0,-25.0,LOSS,SESSION_CLOSE,ROTATION_LIQUID,ROTATION,Transition,PRE_IB_MATURATION,70,TWO_SIDED_CONFIRMED,0,TRANSITION,1.0,,259,-22155.0,2026-04-30 18:15:19,UNMAPPED_ACCOUNT
2026-04-30,2026-04-30 10:26:19,2026-04-30 10:27:19,UNKNOWN,DEMO1419193,UNKNOWN,NQ Fader B,UNKNOWN,NQ,NQ JUN26,LONG,1,27202.0,27195.75,-125.0,-125.0,-25.0,LOSS,SESSION_CLOSE,ROTATION_LIQUID,ROTATION,Transition,PRE_IB_MATURATION,70,TWO_SIDED_CONFIRMED,0,TRANSITION,1.0,,260,-22280.0,2026-04-30 18:15:19,UNMAPPED_ACCOUNT
2026-04-30,2026-04-30 10:26:19,2026-04-30 10:27:19,UNKNOWN,DEMO1419193,UNKNOWN,NQ_Sniper_B,UNKNOWN,NQ,NQ JUN26,LONG,1,27202.0,27195.75,-125.0,-125.0,-25.0,LOSS,SESSION_CLOSE,ROTATION_LIQUID,ROTATION,Transition,PRE_IB_MATURATION,70,TWO_SIDED_CONFIRMED,0,TRANSITION,1.0,,261,-22405.0,2026-04-30 18:15:19,UNMAPPED_ACCOUNT
2026-04-30,2026-04-30 10:26:19,2026-04-30 10:27:19,UNKNOWN,DEMO1419193,UNKNOWN,NQ_ADX_A,UNKNOWN,NQ,NQ JUN26,LONG,1,27202.0,27195.75,-125.0,-125.0,-25.0,LOSS,SESSION_CLOSE,ROTATION_LIQUID,ROTATION,Transition,PRE_IB_MATURATION,70,TWO_SIDED_CONFIRMED,0,TRANSITION,1.0,,262,-22530.0,2026-04-30 18:15:19,UNMAPPED_ACCOUNT
2026-04-30,2026-04-30 10:26:19,2026-04-30 10:27:19,UNKNOWN,DEMO1419193,UNKNOWN,NQ Expansion A,UNKNOWN,NQ,NQ JUN26,LONG,1,27202.0,27195.75,-125.0,-125.0,-25.0,LOSS,SESSION_CLOSE,ROTATION_LIQUID,ROTATION,Transition,PRE_IB_MATURATION,70,TWO_SIDED_CONFIRMED,0,TRANSITION,1.0,,263,-22655.0,2026-04-30 18:15:19,UNMAPPED_ACCOUNT
2026-04-30,2026-04-30 10:26:19,2026-04-30 10:27:19,UNKNOWN,DEMO1419193,UNKNOWN,NQ Momentum A,UNKNOWN,NQ,NQ JUN26,LONG,1,27202.0,27195.75,-125.0,-125.0,-25.0,LOSS,SESSION_CLOSE,ROTATION_LIQUID,ROTATION,Transition,PRE_IB_MATURATION,70,TWO_SIDED_CONFIRMED,0,TRANSITION,1.0,,264,-22780.0,2026-04-30 18:15:19,UNMAPPED_ACCOUNT
2026-04-30,2026-04-30 10:26:19,2026-04-30 10:27:19,UNKNOWN,DEMO1419193,UNKNOWN,NQ_Sniper_A,UNKNOWN,NQ,NQ JUN26,LONG,1,27202.0,27195.75,-125.0,-125.0,-25.0,LOSS,SESSION_CLOSE,ROTATION_LIQUID,ROTATION,Transition,PRE_IB_MATURATION,70,TWO_SIDED_CONFIRMED,0,TRANSITION,1.0,,265,-22905.0,2026-04-30 18:15:19,UNMAPPED_ACCOUNT
2026-04-30,2026-04-30 10:26:19,2026-04-30 10:27:19,UNKNOWN,DEMO1419193,UNKNOWN,UNMAPPED,UNKNOWN,NQ,NQ JUN26,LONG,1,27202.0,27195.75,-125.0,-125.0,-25.0,LOSS,SESSION_CLOSE,ROTATION_LIQUID,ROTATION,Transition,PRE_IB_MATURATION,70,TWO_SIDED_CONFIRMED,0,TRANSITION,1.0,,266,-23030.0,2026-04-30 18:15:19,UNMAPPED_ACCOUNT;UNMAPPED_BOT
2026-04-30,2026-04-30 10:57:05,2026-04-30 11:10:00,STANDALONE,SimADX1,NQ_Momo_5m_OG,NQ_ADX_C,N/A,NQ,NQ JUN26,LONG,1,27365.0,27405.0,800.0,800.0,160.0,WIN,SLOPE_EXIT,ROTATION_ILLIQUID,TREND,Transition,MID_MORNING_DISCOVERY,40,LOW_CONVICTION,0,TREND_COMPRESSION,12.92,,1,800.0,2026-04-30 18:15:19,OK
2026-04-30,2026-04-30 10:57:05,2026-04-30 11:10:00,STANDALONE,SimADX1,NQ_Momo_5m_OG,UNMAPPED,N/A,NQ,NQ JUN26,LONG,1,27365.0,27405.0,800.0,800.0,160.0,WIN,SLOPE_EXIT,ROTATION_ILLIQUID,TREND,Transition,MID_MORNING_DISCOVERY,40,LOW_CONVICTION,0,TREND_COMPRESSION,12.92,,2,1600.0,2026-04-30 18:15:19,UNMAPPED_BOT
2026-04-30,2026-04-30 10:57:05,2026-04-30 11:10:00,STANDALONE,SimADX1,NQ_Momo_5m_OG,NQ Momentum B,N/A,NQ,NQ JUN26,LONG,1,27365.0,27405.0,800.0,800.0,160.0,WIN,SLOPE_EXIT,ROTATION_ILLIQUID,TREND,Transition,MID_MORNING_DISCOVERY,40,LOW_CONVICTION,0,TREND_COMPRESSION,12.92,,3,2400.0,2026-04-30 18:15:19,OK
2026-04-30,2026-04-30 10:57:05,2026-04-30 11:10:00,STANDALONE,SimADX1,NQ_Momo_5m_OG,NQ_Sniper_B,N/A,NQ,NQ JUN26,LONG,1,27365.0,27405.0,800.0,800.0,160.0,WIN,SLOPE_EXIT,ROTATION_ILLIQUID,TREND,Transition,MID_MORNING_DISCOVERY,40,LOW_CONVICTION,0,TREND_COMPRESSION,12.92,,4,3200.0,2026-04-30 18:15:19,OK
2026-04-30,2026-04-30 10:57:05,2026-04-30 11:10:00,STANDALONE,SimADX1,NQ_Momo_5m_OG,NQ Fader B,N/A,NQ,NQ JUN26,LONG,1,27365.0,27405.0,800.0,800.0,160.0,WIN,SLOPE_EXIT,ROTATION_ILLIQUID,TREND,Transition,MID_MORNING_DISCOVERY,40,LOW_CONVICTION,0,TREND_COMPRESSION,12.92,,5,4000.0,2026-04-30 18:15:19,OK
2026-04-30,2026-04-30 10:57:05,2026-04-30 11:10:00,STANDALONE,SimADX1,NQ_Momo_5m_OG,NQ Expansion B,N/A,NQ,NQ JUN26,LONG,1,27365.0,27405.0,800.0,800.0,160.0,WIN,SLOPE_EXIT,ROTATION_ILLIQUID,TREND,Transition,MID_MORNING_DISCOVERY,40,LOW_CONVICTION,0,TREND_COMPRESSION,12.92,,6,4800.0,2026-04-30 18:15:19,OK
2026-04-30,2026-04-30 10:57:05,2026-04-30 11:10:00,STANDALONE,SimADX1,NQ_Momo_5m_OG,NQ_ADX_A,N/A,NQ,NQ JUN26,LONG,1,27365.0,27405.0,800.0,800.0,160.0,WIN,SLOPE_EXIT,ROTATION_ILLIQUID,TREND,Transition,MID_MORNING_DISCOVERY,40,LOW_CONVICTION,0,TREND_COMPRESSION,12.92,,7,5600.0,2026-04-30 18:15:19,OK
2026-04-30,2026-04-30 10:57:05,2026-04-30 11:10:00,STANDALONE,SimADX1,NQ_Momo_5m_OG,NQ_ADX_B,N/A,NQ,NQ JUN26,LONG,1,27365.0,27405.0,800.0,800.0,160.0,WIN,SLOPE_EXIT,ROTATION_ILLIQUID,TREND,Transition,MID_MORNING_DISCOVERY,40,LOW_CONVICTION,0,TREND_COMPRESSION,12.92,,8,6400.0,2026-04-30 18:15:19,OK
2026-04-30,2026-04-30 10:57:05,2026-04-30 11:10:00,STANDALONE,SimADX1,NQ_Momo_5m_OG,NQ Momentum A,N/A,NQ,NQ JUN26,LONG,1,27365.0,27405.0,800.0,800.0,160.0,WIN,SLOPE_EXIT,ROTATION_ILLIQUID,TREND,Transition,MID_MORNING_DISCOVERY,40,LOW_CONVICTION,0,TREND_COMPRESSION,12.92,,9,7200.0,2026-04-30 18:15:19,OK
2026-04-30,2026-04-30 10:57:05,2026-04-30 11:10:00,STANDALONE,SimADX1,NQ_Momo_5m_OG,NQ_Sniper_A,N/A,NQ,NQ JUN26,LONG,1,27365.0,27405.0,800.0,800.0,160.0,WIN,SLOPE_EXIT,ROTATION_ILLIQUID,TREND,Transition,MID_MORNING_DISCOVERY,40,LOW_CONVICTION,0,TREND_COMPRESSION,12.92,,10,8000.0,2026-04-30 18:15:19,OK
2026-04-30,2026-04-30 10:57:05,2026-04-30 11:10:00,STANDALONE,SimADX1,NQ_Momo_5m_OG,NQ Fader A,N/A,NQ,NQ JUN26,LONG,1,27365.0,27405.0,800.0,800.0,160.0,WIN,SLOPE_EXIT,ROTATION_ILLIQUID,TREND,Transition,MID_MORNING_DISCOVERY,40,LOW_CONVICTION,0,TREND_COMPRESSION,12.92,,11,8800.0,2026-04-30 18:15:19,OK
2026-04-30,2026-04-30 10:57:05,2026-04-30 11:10:00,STANDALONE,SimADX1,NQ_Momo_5m_OG,UNMAPPED,N/A,NQ,NQ JUN26,LONG,1,27365.0,27405.0,800.0,800.0,160.0,WIN,SLOPE_EXIT,ROTATION_ILLIQUID,TREND,Transition,MID_MORNING_DISCOVERY,40,LOW_CONVICTION,0,TREND_COMPRESSION,12.92,,12,9600.0,2026-04-30 18:15:19,UNMAPPED_BOT
2026-04-30,2026-04-30 10:57:05,2026-04-30 11:10:00,STANDALONE,SimADX1,NQ_Momo_5m_OG,NQ Expansion A,N/A,NQ,NQ JUN26,LONG,1,27365.0,27405.0,800.0,800.0,160.0,WIN,SLOPE_EXIT,ROTATION_ILLIQUID,TREND,Transition,MID_MORNING_DISCOVERY,40,LOW_CONVICTION,0,TREND_COMPRESSION,12.92,,13,10400.0,2026-04-30 18:15:19,OK
2026-04-30,2026-04-30 11:10:03,2026-04-30 11:10:03,V1A,SimPine2,KalmanPulse_Fader,NQ Fader B,UNKNOWN,NQ,NQ JUN26,SHORT,18,27400.75,27399.75,360.0,360.0,4.0,WIN,TARGET_HIT,TREND_EMERGING,TREND,TrendUp,MID_MORNING_DISCOVERY,33,EMERGING_SIGNAL,0,TRANSITION,0.0,,1,360.0,2026-04-30 18:15:19,OK
2026-04-30,2026-04-30 11:10:03,2026-04-30 11:10:03,V1A,SimPine2,KalmanPulse_Fader,NQ_ADX_C,UNKNOWN,NQ,NQ JUN26,SHORT,18,27400.75,27399.75,360.0,360.0,4.0,WIN,TARGET_HIT,TREND_EMERGING,TREND,TrendUp,MID_MORNING_DISCOVERY,33,EMERGING_SIGNAL,0,TRANSITION,0.0,,2,720.0,2026-04-30 18:15:19,OK
2026-04-30,2026-04-30 11:10:03,2026-04-30 11:10:03,V1A,SimPine2,KalmanPulse_Fader,UNMAPPED,UNKNOWN,NQ,NQ JUN26,SHORT,18,27400.75,27399.75,360.0,360.0,4.0,WIN,TARGET_HIT,TREND_EMERGING,TREND,TrendUp,MID_MORNING_DISCOVERY,33,EMERGING_SIGNAL,0,TRANSITION,0.0,,3,1080.0,2026-04-30 18:15:19,UNMAPPED_BOT
2026-04-30,2026-04-30 11:10:03,2026-04-30 11:10:03,V1A,SimPine2,KalmanPulse_Fader,NQ Fader A,UNKNOWN,NQ,NQ JUN26,SHORT,18,27400.75,27399.75,360.0,360.0,4.0,WIN,TARGET_HIT,TREND_EMERGING,TREND,TrendUp,MID_MORNING_DISCOVERY,33,EMERGING_SIGNAL,0,TRANSITION,0.0,,4,1440.0,2026-04-30 18:15:19,OK
2026-04-30,2026-04-30 11:10:03,2026-04-30 11:10:03,V1A,SimPine2,KalmanPulse_Fader,NQ_Sniper_A,UNKNOWN,NQ,NQ JUN26,SHORT,18,27400.75,27399.75,360.0,360.0,4.0,WIN,TARGET_HIT,TREND_EMERGING,TREND,TrendUp,MID_MORNING_DISCOVERY,33,EMERGING_SIGNAL,0,TRANSITION,0.0,,5,1800.0,2026-04-30 18:15:19,OK
2026-04-30,2026-04-30 11:10:03,2026-04-30 11:10:03,V1A,SimPine2,KalmanPulse_Fader,NQ Momentum A,UNKNOWN,NQ,NQ JUN26,SHORT,18,27400.75,27399.75,360.0,360.0,4.0,WIN,TARGET_HIT,TREND_EMERGING,TREND,TrendUp,MID_MORNING_DISCOVERY,33,EMERGING_SIGNAL,0,TRANSITION,0.0,,6,2160.0,2026-04-30 18:15:19,OK
2026-04-30,2026-04-30 11:10:03,2026-04-30 11:10:03,V1A,SimPine2,KalmanPulse_Fader,NQ Expansion A,UNKNOWN,NQ,NQ JUN26,SHORT,18,27400.75,27399.75,360.0,360.0,4.0,WIN,TARGET_HIT,TREND_EMERGING,TREND,TrendUp,MID_MORNING_DISCOVERY,33,EMERGING_SIGNAL,0,TRANSITION,0.0,,7,2520.0,2026-04-30 18:15:19,OK
2026-04-30,2026-04-30 11:10:03,2026-04-30 11:10:03,V1A,SimPine2,KalmanPulse_Fader,UNMAPPED,UNKNOWN,NQ,NQ JUN26,SHORT,18,27400.75,27399.75,360.0,360.0,4.0,WIN,TARGET_HIT,TREND_EMERGING,TREND,TrendUp,MID_MORNING_DISCOVERY,33,EMERGING_SIGNAL,0,TRANSITION,0.0,,8,2880.0,2026-04-30 18:15:19,UNMAPPED_BOT
2026-04-30,2026-04-30 11:10:03,2026-04-30 11:10:03,V1A,SimPine2,KalmanPulse_Fader,NQ Expansion B,UNKNOWN,NQ,NQ JUN26,SHORT,18,27400.75,27399.75,360.0,360.0,4.0,WIN,TARGET_HIT,TREND_EMERGING,TREND,TrendUp,MID_MORNING_DISCOVERY,33,EMERGING_SIGNAL,0,TRANSITION,0.0,,9,3240.0,2026-04-30 18:15:19,OK
2026-04-30,2026-04-30 11:10:03,2026-04-30 11:10:03,V1A,SimPine2,KalmanPulse_Fader,NQ_Sniper_B,UNKNOWN,NQ,NQ JUN26,SHORT,18,27400.75,27399.75,360.0,360.0,4.0,WIN,TARGET_HIT,TREND_EMERGING,TREND,TrendUp,MID_MORNING_DISCOVERY,33,EMERGING_SIGNAL,0,TRANSITION,0.0,,10,3600.0,2026-04-30 18:15:19,OK
2026-04-30,2026-04-30 11:10:03,2026-04-30 11:10:03,V1A,SimPine2,KalmanPulse_Fader,NQ_ADX_B,UNKNOWN,NQ,NQ JUN26,SHORT,18,27400.75,27399.75,360.0,360.0,4.0,WIN,TARGET_HIT,TREND_EMERGING,TREND,TrendUp,MID_MORNING_DISCOVERY,33,EMERGING_SIGNAL,0,TRANSITION,0.0,,11,3960.0,2026-04-30 18:15:19,OK
2026-04-30,2026-04-30 11:10:03,2026-04-30 11:10:03,V1A,SimPine2,KalmanPulse_Fader,NQ_ADX_A,UNKNOWN,NQ,NQ JUN26,SHORT,18,27400.75,27399.75,360.0,360.0,4.0,WIN,TARGET_HIT,TREND_EMERGING,TREND,TrendUp,MID_MORNING_DISCOVERY,33,EMERGING_SIGNAL,0,TRANSITION,0.0,,12,4320.0,2026-04-30 18:15:19,OK
2026-04-30,2026-04-30 11:10:03,2026-04-30 11:10:03,V1A,SimPine2,KalmanPulse_Fader,NQ Momentum B,UNKNOWN,NQ,NQ JUN26,SHORT,18,27400.75,27399.75,360.0,360.0,4.0,WIN,TARGET_HIT,TREND_EMERGING,TREND,TrendUp,MID_MORNING_DISCOVERY,33,EMERGING_SIGNAL,0,TRANSITION,0.0,,13,4680.0,2026-04-30 18:15:19,OK
2026-04-30,2026-04-30 11:10:08,2026-04-30 11:10:08,V1A,SimPine2,KalmanPulse_Fader,NQ Momentum A,UNKNOWN,NQ,NQ JUN26,LONG,10,27400.25,27399.0,-250.0,-250.0,-5.0,LOSS,EnvelopeBreakExit,TREND_EMERGING,TREND,TrendUp,MID_MORNING_DISCOVERY,33,EMERGING_SIGNAL,0,TRANSITION,0.0,,14,4430.0,2026-04-30 18:15:19,OK
2026-04-30,2026-04-30 11:10:08,2026-04-30 11:10:08,V1A,SimPine2,KalmanPulse_Fader,NQ_ADX_A,UNKNOWN,NQ,NQ JUN26,LONG,10,27400.25,27399.0,-250.0,-250.0,-5.0,LOSS,EnvelopeBreakExit,TREND_EMERGING,TREND,TrendUp,MID_MORNING_DISCOVERY,33,EMERGING_SIGNAL,0,TRANSITION,0.0,,15,4180.0,2026-04-30 18:15:19,OK
2026-04-30,2026-04-30 11:10:08,2026-04-30 11:10:08,V1A,SimPine2,KalmanPulse_Fader,NQ_Sniper_B,UNKNOWN,NQ,NQ JUN26,LONG,10,27400.25,27399.0,-250.0,-250.0,-5.0,LOSS,EnvelopeBreakExit,TREND_EMERGING,TREND,TrendUp,MID_MORNING_DISCOVERY,33,EMERGING_SIGNAL,0,TRANSITION,0.0,,16,3930.0,2026-04-30 18:15:19,OK
2026-04-30,2026-04-30 11:10:08,2026-04-30 11:10:08,V1A,SimPine2,KalmanPulse_Fader,NQ Fader B,UNKNOWN,NQ,NQ JUN26,LONG,10,27400.25,27399.0,-250.0,-250.0,-5.0,LOSS,EnvelopeBreakExit,TREND_EMERGING,TREND,TrendUp,MID_MORNING_DISCOVERY,33,EMERGING_SIGNAL,0,TRANSITION,0.0,,17,3680.0,2026-04-30 18:15:19,OK
2026-04-30,2026-04-30 11:10:08,2026-04-30 11:10:08,V1A,SimPine2,KalmanPulse_Fader,NQ_ADX_B,UNKNOWN,NQ,NQ JUN26,LONG,10,27400.25,27399.0,-250.0,-250.0,-5.0,LOSS,EnvelopeBreakExit,TREND_EMERGING,TREND,TrendUp,MID_MORNING_DISCOVERY,33,EMERGING_SIGNAL,0,TRANSITION,0.0,,18,3430.0,2026-04-30 18:15:19,OK
2026-04-30,2026-04-30 11:10:08,2026-04-30 11:10:08,V1A,SimPine2,KalmanPulse_Fader,NQ Momentum B,UNKNOWN,NQ,NQ JUN26,LONG,10,27400.25,27399.0,-250.0,-250.0,-5.0,LOSS,EnvelopeBreakExit,TREND_EMERGING,TREND,TrendUp,MID_MORNING_DISCOVERY,33,EMERGING_SIGNAL,0,TRANSITION,0.0,,19,3180.0,2026-04-30 18:15:19,OK
2026-04-30,2026-04-30 11:10:08,2026-04-30 11:10:08,V1A,SimPine2,KalmanPulse_Fader,NQ_ADX_C,UNKNOWN,NQ,NQ JUN26,LONG,10,27400.25,27399.0,-250.0,-250.0,-5.0,LOSS,EnvelopeBreakExit,TREND_EMERGING,TREND,TrendUp,MID_MORNING_DISCOVERY,33,EMERGING_SIGNAL,0,TRANSITION,0.0,,20,2930.0,2026-04-30 18:15:19,OK
2026-04-30,2026-04-30 11:10:08,2026-04-30 11:10:08,V1A,SimPine2,KalmanPulse_Fader,UNMAPPED,UNKNOWN,NQ,NQ JUN26,LONG,10,27400.25,27399.0,-250.0,-250.0,-5.0,LOSS,EnvelopeBreakExit,TREND_EMERGING,TREND,TrendUp,MID_MORNING_DISCOVERY,33,EMERGING_SIGNAL,0,TRANSITION,0.0,,21,2680.0,2026-04-30 18:15:19,UNMAPPED_BOT
2026-04-30,2026-04-30 11:10:08,2026-04-30 11:10:08,V1A,SimPine2,KalmanPulse_Fader,NQ Expansion B,UNKNOWN,NQ,NQ JUN26,LONG,10,27400.25,27399.0,-250.0,-250.0,-5.0,LOSS,EnvelopeBreakExit,TREND_EMERGING,TREND,TrendUp,MID_MORNING_DISCOVERY,33,EMERGING_SIGNAL,0,TRANSITION,0.0,,22,2430.0,2026-04-30 18:15:19,OK
2026-04-30,2026-04-30 11:10:08,2026-04-30 11:10:08,V1A,SimPine2,KalmanPulse_Fader,UNMAPPED,UNKNOWN,NQ,NQ JUN26,LONG,10,27400.25,27399.0,-250.0,-250.0,-5.0,LOSS,EnvelopeBreakExit,TREND_EMERGING,TREND,TrendUp,MID_MORNING_DISCOVERY,33,EMERGING_SIGNAL,0,TRANSITION,0.0,,23,2180.0,2026-04-30 18:15:19,UNMAPPED_BOT
2026-04-30,2026-04-30 11:10:08,2026-04-30 11:10:08,V1A,SimPine2,KalmanPulse_Fader,NQ Expansion A,UNKNOWN,NQ,NQ JUN26,LONG,10,27400.25,27399.0,-250.0,-250.0,-5.0,LOSS,EnvelopeBreakExit,TREND_EMERGING,TREND,TrendUp,MID_MORNING_DISCOVERY,33,EMERGING_SIGNAL,0,TRANSITION,0.0,,24,1930.0,2026-04-30 18:15:19,OK
2026-04-30,2026-04-30 11:10:08,2026-04-30 11:10:08,V1A,SimPine2,KalmanPulse_Fader,NQ Fader A,UNKNOWN,NQ,NQ JUN26,LONG,10,27400.25,27399.0,-250.0,-250.0,-5.0,LOSS,EnvelopeBreakExit,TREND_EMERGING,TREND,TrendUp,MID_MORNING_DISCOVERY,33,EMERGING_SIGNAL,0,TRANSITION,0.0,,25,1680.0,2026-04-30 18:15:19,OK
2026-04-30,2026-04-30 11:10:08,2026-04-30 11:10:08,V1A,SimPine2,KalmanPulse_Fader,NQ_Sniper_A,UNKNOWN,NQ,NQ JUN26,LONG,10,27400.25,27399.0,-250.0,-250.0,-5.0,LOSS,EnvelopeBreakExit,TREND_EMERGING,TREND,TrendUp,MID_MORNING_DISCOVERY,33,EMERGING_SIGNAL,0,TRANSITION,0.0,,26,1430.0,2026-04-30 18:15:19,OK
2026-04-30,2026-04-30 16:01:44,2026-04-30 16:02:01,V3C,SimV3C-NQ-5A,NQ.ADX.DI.5m.DefaultOG,NQ Momentum A,N/A,NQ,NQ JUN26,SHORT,1,27568.25,27588.5,-405.0,-405.0,-81.0,LOSS,STOP_HIT,TRANSITION,BRACKET_MACRO,TrendDown,CASH_CLOSE,50,NO_CLEAR_STAGE_C_ALIGNMENT,1,TREND_COMPRESSION,0.28,,1,-405.0,2026-04-30 18:15:19,OK
2026-04-30,2026-04-30 16:01:44,2026-04-30 16:02:01,V3C,SimV3C-NQ-5A,NQ.ADX.DI.5m.DefaultOG,NQ Momentum B,N/A,NQ,NQ JUN26,SHORT,1,27568.25,27588.5,-405.0,-405.0,-81.0,LOSS,STOP_HIT,TRANSITION,BRACKET_MACRO,TrendDown,CASH_CLOSE,50,NO_CLEAR_STAGE_C_ALIGNMENT,1,TREND_COMPRESSION,0.28,,2,-810.0,2026-04-30 18:15:19,OK
2026-04-30,2026-04-30 16:01:44,2026-04-30 16:02:01,V3C,SimV3C-NQ-5A,NQ.ADX.DI.5m.DefaultOG,NQ Fader A,N/A,NQ,NQ JUN26,SHORT,1,27568.25,27588.5,-405.0,-405.0,-81.0,LOSS,STOP_HIT,TRANSITION,BRACKET_MACRO,TrendDown,CASH_CLOSE,50,NO_CLEAR_STAGE_C_ALIGNMENT,1,TREND_COMPRESSION,0.28,,3,-1215.0,2026-04-30 18:15:19,OK
2026-04-30,2026-04-30 16:01:44,2026-04-30 16:02:01,V3C,SimV3C-NQ-5A,NQ.ADX.DI.5m.DefaultOG,UNMAPPED,N/A,NQ,NQ JUN26,SHORT,1,27568.25,27588.5,-405.0,-405.0,-81.0,LOSS,STOP_HIT,TRANSITION,BRACKET_MACRO,TrendDown,CASH_CLOSE,50,NO_CLEAR_STAGE_C_ALIGNMENT,1,TREND_COMPRESSION,0.28,,4,-1620.0,2026-04-30 18:15:19,UNMAPPED_BOT
2026-04-30,2026-04-30 16:01:44,2026-04-30 16:02:01,V3C,SimV3C-NQ-5A,NQ.ADX.DI.5m.DefaultOG,NQ_ADX_C,N/A,NQ,NQ JUN26,SHORT,1,27568.25,27588.5,-405.0,-405.0,-81.0,LOSS,STOP_HIT,TRANSITION,BRACKET_MACRO,TrendDown,CASH_CLOSE,50,NO_CLEAR_STAGE_C_ALIGNMENT,1,TREND_COMPRESSION,0.28,,5,-2025.0,2026-04-30 18:15:19,OK
2026-04-30,2026-04-30 16:01:44,2026-04-30 16:02:01,V3C,SimV3C-NQ-5A,NQ.ADX.DI.5m.DefaultOG,NQ_ADX_B,N/A,NQ,NQ JUN26,SHORT,1,27568.25,27588.5,-405.0,-405.0,-81.0,LOSS,STOP_HIT,TRANSITION,BRACKET_MACRO,TrendDown,CASH_CLOSE,50,NO_CLEAR_STAGE_C_ALIGNMENT,1,TREND_COMPRESSION,0.28,,6,-2430.0,2026-04-30 18:15:19,OK
2026-04-30,2026-04-30 16:01:44,2026-04-30 16:02:01,V3C,SimV3C-NQ-5A,NQ.ADX.DI.5m.DefaultOG,NQ Fader B,N/A,NQ,NQ JUN26,SHORT,1,27568.25,27588.5,-405.0,-405.0,-81.0,LOSS,STOP_HIT,TRANSITION,BRACKET_MACRO,TrendDown,CASH_CLOSE,50,NO_CLEAR_STAGE_C_ALIGNMENT,1,TREND_COMPRESSION,0.28,,7,-2835.0,2026-04-30 18:15:19,OK
2026-04-30,2026-04-30 16:01:44,2026-04-30 16:02:01,V3C,SimV3C-NQ-5A,NQ.ADX.DI.5m.DefaultOG,NQ_Sniper_A,N/A,NQ,NQ JUN26,SHORT,1,27568.25,27588.5,-405.0,-405.0,-81.0,LOSS,STOP_HIT,TRANSITION,BRACKET_MACRO,TrendDown,CASH_CLOSE,50,NO_CLEAR_STAGE_C_ALIGNMENT,1,TREND_COMPRESSION,0.28,,8,-3240.0,2026-04-30 18:15:19,OK
2026-04-30,2026-04-30 16:01:44,2026-04-30 16:02:01,V3C,SimV3C-NQ-5A,NQ.ADX.DI.5m.DefaultOG,UNMAPPED,N/A,NQ,NQ JUN26,SHORT,1,27568.25,27588.5,-405.0,-405.0,-81.0,LOSS,STOP_HIT,TRANSITION,BRACKET_MACRO,TrendDown,CASH_CLOSE,50,NO_CLEAR_STAGE_C_ALIGNMENT,1,TREND_COMPRESSION,0.28,,9,-3645.0,2026-04-30 18:15:19,UNMAPPED_BOT
2026-04-30,2026-04-30 16:01:44,2026-04-30 16:02:01,V3C,SimV3C-NQ-5A,NQ.ADX.DI.5m.DefaultOG,NQ Expansion A,N/A,NQ,NQ JUN26,SHORT,1,27568.25,27588.5,-405.0,-405.0,-81.0,LOSS,STOP_HIT,TRANSITION,BRACKET_MACRO,TrendDown,CASH_CLOSE,50,NO_CLEAR_STAGE_C_ALIGNMENT,1,TREND_COMPRESSION,0.28,,10,-4050.0,2026-04-30 18:15:19,OK
2026-04-30,2026-04-30 16:01:44,2026-04-30 16:02:01,V3C,SimV3C-NQ-5A,NQ.ADX.DI.5m.DefaultOG,NQ Expansion B,N/A,NQ,NQ JUN26,SHORT,1,27568.25,27588.5,-405.0,-405.0,-81.0,LOSS,STOP_HIT,TRANSITION,BRACKET_MACRO,TrendDown,CASH_CLOSE,50,NO_CLEAR_STAGE_C_ALIGNMENT,1,TREND_COMPRESSION,0.28,,11,-4455.0,2026-04-30 18:15:19,OK
2026-04-30,2026-04-30 16:01:44,2026-04-30 16:02:01,V3C,SimV3C-NQ-5A,NQ.ADX.DI.5m.DefaultOG,NQ_Sniper_B,N/A,NQ,NQ JUN26,SHORT,1,27568.25,27588.5,-405.0,-405.0,-81.0,LOSS,STOP_HIT,TRANSITION,BRACKET_MACRO,TrendDown,CASH_CLOSE,50,NO_CLEAR_STAGE_C_ALIGNMENT,1,TREND_COMPRESSION,0.28,,12,-4860.0,2026-04-30 18:15:19,OK
2026-04-30,2026-04-30 16:01:44,2026-04-30 16:02:01,V3C,SimV3C-NQ-5A,NQ.ADX.DI.5m.DefaultOG,NQ_ADX_A,N/A,NQ,NQ JUN26,SHORT,1,27568.25,27588.5,-405.0,-405.0,-81.0,LOSS,STOP_HIT,TRANSITION,BRACKET_MACRO,TrendDown,CASH_CLOSE,50,NO_CLEAR_STAGE_C_ALIGNMENT,1,TREND_COMPRESSION,0.28,,13,-5265.0,2026-04-30 18:15:19,OK
2026-04-30,2026-04-30 16:02:01,2026-04-30 16:04:45,V3C,SimV3C-NQ-5A,NQ.ADX.DI.5m.DefaultOG,NQ Fader A,N/A,NQ,NQ JUN26,SHORT,1,27589.25,27578.5,215.0,215.0,43.0,WIN,TARGET_HIT,TRANSITION,BRACKET_MACRO,TrendDown,CASH_CLOSE,50,NO_CLEAR_STAGE_C_ALIGNMENT,1,TREND_COMPRESSION,2.73,,14,-5050.0,2026-04-30 18:15:19,OK
2026-04-30,2026-04-30 16:02:01,2026-04-30 16:04:45,V3C,SimV3C-NQ-5A,NQ.ADX.DI.5m.DefaultOG,NQ_Sniper_B,N/A,NQ,NQ JUN26,SHORT,1,27589.25,27578.5,215.0,215.0,43.0,WIN,TARGET_HIT,TRANSITION,BRACKET_MACRO,TrendDown,CASH_CLOSE,50,NO_CLEAR_STAGE_C_ALIGNMENT,1,TREND_COMPRESSION,2.73,,15,-4835.0,2026-04-30 18:15:19,OK
2026-04-30,2026-04-30 16:02:01,2026-04-30 16:04:45,V3C,SimV3C-NQ-5A,NQ.ADX.DI.5m.DefaultOG,NQ Momentum A,N/A,NQ,NQ JUN26,SHORT,1,27589.25,27578.5,215.0,215.0,43.0,WIN,TARGET_HIT,TRANSITION,BRACKET_MACRO,TrendDown,CASH_CLOSE,50,NO_CLEAR_STAGE_C_ALIGNMENT,1,TREND_COMPRESSION,2.73,,16,-4620.0,2026-04-30 18:15:19,OK
2026-04-30,2026-04-30 16:02:01,2026-04-30 16:04:45,V3C,SimV3C-NQ-5A,NQ.ADX.DI.5m.DefaultOG,NQ_ADX_C,N/A,NQ,NQ JUN26,SHORT,1,27589.25,27578.5,215.0,215.0,43.0,WIN,TARGET_HIT,TRANSITION,BRACKET_MACRO,TrendDown,CASH_CLOSE,50,NO_CLEAR_STAGE_C_ALIGNMENT,1,TREND_COMPRESSION,2.73,,17,-4405.0,2026-04-30 18:15:19,OK
2026-04-30,2026-04-30 16:02:01,2026-04-30 16:04:45,V3C,SimV3C-NQ-5A,NQ.ADX.DI.5m.DefaultOG,NQ Fader B,N/A,NQ,NQ JUN26,SHORT,1,27589.25,27578.5,215.0,215.0,43.0,WIN,TARGET_HIT,TRANSITION,BRACKET_MACRO,TrendDown,CASH_CLOSE,50,NO_CLEAR_STAGE_C_ALIGNMENT,1,TREND_COMPRESSION,2.73,,18,-4190.0,2026-04-30 18:15:19,OK
2026-04-30,2026-04-30 16:02:01,2026-04-30 16:04:45,V3C,SimV3C-NQ-5A,NQ.ADX.DI.5m.DefaultOG,NQ_ADX_A,N/A,NQ,NQ JUN26,SHORT,1,27589.25,27578.5,215.0,215.0,43.0,WIN,TARGET_HIT,TRANSITION,BRACKET_MACRO,TrendDown,CASH_CLOSE,50,NO_CLEAR_STAGE_C_ALIGNMENT,1,TREND_COMPRESSION,2.73,,19,-3975.0,2026-04-30 18:15:19,OK
2026-04-30,2026-04-30 16:02:01,2026-04-30 16:04:45,V3C,SimV3C-NQ-5A,NQ.ADX.DI.5m.DefaultOG,UNMAPPED,N/A,NQ,NQ JUN26,SHORT,1,27589.25,27578.5,215.0,215.0,43.0,WIN,TARGET_HIT,TRANSITION,BRACKET_MACRO,TrendDown,CASH_CLOSE,50,NO_CLEAR_STAGE_C_ALIGNMENT,1,TREND_COMPRESSION,2.73,,20,-3760.0,2026-04-30 18:15:19,UNMAPPED_BOT
2026-04-30,2026-04-30 16:02:01,2026-04-30 16:04:45,V3C,SimV3C-NQ-5A,NQ.ADX.DI.5m.DefaultOG,UNMAPPED,N/A,NQ,NQ JUN26,SHORT,1,27589.25,27578.5,215.0,215.0,43.0,WIN,TARGET_HIT,TRANSITION,BRACKET_MACRO,TrendDown,CASH_CLOSE,50,NO_CLEAR_STAGE_C_ALIGNMENT,1,TREND_COMPRESSION,2.73,,21,-3545.0,2026-04-30 18:15:19,UNMAPPED_BOT
2026-04-30,2026-04-30 16:02:01,2026-04-30 16:04:45,V3C,SimV3C-NQ-5A,NQ.ADX.DI.5m.DefaultOG,NQ Expansion A,N/A,NQ,NQ JUN26,SHORT,1,27589.25,27578.5,215.0,215.0,43.0,WIN,TARGET_HIT,TRANSITION,BRACKET_MACRO,TrendDown,CASH_CLOSE,50,NO_CLEAR_STAGE_C_ALIGNMENT,1,TREND_COMPRESSION,2.73,,22,-3330.0,2026-04-30 18:15:19,OK
2026-04-30,2026-04-30 16:02:01,2026-04-30 16:04:45,V3C,SimV3C-NQ-5A,NQ.ADX.DI.5m.DefaultOG,NQ Expansion B,N/A,NQ,NQ JUN26,SHORT,1,27589.25,27578.5,215.0,215.0,43.0,WIN,TARGET_HIT,TRANSITION,BRACKET_MACRO,TrendDown,CASH_CLOSE,50,NO_CLEAR_STAGE_C_ALIGNMENT,1,TREND_COMPRESSION,2.73,,23,-3115.0,2026-04-30 18:15:19,OK
2026-04-30,2026-04-30 16:02:01,2026-04-30 16:04:45,V3C,SimV3C-NQ-5A,NQ.ADX.DI.5m.DefaultOG,NQ_Sniper_A,N/A,NQ,NQ JUN26,SHORT,1,27589.25,27578.5,215.0,215.0,43.0,WIN,TARGET_HIT,TRANSITION,BRACKET_MACRO,TrendDown,CASH_CLOSE,50,NO_CLEAR_STAGE_C_ALIGNMENT,1,TREND_COMPRESSION,2.73,,24,-2900.0,2026-04-30 18:15:19,OK
2026-04-30,2026-04-30 16:02:01,2026-04-30 16:04:45,V3C,SimV3C-NQ-5A,NQ.ADX.DI.5m.DefaultOG,NQ Momentum B,N/A,NQ,NQ JUN26,SHORT,1,27589.25,27578.5,215.0,215.0,43.0,WIN,TARGET_HIT,TRANSITION,BRACKET_MACRO,TrendDown,CASH_CLOSE,50,NO_CLEAR_STAGE_C_ALIGNMENT,1,TREND_COMPRESSION,2.73,,25,-2685.0,2026-04-30 18:15:19,OK
2026-04-30,2026-04-30 16:02:01,2026-04-30 16:04:45,V3C,SimV3C-NQ-5A,NQ.ADX.DI.5m.DefaultOG,NQ_ADX_B,N/A,NQ,NQ JUN26,SHORT,1,27589.25,27578.5,215.0,215.0,43.0,WIN,TARGET_HIT,TRANSITION,BRACKET_MACRO,TrendDown,CASH_CLOSE,50,NO_CLEAR_STAGE_C_ALIGNMENT,1,TREND_COMPRESSION,2.73,,26,-2470.0,2026-04-30 18:15:19,OK
2026-04-30,2026-04-30 16:04:45,2026-04-30 16:05:38,V3C,SimV3C-NQ-5A,NQ.ADX.DI.5m.DefaultOG,NQ_Sniper_A,N/A,NQ,NQ JUN26,SHORT,1,27578.25,27602.75,-490.0,-490.0,-98.0,LOSS,STOP_HIT,TRANSITION,BRACKET_MACRO,TrendDown,CASH_CLOSE,50,NO_CLEAR_STAGE_C_ALIGNMENT,1,TREND_COMPRESSION,0.88,,27,-2960.0,2026-04-30 18:15:19,OK
2026-04-30,2026-04-30 16:04:45,2026-04-30 16:05:38,V3C,SimV3C-NQ-5A,NQ.ADX.DI.5m.DefaultOG,UNMAPPED,N/A,NQ,NQ JUN26,SHORT,1,27578.25,27602.75,-490.0,-490.0,-98.0,LOSS,STOP_HIT,TRANSITION,BRACKET_MACRO,TrendDown,CASH_CLOSE,50,NO_CLEAR_STAGE_C_ALIGNMENT,1,TREND_COMPRESSION,0.88,,28,-3450.0,2026-04-30 18:15:19,UNMAPPED_BOT
2026-04-30,2026-04-30 16:04:45,2026-04-30 16:05:38,V3C,SimV3C-NQ-5A,NQ.ADX.DI.5m.DefaultOG,NQ Expansion A,N/A,NQ,NQ JUN26,SHORT,1,27578.25,27602.75,-490.0,-490.0,-98.0,LOSS,STOP_HIT,TRANSITION,BRACKET_MACRO,TrendDown,CASH_CLOSE,50,NO_CLEAR_STAGE_C_ALIGNMENT,1,TREND_COMPRESSION,0.88,,29,-3940.0,2026-04-30 18:15:19,OK
2026-04-30,2026-04-30 16:04:45,2026-04-30 16:05:38,V3C,SimV3C-NQ-5A,NQ.ADX.DI.5m.DefaultOG,NQ_Sniper_B,N/A,NQ,NQ JUN26,SHORT,1,27578.25,27602.75,-490.0,-490.0,-98.0,LOSS,STOP_HIT,TRANSITION,BRACKET_MACRO,TrendDown,CASH_CLOSE,50,NO_CLEAR_STAGE_C_ALIGNMENT,1,TREND_COMPRESSION,0.88,,30,-4430.0,2026-04-30 18:15:19,OK
2026-04-30,2026-04-30 16:04:45,2026-04-30 16:05:38,V3C,SimV3C-NQ-5A,NQ.ADX.DI.5m.DefaultOG,NQ Momentum A,N/A,NQ,NQ JUN26,SHORT,1,27578.25,27602.75,-490.0,-490.0,-98.0,LOSS,STOP_HIT,TRANSITION,BRACKET_MACRO,TrendDown,CASH_CLOSE,50,NO_CLEAR_STAGE_C_ALIGNMENT,1,TREND_COMPRESSION,0.88,,31,-4920.0,2026-04-30 18:15:19,OK
2026-04-30,2026-04-30 16:04:45,2026-04-30 16:05:38,V3C,SimV3C-NQ-5A,NQ.ADX.DI.5m.DefaultOG,NQ Fader A,N/A,NQ,NQ JUN26,SHORT,1,27578.25,27602.75,-490.0,-490.0,-98.0,LOSS,STOP_HIT,TRANSITION,BRACKET_MACRO,TrendDown,CASH_CLOSE,50,NO_CLEAR_STAGE_C_ALIGNMENT,1,TREND_COMPRESSION,0.88,,32,-5410.0,2026-04-30 18:15:19,OK
2026-04-30,2026-04-30 16:04:45,2026-04-30 16:05:38,V3C,SimV3C-NQ-5A,NQ.ADX.DI.5m.DefaultOG,NQ_ADX_C,N/A,NQ,NQ JUN26,SHORT,1,27578.25,27602.75,-490.0,-490.0,-98.0,LOSS,STOP_HIT,TRANSITION,BRACKET_MACRO,TrendDown,CASH_CLOSE,50,NO_CLEAR_STAGE_C_ALIGNMENT,1,TREND_COMPRESSION,0.88,,33,-5900.0,2026-04-30 18:15:19,OK
2026-04-30,2026-04-30 16:04:45,2026-04-30 16:05:38,V3C,SimV3C-NQ-5A,NQ.ADX.DI.5m.DefaultOG,NQ Fader B,N/A,NQ,NQ JUN26,SHORT,1,27578.25,27602.75,-490.0,-490.0,-98.0,LOSS,STOP_HIT,TRANSITION,BRACKET_MACRO,TrendDown,CASH_CLOSE,50,NO_CLEAR_STAGE_C_ALIGNMENT,1,TREND_COMPRESSION,0.88,,34,-6390.0,2026-04-30 18:15:19,OK
2026-04-30,2026-04-30 16:04:45,2026-04-30 16:05:38,V3C,SimV3C-NQ-5A,NQ.ADX.DI.5m.DefaultOG,UNMAPPED,N/A,NQ,NQ JUN26,SHORT,1,27578.25,27602.75,-490.0,-490.0,-98.0,LOSS,STOP_HIT,TRANSITION,BRACKET_MACRO,TrendDown,CASH_CLOSE,50,NO_CLEAR_STAGE_C_ALIGNMENT,1,TREND_COMPRESSION,0.88,,35,-6880.0,2026-04-30 18:15:19,UNMAPPED_BOT
2026-04-30,2026-04-30 16:04:45,2026-04-30 16:05:38,V3C,SimV3C-NQ-5A,NQ.ADX.DI.5m.DefaultOG,NQ_ADX_A,N/A,NQ,NQ JUN26,SHORT,1,27578.25,27602.75,-490.0,-490.0,-98.0,LOSS,STOP_HIT,TRANSITION,BRACKET_MACRO,TrendDown,CASH_CLOSE,50,NO_CLEAR_STAGE_C_ALIGNMENT,1,TREND_COMPRESSION,0.88,,36,-7370.0,2026-04-30 18:15:19,OK
2026-04-30,2026-04-30 16:04:45,2026-04-30 16:05:38,V3C,SimV3C-NQ-5A,NQ.ADX.DI.5m.DefaultOG,NQ_ADX_B,N/A,NQ,NQ JUN26,SHORT,1,27578.25,27602.75,-490.0,-490.0,-98.0,LOSS,STOP_HIT,TRANSITION,BRACKET_MACRO,TrendDown,CASH_CLOSE,50,NO_CLEAR_STAGE_C_ALIGNMENT,1,TREND_COMPRESSION,0.88,,37,-7860.0,2026-04-30 18:15:19,OK
2026-04-30,2026-04-30 16:04:45,2026-04-30 16:05:38,V3C,SimV3C-NQ-5A,NQ.ADX.DI.5m.DefaultOG,NQ Momentum B,N/A,NQ,NQ JUN26,SHORT,1,27578.25,27602.75,-490.0,-490.0,-98.0,LOSS,STOP_HIT,TRANSITION,BRACKET_MACRO,TrendDown,CASH_CLOSE,50,NO_CLEAR_STAGE_C_ALIGNMENT,1,TREND_COMPRESSION,0.88,,38,-8350.0,2026-04-30 18:15:19,OK
2026-04-30,2026-04-30 16:04:45,2026-04-30 16:05:38,V3C,SimV3C-NQ-5A,NQ.ADX.DI.5m.DefaultOG,NQ Expansion B,N/A,NQ,NQ JUN26,SHORT,1,27578.25,27602.75,-490.0,-490.0,-98.0,LOSS,STOP_HIT,TRANSITION,BRACKET_MACRO,TrendDown,CASH_CLOSE,50,NO_CLEAR_STAGE_C_ALIGNMENT,1,TREND_COMPRESSION,0.88,,39,-8840.0,2026-04-30 18:15:19,OK
2026-04-30,2026-04-30 16:05:38,2026-04-30 16:06:28,V3C,SimV3C-NQ-5A,NQ.ADX.DI.5m.DefaultOG,NQ_ADX_C,N/A,NQ,NQ JUN26,LONG,1,27602.25,27578.5,-475.0,-475.0,-95.0,LOSS,STOP_HIT,TRANSITION,BRACKET_MACRO,TrendDown,CASH_CLOSE,50,NO_CLEAR_STAGE_C_ALIGNMENT,1,TREND_COMPRESSION,0.83,,40,-9315.0,2026-04-30 18:15:19,OK
2026-04-30,2026-04-30 16:05:38,2026-04-30 16:06:28,V3C,SimV3C-NQ-5A,NQ.ADX.DI.5m.DefaultOG,NQ_Sniper_B,N/A,NQ,NQ JUN26,LONG,1,27602.25,27578.5,-475.0,-475.0,-95.0,LOSS,STOP_HIT,TRANSITION,BRACKET_MACRO,TrendDown,CASH_CLOSE,50,NO_CLEAR_STAGE_C_ALIGNMENT,1,TREND_COMPRESSION,0.83,,41,-9790.0,2026-04-30 18:15:19,OK
2026-04-30,2026-04-30 16:05:38,2026-04-30 16:06:28,V3C,SimV3C-NQ-5A,NQ.ADX.DI.5m.DefaultOG,NQ Fader B,N/A,NQ,NQ JUN26,LONG,1,27602.25,27578.5,-475.0,-475.0,-95.0,LOSS,STOP_HIT,TRANSITION,BRACKET_MACRO,TrendDown,CASH_CLOSE,50,NO_CLEAR_STAGE_C_ALIGNMENT,1,TREND_COMPRESSION,0.83,,42,-10265.0,2026-04-30 18:15:19,OK
2026-04-30,2026-04-30 16:05:38,2026-04-30 16:06:28,V3C,SimV3C-NQ-5A,NQ.ADX.DI.5m.DefaultOG,NQ Momentum A,N/A,NQ,NQ JUN26,LONG,1,27602.25,27578.5,-475.0,-475.0,-95.0,LOSS,STOP_HIT,TRANSITION,BRACKET_MACRO,TrendDown,CASH_CLOSE,50,NO_CLEAR_STAGE_C_ALIGNMENT,1,TREND_COMPRESSION,0.83,,43,-10740.0,2026-04-30 18:15:19,OK
2026-04-30,2026-04-30 16:05:38,2026-04-30 16:06:28,V3C,SimV3C-NQ-5A,NQ.ADX.DI.5m.DefaultOG,NQ Fader A,N/A,NQ,NQ JUN26,LONG,1,27602.25,27578.5,-475.0,-475.0,-95.0,LOSS,STOP_HIT,TRANSITION,BRACKET_MACRO,TrendDown,CASH_CLOSE,50,NO_CLEAR_STAGE_C_ALIGNMENT,1,TREND_COMPRESSION,0.83,,44,-11215.0,2026-04-30 18:15:19,OK
2026-04-30,2026-04-30 16:05:38,2026-04-30 16:06:28,V3C,SimV3C-NQ-5A,NQ.ADX.DI.5m.DefaultOG,UNMAPPED,N/A,NQ,NQ JUN26,LONG,1,27602.25,27578.5,-475.0,-475.0,-95.0,LOSS,STOP_HIT,TRANSITION,BRACKET_MACRO,TrendDown,CASH_CLOSE,50,NO_CLEAR_STAGE_C_ALIGNMENT,1,TREND_COMPRESSION,0.83,,45,-11690.0,2026-04-30 18:15:19,UNMAPPED_BOT
2026-04-30,2026-04-30 16:05:38,2026-04-30 16:06:28,V3C,SimV3C-NQ-5A,NQ.ADX.DI.5m.DefaultOG,NQ_ADX_B,N/A,NQ,NQ JUN26,LONG,1,27602.25,27578.5,-475.0,-475.0,-95.0,LOSS,STOP_HIT,TRANSITION,BRACKET_MACRO,TrendDown,CASH_CLOSE,50,NO_CLEAR_STAGE_C_ALIGNMENT,1,TREND_COMPRESSION,0.83,,46,-12165.0,2026-04-30 18:15:19,OK
2026-04-30,2026-04-30 16:05:38,2026-04-30 16:06:28,V3C,SimV3C-NQ-5A,NQ.ADX.DI.5m.DefaultOG,NQ_ADX_A,N/A,NQ,NQ JUN26,LONG,1,27602.25,27578.5,-475.0,-475.0,-95.0,LOSS,STOP_HIT,TRANSITION,BRACKET_MACRO,TrendDown,CASH_CLOSE,50,NO_CLEAR_STAGE_C_ALIGNMENT,1,TREND_COMPRESSION,0.83,,47,-12640.0,2026-04-30 18:15:19,OK
2026-04-30,2026-04-30 16:05:38,2026-04-30 16:06:28,V3C,SimV3C-NQ-5A,NQ.ADX.DI.5m.DefaultOG,NQ_Sniper_A,N/A,NQ,NQ JUN26,LONG,1,27602.25,27578.5,-475.0,-475.0,-95.0,LOSS,STOP_HIT,TRANSITION,BRACKET_MACRO,TrendDown,CASH_CLOSE,50,NO_CLEAR_STAGE_C_ALIGNMENT,1,TREND_COMPRESSION,0.83,,48,-13115.0,2026-04-30 18:15:19,OK
2026-04-30,2026-04-30 16:05:38,2026-04-30 16:06:28,V3C,SimV3C-NQ-5A,NQ.ADX.DI.5m.DefaultOG,UNMAPPED,N/A,NQ,NQ JUN26,LONG,1,27602.25,27578.5,-475.0,-475.0,-95.0,LOSS,STOP_HIT,TRANSITION,BRACKET_MACRO,TrendDown,CASH_CLOSE,50,NO_CLEAR_STAGE_C_ALIGNMENT,1,TREND_COMPRESSION,0.83,,49,-13590.0,2026-04-30 18:15:19,UNMAPPED_BOT
2026-04-30,2026-04-30 16:05:38,2026-04-30 16:06:28,V3C,SimV3C-NQ-5A,NQ.ADX.DI.5m.DefaultOG,NQ Expansion A,N/A,NQ,NQ JUN26,LONG,1,27602.25,27578.5,-475.0,-475.0,-95.0,LOSS,STOP_HIT,TRANSITION,BRACKET_MACRO,TrendDown,CASH_CLOSE,50,NO_CLEAR_STAGE_C_ALIGNMENT,1,TREND_COMPRESSION,0.83,,50,-14065.0,2026-04-30 18:15:19,OK
2026-04-30,2026-04-30 16:05:38,2026-04-30 16:06:28,V3C,SimV3C-NQ-5A,NQ.ADX.DI.5m.DefaultOG,NQ Expansion B,N/A,NQ,NQ JUN26,LONG,1,27602.25,27578.5,-475.0,-475.0,-95.0,LOSS,STOP_HIT,TRANSITION,BRACKET_MACRO,TrendDown,CASH_CLOSE,50,NO_CLEAR_STAGE_C_ALIGNMENT,1,TREND_COMPRESSION,0.83,,51,-14540.0,2026-04-30 18:15:19,OK
2026-04-30,2026-04-30 16:05:38,2026-04-30 16:06:28,V3C,SimV3C-NQ-5A,NQ.ADX.DI.5m.DefaultOG,NQ Momentum B,N/A,NQ,NQ JUN26,LONG,1,27602.25,27578.5,-475.0,-475.0,-95.0,LOSS,STOP_HIT,TRANSITION,BRACKET_MACRO,TrendDown,CASH_CLOSE,50,NO_CLEAR_STAGE_C_ALIGNMENT,1,TREND_COMPRESSION,0.83,,52,-15015.0,2026-04-30 18:15:19,OK
2026-04-30,2026-04-30 16:06:28,2026-04-30 16:10:09,V3C,SimV3C-NQ-5A,NQ.ADX.DI.5m.DefaultOG,NQ_Sniper_A,N/A,NQ,NQ JUN26,LONG,1,27578.25,27590.0,235.0,235.0,47.0,WIN,TARGET_HIT,TRANSITION,BRACKET_MACRO,TrendDown,CASH_CLOSE,50,NO_CLEAR_STAGE_C_ALIGNMENT,1,TREND_COMPRESSION,3.68,,53,-14780.0,2026-04-30 18:15:19,OK
2026-04-30,2026-04-30 16:06:28,2026-04-30 16:10:09,V3C,SimV3C-NQ-5A,NQ.ADX.DI.5m.DefaultOG,NQ_ADX_B,N/A,NQ,NQ JUN26,LONG,1,27578.25,27590.0,235.0,235.0,47.0,WIN,TARGET_HIT,TRANSITION,BRACKET_MACRO,TrendDown,CASH_CLOSE,50,NO_CLEAR_STAGE_C_ALIGNMENT,1,TREND_COMPRESSION,3.68,,54,-14545.0,2026-04-30 18:15:19,OK
2026-04-30,2026-04-30 16:06:28,2026-04-30 16:10:09,V3C,SimV3C-NQ-5A,NQ.ADX.DI.5m.DefaultOG,NQ Expansion B,N/A,NQ,NQ JUN26,LONG,1,27578.25,27590.0,235.0,235.0,47.0,WIN,TARGET_HIT,TRANSITION,BRACKET_MACRO,TrendDown,CASH_CLOSE,50,NO_CLEAR_STAGE_C_ALIGNMENT,1,TREND_COMPRESSION,3.68,,55,-14310.0,2026-04-30 18:15:19,OK
2026-04-30,2026-04-30 16:06:28,2026-04-30 16:10:09,V3C,SimV3C-NQ-5A,NQ.ADX.DI.5m.DefaultOG,NQ Fader B,N/A,NQ,NQ JUN26,LONG,1,27578.25,27590.0,235.0,235.0,47.0,WIN,TARGET_HIT,TRANSITION,BRACKET_MACRO,TrendDown,CASH_CLOSE,50,NO_CLEAR_STAGE_C_ALIGNMENT,1,TREND_COMPRESSION,3.68,,56,-14075.0,2026-04-30 18:15:19,OK
2026-04-30,2026-04-30 16:06:28,2026-04-30 16:10:09,V3C,SimV3C-NQ-5A,NQ.ADX.DI.5m.DefaultOG,NQ Expansion A,N/A,NQ,NQ JUN26,LONG,1,27578.25,27590.0,235.0,235.0,47.0,WIN,TARGET_HIT,TRANSITION,BRACKET_MACRO,TrendDown,CASH_CLOSE,50,NO_CLEAR_STAGE_C_ALIGNMENT,1,TREND_COMPRESSION,3.68,,57,-13840.0,2026-04-30 18:15:19,OK
2026-04-30,2026-04-30 16:06:28,2026-04-30 16:10:09,V3C,SimV3C-NQ-5A,NQ.ADX.DI.5m.DefaultOG,NQ Fader A,N/A,NQ,NQ JUN26,LONG,1,27578.25,27590.0,235.0,235.0,47.0,WIN,TARGET_HIT,TRANSITION,BRACKET_MACRO,TrendDown,CASH_CLOSE,50,NO_CLEAR_STAGE_C_ALIGNMENT,1,TREND_COMPRESSION,3.68,,58,-13605.0,2026-04-30 18:15:19,OK
2026-04-30,2026-04-30 16:06:28,2026-04-30 16:10:09,V3C,SimV3C-NQ-5A,NQ.ADX.DI.5m.DefaultOG,NQ Momentum A,N/A,NQ,NQ JUN26,LONG,1,27578.25,27590.0,235.0,235.0,47.0,WIN,TARGET_HIT,TRANSITION,BRACKET_MACRO,TrendDown,CASH_CLOSE,50,NO_CLEAR_STAGE_C_ALIGNMENT,1,TREND_COMPRESSION,3.68,,59,-13370.0,2026-04-30 18:15:19,OK
2026-04-30,2026-04-30 16:06:28,2026-04-30 16:10:09,V3C,SimV3C-NQ-5A,NQ.ADX.DI.5m.DefaultOG,NQ_ADX_C,N/A,NQ,NQ JUN26,LONG,1,27578.25,27590.0,235.0,235.0,47.0,WIN,TARGET_HIT,TRANSITION,BRACKET_MACRO,TrendDown,CASH_CLOSE,50,NO_CLEAR_STAGE_C_ALIGNMENT,1,TREND_COMPRESSION,3.68,,60,-13135.0,2026-04-30 18:15:19,OK
2026-04-30,2026-04-30 16:06:28,2026-04-30 16:10:09,V3C,SimV3C-NQ-5A,NQ.ADX.DI.5m.DefaultOG,UNMAPPED,N/A,NQ,NQ JUN26,LONG,1,27578.25,27590.0,235.0,235.0,47.0,WIN,TARGET_HIT,TRANSITION,BRACKET_MACRO,TrendDown,CASH_CLOSE,50,NO_CLEAR_STAGE_C_ALIGNMENT,1,TREND_COMPRESSION,3.68,,61,-12900.0,2026-04-30 18:15:19,UNMAPPED_BOT
2026-04-30,2026-04-30 16:06:28,2026-04-30 16:10:09,V3C,SimV3C-NQ-5A,NQ.ADX.DI.5m.DefaultOG,UNMAPPED,N/A,NQ,NQ JUN26,LONG,1,27578.25,27590.0,235.0,235.0,47.0,WIN,TARGET_HIT,TRANSITION,BRACKET_MACRO,TrendDown,CASH_CLOSE,50,NO_CLEAR_STAGE_C_ALIGNMENT,1,TREND_COMPRESSION,3.68,,62,-12665.0,2026-04-30 18:15:19,UNMAPPED_BOT
2026-04-30,2026-04-30 16:06:28,2026-04-30 16:10:09,V3C,SimV3C-NQ-5A,NQ.ADX.DI.5m.DefaultOG,NQ Momentum B,N/A,NQ,NQ JUN26,LONG,1,27578.25,27590.0,235.0,235.0,47.0,WIN,TARGET_HIT,TRANSITION,BRACKET_MACRO,TrendDown,CASH_CLOSE,50,NO_CLEAR_STAGE_C_ALIGNMENT,1,TREND_COMPRESSION,3.68,,63,-12430.0,2026-04-30 18:15:19,OK
2026-04-30,2026-04-30 16:06:28,2026-04-30 16:10:09,V3C,SimV3C-NQ-5A,NQ.ADX.DI.5m.DefaultOG,NQ_Sniper_B,N/A,NQ,NQ JUN26,LONG,1,27578.25,27590.0,235.0,235.0,47.0,WIN,TARGET_HIT,TRANSITION,BRACKET_MACRO,TrendDown,CASH_CLOSE,50,NO_CLEAR_STAGE_C_ALIGNMENT,1,TREND_COMPRESSION,3.68,,64,-12195.0,2026-04-30 18:15:19,OK
2026-04-30,2026-04-30 16:06:28,2026-04-30 16:10:09,V3C,SimV3C-NQ-5A,NQ.ADX.DI.5m.DefaultOG,NQ_ADX_A,N/A,NQ,NQ JUN26,LONG,1,27578.25,27590.0,235.0,235.0,47.0,WIN,TARGET_HIT,TRANSITION,BRACKET_MACRO,TrendDown,CASH_CLOSE,50,NO_CLEAR_STAGE_C_ALIGNMENT,1,TREND_COMPRESSION,3.68,,65,-11960.0,2026-04-30 18:15:19,OK
2026-04-30,2026-04-30 09:43:42,2026-04-30 09:43:44,V3D,SimV3D-NQ-3B,Fader_V3D_B,NQ_ADX_C,N/A,NQ,NQ JUN26,LONG,1,27318.25,27329.25,220.0,220.0,44.0,WIN,STOP_HIT,TREND_COMPRESSION,TREND,TrendDown,OPENING_AUCTION,49,DIRECTIONAL_MODERATE,0,TRANSITION,0.03,,1,220.0,2026-04-30 18:15:19,OK
2026-04-30,2026-04-30 09:43:42,2026-04-30 09:43:44,V3D,SimV3D-NQ-3B,Fader_V3D_B,NQ Momentum B,N/A,NQ,NQ JUN26,LONG,1,27318.25,27329.25,220.0,220.0,44.0,WIN,STOP_HIT,TREND_COMPRESSION,TREND,TrendDown,OPENING_AUCTION,49,DIRECTIONAL_MODERATE,0,TRANSITION,0.03,,2,440.0,2026-04-30 18:15:19,OK
2026-04-30,2026-04-30 09:43:42,2026-04-30 09:43:44,V3D,SimV3D-NQ-3B,Fader_V3D_B,NQ_ADX_A,N/A,NQ,NQ JUN26,LONG,1,27318.25,27329.25,220.0,220.0,44.0,WIN,STOP_HIT,TREND_COMPRESSION,TREND,TrendDown,OPENING_AUCTION,49,DIRECTIONAL_MODERATE,0,TRANSITION,0.03,,3,660.0,2026-04-30 18:15:19,OK
2026-04-30,2026-04-30 09:43:42,2026-04-30 09:43:44,V3D,SimV3D-NQ-3B,Fader_V3D_B,UNMAPPED,N/A,NQ,NQ JUN26,LONG,1,27318.25,27329.25,220.0,220.0,44.0,WIN,STOP_HIT,TREND_COMPRESSION,TREND,TrendDown,OPENING_AUCTION,49,DIRECTIONAL_MODERATE,0,TRANSITION,0.03,,4,880.0,2026-04-30 18:15:19,UNMAPPED_BOT
2026-04-30,2026-04-30 09:43:42,2026-04-30 09:43:44,V3D,SimV3D-NQ-3B,Fader_V3D_B,UNMAPPED,N/A,NQ,NQ JUN26,LONG,1,27318.25,27329.25,220.0,220.0,44.0,WIN,STOP_HIT,TREND_COMPRESSION,TREND,TrendDown,OPENING_AUCTION,49,DIRECTIONAL_MODERATE,0,TRANSITION,0.03,,5,1100.0,2026-04-30 18:15:19,UNMAPPED_BOT
2026-04-30,2026-04-30 09:43:42,2026-04-30 09:43:44,V3D,SimV3D-NQ-3B,Fader_V3D_B,NQ_Sniper_A,N/A,NQ,NQ JUN26,LONG,1,27318.25,27329.25,220.0,220.0,44.0,WIN,STOP_HIT,TREND_COMPRESSION,TREND,TrendDown,OPENING_AUCTION,49,DIRECTIONAL_MODERATE,0,TRANSITION,0.03,,6,1320.0,2026-04-30 18:15:19,OK
2026-04-30,2026-04-30 09:43:42,2026-04-30 09:43:44,V3D,SimV3D-NQ-3B,Fader_V3D_B,NQ Momentum A,N/A,NQ,NQ JUN26,LONG,1,27318.25,27329.25,220.0,220.0,44.0,WIN,STOP_HIT,TREND_COMPRESSION,TREND,TrendDown,OPENING_AUCTION,49,DIRECTIONAL_MODERATE,0,TRANSITION,0.03,,7,1540.0,2026-04-30 18:15:19,OK
2026-04-30,2026-04-30 09:43:42,2026-04-30 09:43:44,V3D,SimV3D-NQ-3B,Fader_V3D_B,NQ Expansion A,N/A,NQ,NQ JUN26,LONG,1,27318.25,27329.25,220.0,220.0,44.0,WIN,STOP_HIT,TREND_COMPRESSION,TREND,TrendDown,OPENING_AUCTION,49,DIRECTIONAL_MODERATE,0,TRANSITION,0.03,,8,1760.0,2026-04-30 18:15:19,OK
2026-04-30,2026-04-30 09:43:42,2026-04-30 09:43:44,V3D,SimV3D-NQ-3B,Fader_V3D_B,NQ Momentum A,N/A,NQ,NQ JUN26,LONG,1,27318.25,27329.25,220.0,220.0,44.0,WIN,STOP_HIT,TREND_COMPRESSION,TREND,TrendDown,OPENING_AUCTION,49,DIRECTIONAL_MODERATE,0,TRANSITION,0.03,,9,1980.0,2026-04-30 18:15:19,OK
2026-04-30,2026-04-30 09:43:42,2026-04-30 09:43:44,V3D,SimV3D-NQ-3B,Fader_V3D_B,NQ Fader A,N/A,NQ,NQ JUN26,LONG,1,27318.25,27329.25,220.0,220.0,44.0,WIN,STOP_HIT,TREND_COMPRESSION,TREND,TrendDown,OPENING_AUCTION,49,DIRECTIONAL_MODERATE,0,TRANSITION,0.03,,10,2200.0,2026-04-30 18:15:19,OK
2026-04-30,2026-04-30 09:43:42,2026-04-30 09:43:44,V3D,SimV3D-NQ-3B,Fader_V3D_B,NQ Expansion B,N/A,NQ,NQ JUN26,LONG,1,27318.25,27329.25,220.0,220.0,44.0,WIN,STOP_HIT,TREND_COMPRESSION,TREND,TrendDown,OPENING_AUCTION,49,DIRECTIONAL_MODERATE,0,TRANSITION,0.03,,11,2420.0,2026-04-30 18:15:19,OK
2026-04-30,2026-04-30 09:43:42,2026-04-30 09:43:44,V3D,SimV3D-NQ-3B,Fader_V3D_B,NQ Fader B,N/A,NQ,NQ JUN26,LONG,1,27318.25,27329.25,220.0,220.0,44.0,WIN,STOP_HIT,TREND_COMPRESSION,TREND,TrendDown,OPENING_AUCTION,49,DIRECTIONAL_MODERATE,0,TRANSITION,0.03,,12,2640.0,2026-04-30 18:15:19,OK
2026-04-30,2026-04-30 09:43:42,2026-04-30 09:43:44,V3D,SimV3D-NQ-3B,Fader_V3D_B,NQ_Sniper_B,N/A,NQ,NQ JUN26,LONG,1,27318.25,27329.25,220.0,220.0,44.0,WIN,STOP_HIT,TREND_COMPRESSION,TREND,TrendDown,OPENING_AUCTION,49,DIRECTIONAL_MODERATE,0,TRANSITION,0.03,,13,2860.0,2026-04-30 18:15:19,OK
2026-04-30,2026-04-30 09:43:42,2026-04-30 09:43:44,V3D,SimV3D-NQ-3B,Fader_V3D_B,NQ_ADX_B,N/A,NQ,NQ JUN26,LONG,1,27318.25,27329.25,220.0,220.0,44.0,WIN,STOP_HIT,TREND_COMPRESSION,TREND,TrendDown,OPENING_AUCTION,49,DIRECTIONAL_MODERATE,0,TRANSITION,0.03,,14,3080.0,2026-04-30 18:15:19,OK
2026-04-30,2026-04-30 09:44:17,2026-04-30 09:44:37,V3D,SimV3D-NQ-3B,Fader_V3D_B,NQ_ADX_A,N/A,NQ,NQ JUN26,LONG,1,27326.0,27343.25,345.0,345.0,69.0,WIN,Target1,TREND_COMPRESSION,TREND,TrendDown,OPENING_AUCTION,49,DIRECTIONAL_MODERATE,0,TRANSITION,0.33,,15,3425.0,2026-04-30 18:15:19,OK
2026-04-30,2026-04-30 09:44:17,2026-04-30 09:44:37,V3D,SimV3D-NQ-3B,Fader_V3D_B,NQ_ADX_C,N/A,NQ,NQ JUN26,LONG,1,27326.0,27343.25,345.0,345.0,69.0,WIN,Target1,TREND_COMPRESSION,TREND,TrendDown,OPENING_AUCTION,49,DIRECTIONAL_MODERATE,0,TRANSITION,0.33,,16,3770.0,2026-04-30 18:15:19,OK
2026-04-30,2026-04-30 09:44:17,2026-04-30 09:44:37,V3D,SimV3D-NQ-3B,Fader_V3D_B,NQ Momentum B,N/A,NQ,NQ JUN26,LONG,1,27326.0,27343.25,345.0,345.0,69.0,WIN,Target1,TREND_COMPRESSION,TREND,TrendDown,OPENING_AUCTION,49,DIRECTIONAL_MODERATE,0,TRANSITION,0.33,,17,4115.0,2026-04-30 18:15:19,OK
2026-04-30,2026-04-30 09:44:17,2026-04-30 09:44:37,V3D,SimV3D-NQ-3B,Fader_V3D_B,NQ_Sniper_B,N/A,NQ,NQ JUN26,LONG,1,27326.0,27343.25,345.0,345.0,69.0,WIN,Target1,TREND_COMPRESSION,TREND,TrendDown,OPENING_AUCTION,49,DIRECTIONAL_MODERATE,0,TRANSITION,0.33,,18,4460.0,2026-04-30 18:15:19,OK
2026-04-30,2026-04-30 09:44:17,2026-04-30 09:44:37,V3D,SimV3D-NQ-3B,Fader_V3D_B,NQ Fader B,N/A,NQ,NQ JUN26,LONG,1,27326.0,27343.25,345.0,345.0,69.0,WIN,Target1,TREND_COMPRESSION,TREND,TrendDown,OPENING_AUCTION,49,DIRECTIONAL_MODERATE,0,TRANSITION,0.33,,19,4805.0,2026-04-30 18:15:19,OK
2026-04-30,2026-04-30 09:44:17,2026-04-30 09:44:37,V3D,SimV3D-NQ-3B,Fader_V3D_B,NQ Expansion B,N/A,NQ,NQ JUN26,LONG,1,27326.0,27343.25,345.0,345.0,69.0,WIN,Target1,TREND_COMPRESSION,TREND,TrendDown,OPENING_AUCTION,49,DIRECTIONAL_MODERATE,0,TRANSITION,0.33,,20,5150.0,2026-04-30 18:15:19,OK
2026-04-30,2026-04-30 09:44:17,2026-04-30 09:44:37,V3D,SimV3D-NQ-3B,Fader_V3D_B,NQ_ADX_B,N/A,NQ,NQ JUN26,LONG,1,27326.0,27343.25,345.0,345.0,69.0,WIN,Target1,TREND_COMPRESSION,TREND,TrendDown,OPENING_AUCTION,49,DIRECTIONAL_MODERATE,0,TRANSITION,0.33,,21,5495.0,2026-04-30 18:15:19,OK
2026-04-30,2026-04-30 09:44:17,2026-04-30 09:44:37,V3D,SimV3D-NQ-3B,Fader_V3D_B,NQ_Sniper_A,N/A,NQ,NQ JUN26,LONG,1,27326.0,27343.25,345.0,345.0,69.0,WIN,Target1,TREND_COMPRESSION,TREND,TrendDown,OPENING_AUCTION,49,DIRECTIONAL_MODERATE,0,TRANSITION,0.33,,22,5840.0,2026-04-30 18:15:19,OK
2026-04-30,2026-04-30 09:44:17,2026-04-30 09:44:37,V3D,SimV3D-NQ-3B,Fader_V3D_B,NQ Fader A,N/A,NQ,NQ JUN26,LONG,1,27326.0,27343.25,345.0,345.0,69.0,WIN,Target1,TREND_COMPRESSION,TREND,TrendDown,OPENING_AUCTION,49,DIRECTIONAL_MODERATE,0,TRANSITION,0.33,,23,6185.0,2026-04-30 18:15:19,OK
2026-04-30,2026-04-30 09:44:17,2026-04-30 09:44:37,V3D,SimV3D-NQ-3B,Fader_V3D_B,UNMAPPED,N/A,NQ,NQ JUN26,LONG,1,27326.0,27343.25,345.0,345.0,69.0,WIN,Target1,TREND_COMPRESSION,TREND,TrendDown,OPENING_AUCTION,49,DIRECTIONAL_MODERATE,0,TRANSITION,0.33,,24,6530.0,2026-04-30 18:15:19,UNMAPPED_BOT
2026-04-30,2026-04-30 09:44:17,2026-04-30 09:44:37,V3D,SimV3D-NQ-3B,Fader_V3D_B,UNMAPPED,N/A,NQ,NQ JUN26,LONG,1,27326.0,27343.25,345.0,345.0,69.0,WIN,Target1,TREND_COMPRESSION,TREND,TrendDown,OPENING_AUCTION,49,DIRECTIONAL_MODERATE,0,TRANSITION,0.33,,25,6875.0,2026-04-30 18:15:19,UNMAPPED_BOT
2026-04-30,2026-04-30 09:44:17,2026-04-30 09:44:37,V3D,SimV3D-NQ-3B,Fader_V3D_B,NQ Momentum A,N/A,NQ,NQ JUN26,LONG,1,27326.0,27343.25,345.0,345.0,69.0,WIN,Target1,TREND_COMPRESSION,TREND,TrendDown,OPENING_AUCTION,49,DIRECTIONAL_MODERATE,0,TRANSITION,0.33,,26,7220.0,2026-04-30 18:15:19,OK
2026-04-30,2026-04-30 09:44:17,2026-04-30 09:44:37,V3D,SimV3D-NQ-3B,Fader_V3D_B,NQ Momentum A,N/A,NQ,NQ JUN26,LONG,1,27326.0,27343.25,345.0,345.0,69.0,WIN,Target1,TREND_COMPRESSION,TREND,TrendDown,OPENING_AUCTION,49,DIRECTIONAL_MODERATE,0,TRANSITION,0.33,,27,7565.0,2026-04-30 18:15:19,OK
2026-04-30,2026-04-30 09:44:17,2026-04-30 09:44:37,V3D,SimV3D-NQ-3B,Fader_V3D_B,NQ Expansion A,N/A,NQ,NQ JUN26,LONG,1,27326.0,27343.25,345.0,345.0,69.0,WIN,Target1,TREND_COMPRESSION,TREND,TrendDown,OPENING_AUCTION,49,DIRECTIONAL_MODERATE,0,TRANSITION,0.33,,28,7910.0,2026-04-30 18:15:19,OK
2026-04-30,2026-04-30 09:44:47,2026-04-30 09:45:02,V3D,SimV3D-NQ-3B,Fader_V3D_B,NQ_ADX_A,N/A,NQ,NQ JUN26,LONG,1,27343.25,27337.0,-125.0,-125.0,-25.0,LOSS,Target1,TREND_COMPRESSION,TREND,TrendDown,OPENING_AUCTION,49,DIRECTIONAL_MODERATE,0,TRANSITION,0.25,,29,7785.0,2026-04-30 18:15:19,OK
2026-04-30,2026-04-30 09:44:47,2026-04-30 09:45:02,V3D,SimV3D-NQ-3B,Fader_V3D_B,NQ Momentum B,N/A,NQ,NQ JUN26,LONG,1,27343.25,27337.0,-125.0,-125.0,-25.0,LOSS,Target1,TREND_COMPRESSION,TREND,TrendDown,OPENING_AUCTION,49,DIRECTIONAL_MODERATE,0,TRANSITION,0.25,,30,7660.0,2026-04-30 18:15:19,OK
2026-04-30,2026-04-30 09:44:47,2026-04-30 09:45:02,V3D,SimV3D-NQ-3B,Fader_V3D_B,NQ_ADX_B,N/A,NQ,NQ JUN26,LONG,1,27343.25,27337.0,-125.0,-125.0,-25.0,LOSS,Target1,TREND_COMPRESSION,TREND,TrendDown,OPENING_AUCTION,49,DIRECTIONAL_MODERATE,0,TRANSITION,0.25,,31,7535.0,2026-04-30 18:15:19,OK
2026-04-30,2026-04-30 09:44:47,2026-04-30 09:45:02,V3D,SimV3D-NQ-3B,Fader_V3D_B,NQ_Sniper_B,N/A,NQ,NQ JUN26,LONG,1,27343.25,27337.0,-125.0,-125.0,-25.0,LOSS,Target1,TREND_COMPRESSION,TREND,TrendDown,OPENING_AUCTION,49,DIRECTIONAL_MODERATE,0,TRANSITION,0.25,,32,7410.0,2026-04-30 18:15:19,OK
2026-04-30,2026-04-30 09:44:47,2026-04-30 09:45:02,V3D,SimV3D-NQ-3B,Fader_V3D_B,NQ Expansion B,N/A,NQ,NQ JUN26,LONG,1,27343.25,27337.0,-125.0,-125.0,-25.0,LOSS,Target1,TREND_COMPRESSION,TREND,TrendDown,OPENING_AUCTION,49,DIRECTIONAL_MODERATE,0,TRANSITION,0.25,,33,7285.0,2026-04-30 18:15:19,OK
2026-04-30,2026-04-30 09:44:47,2026-04-30 09:45:02,V3D,SimV3D-NQ-3B,Fader_V3D_B,NQ_ADX_C,N/A,NQ,NQ JUN26,LONG,1,27343.25,27337.0,-125.0,-125.0,-25.0,LOSS,Target1,TREND_COMPRESSION,TREND,TrendDown,OPENING_AUCTION,49,DIRECTIONAL_MODERATE,0,TRANSITION,0.25,,34,7160.0,2026-04-30 18:15:19,OK
2026-04-30,2026-04-30 09:44:47,2026-04-30 09:45:02,V3D,SimV3D-NQ-3B,Fader_V3D_B,NQ Expansion A,N/A,NQ,NQ JUN26,LONG,1,27343.25,27337.0,-125.0,-125.0,-25.0,LOSS,Target1,TREND_COMPRESSION,TREND,TrendDown,OPENING_AUCTION,49,DIRECTIONAL_MODERATE,0,TRANSITION,0.25,,35,7035.0,2026-04-30 18:15:19,OK
2026-04-30,2026-04-30 09:44:47,2026-04-30 09:45:02,V3D,SimV3D-NQ-3B,Fader_V3D_B,NQ Momentum A,N/A,NQ,NQ JUN26,LONG,1,27343.25,27337.0,-125.0,-125.0,-25.0,LOSS,Target1,TREND_COMPRESSION,TREND,TrendDown,OPENING_AUCTION,49,DIRECTIONAL_MODERATE,0,TRANSITION,0.25,,36,6910.0,2026-04-30 18:15:19,OK
2026-04-30,2026-04-30 09:44:47,2026-04-30 09:45:02,V3D,SimV3D-NQ-3B,Fader_V3D_B,NQ Momentum A,N/A,NQ,NQ JUN26,LONG,1,27343.25,27337.0,-125.0,-125.0,-25.0,LOSS,Target1,TREND_COMPRESSION,TREND,TrendDown,OPENING_AUCTION,49,DIRECTIONAL_MODERATE,0,TRANSITION,0.25,,37,6785.0,2026-04-30 18:15:19,OK
2026-04-30,2026-04-30 09:44:47,2026-04-30 09:45:02,V3D,SimV3D-NQ-3B,Fader_V3D_B,UNMAPPED,N/A,NQ,NQ JUN26,LONG,1,27343.25,27337.0,-125.0,-125.0,-25.0,LOSS,Target1,TREND_COMPRESSION,TREND,TrendDown,OPENING_AUCTION,49,DIRECTIONAL_MODERATE,0,TRANSITION,0.25,,38,6660.0,2026-04-30 18:15:19,UNMAPPED_BOT
2026-04-30,2026-04-30 09:44:47,2026-04-30 09:45:02,V3D,SimV3D-NQ-3B,Fader_V3D_B,NQ Fader B,N/A,NQ,NQ JUN26,LONG,1,27343.25,27337.0,-125.0,-125.0,-25.0,LOSS,Target1,TREND_COMPRESSION,TREND,TrendDown,OPENING_AUCTION,49,DIRECTIONAL_MODERATE,0,TRANSITION,0.25,,39,6535.0,2026-04-30 18:15:19,OK
2026-04-30,2026-04-30 09:44:47,2026-04-30 09:45:02,V3D,SimV3D-NQ-3B,Fader_V3D_B,NQ Fader A,N/A,NQ,NQ JUN26,LONG,1,27343.25,27337.0,-125.0,-125.0,-25.0,LOSS,Target1,TREND_COMPRESSION,TREND,TrendDown,OPENING_AUCTION,49,DIRECTIONAL_MODERATE,0,TRANSITION,0.25,,40,6410.0,2026-04-30 18:15:19,OK
2026-04-30,2026-04-30 09:44:47,2026-04-30 09:45:02,V3D,SimV3D-NQ-3B,Fader_V3D_B,UNMAPPED,N/A,NQ,NQ JUN26,LONG,1,27343.25,27337.0,-125.0,-125.0,-25.0,LOSS,Target1,TREND_COMPRESSION,TREND,TrendDown,OPENING_AUCTION,49,DIRECTIONAL_MODERATE,0,TRANSITION,0.25,,41,6285.0,2026-04-30 18:15:19,UNMAPPED_BOT
2026-04-30,2026-04-30 09:44:47,2026-04-30 09:45:02,V3D,SimV3D-NQ-3B,Fader_V3D_B,NQ_Sniper_A,N/A,NQ,NQ JUN26,LONG,1,27343.25,27337.0,-125.0,-125.0,-25.0,LOSS,Target1,TREND_COMPRESSION,TREND,TrendDown,OPENING_AUCTION,49,DIRECTIONAL_MODERATE,0,TRANSITION,0.25,,42,6160.0,2026-04-30 18:15:19,OK
2026-04-30,2026-04-30 09:45:17,2026-04-30 09:45:50,V3D,SimV3D-NQ-3B,Fader_V3D_B,NQ_ADX_C,N/A,NQ,NQ JUN26,LONG,1,27342.75,27353.75,220.0,220.0,44.0,WIN,STOP_HIT,ROTATION_LIQUID,ROTATION,Transition,EARLY_TEST,70,TWO_SIDED_CONFIRMED,0,TREND_COMPRESSION,0.55,,43,6380.0,2026-04-30 18:15:19,OK
2026-04-30,2026-04-30 09:45:17,2026-04-30 09:45:50,V3D,SimV3D-NQ-3B,Fader_V3D_B,NQ Momentum B,N/A,NQ,NQ JUN26,LONG,1,27342.75,27353.75,220.0,220.0,44.0,WIN,STOP_HIT,ROTATION_LIQUID,ROTATION,Transition,EARLY_TEST,70,TWO_SIDED_CONFIRMED,0,TREND_COMPRESSION,0.55,,44,6600.0,2026-04-30 18:15:19,OK
2026-04-30,2026-04-30 09:45:17,2026-04-30 09:45:50,V3D,SimV3D-NQ-3B,Fader_V3D_B,NQ_Sniper_B,N/A,NQ,NQ JUN26,LONG,1,27342.75,27353.75,220.0,220.0,44.0,WIN,STOP_HIT,ROTATION_LIQUID,ROTATION,Transition,EARLY_TEST,70,TWO_SIDED_CONFIRMED,0,TREND_COMPRESSION,0.55,,45,6820.0,2026-04-30 18:15:19,OK
2026-04-30,2026-04-30 09:45:17,2026-04-30 09:45:50,V3D,SimV3D-NQ-3B,Fader_V3D_B,NQ Fader B,N/A,NQ,NQ JUN26,LONG,1,27342.75,27353.75,220.0,220.0,44.0,WIN,STOP_HIT,ROTATION_LIQUID,ROTATION,Transition,EARLY_TEST,70,TWO_SIDED_CONFIRMED,0,TREND_COMPRESSION,0.55,,46,7040.0,2026-04-30 18:15:19,OK
2026-04-30,2026-04-30 09:45:17,2026-04-30 09:45:50,V3D,SimV3D-NQ-3B,Fader_V3D_B,NQ Expansion B,N/A,NQ,NQ JUN26,LONG,1,27342.75,27353.75,220.0,220.0,44.0,WIN,STOP_HIT,ROTATION_LIQUID,ROTATION,Transition,EARLY_TEST,70,TWO_SIDED_CONFIRMED,0,TREND_COMPRESSION,0.55,,47,7260.0,2026-04-30 18:15:19,OK
2026-04-30,2026-04-30 09:45:17,2026-04-30 09:45:50,V3D,SimV3D-NQ-3B,Fader_V3D_B,NQ_ADX_A,N/A,NQ,NQ JUN26,LONG,1,27342.75,27353.75,220.0,220.0,44.0,WIN,STOP_HIT,ROTATION_LIQUID,ROTATION,Transition,EARLY_TEST,70,TWO_SIDED_CONFIRMED,0,TREND_COMPRESSION,0.55,,48,7480.0,2026-04-30 18:15:19,OK
2026-04-30,2026-04-30 09:45:17,2026-04-30 09:45:50,V3D,SimV3D-NQ-3B,Fader_V3D_B,NQ_ADX_B,N/A,NQ,NQ JUN26,LONG,1,27342.75,27353.75,220.0,220.0,44.0,WIN,STOP_HIT,ROTATION_LIQUID,ROTATION,Transition,EARLY_TEST,70,TWO_SIDED_CONFIRMED,0,TREND_COMPRESSION,0.55,,49,7700.0,2026-04-30 18:15:19,OK
2026-04-30,2026-04-30 09:45:17,2026-04-30 09:45:50,V3D,SimV3D-NQ-3B,Fader_V3D_B,NQ Momentum A,N/A,NQ,NQ JUN26,LONG,1,27342.75,27353.75,220.0,220.0,44.0,WIN,STOP_HIT,ROTATION_LIQUID,ROTATION,Transition,EARLY_TEST,70,TWO_SIDED_CONFIRMED,0,TREND_COMPRESSION,0.55,,50,7920.0,2026-04-30 18:15:19,OK
2026-04-30,2026-04-30 09:45:17,2026-04-30 09:45:50,V3D,SimV3D-NQ-3B,Fader_V3D_B,NQ_Sniper_A,N/A,NQ,NQ JUN26,LONG,1,27342.75,27353.75,220.0,220.0,44.0,WIN,STOP_HIT,ROTATION_LIQUID,ROTATION,Transition,EARLY_TEST,70,TWO_SIDED_CONFIRMED,0,TREND_COMPRESSION,0.55,,51,8140.0,2026-04-30 18:15:19,OK
2026-04-30,2026-04-30 09:45:17,2026-04-30 09:45:50,V3D,SimV3D-NQ-3B,Fader_V3D_B,NQ Fader A,N/A,NQ,NQ JUN26,LONG,1,27342.75,27353.75,220.0,220.0,44.0,WIN,STOP_HIT,ROTATION_LIQUID,ROTATION,Transition,EARLY_TEST,70,TWO_SIDED_CONFIRMED,0,TREND_COMPRESSION,0.55,,52,8360.0,2026-04-30 18:15:19,OK
2026-04-30,2026-04-30 09:45:17,2026-04-30 09:45:50,V3D,SimV3D-NQ-3B,Fader_V3D_B,UNMAPPED,N/A,NQ,NQ JUN26,LONG,1,27342.75,27353.75,220.0,220.0,44.0,WIN,STOP_HIT,ROTATION_LIQUID,ROTATION,Transition,EARLY_TEST,70,TWO_SIDED_CONFIRMED,0,TREND_COMPRESSION,0.55,,53,8580.0,2026-04-30 18:15:19,UNMAPPED_BOT
2026-04-30,2026-04-30 09:45:17,2026-04-30 09:45:50,V3D,SimV3D-NQ-3B,Fader_V3D_B,UNMAPPED,N/A,NQ,NQ JUN26,LONG,1,27342.75,27353.75,220.0,220.0,44.0,WIN,STOP_HIT,ROTATION_LIQUID,ROTATION,Transition,EARLY_TEST,70,TWO_SIDED_CONFIRMED,0,TREND_COMPRESSION,0.55,,54,8800.0,2026-04-30 18:15:19,UNMAPPED_BOT
2026-04-30,2026-04-30 09:45:17,2026-04-30 09:45:50,V3D,SimV3D-NQ-3B,Fader_V3D_B,NQ Momentum A,N/A,NQ,NQ JUN26,LONG,1,27342.75,27353.75,220.0,220.0,44.0,WIN,STOP_HIT,ROTATION_LIQUID,ROTATION,Transition,EARLY_TEST,70,TWO_SIDED_CONFIRMED,0,TREND_COMPRESSION,0.55,,55,9020.0,2026-04-30 18:15:19,OK
2026-04-30,2026-04-30 09:45:17,2026-04-30 09:45:50,V3D,SimV3D-NQ-3B,Fader_V3D_B,NQ Expansion A,N/A,NQ,NQ JUN26,LONG,1,27342.75,27353.75,220.0,220.0,44.0,WIN,STOP_HIT,ROTATION_LIQUID,ROTATION,Transition,EARLY_TEST,70,TWO_SIDED_CONFIRMED,0,TREND_COMPRESSION,0.55,,56,9240.0,2026-04-30 18:15:19,OK
2026-04-30,2026-04-30 09:46:54,2026-04-30 09:47:31,V3D,SimV3D-NQ-3B,Fader_V3D_B,NQ_ADX_C,N/A,NQ,NQ JUN26,LONG,1,27313.25,27299.25,-280.0,-280.0,-56.0,LOSS,Target1,ROTATION_LIQUID,ROTATION,Transition,EARLY_TEST,70,TWO_SIDED_CONFIRMED,0,TREND_COMPRESSION,0.62,,57,8960.0,2026-04-30 18:15:19,OK
2026-04-30,2026-04-30 09:46:54,2026-04-30 09:47:31,V3D,SimV3D-NQ-3B,Fader_V3D_B,NQ Momentum B,N/A,NQ,NQ JUN26,LONG,1,27313.25,27299.25,-280.0,-280.0,-56.0,LOSS,Target1,ROTATION_LIQUID,ROTATION,Transition,EARLY_TEST,70,TWO_SIDED_CONFIRMED,0,TREND_COMPRESSION,0.62,,58,8680.0,2026-04-30 18:15:19,OK
2026-04-30,2026-04-30 09:46:54,2026-04-30 09:47:31,V3D,SimV3D-NQ-3B,Fader_V3D_B,NQ_ADX_B,N/A,NQ,NQ JUN26,LONG,1,27313.25,27299.25,-280.0,-280.0,-56.0,LOSS,Target1,ROTATION_LIQUID,ROTATION,Transition,EARLY_TEST,70,TWO_SIDED_CONFIRMED,0,TREND_COMPRESSION,0.62,,59,8400.0,2026-04-30 18:15:19,OK
2026-04-30,2026-04-30 09:46:54,2026-04-30 09:47:31,V3D,SimV3D-NQ-3B,Fader_V3D_B,NQ Fader B,N/A,NQ,NQ JUN26,LONG,1,27313.25,27299.25,-280.0,-280.0,-56.0,LOSS,Target1,ROTATION_LIQUID,ROTATION,Transition,EARLY_TEST,70,TWO_SIDED_CONFIRMED,0,TREND_COMPRESSION,0.62,,60,8120.0,2026-04-30 18:15:19,OK
2026-04-30,2026-04-30 09:46:54,2026-04-30 09:47:31,V3D,SimV3D-NQ-3B,Fader_V3D_B,NQ Expansion B,N/A,NQ,NQ JUN26,LONG,1,27313.25,27299.25,-280.0,-280.0,-56.0,LOSS,Target1,ROTATION_LIQUID,ROTATION,Transition,EARLY_TEST,70,TWO_SIDED_CONFIRMED,0,TREND_COMPRESSION,0.62,,61,7840.0,2026-04-30 18:15:19,OK
2026-04-30,2026-04-30 09:46:54,2026-04-30 09:47:31,V3D,SimV3D-NQ-3B,Fader_V3D_B,NQ_Sniper_B,N/A,NQ,NQ JUN26,LONG,1,27313.25,27299.25,-280.0,-280.0,-56.0,LOSS,Target1,ROTATION_LIQUID,ROTATION,Transition,EARLY_TEST,70,TWO_SIDED_CONFIRMED,0,TREND_COMPRESSION,0.62,,62,7560.0,2026-04-30 18:15:19,OK
2026-04-30,2026-04-30 09:46:54,2026-04-30 09:47:31,V3D,SimV3D-NQ-3B,Fader_V3D_B,NQ_Sniper_A,N/A,NQ,NQ JUN26,LONG,1,27313.25,27299.25,-280.0,-280.0,-56.0,LOSS,Target1,ROTATION_LIQUID,ROTATION,Transition,EARLY_TEST,70,TWO_SIDED_CONFIRMED,0,TREND_COMPRESSION,0.62,,63,7280.0,2026-04-30 18:15:19,OK
2026-04-30,2026-04-30 09:46:54,2026-04-30 09:47:31,V3D,SimV3D-NQ-3B,Fader_V3D_B,NQ Momentum A,N/A,NQ,NQ JUN26,LONG,1,27313.25,27299.25,-280.0,-280.0,-56.0,LOSS,Target1,ROTATION_LIQUID,ROTATION,Transition,EARLY_TEST,70,TWO_SIDED_CONFIRMED,0,TREND_COMPRESSION,0.62,,64,7000.0,2026-04-30 18:15:19,OK
2026-04-30,2026-04-30 09:46:54,2026-04-30 09:47:31,V3D,SimV3D-NQ-3B,Fader_V3D_B,NQ Momentum A,N/A,NQ,NQ JUN26,LONG,1,27313.25,27299.25,-280.0,-280.0,-56.0,LOSS,Target1,ROTATION_LIQUID,ROTATION,Transition,EARLY_TEST,70,TWO_SIDED_CONFIRMED,0,TREND_COMPRESSION,0.62,,65,6720.0,2026-04-30 18:15:19,OK
2026-04-30,2026-04-30 09:46:54,2026-04-30 09:47:31,V3D,SimV3D-NQ-3B,Fader_V3D_B,NQ Fader A,N/A,NQ,NQ JUN26,LONG,1,27313.25,27299.25,-280.0,-280.0,-56.0,LOSS,Target1,ROTATION_LIQUID,ROTATION,Transition,EARLY_TEST,70,TWO_SIDED_CONFIRMED,0,TREND_COMPRESSION,0.62,,66,6440.0,2026-04-30 18:15:19,OK
2026-04-30,2026-04-30 09:46:54,2026-04-30 09:47:31,V3D,SimV3D-NQ-3B,Fader_V3D_B,UNMAPPED,N/A,NQ,NQ JUN26,LONG,1,27313.25,27299.25,-280.0,-280.0,-56.0,LOSS,Target1,ROTATION_LIQUID,ROTATION,Transition,EARLY_TEST,70,TWO_SIDED_CONFIRMED,0,TREND_COMPRESSION,0.62,,67,6160.0,2026-04-30 18:15:19,UNMAPPED_BOT
2026-04-30,2026-04-30 09:46:54,2026-04-30 09:47:31,V3D,SimV3D-NQ-3B,Fader_V3D_B,UNMAPPED,N/A,NQ,NQ JUN26,LONG,1,27313.25,27299.25,-280.0,-280.0,-56.0,LOSS,Target1,ROTATION_LIQUID,ROTATION,Transition,EARLY_TEST,70,TWO_SIDED_CONFIRMED,0,TREND_COMPRESSION,0.62,,68,5880.0,2026-04-30 18:15:19,UNMAPPED_BOT
2026-04-30,2026-04-30 09:46:54,2026-04-30 09:47:31,V3D,SimV3D-NQ-3B,Fader_V3D_B,NQ Expansion A,N/A,NQ,NQ JUN26,LONG,1,27313.25,27299.25,-280.0,-280.0,-56.0,LOSS,Target1,ROTATION_LIQUID,ROTATION,Transition,EARLY_TEST,70,TWO_SIDED_CONFIRMED,0,TREND_COMPRESSION,0.62,,69,5600.0,2026-04-30 18:15:19,OK
2026-04-30,2026-04-30 09:46:54,2026-04-30 09:47:31,V3D,SimV3D-NQ-3B,Fader_V3D_B,NQ_ADX_A,N/A,NQ,NQ JUN26,LONG,1,27313.25,27299.25,-280.0,-280.0,-56.0,LOSS,Target1,ROTATION_LIQUID,ROTATION,Transition,EARLY_TEST,70,TWO_SIDED_CONFIRMED,0,TREND_COMPRESSION,0.62,,70,5320.0,2026-04-30 18:15:19,OK
2026-04-30,2026-04-30 09:47:55,2026-04-30 09:49:20,V3D,SimV3D-NQ-3B,Fader_V3D_B,NQ Expansion B,N/A,NQ,NQ JUN26,LONG,1,27313.5,27312.75,-15.0,-15.0,-3.0,LOSS,SESSION_CLOSE,ROTATION_LIQUID,ROTATION,Transition,EARLY_TEST,70,TWO_SIDED_CONFIRMED,0,TREND_COMPRESSION,1.42,,71,5305.0,2026-04-30 18:15:19,OK
2026-04-30,2026-04-30 09:47:55,2026-04-30 09:49:20,V3D,SimV3D-NQ-3B,Fader_V3D_B,NQ Momentum A,N/A,NQ,NQ JUN26,LONG,1,27313.5,27312.75,-15.0,-15.0,-3.0,LOSS,SESSION_CLOSE,ROTATION_LIQUID,ROTATION,Transition,EARLY_TEST,70,TWO_SIDED_CONFIRMED,0,TREND_COMPRESSION,1.42,,72,5290.0,2026-04-30 18:15:19,OK
2026-04-30,2026-04-30 09:47:55,2026-04-30 09:49:20,V3D,SimV3D-NQ-3B,Fader_V3D_B,UNMAPPED,N/A,NQ,NQ JUN26,LONG,1,27313.5,27312.75,-15.0,-15.0,-3.0,LOSS,SESSION_CLOSE,ROTATION_LIQUID,ROTATION,Transition,EARLY_TEST,70,TWO_SIDED_CONFIRMED,0,TREND_COMPRESSION,1.42,,73,5275.0,2026-04-30 18:15:19,UNMAPPED_BOT
2026-04-30,2026-04-30 09:47:55,2026-04-30 09:49:20,V3D,SimV3D-NQ-3B,Fader_V3D_B,NQ_Sniper_A,N/A,NQ,NQ JUN26,LONG,1,27313.5,27312.75,-15.0,-15.0,-3.0,LOSS,SESSION_CLOSE,ROTATION_LIQUID,ROTATION,Transition,EARLY_TEST,70,TWO_SIDED_CONFIRMED,0,TREND_COMPRESSION,1.42,,74,5260.0,2026-04-30 18:15:19,OK
2026-04-30,2026-04-30 09:47:55,2026-04-30 09:49:20,V3D,SimV3D-NQ-3B,Fader_V3D_B,NQ Momentum A,N/A,NQ,NQ JUN26,LONG,1,27313.5,27312.75,-15.0,-15.0,-3.0,LOSS,SESSION_CLOSE,ROTATION_LIQUID,ROTATION,Transition,EARLY_TEST,70,TWO_SIDED_CONFIRMED,0,TREND_COMPRESSION,1.42,,75,5245.0,2026-04-30 18:15:19,OK
2026-04-30,2026-04-30 09:47:55,2026-04-30 09:49:20,V3D,SimV3D-NQ-3B,Fader_V3D_B,NQ Expansion A,N/A,NQ,NQ JUN26,LONG,1,27313.5,27312.75,-15.0,-15.0,-3.0,LOSS,SESSION_CLOSE,ROTATION_LIQUID,ROTATION,Transition,EARLY_TEST,70,TWO_SIDED_CONFIRMED,0,TREND_COMPRESSION,1.42,,76,5230.0,2026-04-30 18:15:19,OK
2026-04-30,2026-04-30 09:47:55,2026-04-30 09:49:20,V3D,SimV3D-NQ-3B,Fader_V3D_B,NQ_ADX_A,N/A,NQ,NQ JUN26,LONG,1,27313.5,27312.75,-15.0,-15.0,-3.0,LOSS,SESSION_CLOSE,ROTATION_LIQUID,ROTATION,Transition,EARLY_TEST,70,TWO_SIDED_CONFIRMED,0,TREND_COMPRESSION,1.42,,77,5215.0,2026-04-30 18:15:19,OK
2026-04-30,2026-04-30 09:47:55,2026-04-30 09:49:20,V3D,SimV3D-NQ-3B,Fader_V3D_B,NQ_Sniper_B,N/A,NQ,NQ JUN26,LONG,1,27313.5,27312.75,-15.0,-15.0,-3.0,LOSS,SESSION_CLOSE,ROTATION_LIQUID,ROTATION,Transition,EARLY_TEST,70,TWO_SIDED_CONFIRMED,0,TREND_COMPRESSION,1.42,,78,5200.0,2026-04-30 18:15:19,OK
2026-04-30,2026-04-30 09:47:55,2026-04-30 09:49:20,V3D,SimV3D-NQ-3B,Fader_V3D_B,NQ Fader B,N/A,NQ,NQ JUN26,LONG,1,27313.5,27312.75,-15.0,-15.0,-3.0,LOSS,SESSION_CLOSE,ROTATION_LIQUID,ROTATION,Transition,EARLY_TEST,70,TWO_SIDED_CONFIRMED,0,TREND_COMPRESSION,1.42,,79,5185.0,2026-04-30 18:15:19,OK
2026-04-30,2026-04-30 09:47:55,2026-04-30 09:49:20,V3D,SimV3D-NQ-3B,Fader_V3D_B,NQ_ADX_B,N/A,NQ,NQ JUN26,LONG,1,27313.5,27312.75,-15.0,-15.0,-3.0,LOSS,SESSION_CLOSE,ROTATION_LIQUID,ROTATION,Transition,EARLY_TEST,70,TWO_SIDED_CONFIRMED,0,TREND_COMPRESSION,1.42,,80,5170.0,2026-04-30 18:15:19,OK
2026-04-30,2026-04-30 09:47:55,2026-04-30 09:49:20,V3D,SimV3D-NQ-3B,Fader_V3D_B,NQ Momentum B,N/A,NQ,NQ JUN26,LONG,1,27313.5,27312.75,-15.0,-15.0,-3.0,LOSS,SESSION_CLOSE,ROTATION_LIQUID,ROTATION,Transition,EARLY_TEST,70,TWO_SIDED_CONFIRMED,0,TREND_COMPRESSION,1.42,,81,5155.0,2026-04-30 18:15:19,OK
2026-04-30,2026-04-30 09:47:55,2026-04-30 09:49:20,V3D,SimV3D-NQ-3B,Fader_V3D_B,NQ_ADX_C,N/A,NQ,NQ JUN26,LONG,1,27313.5,27312.75,-15.0,-15.0,-3.0,LOSS,SESSION_CLOSE,ROTATION_LIQUID,ROTATION,Transition,EARLY_TEST,70,TWO_SIDED_CONFIRMED,0,TREND_COMPRESSION,1.42,,82,5140.0,2026-04-30 18:15:19,OK
2026-04-30,2026-04-30 09:47:55,2026-04-30 09:49:20,V3D,SimV3D-NQ-3B,Fader_V3D_B,NQ Fader A,N/A,NQ,NQ JUN26,LONG,1,27313.5,27312.75,-15.0,-15.0,-3.0,LOSS,SESSION_CLOSE,ROTATION_LIQUID,ROTATION,Transition,EARLY_TEST,70,TWO_SIDED_CONFIRMED,0,TREND_COMPRESSION,1.42,,83,5125.0,2026-04-30 18:15:19,OK
2026-04-30,2026-04-30 09:47:55,2026-04-30 09:49:20,V3D,SimV3D-NQ-3B,Fader_V3D_B,UNMAPPED,N/A,NQ,NQ JUN26,LONG,1,27313.5,27312.75,-15.0,-15.0,-3.0,LOSS,SESSION_CLOSE,ROTATION_LIQUID,ROTATION,Transition,EARLY_TEST,70,TWO_SIDED_CONFIRMED,0,TREND_COMPRESSION,1.42,,84,5110.0,2026-04-30 18:15:19,UNMAPPED_BOT
