trade_date,entry_time,exit_time,model_version,account,strategy_name,bot_name,ab_mode,symbol,instrument,direction,contracts,entry_price,exit_price,gross_pnl,net_pnl,ticks,win_loss,exit_reason,initial_stop_price,initial_stop_distance,export_timestamp,source_path,entry_dt,family,design_lane,SnapshotTimestamp,FinalRegime,CandidateRegime,MacroRegime,MacroPlaybook,HMM_Micro,Phase,RegimeConfidence,ReasonCode,AllowCompressionBot,AllowFadeBot,AllowMomo,AllowLong,AllowShort,StaleDataFlag,AsymHysteresisGateOpen,AsymHysteresisReason,join_lag_min,retro_regime,lane_bucket,hypothesis_bucket
2026-05-01,2026-05-01 09:44:00,2026-05-01 09:44:18,V3C,SimV3C-NQ-2A,NQ VC3-A Compression Fast ,NQ VC3-A Compression Fast ,,NQ,NQ JUN26,LONG,1,27767.0,27783.0,320.0,320.0,64.0,WIN,Profit target,,,2026-05-06 10:03:09,C:\Users\Valued Customer\NT8_Regimes\V3C\TradeLog\SimV3C_NQ_2A_TradeLog.csv,2026-05-01 09:44:00,V3C Compression,TREND_COMPRESSION,2026-05-01 09:40:44,TRANSITION,TRANSITION,BALANCE_STRUCTURE,ROTATION_ILLIQUID,TrendDown,EARLY_TEST,50,NO_CLEAR_STAGE_C_ALIGNMENT,False,False,False,False,False,False,,,3.2666666666666666,TRANSITION,OUT_OF_LANE,OUT_LEADIN_TRANSITION_ROT_ILLIQUID
2026-05-01,2026-05-01 09:46:01,2026-05-01 09:46:01,V3C,SimV3C-NQ-2B,NQ V3C Compression Clean B,NQ V3C Compression Clean B,,NQ,NQ JUN26,LONG,1,27764.0,27773.75,195.0,195.0,39.0,WIN,Profit target,,,2026-05-06 10:03:06,C:\Users\Valued Customer\NT8_Regimes\V3C\TradeLog\SimV3C_NQ_2B_TradeLog.csv,2026-05-01 09:46:01,V3C Compression,TREND_COMPRESSION,2026-05-01 09:40:44,TRANSITION,TRANSITION,BALANCE_STRUCTURE,ROTATION_ILLIQUID,TrendDown,EARLY_TEST,50,NO_CLEAR_STAGE_C_ALIGNMENT,False,False,False,False,False,False,,,5.283333333333333,TRANSITION,OUT_OF_LANE,OUT_LEADIN_TRANSITION_ROT_ILLIQUID
2026-05-01,2026-05-01 09:46:03,2026-05-01 09:48:38,V3C,SimV3C-NQ-2A,NQ VC3-A Compression Fast ,NQ VC3-A Compression Fast ,,NQ,NQ JUN26,LONG,1,27767.0,27783.25,325.0,325.0,65.0,WIN,Profit target,,,2026-05-06 10:03:09,C:\Users\Valued Customer\NT8_Regimes\V3C\TradeLog\SimV3C_NQ_2A_TradeLog.csv,2026-05-01 09:46:03,V3C Compression,TREND_COMPRESSION,2026-05-01 09:40:44,TRANSITION,TRANSITION,BALANCE_STRUCTURE,ROTATION_ILLIQUID,TrendDown,EARLY_TEST,50,NO_CLEAR_STAGE_C_ALIGNMENT,False,False,False,False,False,False,,,5.316666666666666,TRANSITION,OUT_OF_LANE,OUT_LEADIN_TRANSITION_ROT_ILLIQUID
2026-05-01,2026-05-01 09:47:09,2026-05-01 09:47:09,V3C,SimV3C-NQ-2B,NQ V3C Compression Clean B,NQ V3C Compression Clean B,,NQ,NQ JUN26,LONG,1,27768.0,27778.0,200.0,200.0,40.0,WIN,Profit target,,,2026-05-06 10:03:06,C:\Users\Valued Customer\NT8_Regimes\V3C\TradeLog\SimV3C_NQ_2B_TradeLog.csv,2026-05-01 09:47:09,V3C Compression,TREND_COMPRESSION,2026-05-01 09:46:53,TREND_COMPRESSION,TREND_COMPRESSION,BALANCE_STRUCTURE,ROTATION_ILLIQUID,TrendUp,FIRST_ACCEPTANCE,66,MICRO_TREND_INSIDE_MACRO_STRUCTURE,True,False,True,True,False,False,,,0.26666666666666666,TREND_COMPRESSION,IN_LANE,IN_LANE
2026-05-01,2026-05-01 09:48:03,2026-05-01 09:48:03,V3C,SimV3C-NQ-2B,NQ V3C Compression Clean B,NQ V3C Compression Clean B,,NQ,NQ JUN26,LONG,1,27760.0,27769.75,195.0,195.0,39.0,WIN,Profit target,,,2026-05-06 10:03:06,C:\Users\Valued Customer\NT8_Regimes\V3C\TradeLog\SimV3C_NQ_2B_TradeLog.csv,2026-05-01 09:48:03,V3C Compression,TREND_COMPRESSION,2026-05-01 09:46:53,TREND_COMPRESSION,TREND_COMPRESSION,BALANCE_STRUCTURE,ROTATION_ILLIQUID,TrendUp,FIRST_ACCEPTANCE,66,MICRO_TREND_INSIDE_MACRO_STRUCTURE,True,False,True,True,False,False,,,1.1666666666666667,TREND_COMPRESSION,IN_LANE,IN_LANE
2026-05-01,2026-05-01 09:50:40,2026-05-01 09:50:40,V3C,SimV3C-NQ-2B,NQ V3C Compression Clean B,NQ V3C Compression Clean B,,NQ,NQ JUN26,LONG,1,27768.0,27777.75,195.0,195.0,39.0,WIN,Profit target,,,2026-05-06 10:03:06,C:\Users\Valued Customer\NT8_Regimes\V3C\TradeLog\SimV3C_NQ_2B_TradeLog.csv,2026-05-01 09:50:40,V3C Compression,TREND_COMPRESSION,2026-05-01 09:50:07,TRANSITION,TRANSITION,BALANCE_STRUCTURE,ROTATION_ILLIQUID,TrendDown,FIRST_ACCEPTANCE,50,NO_CLEAR_STAGE_C_ALIGNMENT,False,False,False,False,False,False,,,0.55,TRANSITION,OUT_OF_LANE,OUT_LEADIN_TRANSITION_ROT_ILLIQUID
2026-05-01,2026-05-01 09:50:40,2026-05-01 09:50:40,V3C,SimV3C-NQ-2A,NQ VC3-A Compression Fast ,NQ VC3-A Compression Fast ,,NQ,NQ JUN26,LONG,1,27767.0,27783.25,325.0,325.0,65.0,WIN,Profit target,,,2026-05-06 10:03:09,C:\Users\Valued Customer\NT8_Regimes\V3C\TradeLog\SimV3C_NQ_2A_TradeLog.csv,2026-05-01 09:50:40,V3C Compression,TREND_COMPRESSION,2026-05-01 09:50:07,TRANSITION,TRANSITION,BALANCE_STRUCTURE,ROTATION_ILLIQUID,TrendDown,FIRST_ACCEPTANCE,50,NO_CLEAR_STAGE_C_ALIGNMENT,False,False,False,False,False,False,,,0.55,TRANSITION,OUT_OF_LANE,OUT_LEADIN_TRANSITION_ROT_ILLIQUID
2026-05-01,2026-05-01 09:50:40,2026-05-01 09:50:40,V3C,SimV3C-NQ-2B,NQ V3C Compression Clean B,NQ V3C Compression Clean B,,NQ,NQ JUN26,LONG,1,27772.0,27781.75,195.0,195.0,39.0,WIN,Profit target,,,2026-05-06 10:03:06,C:\Users\Valued Customer\NT8_Regimes\V3C\TradeLog\SimV3C_NQ_2B_TradeLog.csv,2026-05-01 09:50:40,V3C Compression,TREND_COMPRESSION,2026-05-01 09:50:07,TRANSITION,TRANSITION,BALANCE_STRUCTURE,ROTATION_ILLIQUID,TrendDown,FIRST_ACCEPTANCE,50,NO_CLEAR_STAGE_C_ALIGNMENT,False,False,False,False,False,False,,,0.55,TRANSITION,OUT_OF_LANE,OUT_LEADIN_TRANSITION_ROT_ILLIQUID
2026-05-01,2026-05-01 09:52:15,2026-05-01 09:52:15,V3C,SimV3C-NQ-2B,NQ V3C Compression Clean B,NQ V3C Compression Clean B,,NQ,NQ JUN26,LONG,1,27784.0,27793.5,190.0,190.0,38.0,WIN,Profit target,,,2026-05-06 10:03:06,C:\Users\Valued Customer\NT8_Regimes\V3C\TradeLog\SimV3C_NQ_2B_TradeLog.csv,2026-05-01 09:52:15,V3C Compression,TREND_COMPRESSION,2026-05-01 09:51:42,TREND_COMPRESSION,TREND_COMPRESSION,BALANCE_STRUCTURE,ROTATION_ILLIQUID,TrendUp,EARLY_CONTINUATION,64,DEVELOPING_INITIATIVE_PHASE_AWARE,True,False,True,True,False,False,,,0.55,TREND_COMPRESSION,IN_LANE,IN_LANE
2026-05-01,2026-05-01 09:52:22,2026-05-01 09:54:20,V3C,SimV3C-NQ-2A,NQ VC3-A Compression Fast ,NQ VC3-A Compression Fast ,,NQ,NQ JUN26,LONG,1,27787.0,27803.25,325.0,325.0,65.0,WIN,Profit target,,,2026-05-06 10:03:09,C:\Users\Valued Customer\NT8_Regimes\V3C\TradeLog\SimV3C_NQ_2A_TradeLog.csv,2026-05-01 09:52:22,V3C Compression,TREND_COMPRESSION,2026-05-01 09:51:42,TREND_COMPRESSION,TREND_COMPRESSION,BALANCE_STRUCTURE,ROTATION_ILLIQUID,TrendUp,EARLY_CONTINUATION,64,DEVELOPING_INITIATIVE_PHASE_AWARE,True,False,True,True,False,False,,,0.6666666666666666,TREND_COMPRESSION,IN_LANE,IN_LANE
2026-05-01,2026-05-01 09:54:15,2026-05-01 09:54:15,V3C,SimV3C-NQ-2B,NQ V3C Compression Clean B,NQ V3C Compression Clean B,,NQ,NQ JUN26,LONG,1,27784.0,27793.5,190.0,190.0,38.0,WIN,Profit target,,,2026-05-06 10:03:06,C:\Users\Valued Customer\NT8_Regimes\V3C\TradeLog\SimV3C_NQ_2B_TradeLog.csv,2026-05-01 09:54:15,V3C Compression,TREND_COMPRESSION,2026-05-01 09:51:42,TREND_COMPRESSION,TREND_COMPRESSION,BALANCE_STRUCTURE,ROTATION_ILLIQUID,TrendUp,EARLY_CONTINUATION,64,DEVELOPING_INITIATIVE_PHASE_AWARE,True,False,True,True,False,False,,,2.55,TREND_COMPRESSION,IN_LANE,IN_LANE
2026-05-01,2026-05-01 09:55:16,2026-05-01 09:55:16,V3C,SimV3C-NQ-2B,NQ V3C Compression Clean B,NQ V3C Compression Clean B,,NQ,NQ JUN26,LONG,1,27796.0,27805.75,195.0,195.0,39.0,WIN,Profit target,,,2026-05-06 10:03:06,C:\Users\Valued Customer\NT8_Regimes\V3C\TradeLog\SimV3C_NQ_2B_TradeLog.csv,2026-05-01 09:55:16,V3C Compression,TREND_COMPRESSION,2026-05-01 09:51:42,TREND_COMPRESSION,TREND_COMPRESSION,BALANCE_STRUCTURE,ROTATION_ILLIQUID,TrendUp,EARLY_CONTINUATION,64,DEVELOPING_INITIATIVE_PHASE_AWARE,True,False,True,True,False,False,,,3.566666666666667,TREND_COMPRESSION,IN_LANE,IN_LANE
2026-05-01,2026-05-01 09:55:16,2026-05-01 09:55:17,V3C,SimV3C-NQ-2A,NQ VC3-A Compression Fast ,NQ VC3-A Compression Fast ,,NQ,NQ JUN26,LONG,1,27797.0,27813.5,330.0,330.0,66.0,WIN,Profit target,,,2026-05-06 10:03:09,C:\Users\Valued Customer\NT8_Regimes\V3C\TradeLog\SimV3C_NQ_2A_TradeLog.csv,2026-05-01 09:55:16,V3C Compression,TREND_COMPRESSION,2026-05-01 09:51:42,TREND_COMPRESSION,TREND_COMPRESSION,BALANCE_STRUCTURE,ROTATION_ILLIQUID,TrendUp,EARLY_CONTINUATION,64,DEVELOPING_INITIATIVE_PHASE_AWARE,True,False,True,True,False,False,,,3.566666666666667,TREND_COMPRESSION,IN_LANE,IN_LANE
2026-05-01,2026-05-01 10:00:30,2026-05-01 10:00:30,V3C,SimV3C-NQ-2B,NQ V3C Compression Clean B,NQ V3C Compression Clean B,,NQ,NQ JUN26,LONG,1,27860.0,27869.5,190.0,190.0,38.0,WIN,Profit target,,,2026-05-06 10:03:06,C:\Users\Valued Customer\NT8_Regimes\V3C\TradeLog\SimV3C_NQ_2B_TradeLog.csv,2026-05-01 10:00:30,V3C Compression,TREND_COMPRESSION,2026-05-01 09:58:03,TREND_COMPRESSION,TREND_COMPRESSION,BALANCE_STRUCTURE,ROTATION_ILLIQUID,TrendDown,EARLY_CONTINUATION,64,DEVELOPING_INITIATIVE_PHASE_AWARE,True,False,True,True,False,False,,,2.45,TREND_COMPRESSION,IN_LANE,IN_LANE
2026-05-01,2026-05-01 10:00:30,2026-05-01 10:01:07,V3C,SimV3C-NQ-2A,NQ VC3-A Compression Fast ,NQ VC3-A Compression Fast ,,NQ,NQ JUN26,LONG,1,27862.0,27878.0,320.0,320.0,64.0,WIN,Profit target,,,2026-05-06 10:03:09,C:\Users\Valued Customer\NT8_Regimes\V3C\TradeLog\SimV3C_NQ_2A_TradeLog.csv,2026-05-01 10:00:30,V3C Compression,TREND_COMPRESSION,2026-05-01 09:58:03,TREND_COMPRESSION,TREND_COMPRESSION,BALANCE_STRUCTURE,ROTATION_ILLIQUID,TrendDown,EARLY_CONTINUATION,64,DEVELOPING_INITIATIVE_PHASE_AWARE,True,False,True,True,False,False,,,2.45,TREND_COMPRESSION,IN_LANE,IN_LANE
2026-05-01,2026-05-01 10:05:59,2026-05-01 10:06:20,V3C,SimV3C-NQ-2A,NQ VC3-A Compression Fast ,NQ VC3-A Compression Fast ,,NQ,NQ JUN26,LONG,1,27862.0,27877.75,315.0,315.0,63.0,WIN,Profit target,,,2026-05-06 10:03:09,C:\Users\Valued Customer\NT8_Regimes\V3C\TradeLog\SimV3C_NQ_2A_TradeLog.csv,2026-05-01 10:05:59,V3C Compression,TREND_COMPRESSION,2026-05-01 10:01:26,TREND_COMPRESSION,TREND_COMPRESSION,BALANCE_STRUCTURE,ROTATION_ILLIQUID,TrendDown,PRE_DECISION,71,DEVELOPING_INITIATIVE_PHASE_AWARE,True,False,True,True,False,False,,,4.55,TREND_COMPRESSION,IN_LANE,IN_LANE
2026-05-01,2026-05-01 10:06:20,2026-05-01 10:06:20,V3C,SimV3C-NQ-2B,NQ V3C Compression Clean B,NQ V3C Compression Clean B,,NQ,NQ JUN26,LONG,1,27868.0,27877.75,195.0,195.0,39.0,WIN,Profit target,,,2026-05-06 10:03:06,C:\Users\Valued Customer\NT8_Regimes\V3C\TradeLog\SimV3C_NQ_2B_TradeLog.csv,2026-05-01 10:06:20,V3C Compression,TREND_COMPRESSION,2026-05-01 10:06:14,TREND_COMPRESSION,TREND_COMPRESSION,BALANCE_STRUCTURE,ROTATION_ILLIQUID,TrendDown,END_FIRST_WINDOW,71,DEVELOPING_INITIATIVE_PHASE_AWARE,True,False,True,True,False,False,,,0.1,TREND_COMPRESSION,IN_LANE,IN_LANE
2026-05-01,2026-05-01 10:09:51,2026-05-01 10:09:51,V3C,SimV3C-NQ-2B,NQ V3C Compression Clean B,NQ V3C Compression Clean B,,NQ,NQ JUN26,LONG,1,27876.0,27886.0,200.0,200.0,40.0,WIN,Profit target,,,2026-05-06 10:03:06,C:\Users\Valued Customer\NT8_Regimes\V3C\TradeLog\SimV3C_NQ_2B_TradeLog.csv,2026-05-01 10:09:51,V3C Compression,TREND_COMPRESSION,2026-05-01 10:09:33,TREND_COMPRESSION,TREND_COMPRESSION,BALANCE_STRUCTURE,ROTATION_ILLIQUID,TrendDown,END_FIRST_WINDOW,71,DEVELOPING_INITIATIVE_PHASE_AWARE,True,False,True,True,False,False,,,0.3,TREND_COMPRESSION,IN_LANE,IN_LANE
2026-05-01,2026-05-01 10:11:43,2026-05-01 10:11:43,V3C,SimV3C-NQ-2B,NQ V3C Compression Clean B,NQ V3C Compression Clean B,,NQ,NQ JUN26,LONG,1,27872.0,27882.0,200.0,200.0,40.0,WIN,Profit target,,,2026-05-06 10:03:06,C:\Users\Valued Customer\NT8_Regimes\V3C\TradeLog\SimV3C_NQ_2B_TradeLog.csv,2026-05-01 10:11:43,V3C Compression,TREND_COMPRESSION,2026-05-01 10:11:22,TREND_COMPRESSION,TREND_COMPRESSION,BRACKET_MACRO,ROTATION_ILLIQUID,TrendUp,PRE_IB_MATURATION,68,DEVELOPING_INITIATIVE_PHASE_AWARE,True,False,True,True,False,False,,,0.35,TREND_COMPRESSION,IN_LANE,IN_LANE
2026-05-01,2026-05-01 10:12:23,2026-05-01 10:12:23,V3C,SimV3C-NQ-2B,NQ V3C Compression Clean B,NQ V3C Compression Clean B,,NQ,NQ JUN26,LONG,1,27876.0,27885.75,195.0,195.0,39.0,WIN,Profit target,,,2026-05-06 10:03:06,C:\Users\Valued Customer\NT8_Regimes\V3C\TradeLog\SimV3C_NQ_2B_TradeLog.csv,2026-05-01 10:12:23,V3C Compression,TREND_COMPRESSION,2026-05-01 10:11:22,TREND_COMPRESSION,TREND_COMPRESSION,BRACKET_MACRO,ROTATION_ILLIQUID,TrendUp,PRE_IB_MATURATION,68,DEVELOPING_INITIATIVE_PHASE_AWARE,True,False,True,True,False,False,,,1.0166666666666666,TREND_COMPRESSION,IN_LANE,IN_LANE
2026-05-01,2026-05-01 10:12:26,2026-05-01 10:12:30,V3C,SimV3C-NQ-2A,NQ VC3-A Compression Fast ,NQ VC3-A Compression Fast ,,NQ,NQ JUN26,LONG,1,27877.0,27893.0,320.0,320.0,64.0,WIN,Profit target,,,2026-05-06 10:03:09,C:\Users\Valued Customer\NT8_Regimes\V3C\TradeLog\SimV3C_NQ_2A_TradeLog.csv,2026-05-01 10:12:26,V3C Compression,TREND_COMPRESSION,2026-05-01 10:11:22,TREND_COMPRESSION,TREND_COMPRESSION,BRACKET_MACRO,ROTATION_ILLIQUID,TrendUp,PRE_IB_MATURATION,68,DEVELOPING_INITIATIVE_PHASE_AWARE,True,False,True,True,False,False,,,1.0666666666666667,TREND_COMPRESSION,IN_LANE,IN_LANE
2026-05-01,2026-05-01 10:16:36,2026-05-01 10:18:57,V3C,SimV3C-NQ-2A,NQ VC3-A Compression Fast ,NQ VC3-A Compression Fast ,,NQ,NQ JUN26,LONG,1,27877.0,27861.5,-310.0,-310.0,-62.0,LOSS,Stop loss,,,2026-05-06 10:03:09,C:\Users\Valued Customer\NT8_Regimes\V3C\TradeLog\SimV3C_NQ_2A_TradeLog.csv,2026-05-01 10:16:36,V3C Compression,TREND_COMPRESSION,2026-05-01 10:16:25,TREND_COMPRESSION,TREND_COMPRESSION,BRACKET_MACRO,ROTATION_ILLIQUID,TrendUp,PRE_IB_MATURATION,68,DEVELOPING_INITIATIVE_PHASE_AWARE,True,False,True,True,False,False,,,0.18333333333333332,TREND_COMPRESSION,IN_LANE,IN_LANE
2026-05-01,2026-05-01 10:16:39,2026-05-01 10:18:00,V3C,SimV3C-NQ-2B,NQ V3C Compression Clean B,NQ V3C Compression Clean B,,NQ,NQ JUN26,LONG,1,27880.0,27870.75,-185.0,-185.0,-37.0,LOSS,Stop loss,,,2026-05-06 10:03:06,C:\Users\Valued Customer\NT8_Regimes\V3C\TradeLog\SimV3C_NQ_2B_TradeLog.csv,2026-05-01 10:16:39,V3C Compression,TREND_COMPRESSION,2026-05-01 10:16:25,TREND_COMPRESSION,TREND_COMPRESSION,BRACKET_MACRO,ROTATION_ILLIQUID,TrendUp,PRE_IB_MATURATION,68,DEVELOPING_INITIATIVE_PHASE_AWARE,True,False,True,True,False,False,,,0.23333333333333334,TREND_COMPRESSION,IN_LANE,IN_LANE
2026-05-01,2026-05-01 10:19:26,2026-05-01 10:19:26,V3C,SimV3C-NQ-2B,NQ V3C Compression Clean B,NQ V3C Compression Clean B,,NQ,NQ JUN26,LONG,1,27868.0,27877.25,185.0,185.0,37.0,WIN,Profit target,,,2026-05-06 10:03:06,C:\Users\Valued Customer\NT8_Regimes\V3C\TradeLog\SimV3C_NQ_2B_TradeLog.csv,2026-05-01 10:19:26,V3C Compression,TREND_COMPRESSION,2026-05-01 10:16:25,TREND_COMPRESSION,TREND_COMPRESSION,BRACKET_MACRO,ROTATION_ILLIQUID,TrendUp,PRE_IB_MATURATION,68,DEVELOPING_INITIATIVE_PHASE_AWARE,True,False,True,True,False,False,,,3.0166666666666666,TREND_COMPRESSION,IN_LANE,IN_LANE
2026-05-01,2026-05-01 10:19:27,2026-05-01 10:20:14,V3C,SimV3C-NQ-2A,NQ VC3-A Compression Fast ,NQ VC3-A Compression Fast ,,NQ,NQ JUN26,LONG,1,27867.0,27882.75,315.0,315.0,63.0,WIN,Profit target,,,2026-05-06 10:03:09,C:\Users\Valued Customer\NT8_Regimes\V3C\TradeLog\SimV3C_NQ_2A_TradeLog.csv,2026-05-01 10:19:27,V3C Compression,TREND_COMPRESSION,2026-05-01 10:16:25,TREND_COMPRESSION,TREND_COMPRESSION,BRACKET_MACRO,ROTATION_ILLIQUID,TrendUp,PRE_IB_MATURATION,68,DEVELOPING_INITIATIVE_PHASE_AWARE,True,False,True,True,False,False,,,3.033333333333333,TREND_COMPRESSION,IN_LANE,IN_LANE
2026-05-01,2026-05-01 10:25:40,2026-05-01 10:29:28,V3C,SimV3C-NQ-2B,NQ V3C Compression Clean B,NQ V3C Compression Clean B,,NQ,NQ JUN26,LONG,1,27880.0,27870.5,-190.0,-190.0,-38.0,LOSS,Stop loss,,,2026-05-06 10:03:06,C:\Users\Valued Customer\NT8_Regimes\V3C\TradeLog\SimV3C_NQ_2B_TradeLog.csv,2026-05-01 10:25:40,V3C Compression,TREND_COMPRESSION,2026-05-01 10:21:30,TREND_COMPRESSION,TREND_COMPRESSION,BRACKET_MACRO,ROTATION_ILLIQUID,TrendUp,PRE_IB_MATURATION,66,MICRO_TREND_INSIDE_MACRO_STRUCTURE,True,False,True,True,False,False,,,4.166666666666667,TREND_COMPRESSION,IN_LANE,IN_LANE
2026-05-01,2026-05-01 10:32:03,2026-05-01 10:32:12,V3C,SimV3C-NQ-2B,NQ V3C Compression Clean B,NQ V3C Compression Clean B,,NQ,NQ JUN26,LONG,1,27848.0,27838.5,-190.0,-190.0,-38.0,LOSS,Stop loss,,,2026-05-06 10:03:06,C:\Users\Valued Customer\NT8_Regimes\V3C\TradeLog\SimV3C_NQ_2B_TradeLog.csv,2026-05-01 10:32:03,V3C Compression,TREND_COMPRESSION,2026-05-01 10:31:27,TREND_COMPRESSION,TREND_COMPRESSION,BRACKET_MACRO,ROTATION_ILLIQUID,TrendUp,NEAR_IB_CONDITION,66,MICRO_TREND_INSIDE_MACRO_STRUCTURE,True,False,True,True,False,False,,,0.6,TREND_COMPRESSION,IN_LANE,IN_LANE
2026-05-01,2026-05-01 10:32:03,2026-05-01 10:32:49,V3C,SimV3C-NQ-2A,NQ VC3-A Compression Fast ,NQ VC3-A Compression Fast ,,NQ,NQ JUN26,LONG,1,27847.0,27831.25,-315.0,-315.0,-63.0,LOSS,Stop loss,,,2026-05-06 10:03:09,C:\Users\Valued Customer\NT8_Regimes\V3C\TradeLog\SimV3C_NQ_2A_TradeLog.csv,2026-05-01 10:32:03,V3C Compression,TREND_COMPRESSION,2026-05-01 10:31:27,TREND_COMPRESSION,TREND_COMPRESSION,BRACKET_MACRO,ROTATION_ILLIQUID,TrendUp,NEAR_IB_CONDITION,66,MICRO_TREND_INSIDE_MACRO_STRUCTURE,True,False,True,True,False,False,,,0.6,TREND_COMPRESSION,IN_LANE,IN_LANE
2026-05-01,2026-05-01 10:33:31,2026-05-01 10:33:31,V3C,SimV3C-NQ-2B,NQ V3C Compression Clean B,NQ V3C Compression Clean B,,NQ,NQ JUN26,LONG,1,27836.0,27845.25,185.0,185.0,37.0,WIN,Profit target,,,2026-05-06 10:03:06,C:\Users\Valued Customer\NT8_Regimes\V3C\TradeLog\SimV3C_NQ_2B_TradeLog.csv,2026-05-01 10:33:31,V3C Compression,TREND_COMPRESSION,2026-05-01 10:31:27,TREND_COMPRESSION,TREND_COMPRESSION,BRACKET_MACRO,ROTATION_ILLIQUID,TrendUp,NEAR_IB_CONDITION,66,MICRO_TREND_INSIDE_MACRO_STRUCTURE,True,False,True,True,False,False,,,2.066666666666667,TREND_COMPRESSION,IN_LANE,IN_LANE
2026-05-01,2026-05-01 10:33:49,2026-05-01 10:34:23,V3C,SimV3C-NQ-2A,NQ VC3-A Compression Fast ,NQ VC3-A Compression Fast ,,NQ,NQ JUN26,LONG,1,27837.0,27821.0,-320.0,-320.0,-64.0,LOSS,Stop loss,,,2026-05-06 10:03:09,C:\Users\Valued Customer\NT8_Regimes\V3C\TradeLog\SimV3C_NQ_2A_TradeLog.csv,2026-05-01 10:33:49,V3C Compression,TREND_COMPRESSION,2026-05-01 10:31:27,TREND_COMPRESSION,TREND_COMPRESSION,BRACKET_MACRO,ROTATION_ILLIQUID,TrendUp,NEAR_IB_CONDITION,66,MICRO_TREND_INSIDE_MACRO_STRUCTURE,True,False,True,True,False,False,,,2.3666666666666667,TREND_COMPRESSION,IN_LANE,IN_LANE
2026-05-01,2026-05-01 10:35:39,2026-05-01 10:35:57,V1A,SimV1A- Kalman Fader 1,KalmanPulse_Fader,KalmanPulse_Fader_A,A,NQ,NQ JUN26,SHORT,12,27815.25,27806.75,1560.0,1560.0,312.0,WIN,TARGET_HIT,27821.5,1500.0,2026-05-04 09:21:10,C:\Users\Valued Customer\NT8_Regimes\V1A\TradeLog\KalmanPulse_Fader_A_TradeLog.csv,2026-05-01 10:35:39,Kalman Faders,ROTATION_LIQUID,2026-05-01 10:31:27,TREND_COMPRESSION,TREND_COMPRESSION,BRACKET_MACRO,ROTATION_ILLIQUID,TrendUp,NEAR_IB_CONDITION,66,MICRO_TREND_INSIDE_MACRO_STRUCTURE,True,False,True,True,False,False,,,4.2,TREND_COMPRESSION,OUT_OF_LANE,OUT_OF_LANE
2026-05-01,2026-05-01 10:35:39,2026-05-01 10:35:57,V1B,SimV1A - Kalman Fader 2,KalmanPulse Fader Mode A+,KalmanPulse_Fader_B,B,NQ,NQ JUN26,SHORT,2,27815.25,27806.75,260.0,260.0,52.0,WIN,TARGET_HIT,27821.5,250.0,2026-05-04 09:21:11,C:\Users\Valued Customer\NT8_Regimes\V1B\TradeLog\KalmanPulse_Fader_B_TradeLog.csv,2026-05-01 10:35:39,Kalman Faders,ROTATION_LIQUID,2026-05-01 10:31:27,TREND_COMPRESSION,TREND_COMPRESSION,BRACKET_MACRO,ROTATION_ILLIQUID,TrendUp,NEAR_IB_CONDITION,66,MICRO_TREND_INSIDE_MACRO_STRUCTURE,True,False,True,True,False,False,,,4.2,TREND_COMPRESSION,OUT_OF_LANE,OUT_OF_LANE
2026-05-01,2026-05-01 10:38:11,2026-05-01 10:38:23,V1A,SimV1A- Kalman Fader 1,KalmanPulse_Fader,KalmanPulse_Fader_A,A,NQ,NQ JUN26,SHORT,12,27765.75,27768.5,-660.0,-660.0,-132.0,LOSS,ENVELOPE_BREAK_EXIT,27772.0,1500.0,2026-05-04 09:21:10,C:\Users\Valued Customer\NT8_Regimes\V1A\TradeLog\KalmanPulse_Fader_A_TradeLog.csv,2026-05-01 10:38:11,Kalman Faders,ROTATION_LIQUID,2026-05-01 10:37:38,TRANSITION,ROTATION_ILLIQUID,BRACKET_MACRO,ROTATION_ILLIQUID,TrendDown,POST_IB_MACRO,62,COMPRESSED_BALANCE_LOW_EDGE,False,False,False,False,False,False,,,0.55,TRANSITION,OUT_OF_LANE,OUT_OF_LANE
2026-05-01,2026-05-01 10:38:11,2026-05-01 10:38:23,V1B,SimV1A - Kalman Fader 2,KalmanPulse Fader Mode A+,KalmanPulse_Fader_B,B,NQ,NQ JUN26,SHORT,2,27765.75,27768.5,-110.0,-110.0,-22.0,LOSS,ENVELOPE_BREAK_EXIT,27772.0,250.0,2026-05-04 09:21:11,C:\Users\Valued Customer\NT8_Regimes\V1B\TradeLog\KalmanPulse_Fader_B_TradeLog.csv,2026-05-01 10:38:11,Kalman Faders,ROTATION_LIQUID,2026-05-01 10:37:38,TRANSITION,ROTATION_ILLIQUID,BRACKET_MACRO,ROTATION_ILLIQUID,TrendDown,POST_IB_MACRO,62,COMPRESSED_BALANCE_LOW_EDGE,False,False,False,False,False,False,,,0.55,TRANSITION,OUT_OF_LANE,OUT_OF_LANE
2026-05-01,2026-05-01 10:38:24,2026-05-01 10:38:29,V1A,SimV1A- Kalman Fader 1,KalmanPulse_Fader,KalmanPulse_Fader_A,A,NQ,NQ JUN26,SHORT,12,27766.0,27769.25,-780.0,-780.0,-156.0,LOSS,ENVELOPE_BREAK_EXIT,27772.25,1500.0,2026-05-04 09:21:10,C:\Users\Valued Customer\NT8_Regimes\V1A\TradeLog\KalmanPulse_Fader_A_TradeLog.csv,2026-05-01 10:38:24,Kalman Faders,ROTATION_LIQUID,2026-05-01 10:37:38,TRANSITION,ROTATION_ILLIQUID,BRACKET_MACRO,ROTATION_ILLIQUID,TrendDown,POST_IB_MACRO,62,COMPRESSED_BALANCE_LOW_EDGE,False,False,False,False,False,False,,,0.7666666666666667,TRANSITION,OUT_OF_LANE,OUT_OF_LANE
2026-05-01,2026-05-01 10:38:30,2026-05-01 10:38:30,V3C,SimV3C-NQ-2B,NQ V3C Compression Clean B,NQ V3C Compression Clean B,,NQ,NQ JUN26,LONG,1,27764.0,27773.25,185.0,185.0,37.0,WIN,Profit target,,,2026-05-06 10:03:06,C:\Users\Valued Customer\NT8_Regimes\V3C\TradeLog\SimV3C_NQ_2B_TradeLog.csv,2026-05-01 10:38:30,V3C Compression,TREND_COMPRESSION,2026-05-01 10:37:38,TRANSITION,ROTATION_ILLIQUID,BRACKET_MACRO,ROTATION_ILLIQUID,TrendDown,POST_IB_MACRO,62,COMPRESSED_BALANCE_LOW_EDGE,False,False,False,False,False,False,,,0.8666666666666667,TRANSITION,OUT_OF_LANE,OUT_LEADIN_TRANSITION_ROT_ILLIQUID
2026-05-01,2026-05-01 10:38:30,2026-05-01 10:38:36,V3C,SimV3C-NQ-2A,NQ VC3-A Compression Fast ,NQ VC3-A Compression Fast ,,NQ,NQ JUN26,LONG,1,27762.0,27777.75,315.0,315.0,63.0,WIN,Profit target,,,2026-05-06 10:03:09,C:\Users\Valued Customer\NT8_Regimes\V3C\TradeLog\SimV3C_NQ_2A_TradeLog.csv,2026-05-01 10:38:30,V3C Compression,TREND_COMPRESSION,2026-05-01 10:37:38,TRANSITION,ROTATION_ILLIQUID,BRACKET_MACRO,ROTATION_ILLIQUID,TrendDown,POST_IB_MACRO,62,COMPRESSED_BALANCE_LOW_EDGE,False,False,False,False,False,False,,,0.8666666666666667,TRANSITION,OUT_OF_LANE,OUT_LEADIN_TRANSITION_ROT_ILLIQUID
2026-05-01,2026-05-01 10:39:00,2026-05-01 10:39:29,V3C,SimV3C-NQ-2C,NQ V3C Compression Sniper C 20-40-60,NQ V3C Compression Sniper C 20-40-60,,NQ,NQ JUN26,LONG,1,27772.0,27802.75,615.0,615.0,123.0,WIN,Profit target,,,2026-05-06 10:03:07,C:\Users\Valued Customer\NT8_Regimes\V3C\TradeLog\SimV3C_NQ_2C_TradeLog.csv,2026-05-01 10:39:00,V3C Compression,TREND_COMPRESSION,2026-05-01 10:37:38,TRANSITION,ROTATION_ILLIQUID,BRACKET_MACRO,ROTATION_ILLIQUID,TrendDown,POST_IB_MACRO,62,COMPRESSED_BALANCE_LOW_EDGE,False,False,False,False,False,False,,,1.3666666666666667,TRANSITION,OUT_OF_LANE,OUT_LEADIN_TRANSITION_ROT_ILLIQUID
2026-05-01,2026-05-01 10:40:36,2026-05-01 10:40:36,V3C,SimV3C-NQ-2B,NQ V3C Compression Clean B,NQ V3C Compression Clean B,,NQ,NQ JUN26,LONG,1,27788.0,27797.25,185.0,185.0,37.0,WIN,Profit target,,,2026-05-06 10:03:06,C:\Users\Valued Customer\NT8_Regimes\V3C\TradeLog\SimV3C_NQ_2B_TradeLog.csv,2026-05-01 10:40:36,V3C Compression,TREND_COMPRESSION,2026-05-01 10:37:38,TRANSITION,ROTATION_ILLIQUID,BRACKET_MACRO,ROTATION_ILLIQUID,TrendDown,POST_IB_MACRO,62,COMPRESSED_BALANCE_LOW_EDGE,False,False,False,False,False,False,,,2.966666666666667,TRANSITION,OUT_OF_LANE,OUT_LEADIN_TRANSITION_ROT_ILLIQUID
2026-05-01,2026-05-01 10:40:40,2026-05-01 10:40:48,V3C,SimV3C-NQ-2A,NQ VC3-A Compression Fast ,NQ VC3-A Compression Fast ,,NQ,NQ JUN26,LONG,1,27787.0,27802.5,310.0,310.0,62.0,WIN,Profit target,,,2026-05-06 10:03:09,C:\Users\Valued Customer\NT8_Regimes\V3C\TradeLog\SimV3C_NQ_2A_TradeLog.csv,2026-05-01 10:40:40,V3C Compression,TREND_COMPRESSION,2026-05-01 10:37:38,TRANSITION,ROTATION_ILLIQUID,BRACKET_MACRO,ROTATION_ILLIQUID,TrendDown,POST_IB_MACRO,62,COMPRESSED_BALANCE_LOW_EDGE,False,False,False,False,False,False,,,3.033333333333333,TRANSITION,OUT_OF_LANE,OUT_LEADIN_TRANSITION_ROT_ILLIQUID
2026-05-01,2026-05-01 10:41:00,2026-05-01 10:41:19,V1A,SimV1A- Kalman Fader 1,KalmanPulse_Fader,KalmanPulse_Fader_A,A,NQ,NQ JUN26,SHORT,12,27796.5,27790.25,1050.0,1050.0,210.0,WIN,TARGET_HIT,27802.75,1500.0,2026-05-04 09:21:10,C:\Users\Valued Customer\NT8_Regimes\V1A\TradeLog\KalmanPulse_Fader_A_TradeLog.csv,2026-05-01 10:41:00,Kalman Faders,ROTATION_LIQUID,2026-05-01 10:37:38,TRANSITION,ROTATION_ILLIQUID,BRACKET_MACRO,ROTATION_ILLIQUID,TrendDown,POST_IB_MACRO,62,COMPRESSED_BALANCE_LOW_EDGE,False,False,False,False,False,False,,,3.3666666666666667,TRANSITION,OUT_OF_LANE,OUT_OF_LANE
2026-05-01,2026-05-01 10:41:00,2026-05-01 10:41:19,V1B,SimV1A - Kalman Fader 2,KalmanPulse Fader Mode A+,KalmanPulse_Fader_B,B,NQ,NQ JUN26,SHORT,2,27796.5,27790.25,175.0,175.0,35.0,WIN,TARGET_HIT,27802.75,250.0,2026-05-04 09:21:11,C:\Users\Valued Customer\NT8_Regimes\V1B\TradeLog\KalmanPulse_Fader_B_TradeLog.csv,2026-05-01 10:41:00,Kalman Faders,ROTATION_LIQUID,2026-05-01 10:37:38,TRANSITION,ROTATION_ILLIQUID,BRACKET_MACRO,ROTATION_ILLIQUID,TrendDown,POST_IB_MACRO,62,COMPRESSED_BALANCE_LOW_EDGE,False,False,False,False,False,False,,,3.3666666666666667,TRANSITION,OUT_OF_LANE,OUT_OF_LANE
2026-05-01,2026-05-01 10:42:01,2026-05-01 10:42:05,V1A,SimV1A- Kalman Fader 1,KalmanPulse_Fader,KalmanPulse_Fader_A,A,NQ,NQ JUN26,LONG,12,27786.25,27782.75,-840.0,-840.0,-168.0,LOSS,ENVELOPE_BREAK_EXIT,27780.0,1500.0,2026-05-04 09:21:10,C:\Users\Valued Customer\NT8_Regimes\V1A\TradeLog\KalmanPulse_Fader_A_TradeLog.csv,2026-05-01 10:42:01,Kalman Faders,ROTATION_LIQUID,2026-05-01 10:37:38,TRANSITION,ROTATION_ILLIQUID,BRACKET_MACRO,ROTATION_ILLIQUID,TrendDown,POST_IB_MACRO,62,COMPRESSED_BALANCE_LOW_EDGE,False,False,False,False,False,False,,,4.383333333333334,TRANSITION,OUT_OF_LANE,OUT_OF_LANE
2026-05-01,2026-05-01 10:42:01,2026-05-01 10:42:05,V1B,SimV1A - Kalman Fader 2,KalmanPulse Fader Mode A+,KalmanPulse_Fader_B,B,NQ,NQ JUN26,LONG,2,27786.25,27782.75,-140.0,-140.0,-28.0,LOSS,ENVELOPE_BREAK_EXIT,27780.0,250.0,2026-05-04 09:21:11,C:\Users\Valued Customer\NT8_Regimes\V1B\TradeLog\KalmanPulse_Fader_B_TradeLog.csv,2026-05-01 10:42:01,Kalman Faders,ROTATION_LIQUID,2026-05-01 10:37:38,TRANSITION,ROTATION_ILLIQUID,BRACKET_MACRO,ROTATION_ILLIQUID,TrendDown,POST_IB_MACRO,62,COMPRESSED_BALANCE_LOW_EDGE,False,False,False,False,False,False,,,4.383333333333334,TRANSITION,OUT_OF_LANE,OUT_OF_LANE
2026-05-01,2026-05-01 10:42:32,2026-05-01 10:42:32,V3C,SimV3C-NQ-2B,NQ V3C Compression Clean B,NQ V3C Compression Clean B,,NQ,NQ JUN26,LONG,1,27784.0,27793.25,185.0,185.0,37.0,WIN,Profit target,,,2026-05-06 10:03:06,C:\Users\Valued Customer\NT8_Regimes\V3C\TradeLog\SimV3C_NQ_2B_TradeLog.csv,2026-05-01 10:42:32,V3C Compression,TREND_COMPRESSION,2026-05-01 10:37:38,TRANSITION,ROTATION_ILLIQUID,BRACKET_MACRO,ROTATION_ILLIQUID,TrendDown,POST_IB_MACRO,62,COMPRESSED_BALANCE_LOW_EDGE,False,False,False,False,False,False,,,4.9,TRANSITION,OUT_OF_LANE,OUT_LEADIN_TRANSITION_ROT_ILLIQUID
2026-05-01,2026-05-01 10:42:33,2026-05-01 10:42:36,V3C,SimV3C-NQ-2A,NQ VC3-A Compression Fast ,NQ VC3-A Compression Fast ,,NQ,NQ JUN26,LONG,1,27787.0,27802.75,315.0,315.0,63.0,WIN,Profit target,,,2026-05-06 10:03:09,C:\Users\Valued Customer\NT8_Regimes\V3C\TradeLog\SimV3C_NQ_2A_TradeLog.csv,2026-05-01 10:42:33,V3C Compression,TREND_COMPRESSION,2026-05-01 10:37:38,TRANSITION,ROTATION_ILLIQUID,BRACKET_MACRO,ROTATION_ILLIQUID,TrendDown,POST_IB_MACRO,62,COMPRESSED_BALANCE_LOW_EDGE,False,False,False,False,False,False,,,4.916666666666667,TRANSITION,OUT_OF_LANE,OUT_LEADIN_TRANSITION_ROT_ILLIQUID
2026-05-01,2026-05-01 10:45:56,2026-05-01 10:46:00,V1A,SimV1A- Kalman Fader 1,KalmanPulse_Fader,KalmanPulse_Fader_A,A,NQ,NQ JUN26,SHORT,12,27820.75,27823.5,-660.0,-660.0,-132.0,LOSS,ENVELOPE_BREAK_EXIT,27827.0,1500.0,2026-05-04 09:21:10,C:\Users\Valued Customer\NT8_Regimes\V1A\TradeLog\KalmanPulse_Fader_A_TradeLog.csv,2026-05-01 10:45:56,Kalman Faders,ROTATION_LIQUID,2026-05-01 10:45:42,ROTATION_ILLIQUID,ROTATION_ILLIQUID,BRACKET_MACRO,ROTATION_ILLIQUID,TrendUp,POST_IB_MACRO,62,COMPRESSED_BALANCE_LOW_EDGE,False,False,False,False,False,False,,,0.23333333333333334,ROTATION_ILLIQUID,OUT_OF_LANE,OUT_OF_LANE
2026-05-01,2026-05-01 10:45:56,2026-05-01 10:46:00,V1B,SimV1A - Kalman Fader 2,KalmanPulse Fader Mode A+,KalmanPulse_Fader_B,B,NQ,NQ JUN26,SHORT,2,27820.75,27823.5,-110.0,-110.0,-22.0,LOSS,ENVELOPE_BREAK_EXIT,27827.0,250.0,2026-05-04 09:21:11,C:\Users\Valued Customer\NT8_Regimes\V1B\TradeLog\KalmanPulse_Fader_B_TradeLog.csv,2026-05-01 10:45:56,Kalman Faders,ROTATION_LIQUID,2026-05-01 10:45:42,ROTATION_ILLIQUID,ROTATION_ILLIQUID,BRACKET_MACRO,ROTATION_ILLIQUID,TrendUp,POST_IB_MACRO,62,COMPRESSED_BALANCE_LOW_EDGE,False,False,False,False,False,False,,,0.23333333333333334,ROTATION_ILLIQUID,OUT_OF_LANE,OUT_OF_LANE
2026-05-01,2026-05-01 10:47:26,2026-05-01 10:47:30,V1A,SimV1A- Kalman Fader 1,KalmanPulse_Fader,KalmanPulse_Fader_A,A,NQ,NQ JUN26,SHORT,12,27833.5,27836.0,-600.0,-600.0,-120.0,LOSS,ENVELOPE_BREAK_EXIT,27839.75,1500.0,2026-05-04 09:21:10,C:\Users\Valued Customer\NT8_Regimes\V1A\TradeLog\KalmanPulse_Fader_A_TradeLog.csv,2026-05-01 10:47:26,Kalman Faders,ROTATION_LIQUID,2026-05-01 10:45:42,ROTATION_ILLIQUID,ROTATION_ILLIQUID,BRACKET_MACRO,ROTATION_ILLIQUID,TrendUp,POST_IB_MACRO,62,COMPRESSED_BALANCE_LOW_EDGE,False,False,False,False,False,False,,,1.7333333333333334,ROTATION_ILLIQUID,OUT_OF_LANE,OUT_OF_LANE
2026-05-01,2026-05-01 10:47:33,2026-05-01 10:47:42,V1A,SimV1A- Kalman Fader 1,KalmanPulse_Fader,KalmanPulse_Fader_A,A,NQ,NQ JUN26,SHORT,12,27833.25,27832.25,660.0,660.0,132.0,WIN,STOP_HIT,27839.5,1500.0,2026-05-04 09:21:10,C:\Users\Valued Customer\NT8_Regimes\V1A\TradeLog\KalmanPulse_Fader_A_TradeLog.csv,2026-05-01 10:47:33,Kalman Faders,ROTATION_LIQUID,2026-05-01 10:45:42,ROTATION_ILLIQUID,ROTATION_ILLIQUID,BRACKET_MACRO,ROTATION_ILLIQUID,TrendUp,POST_IB_MACRO,62,COMPRESSED_BALANCE_LOW_EDGE,False,False,False,False,False,False,,,1.85,ROTATION_ILLIQUID,OUT_OF_LANE,OUT_OF_LANE
2026-05-01,2026-05-01 10:48:14,2026-05-01 10:48:15,V1A,SimV1A- Kalman Fader 1,KalmanPulse_Fader,KalmanPulse_Fader_A,A,NQ,NQ JUN26,SHORT,12,27832.25,27834.5,-540.0,-540.0,-108.0,LOSS,ENVELOPE_BREAK_EXIT,27838.5,1500.0,2026-05-04 09:21:10,C:\Users\Valued Customer\NT8_Regimes\V1A\TradeLog\KalmanPulse_Fader_A_TradeLog.csv,2026-05-01 10:48:14,Kalman Faders,ROTATION_LIQUID,2026-05-01 10:45:42,ROTATION_ILLIQUID,ROTATION_ILLIQUID,BRACKET_MACRO,ROTATION_ILLIQUID,TrendUp,POST_IB_MACRO,62,COMPRESSED_BALANCE_LOW_EDGE,False,False,False,False,False,False,,,2.533333333333333,ROTATION_ILLIQUID,OUT_OF_LANE,OUT_OF_LANE
2026-05-01,2026-05-01 10:48:17,2026-05-01 10:48:26,V1A,SimV1A- Kalman Fader 1,KalmanPulse_Fader,KalmanPulse_Fader_A,A,NQ,NQ JUN26,SHORT,12,27832.0,27821.75,1920.0,1920.0,384.0,WIN,TARGET_HIT,27838.25,1500.0,2026-05-04 09:21:10,C:\Users\Valued Customer\NT8_Regimes\V1A\TradeLog\KalmanPulse_Fader_A_TradeLog.csv,2026-05-01 10:48:17,Kalman Faders,ROTATION_LIQUID,2026-05-01 10:45:42,ROTATION_ILLIQUID,ROTATION_ILLIQUID,BRACKET_MACRO,ROTATION_ILLIQUID,TrendUp,POST_IB_MACRO,62,COMPRESSED_BALANCE_LOW_EDGE,False,False,False,False,False,False,,,2.5833333333333335,ROTATION_ILLIQUID,OUT_OF_LANE,OUT_OF_LANE
2026-05-01,2026-05-01 10:48:36,2026-05-01 10:48:59,V1A,SimV1A- Kalman Fader 1,KalmanPulse_Fader,KalmanPulse_Fader_A,A,NQ,NQ JUN26,LONG,12,27820.5,27830.25,1830.0,1830.0,366.0,WIN,TARGET_HIT,27814.25,1500.0,2026-05-04 09:21:10,C:\Users\Valued Customer\NT8_Regimes\V1A\TradeLog\KalmanPulse_Fader_A_TradeLog.csv,2026-05-01 10:48:36,Kalman Faders,ROTATION_LIQUID,2026-05-01 10:45:42,ROTATION_ILLIQUID,ROTATION_ILLIQUID,BRACKET_MACRO,ROTATION_ILLIQUID,TrendUp,POST_IB_MACRO,62,COMPRESSED_BALANCE_LOW_EDGE,False,False,False,False,False,False,,,2.9,ROTATION_ILLIQUID,OUT_OF_LANE,OUT_OF_LANE
2026-05-01,2026-05-01 10:51:27,2026-05-01 10:51:41,V1A,SimV1A- Kalman Fader 1,KalmanPulse_Fader,KalmanPulse_Fader_A,A,NQ,NQ JUN26,SHORT,12,27804.75,27806.25,-360.0,-360.0,-72.0,LOSS,ENVELOPE_BREAK_EXIT,27811.0,1500.0,2026-05-04 09:21:10,C:\Users\Valued Customer\NT8_Regimes\V1A\TradeLog\KalmanPulse_Fader_A_TradeLog.csv,2026-05-01 10:51:27,Kalman Faders,ROTATION_LIQUID,2026-05-01 10:45:42,ROTATION_ILLIQUID,ROTATION_ILLIQUID,BRACKET_MACRO,ROTATION_ILLIQUID,TrendUp,POST_IB_MACRO,62,COMPRESSED_BALANCE_LOW_EDGE,False,False,False,False,False,False,,,5.75,ROTATION_ILLIQUID,OUT_OF_LANE,OUT_OF_LANE
2026-05-01,2026-05-01 10:51:45,2026-05-01 10:51:46,V3C,SimV3C-NQ-2A,NQ VC3-A Compression Fast ,NQ VC3-A Compression Fast ,,NQ,NQ JUN26,LONG,1,27802.0,27818.0,320.0,320.0,64.0,WIN,Profit target,,,2026-05-06 10:03:09,C:\Users\Valued Customer\NT8_Regimes\V3C\TradeLog\SimV3C_NQ_2A_TradeLog.csv,2026-05-01 10:51:45,V3C Compression,TREND_COMPRESSION,2026-05-01 10:45:42,ROTATION_ILLIQUID,ROTATION_ILLIQUID,BRACKET_MACRO,ROTATION_ILLIQUID,TrendUp,POST_IB_MACRO,62,COMPRESSED_BALANCE_LOW_EDGE,False,False,False,False,False,False,,,6.05,ROTATION_ILLIQUID,OUT_OF_LANE,OUT_LEADIN_TRANSITION_ROT_ILLIQUID
2026-05-01,2026-05-01 10:51:45,2026-05-01 10:51:45,V3C,SimV3C-NQ-2B,NQ V3C Compression Clean B,NQ V3C Compression Clean B,,NQ,NQ JUN26,LONG,1,27804.0,27813.5,190.0,190.0,38.0,WIN,Profit target,,,2026-05-06 10:03:06,C:\Users\Valued Customer\NT8_Regimes\V3C\TradeLog\SimV3C_NQ_2B_TradeLog.csv,2026-05-01 10:51:45,V3C Compression,TREND_COMPRESSION,2026-05-01 10:45:42,ROTATION_ILLIQUID,ROTATION_ILLIQUID,BRACKET_MACRO,ROTATION_ILLIQUID,TrendUp,POST_IB_MACRO,62,COMPRESSED_BALANCE_LOW_EDGE,False,False,False,False,False,False,,,6.05,ROTATION_ILLIQUID,OUT_OF_LANE,OUT_LEADIN_TRANSITION_ROT_ILLIQUID
2026-05-01,2026-05-01 10:52:02,2026-05-01 10:56:04,V3C,SimV3C-NQ-2C,NQ V3C Compression Sniper C 20-40-60,NQ V3C Compression Sniper C 20-40-60,,NQ,NQ JUN26,LONG,1,27812.0,27843.5,630.0,630.0,126.0,WIN,Profit target,,,2026-05-06 10:03:07,C:\Users\Valued Customer\NT8_Regimes\V3C\TradeLog\SimV3C_NQ_2C_TradeLog.csv,2026-05-01 10:52:02,V3C Compression,TREND_COMPRESSION,2026-05-01 10:45:42,ROTATION_ILLIQUID,ROTATION_ILLIQUID,BRACKET_MACRO,ROTATION_ILLIQUID,TrendUp,POST_IB_MACRO,62,COMPRESSED_BALANCE_LOW_EDGE,False,False,False,False,False,False,,,6.333333333333333,ROTATION_ILLIQUID,OUT_OF_LANE,OUT_LEADIN_TRANSITION_ROT_ILLIQUID
2026-05-01,2026-05-01 10:52:56,2026-05-01 10:53:07,V1A,SimV1A- Kalman Fader 1,KalmanPulse_Fader,KalmanPulse_Fader_A,A,NQ,NQ JUN26,SHORT,12,27830.25,27829.25,660.0,660.0,132.0,WIN,STOP_HIT,27836.5,1500.0,2026-05-04 09:21:10,C:\Users\Valued Customer\NT8_Regimes\V1A\TradeLog\KalmanPulse_Fader_A_TradeLog.csv,2026-05-01 10:52:56,Kalman Faders,ROTATION_LIQUID,2026-05-01 10:45:42,ROTATION_ILLIQUID,ROTATION_ILLIQUID,BRACKET_MACRO,ROTATION_ILLIQUID,TrendUp,POST_IB_MACRO,62,COMPRESSED_BALANCE_LOW_EDGE,False,False,False,False,False,False,,,7.233333333333333,ROTATION_ILLIQUID,OUT_OF_LANE,OUT_OF_LANE
2026-05-01,2026-05-01 10:55:08,2026-05-01 10:55:08,V3C,SimV3C-NQ-2B,NQ V3C Compression Clean B,NQ V3C Compression Clean B,,NQ,NQ JUN26,LONG,1,27820.0,27829.5,190.0,190.0,38.0,WIN,Profit target,,,2026-05-06 10:03:06,C:\Users\Valued Customer\NT8_Regimes\V3C\TradeLog\SimV3C_NQ_2B_TradeLog.csv,2026-05-01 10:55:08,V3C Compression,TREND_COMPRESSION,2026-05-01 10:45:42,ROTATION_ILLIQUID,ROTATION_ILLIQUID,BRACKET_MACRO,ROTATION_ILLIQUID,TrendUp,POST_IB_MACRO,62,COMPRESSED_BALANCE_LOW_EDGE,False,False,False,False,False,False,,,9.433333333333334,ROTATION_ILLIQUID,OUT_OF_LANE,OUT_LEADIN_TRANSITION_ROT_ILLIQUID
2026-05-01,2026-05-01 10:55:19,2026-05-01 10:55:38,V1A,SimV1A- Kalman Fader 1,KalmanPulse_Fader,KalmanPulse_Fader_A,A,NQ,NQ JUN26,SHORT,12,27830.75,27832.25,-360.0,-360.0,-72.0,LOSS,ENVELOPE_BREAK_EXIT,27837.0,1500.0,2026-05-04 09:21:10,C:\Users\Valued Customer\NT8_Regimes\V1A\TradeLog\KalmanPulse_Fader_A_TradeLog.csv,2026-05-01 10:55:19,Kalman Faders,ROTATION_LIQUID,2026-05-01 10:45:42,ROTATION_ILLIQUID,ROTATION_ILLIQUID,BRACKET_MACRO,ROTATION_ILLIQUID,TrendUp,POST_IB_MACRO,62,COMPRESSED_BALANCE_LOW_EDGE,False,False,False,False,False,False,,,9.616666666666667,ROTATION_ILLIQUID,OUT_OF_LANE,OUT_OF_LANE
2026-05-01,2026-05-01 10:57:28,2026-05-01 10:57:29,V1A,SimV1A- Kalman Fader 1,KalmanPulse_Fader,KalmanPulse_Fader_A,A,NQ,NQ JUN26,LONG,12,27830.25,27828.5,-420.0,-420.0,-84.0,LOSS,ENVELOPE_BREAK_EXIT,27824.0,1500.0,2026-05-04 09:21:10,C:\Users\Valued Customer\NT8_Regimes\V1A\TradeLog\KalmanPulse_Fader_A_TradeLog.csv,2026-05-01 10:57:28,Kalman Faders,ROTATION_LIQUID,2026-05-01 10:56:36,ROTATION_ILLIQUID,ROTATION_ILLIQUID,BRACKET_MACRO,ROTATION_ILLIQUID,TrendUp,POST_IB_MACRO,62,COMPRESSED_BALANCE_LOW_EDGE,False,False,False,False,False,False,,,0.8666666666666667,ROTATION_ILLIQUID,OUT_OF_LANE,OUT_OF_LANE
2026-05-01,2026-05-01 10:59:15,2026-05-01 10:59:15,V3C,SimV3C-NQ-2B,NQ V3C Compression Clean B,NQ V3C Compression Clean B,,NQ,NQ JUN26,LONG,1,27820.0,27829.5,190.0,190.0,38.0,WIN,Profit target,,,2026-05-06 10:03:06,C:\Users\Valued Customer\NT8_Regimes\V3C\TradeLog\SimV3C_NQ_2B_TradeLog.csv,2026-05-01 10:59:15,V3C Compression,TREND_COMPRESSION,2026-05-01 10:56:36,ROTATION_ILLIQUID,ROTATION_ILLIQUID,BRACKET_MACRO,ROTATION_ILLIQUID,TrendUp,POST_IB_MACRO,62,COMPRESSED_BALANCE_LOW_EDGE,False,False,False,False,False,False,,,2.65,ROTATION_ILLIQUID,OUT_OF_LANE,OUT_LEADIN_TRANSITION_ROT_ILLIQUID
2026-05-01,2026-05-01 10:59:24,2026-05-01 11:00:05,V3C,SimV3C-NQ-2A,NQ VC3-A Compression Fast ,NQ VC3-A Compression Fast ,,NQ,NQ JUN26,LONG,1,27822.0,27806.0,-320.0,-320.0,-64.0,LOSS,Stop loss,,,2026-05-06 10:03:09,C:\Users\Valued Customer\NT8_Regimes\V3C\TradeLog\SimV3C_NQ_2A_TradeLog.csv,2026-05-01 10:59:24,V3C Compression,TREND_COMPRESSION,2026-05-01 10:56:36,ROTATION_ILLIQUID,ROTATION_ILLIQUID,BRACKET_MACRO,ROTATION_ILLIQUID,TrendUp,POST_IB_MACRO,62,COMPRESSED_BALANCE_LOW_EDGE,False,False,False,False,False,False,,,2.8,ROTATION_ILLIQUID,OUT_OF_LANE,OUT_LEADIN_TRANSITION_ROT_ILLIQUID
2026-05-01,2026-05-01 11:01:14,2026-05-01 11:01:21,V1A,SimV1A- Kalman Fader 1,KalmanPulse_Fader,KalmanPulse_Fader_A,A,NQ,NQ JUN26,LONG,12,27800.0,27796.25,-900.0,-900.0,-180.0,LOSS,ENVELOPE_BREAK_EXIT,27793.75,1500.0,2026-05-04 09:21:10,C:\Users\Valued Customer\NT8_Regimes\V1A\TradeLog\KalmanPulse_Fader_A_TradeLog.csv,2026-05-01 11:01:14,Kalman Faders,ROTATION_LIQUID,2026-05-01 10:56:36,ROTATION_ILLIQUID,ROTATION_ILLIQUID,BRACKET_MACRO,ROTATION_ILLIQUID,TrendUp,POST_IB_MACRO,62,COMPRESSED_BALANCE_LOW_EDGE,False,False,False,False,False,False,,,4.633333333333334,ROTATION_ILLIQUID,OUT_OF_LANE,OUT_OF_LANE
2026-05-01,2026-05-01 11:02:08,2026-05-01 11:02:14,V1A,SimV1A- Kalman Fader 1,KalmanPulse_Fader,KalmanPulse_Fader_A,A,NQ,NQ JUN26,SHORT,12,27792.5,27783.75,1560.0,1560.0,312.0,WIN,TARGET_HIT,27798.75,1500.0,2026-05-04 09:21:10,C:\Users\Valued Customer\NT8_Regimes\V1A\TradeLog\KalmanPulse_Fader_A_TradeLog.csv,2026-05-01 11:02:08,Kalman Faders,ROTATION_LIQUID,2026-05-01 10:56:36,ROTATION_ILLIQUID,ROTATION_ILLIQUID,BRACKET_MACRO,ROTATION_ILLIQUID,TrendUp,POST_IB_MACRO,62,COMPRESSED_BALANCE_LOW_EDGE,False,False,False,False,False,False,,,5.533333333333333,ROTATION_ILLIQUID,OUT_OF_LANE,OUT_OF_LANE
2026-05-01,2026-05-01 11:02:59,2026-05-01 11:03:01,V1A,SimV1A- Kalman Fader 1,KalmanPulse_Fader,KalmanPulse_Fader_A,A,NQ,NQ JUN26,SHORT,12,27783.25,27786.5,-780.0,-780.0,-156.0,LOSS,ENVELOPE_BREAK_EXIT,27789.5,1500.0,2026-05-04 09:21:10,C:\Users\Valued Customer\NT8_Regimes\V1A\TradeLog\KalmanPulse_Fader_A_TradeLog.csv,2026-05-01 11:02:59,Kalman Faders,ROTATION_LIQUID,2026-05-01 10:56:36,ROTATION_ILLIQUID,ROTATION_ILLIQUID,BRACKET_MACRO,ROTATION_ILLIQUID,TrendUp,POST_IB_MACRO,62,COMPRESSED_BALANCE_LOW_EDGE,False,False,False,False,False,False,,,6.383333333333334,ROTATION_ILLIQUID,OUT_OF_LANE,OUT_OF_LANE
2026-05-01,2026-05-01 11:03:01,2026-05-01 11:03:04,V1A,SimV1A- Kalman Fader 1,KalmanPulse_Fader,KalmanPulse_Fader_A,A,NQ,NQ JUN26,SHORT,12,27783.25,27787.75,-1080.0,-1080.0,-216.0,LOSS,ENVELOPE_BREAK_EXIT,27789.5,1500.0,2026-05-04 09:21:10,C:\Users\Valued Customer\NT8_Regimes\V1A\TradeLog\KalmanPulse_Fader_A_TradeLog.csv,2026-05-01 11:03:01,Kalman Faders,ROTATION_LIQUID,2026-05-01 10:56:36,ROTATION_ILLIQUID,ROTATION_ILLIQUID,BRACKET_MACRO,ROTATION_ILLIQUID,TrendUp,POST_IB_MACRO,62,COMPRESSED_BALANCE_LOW_EDGE,False,False,False,False,False,False,,,6.416666666666667,ROTATION_ILLIQUID,OUT_OF_LANE,OUT_OF_LANE
2026-05-01,2026-05-01 11:03:05,2026-05-01 11:03:40,V3C,SimV3C-NQ-2A,NQ VC3-A Compression Fast ,NQ VC3-A Compression Fast ,,NQ,NQ JUN26,LONG,1,27782.0,27797.75,315.0,315.0,63.0,WIN,Profit target,,,2026-05-06 10:03:09,C:\Users\Valued Customer\NT8_Regimes\V3C\TradeLog\SimV3C_NQ_2A_TradeLog.csv,2026-05-01 11:03:05,V3C Compression,TREND_COMPRESSION,2026-05-01 10:56:36,ROTATION_ILLIQUID,ROTATION_ILLIQUID,BRACKET_MACRO,ROTATION_ILLIQUID,TrendUp,POST_IB_MACRO,62,COMPRESSED_BALANCE_LOW_EDGE,False,False,False,False,False,False,,,6.483333333333333,ROTATION_ILLIQUID,OUT_OF_LANE,OUT_LEADIN_TRANSITION_ROT_ILLIQUID
2026-05-01,2026-05-01 11:03:05,2026-05-01 11:03:05,V3C,SimV3C-NQ-2B,NQ V3C Compression Clean B,NQ V3C Compression Clean B,,NQ,NQ JUN26,LONG,1,27784.0,27793.5,190.0,190.0,38.0,WIN,Profit target,,,2026-05-06 10:03:06,C:\Users\Valued Customer\NT8_Regimes\V3C\TradeLog\SimV3C_NQ_2B_TradeLog.csv,2026-05-01 11:03:05,V3C Compression,TREND_COMPRESSION,2026-05-01 10:56:36,ROTATION_ILLIQUID,ROTATION_ILLIQUID,BRACKET_MACRO,ROTATION_ILLIQUID,TrendUp,POST_IB_MACRO,62,COMPRESSED_BALANCE_LOW_EDGE,False,False,False,False,False,False,,,6.483333333333333,ROTATION_ILLIQUID,OUT_OF_LANE,OUT_LEADIN_TRANSITION_ROT_ILLIQUID
2026-05-01,2026-05-01 11:04:16,2026-05-01 11:04:16,V1A,SimV1A- Kalman Fader 1,KalmanPulse_Fader,KalmanPulse_Fader_A,A,NQ,NQ JUN26,LONG,12,27786.0,27783.0,-720.0,-720.0,-144.0,LOSS,ENVELOPE_BREAK_EXIT,27779.75,1500.0,2026-05-04 09:21:10,C:\Users\Valued Customer\NT8_Regimes\V1A\TradeLog\KalmanPulse_Fader_A_TradeLog.csv,2026-05-01 11:04:16,Kalman Faders,ROTATION_LIQUID,2026-05-01 10:56:36,ROTATION_ILLIQUID,ROTATION_ILLIQUID,BRACKET_MACRO,ROTATION_ILLIQUID,TrendUp,POST_IB_MACRO,62,COMPRESSED_BALANCE_LOW_EDGE,False,False,False,False,False,False,,,7.666666666666667,ROTATION_ILLIQUID,OUT_OF_LANE,OUT_OF_LANE
2026-05-01,2026-05-01 11:04:20,2026-05-01 11:04:26,V1A,SimV1A- Kalman Fader 1,KalmanPulse_Fader,KalmanPulse_Fader_A,A,NQ,NQ JUN26,LONG,12,27785.0,27782.0,-720.0,-720.0,-144.0,LOSS,ENVELOPE_BREAK_EXIT,27778.75,1500.0,2026-05-04 09:21:10,C:\Users\Valued Customer\NT8_Regimes\V1A\TradeLog\KalmanPulse_Fader_A_TradeLog.csv,2026-05-01 11:04:20,Kalman Faders,ROTATION_LIQUID,2026-05-01 10:56:36,ROTATION_ILLIQUID,ROTATION_ILLIQUID,BRACKET_MACRO,ROTATION_ILLIQUID,TrendUp,POST_IB_MACRO,62,COMPRESSED_BALANCE_LOW_EDGE,False,False,False,False,False,False,,,7.733333333333333,ROTATION_ILLIQUID,OUT_OF_LANE,OUT_OF_LANE
2026-05-01,2026-05-01 11:04:30,2026-05-01 11:04:48,V1A,SimV1A- Kalman Fader 1,KalmanPulse_Fader,KalmanPulse_Fader_A,A,NQ,NQ JUN26,LONG,12,27784.5,27792.0,1470.0,1470.0,294.0,WIN,TARGET_HIT,27778.25,1500.0,2026-05-04 09:21:10,C:\Users\Valued Customer\NT8_Regimes\V1A\TradeLog\KalmanPulse_Fader_A_TradeLog.csv,2026-05-01 11:04:30,Kalman Faders,ROTATION_LIQUID,2026-05-01 10:56:36,ROTATION_ILLIQUID,ROTATION_ILLIQUID,BRACKET_MACRO,ROTATION_ILLIQUID,TrendUp,POST_IB_MACRO,62,COMPRESSED_BALANCE_LOW_EDGE,False,False,False,False,False,False,,,7.9,ROTATION_ILLIQUID,OUT_OF_LANE,OUT_OF_LANE
2026-05-01,2026-05-01 11:04:32,2026-05-01 11:04:32,V3C,SimV3C-NQ-2B,NQ V3C Compression Clean B,NQ V3C Compression Clean B,,NQ,NQ JUN26,LONG,1,27784.0,27793.5,190.0,190.0,38.0,WIN,Profit target,,,2026-05-06 10:03:06,C:\Users\Valued Customer\NT8_Regimes\V3C\TradeLog\SimV3C_NQ_2B_TradeLog.csv,2026-05-01 11:04:32,V3C Compression,TREND_COMPRESSION,2026-05-01 10:56:36,ROTATION_ILLIQUID,ROTATION_ILLIQUID,BRACKET_MACRO,ROTATION_ILLIQUID,TrendUp,POST_IB_MACRO,62,COMPRESSED_BALANCE_LOW_EDGE,False,False,False,False,False,False,,,7.933333333333334,ROTATION_ILLIQUID,OUT_OF_LANE,OUT_LEADIN_TRANSITION_ROT_ILLIQUID
2026-05-01,2026-05-01 11:04:49,2026-05-01 11:04:52,V3C,SimV3C-NQ-2A,NQ VC3-A Compression Fast ,NQ VC3-A Compression Fast ,,NQ,NQ JUN26,LONG,1,27787.0,27803.0,320.0,320.0,64.0,WIN,Profit target,,,2026-05-06 10:03:09,C:\Users\Valued Customer\NT8_Regimes\V3C\TradeLog\SimV3C_NQ_2A_TradeLog.csv,2026-05-01 11:04:49,V3C Compression,TREND_COMPRESSION,2026-05-01 10:56:36,ROTATION_ILLIQUID,ROTATION_ILLIQUID,BRACKET_MACRO,ROTATION_ILLIQUID,TrendUp,POST_IB_MACRO,62,COMPRESSED_BALANCE_LOW_EDGE,False,False,False,False,False,False,,,8.216666666666667,ROTATION_ILLIQUID,OUT_OF_LANE,OUT_LEADIN_TRANSITION_ROT_ILLIQUID
2026-05-01,2026-05-01 11:04:52,2026-05-01 11:11:59,V3C,SimV3C-NQ-2C,NQ V3C Compression Sniper C 20-40-60,NQ V3C Compression Sniper C 20-40-60,,NQ,NQ JUN26,LONG,1,27782.0,27813.25,625.0,625.0,125.0,WIN,Profit target,,,2026-05-06 10:03:07,C:\Users\Valued Customer\NT8_Regimes\V3C\TradeLog\SimV3C_NQ_2C_TradeLog.csv,2026-05-01 11:04:52,V3C Compression,TREND_COMPRESSION,2026-05-01 10:56:36,ROTATION_ILLIQUID,ROTATION_ILLIQUID,BRACKET_MACRO,ROTATION_ILLIQUID,TrendUp,POST_IB_MACRO,62,COMPRESSED_BALANCE_LOW_EDGE,False,False,False,False,False,False,,,8.266666666666667,ROTATION_ILLIQUID,OUT_OF_LANE,OUT_LEADIN_TRANSITION_ROT_ILLIQUID
2026-05-01,2026-05-01 11:05:53,2026-05-01 11:05:53,V3C,SimV3C-NQ-2B,NQ V3C Compression Clean B,NQ V3C Compression Clean B,,NQ,NQ JUN26,LONG,1,27788.0,27797.5,190.0,190.0,38.0,WIN,Profit target,,,2026-05-06 10:03:06,C:\Users\Valued Customer\NT8_Regimes\V3C\TradeLog\SimV3C_NQ_2B_TradeLog.csv,2026-05-01 11:05:53,V3C Compression,TREND_COMPRESSION,2026-05-01 10:56:36,ROTATION_ILLIQUID,ROTATION_ILLIQUID,BRACKET_MACRO,ROTATION_ILLIQUID,TrendUp,POST_IB_MACRO,62,COMPRESSED_BALANCE_LOW_EDGE,False,False,False,False,False,False,,,9.283333333333333,ROTATION_ILLIQUID,OUT_OF_LANE,OUT_LEADIN_TRANSITION_ROT_ILLIQUID
2026-05-01,2026-05-01 11:05:58,2026-05-01 11:06:01,V3C,SimV3C-NQ-2A,NQ VC3-A Compression Fast ,NQ VC3-A Compression Fast ,,NQ,NQ JUN26,LONG,1,27787.0,27803.0,320.0,320.0,64.0,WIN,Profit target,,,2026-05-06 10:03:09,C:\Users\Valued Customer\NT8_Regimes\V3C\TradeLog\SimV3C_NQ_2A_TradeLog.csv,2026-05-01 11:05:58,V3C Compression,TREND_COMPRESSION,2026-05-01 10:56:36,ROTATION_ILLIQUID,ROTATION_ILLIQUID,BRACKET_MACRO,ROTATION_ILLIQUID,TrendUp,POST_IB_MACRO,62,COMPRESSED_BALANCE_LOW_EDGE,False,False,False,False,False,False,,,9.366666666666667,ROTATION_ILLIQUID,OUT_OF_LANE,OUT_LEADIN_TRANSITION_ROT_ILLIQUID
2026-05-01,2026-05-01 11:06:30,2026-05-01 11:06:31,V1A,SimV1A- Kalman Fader 1,KalmanPulse_Fader,KalmanPulse_Fader_A,A,NQ,NQ JUN26,LONG,12,27791.25,27789.25,-480.0,-480.0,-96.0,LOSS,ENVELOPE_BREAK_EXIT,27784.75,1560.0,2026-05-04 09:21:10,C:\Users\Valued Customer\NT8_Regimes\V1A\TradeLog\KalmanPulse_Fader_A_TradeLog.csv,2026-05-01 11:06:30,Kalman Faders,ROTATION_LIQUID,2026-05-01 11:06:22,ROTATION_ILLIQUID,ROTATION_ILLIQUID,BRACKET_MACRO,ROTATION_ILLIQUID,TrendUp,MID_MORNING_DISCOVERY,62,COMPRESSED_BALANCE_LOW_EDGE,False,False,False,False,False,False,,,0.13333333333333333,ROTATION_ILLIQUID,OUT_OF_LANE,OUT_OF_LANE
2026-05-01,2026-05-01 11:06:52,2026-05-01 11:07:01,V1A,SimV1A- Kalman Fader 1,KalmanPulse_Fader,KalmanPulse_Fader_A,A,NQ,NQ JUN26,LONG,12,27791.5,27788.0,-840.0,-840.0,-168.0,LOSS,ENVELOPE_BREAK_EXIT,27785.25,1500.0,2026-05-04 09:21:10,C:\Users\Valued Customer\NT8_Regimes\V1A\TradeLog\KalmanPulse_Fader_A_TradeLog.csv,2026-05-01 11:06:52,Kalman Faders,ROTATION_LIQUID,2026-05-01 11:06:22,ROTATION_ILLIQUID,ROTATION_ILLIQUID,BRACKET_MACRO,ROTATION_ILLIQUID,TrendUp,MID_MORNING_DISCOVERY,62,COMPRESSED_BALANCE_LOW_EDGE,False,False,False,False,False,False,,,0.5,ROTATION_ILLIQUID,OUT_OF_LANE,OUT_OF_LANE
2026-05-01,2026-05-01 11:08:10,2026-05-01 11:08:10,V3C,SimV3C-NQ-2B,NQ V3C Compression Clean B,NQ V3C Compression Clean B,,NQ,NQ JUN26,LONG,1,27788.0,27797.75,195.0,195.0,39.0,WIN,Profit target,,,2026-05-06 10:03:06,C:\Users\Valued Customer\NT8_Regimes\V3C\TradeLog\SimV3C_NQ_2B_TradeLog.csv,2026-05-01 11:08:10,V3C Compression,TREND_COMPRESSION,2026-05-01 11:06:22,ROTATION_ILLIQUID,ROTATION_ILLIQUID,BRACKET_MACRO,ROTATION_ILLIQUID,TrendUp,MID_MORNING_DISCOVERY,62,COMPRESSED_BALANCE_LOW_EDGE,False,False,False,False,False,False,,,1.8,ROTATION_ILLIQUID,OUT_OF_LANE,OUT_LEADIN_TRANSITION_ROT_ILLIQUID
2026-05-01,2026-05-01 11:08:18,2026-05-01 11:09:53,V3C,SimV3C-NQ-2A,NQ VC3-A Compression Fast ,NQ VC3-A Compression Fast ,,NQ,NQ JUN26,LONG,1,27787.0,27802.75,315.0,315.0,63.0,WIN,Profit target,,,2026-05-06 10:03:09,C:\Users\Valued Customer\NT8_Regimes\V3C\TradeLog\SimV3C_NQ_2A_TradeLog.csv,2026-05-01 11:08:18,V3C Compression,TREND_COMPRESSION,2026-05-01 11:06:22,ROTATION_ILLIQUID,ROTATION_ILLIQUID,BRACKET_MACRO,ROTATION_ILLIQUID,TrendUp,MID_MORNING_DISCOVERY,62,COMPRESSED_BALANCE_LOW_EDGE,False,False,False,False,False,False,,,1.9333333333333333,ROTATION_ILLIQUID,OUT_OF_LANE,OUT_LEADIN_TRANSITION_ROT_ILLIQUID
2026-05-01,2026-05-01 11:08:29,2026-05-01 11:08:44,V1A,SimV1A- Kalman Fader 1,KalmanPulse_Fader,KalmanPulse_Fader_A,A,NQ,NQ JUN26,SHORT,12,27794.75,27793.75,690.0,690.0,138.0,WIN,STOP_HIT,27801.0,1500.0,2026-05-04 09:21:10,C:\Users\Valued Customer\NT8_Regimes\V1A\TradeLog\KalmanPulse_Fader_A_TradeLog.csv,2026-05-01 11:08:29,Kalman Faders,ROTATION_LIQUID,2026-05-01 11:06:22,ROTATION_ILLIQUID,ROTATION_ILLIQUID,BRACKET_MACRO,ROTATION_ILLIQUID,TrendUp,MID_MORNING_DISCOVERY,62,COMPRESSED_BALANCE_LOW_EDGE,False,False,False,False,False,False,,,2.1166666666666667,ROTATION_ILLIQUID,OUT_OF_LANE,OUT_OF_LANE
2026-05-01,2026-05-01 11:09:14,2026-05-01 11:09:48,V1A,SimV1A- Kalman Fader 1,KalmanPulse_Fader,KalmanPulse_Fader_A,A,NQ,NQ JUN26,SHORT,12,27796.5,27795.5,720.0,720.0,144.0,WIN,STOP_HIT,27802.75,1500.0,2026-05-04 09:21:10,C:\Users\Valued Customer\NT8_Regimes\V1A\TradeLog\KalmanPulse_Fader_A_TradeLog.csv,2026-05-01 11:09:14,Kalman Faders,ROTATION_LIQUID,2026-05-01 11:06:22,ROTATION_ILLIQUID,ROTATION_ILLIQUID,BRACKET_MACRO,ROTATION_ILLIQUID,TrendUp,MID_MORNING_DISCOVERY,62,COMPRESSED_BALANCE_LOW_EDGE,False,False,False,False,False,False,,,2.8666666666666667,ROTATION_ILLIQUID,OUT_OF_LANE,OUT_OF_LANE
2026-05-01,2026-05-01 11:10:19,2026-05-01 11:10:31,V1A,SimV1A- Kalman Fader 1,KalmanPulse_Fader,KalmanPulse_Fader_A,A,NQ,NQ JUN26,SHORT,12,27800.75,27791.75,1710.0,1710.0,342.0,WIN,TARGET_HIT,27807.0,1500.0,2026-05-04 09:21:10,C:\Users\Valued Customer\NT8_Regimes\V1A\TradeLog\KalmanPulse_Fader_A_TradeLog.csv,2026-05-01 11:10:19,Kalman Faders,ROTATION_LIQUID,2026-05-01 11:06:22,ROTATION_ILLIQUID,ROTATION_ILLIQUID,BRACKET_MACRO,ROTATION_ILLIQUID,TrendUp,MID_MORNING_DISCOVERY,62,COMPRESSED_BALANCE_LOW_EDGE,False,False,False,False,False,False,,,3.95,ROTATION_ILLIQUID,OUT_OF_LANE,OUT_OF_LANE
2026-05-01,2026-05-01 11:10:40,2026-05-01 11:11:01,V1A,SimV1A- Kalman Fader 1,KalmanPulse_Fader,KalmanPulse_Fader_A,A,NQ,NQ JUN26,LONG,12,27792.5,27790.25,-540.0,-540.0,-108.0,LOSS,ENVELOPE_BREAK_EXIT,27786.25,1500.0,2026-05-04 09:21:10,C:\Users\Valued Customer\NT8_Regimes\V1A\TradeLog\KalmanPulse_Fader_A_TradeLog.csv,2026-05-01 11:10:40,Kalman Faders,ROTATION_LIQUID,2026-05-01 11:06:22,ROTATION_ILLIQUID,ROTATION_ILLIQUID,BRACKET_MACRO,ROTATION_ILLIQUID,TrendUp,MID_MORNING_DISCOVERY,62,COMPRESSED_BALANCE_LOW_EDGE,False,False,False,False,False,False,,,4.3,ROTATION_ILLIQUID,OUT_OF_LANE,OUT_OF_LANE
2026-05-01,2026-05-01 11:11:10,2026-05-01 11:11:10,V3C,SimV3C-NQ-2B,NQ V3C Compression Clean B,NQ V3C Compression Clean B,,NQ,NQ JUN26,LONG,1,27796.0,27805.75,195.0,195.0,39.0,WIN,Profit target,,,2026-05-06 10:03:06,C:\Users\Valued Customer\NT8_Regimes\V3C\TradeLog\SimV3C_NQ_2B_TradeLog.csv,2026-05-01 11:11:10,V3C Compression,TREND_COMPRESSION,2026-05-01 11:06:22,ROTATION_ILLIQUID,ROTATION_ILLIQUID,BRACKET_MACRO,ROTATION_ILLIQUID,TrendUp,MID_MORNING_DISCOVERY,62,COMPRESSED_BALANCE_LOW_EDGE,False,False,False,False,False,False,,,4.8,ROTATION_ILLIQUID,OUT_OF_LANE,OUT_LEADIN_TRANSITION_ROT_ILLIQUID
2026-05-01,2026-05-01 11:18:08,2026-05-01 11:18:10,V1A,SimV1A- Kalman Fader 1,KalmanPulse_Fader,KalmanPulse_Fader_A,A,NQ,NQ JUN26,SHORT,12,27841.5,27842.75,-300.0,-300.0,-60.0,LOSS,ENVELOPE_BREAK_EXIT,27847.75,1500.0,2026-05-04 09:21:10,C:\Users\Valued Customer\NT8_Regimes\V1A\TradeLog\KalmanPulse_Fader_A_TradeLog.csv,2026-05-01 11:18:08,Kalman Faders,ROTATION_LIQUID,2026-05-01 11:15:54,TREND_COMPRESSION,TREND_COMPRESSION,BRACKET_MACRO,ROTATION_ILLIQUID,TrendUp,MID_MORNING_DISCOVERY,66,MICRO_TREND_INSIDE_MACRO_STRUCTURE,True,False,True,True,False,False,,,2.2333333333333334,TREND_COMPRESSION,OUT_OF_LANE,OUT_OF_LANE
2026-05-01,2026-05-01 11:19:14,2026-05-01 11:19:38,V1A,SimV1A- Kalman Fader 1,KalmanPulse_Fader,KalmanPulse_Fader_A,A,NQ,NQ JUN26,SHORT,12,27849.25,27848.25,600.0,600.0,120.0,WIN,STOP_HIT,27855.5,1500.0,2026-05-04 09:21:10,C:\Users\Valued Customer\NT8_Regimes\V1A\TradeLog\KalmanPulse_Fader_A_TradeLog.csv,2026-05-01 11:19:14,Kalman Faders,ROTATION_LIQUID,2026-05-01 11:18:57,TREND_COMPRESSION,TREND_COMPRESSION,BRACKET_MACRO,ROTATION_ILLIQUID,TrendUp,MID_MORNING_DISCOVERY,66,MICRO_TREND_INSIDE_MACRO_STRUCTURE,True,False,True,True,False,False,,,0.2833333333333333,TREND_COMPRESSION,OUT_OF_LANE,OUT_OF_LANE
2026-05-01,2026-05-01 11:19:41,2026-05-01 11:20:00,V1A,SimV1A- Kalman Fader 1,KalmanPulse_Fader,KalmanPulse_Fader_A,A,NQ,NQ JUN26,LONG,12,27839.75,27850.0,1920.0,1920.0,384.0,WIN,TARGET_HIT,27833.5,1500.0,2026-05-04 09:21:10,C:\Users\Valued Customer\NT8_Regimes\V1A\TradeLog\KalmanPulse_Fader_A_TradeLog.csv,2026-05-01 11:19:41,Kalman Faders,ROTATION_LIQUID,2026-05-01 11:18:57,TREND_COMPRESSION,TREND_COMPRESSION,BRACKET_MACRO,ROTATION_ILLIQUID,TrendUp,MID_MORNING_DISCOVERY,66,MICRO_TREND_INSIDE_MACRO_STRUCTURE,True,False,True,True,False,False,,,0.7333333333333333,TREND_COMPRESSION,OUT_OF_LANE,OUT_OF_LANE
2026-05-01,2026-05-01 11:20:00,2026-05-01 11:21:00,V1B,SimV1A - Kalman Fader 2,KalmanPulse Fader Mode A+,KalmanPulse_Fader_B,B,NQ,NQ JUN26,SHORT,2,27841.75,27852.0,-410.0,-410.0,-82.0,LOSS,ENVELOPE_BREAK_EXIT,27858.5,670.0,2026-05-06 13:41:20,C:\Users\Valued Customer\NT8_Regimes\V1B\TradeLog\KalmanPulse_Fader_B_TradeLog.csv,2026-05-01 11:20:00,Kalman Faders,ROTATION_LIQUID,2026-05-01 11:18:57,TREND_COMPRESSION,TREND_COMPRESSION,BRACKET_MACRO,ROTATION_ILLIQUID,TrendUp,MID_MORNING_DISCOVERY,66,MICRO_TREND_INSIDE_MACRO_STRUCTURE,True,False,True,True,False,False,,,1.05,TREND_COMPRESSION,OUT_OF_LANE,OUT_OF_LANE
2026-05-01,2026-05-01 11:20:00,2026-05-01 11:21:00,V1B,SimV1A - Kalman Fader 2,KalmanPulse Fader Mode A+,KalmanPulse_Fader_B,B,NQ,NQ JUN26,SHORT,2,27841.75,27852.0,-410.0,-410.0,-82.0,LOSS,ENVELOPE_BREAK_EXIT,27858.5,670.0,2026-05-06 12:22:55,C:\Users\Valued Customer\NT8_Regimes\V1B\TradeLog\KalmanPulse_Fader_B_TradeLog.csv,2026-05-01 11:20:00,Kalman Faders,ROTATION_LIQUID,2026-05-01 11:18:57,TREND_COMPRESSION,TREND_COMPRESSION,BRACKET_MACRO,ROTATION_ILLIQUID,TrendUp,MID_MORNING_DISCOVERY,66,MICRO_TREND_INSIDE_MACRO_STRUCTURE,True,False,True,True,False,False,,,1.05,TREND_COMPRESSION,OUT_OF_LANE,OUT_OF_LANE
2026-05-01,2026-05-01 11:20:00,2026-05-01 11:21:00,V1B,SimV1A - Kalman Fader 2,KalmanPulse Fader Mode A+,KalmanPulse_Fader_B,A,NQ,NQ JUN26,SHORT,2,27841.75,27852.0,-410.0,-410.0,-82.0,LOSS,ENVELOPE_BREAK_EXIT,27858.5,670.0,2026-05-06 13:43:35,C:\Users\Valued Customer\NT8_Regimes\V1B\TradeLog\KalmanPulse_Fader_B_TradeLog.csv,2026-05-01 11:20:00,Kalman Faders,ROTATION_LIQUID,2026-05-01 11:18:57,TREND_COMPRESSION,TREND_COMPRESSION,BRACKET_MACRO,ROTATION_ILLIQUID,TrendUp,MID_MORNING_DISCOVERY,66,MICRO_TREND_INSIDE_MACRO_STRUCTURE,True,False,True,True,False,False,,,1.05,TREND_COMPRESSION,OUT_OF_LANE,OUT_OF_LANE
2026-05-01,2026-05-01 11:20:00,2026-05-01 11:21:00,V1B,SimV1A - Kalman Fader 2,KalmanPulse Fader Mode A+,KalmanPulse_Fader_B,B,NQ,NQ JUN26,SHORT,2,27841.75,27852.0,-410.0,-410.0,-82.0,LOSS,ENVELOPE_BREAK_EXIT,27858.5,670.0,2026-05-06 13:36:25,C:\Users\Valued Customer\NT8_Regimes\V1B\TradeLog\KalmanPulse_Fader_B_TradeLog.csv,2026-05-01 11:20:00,Kalman Faders,ROTATION_LIQUID,2026-05-01 11:18:57,TREND_COMPRESSION,TREND_COMPRESSION,BRACKET_MACRO,ROTATION_ILLIQUID,TrendUp,MID_MORNING_DISCOVERY,66,MICRO_TREND_INSIDE_MACRO_STRUCTURE,True,False,True,True,False,False,,,1.05,TREND_COMPRESSION,OUT_OF_LANE,OUT_OF_LANE
2026-05-01,2026-05-01 11:20:00,2026-05-01 11:21:00,V1B,SimV1A - Kalman Fader 2,KalmanPulse Fader Mode A+,KalmanPulse_Fader_B,B,NQ,NQ JUN26,SHORT,2,27841.75,27852.0,-410.0,-410.0,-82.0,LOSS,ENVELOPE_BREAK_EXIT,27878.5,1470.0,2026-05-06 10:55:15,C:\Users\Valued Customer\NT8_Regimes\V1B\TradeLog\KalmanPulse_Fader_B_TradeLog.csv,2026-05-01 11:20:00,Kalman Faders,ROTATION_LIQUID,2026-05-01 11:18:57,TREND_COMPRESSION,TREND_COMPRESSION,BRACKET_MACRO,ROTATION_ILLIQUID,TrendUp,MID_MORNING_DISCOVERY,66,MICRO_TREND_INSIDE_MACRO_STRUCTURE,True,False,True,True,False,False,,,1.05,TREND_COMPRESSION,OUT_OF_LANE,OUT_OF_LANE
2026-05-01,2026-05-01 11:23:29,2026-05-01 11:23:46,V1A,SimV1A- Kalman Fader 1,KalmanPulse_Fader,KalmanPulse_Fader_A,A,NQ,NQ JUN26,SHORT,12,27864.75,27863.75,690.0,690.0,138.0,WIN,STOP_HIT,27871.0,1500.0,2026-05-04 09:21:10,C:\Users\Valued Customer\NT8_Regimes\V1A\TradeLog\KalmanPulse_Fader_A_TradeLog.csv,2026-05-01 11:23:29,Kalman Faders,ROTATION_LIQUID,2026-05-01 11:18:57,TREND_COMPRESSION,TREND_COMPRESSION,BRACKET_MACRO,ROTATION_ILLIQUID,TrendUp,MID_MORNING_DISCOVERY,66,MICRO_TREND_INSIDE_MACRO_STRUCTURE,True,False,True,True,False,False,,,4.533333333333333,TREND_COMPRESSION,OUT_OF_LANE,OUT_OF_LANE
2026-05-01,2026-05-01 11:26:18,2026-05-01 11:26:20,V1A,SimV1A- Kalman Fader 1,KalmanPulse_Fader,KalmanPulse_Fader_A,A,NQ,NQ JUN26,LONG,12,27859.0,27856.75,-540.0,-540.0,-108.0,LOSS,ENVELOPE_BREAK_EXIT,27852.75,1500.0,2026-05-04 09:21:10,C:\Users\Valued Customer\NT8_Regimes\V1A\TradeLog\KalmanPulse_Fader_A_TradeLog.csv,2026-05-01 11:26:18,Kalman Faders,ROTATION_LIQUID,2026-05-01 11:18:57,TREND_COMPRESSION,TREND_COMPRESSION,BRACKET_MACRO,ROTATION_ILLIQUID,TrendUp,MID_MORNING_DISCOVERY,66,MICRO_TREND_INSIDE_MACRO_STRUCTURE,True,False,True,True,False,False,,,7.35,TREND_COMPRESSION,OUT_OF_LANE,OUT_OF_LANE
2026-05-01,2026-05-01 11:28:34,2026-05-01 11:28:41,V1A,SimV1A- Kalman Fader 1,KalmanPulse_Fader,KalmanPulse_Fader_A,A,NQ,NQ JUN26,LONG,12,27855.5,27853.5,-480.0,-480.0,-96.0,LOSS,ENVELOPE_BREAK_EXIT,27849.25,1500.0,2026-05-04 09:21:10,C:\Users\Valued Customer\NT8_Regimes\V1A\TradeLog\KalmanPulse_Fader_A_TradeLog.csv,2026-05-01 11:28:34,Kalman Faders,ROTATION_LIQUID,2026-05-01 11:28:26,TREND_COMPRESSION,TREND_COMPRESSION,BRACKET_MACRO,ROTATION_ILLIQUID,TrendUp,MID_MORNING_DISCOVERY,64,DEVELOPING_INITIATIVE_PHASE_AWARE,True,False,True,True,False,False,,,0.13333333333333333,TREND_COMPRESSION,OUT_OF_LANE,OUT_OF_LANE
2026-05-01,2026-05-01 11:29:53,2026-05-01 11:30:00,V1A,SimV1A- Kalman Fader 1,KalmanPulse_Fader,KalmanPulse_Fader_A,A,NQ,NQ JUN26,SHORT,12,27861.5,27863.25,-420.0,-420.0,-84.0,LOSS,ENVELOPE_BREAK_EXIT,27867.75,1500.0,2026-05-04 09:21:10,C:\Users\Valued Customer\NT8_Regimes\V1A\TradeLog\KalmanPulse_Fader_A_TradeLog.csv,2026-05-01 11:29:53,Kalman Faders,ROTATION_LIQUID,2026-05-01 11:28:26,TREND_COMPRESSION,TREND_COMPRESSION,BRACKET_MACRO,ROTATION_ILLIQUID,TrendUp,MID_MORNING_DISCOVERY,64,DEVELOPING_INITIATIVE_PHASE_AWARE,True,False,True,True,False,False,,,1.45,TREND_COMPRESSION,OUT_OF_LANE,OUT_OF_LANE
2026-05-01,2026-05-01 11:32:06,2026-05-01 11:32:07,V1A,SimV1A- Kalman Fader 1,KalmanPulse_Fader,KalmanPulse_Fader_A,A,NQ,NQ JUN26,LONG,12,27864.5,27862.25,-540.0,-540.0,-108.0,LOSS,ENVELOPE_BREAK_EXIT,27858.25,1500.0,2026-05-04 09:21:10,C:\Users\Valued Customer\NT8_Regimes\V1A\TradeLog\KalmanPulse_Fader_A_TradeLog.csv,2026-05-01 11:32:06,Kalman Faders,ROTATION_LIQUID,2026-05-01 11:28:26,TREND_COMPRESSION,TREND_COMPRESSION,BRACKET_MACRO,ROTATION_ILLIQUID,TrendUp,MID_MORNING_DISCOVERY,64,DEVELOPING_INITIATIVE_PHASE_AWARE,True,False,True,True,False,False,,,3.6666666666666665,TREND_COMPRESSION,OUT_OF_LANE,OUT_OF_LANE
2026-05-01,2026-05-01 11:33:10,2026-05-01 11:33:14,V1A,SimV1A- Kalman Fader 1,KalmanPulse_Fader,KalmanPulse_Fader_A,A,NQ,NQ JUN26,SHORT,12,27870.75,27873.5,-660.0,-660.0,-132.0,LOSS,ENVELOPE_BREAK_EXIT,27877.0,1500.0,2026-05-04 09:21:10,C:\Users\Valued Customer\NT8_Regimes\V1A\TradeLog\KalmanPulse_Fader_A_TradeLog.csv,2026-05-01 11:33:10,Kalman Faders,ROTATION_LIQUID,2026-05-01 11:28:26,TREND_COMPRESSION,TREND_COMPRESSION,BRACKET_MACRO,ROTATION_ILLIQUID,TrendUp,MID_MORNING_DISCOVERY,64,DEVELOPING_INITIATIVE_PHASE_AWARE,True,False,True,True,False,False,,,4.733333333333333,TREND_COMPRESSION,OUT_OF_LANE,OUT_OF_LANE
2026-05-01,2026-05-01 11:50:32,2026-05-01 11:50:32,V3C,SimV3C-NQ-2B,NQ V3C Compression Clean B,NQ V3C Compression Clean B,,NQ,NQ JUN26,LONG,1,27880.0,27889.5,190.0,190.0,38.0,WIN,Profit target,,,2026-05-06 10:03:06,C:\Users\Valued Customer\NT8_Regimes\V3C\TradeLog\SimV3C_NQ_2B_TradeLog.csv,2026-05-01 11:50:32,V3C Compression,TREND_COMPRESSION,2026-05-01 11:48:15,TREND_COMPRESSION,TREND_COMPRESSION,BRACKET_MACRO,ROTATION_ILLIQUID,TrendUp,MID_MORNING_DISCOVERY,71,DEVELOPING_INITIATIVE_PHASE_AWARE,True,False,True,True,False,False,,,2.283333333333333,TREND_COMPRESSION,IN_LANE,IN_LANE
2026-05-01,2026-05-01 11:50:32,2026-05-01 11:50:33,V3C,SimV3C-NQ-2A,NQ VC3-A Compression Fast ,NQ VC3-A Compression Fast ,,NQ,NQ JUN26,LONG,1,27877.0,27861.0,-320.0,-320.0,-64.0,LOSS,Stop loss,,,2026-05-06 10:03:09,C:\Users\Valued Customer\NT8_Regimes\V3C\TradeLog\SimV3C_NQ_2A_TradeLog.csv,2026-05-01 11:50:32,V3C Compression,TREND_COMPRESSION,2026-05-01 11:48:15,TREND_COMPRESSION,TREND_COMPRESSION,BRACKET_MACRO,ROTATION_ILLIQUID,TrendUp,MID_MORNING_DISCOVERY,71,DEVELOPING_INITIATIVE_PHASE_AWARE,True,False,True,True,False,False,,,2.283333333333333,TREND_COMPRESSION,IN_LANE,IN_LANE
2026-05-01,2026-05-01 11:50:43,2026-05-01 11:50:43,V3C,SimV3C-NQ-2B,NQ V3C Compression Clean B,NQ V3C Compression Clean B,,NQ,NQ JUN26,LONG,1,27852.0,27861.5,190.0,190.0,38.0,WIN,Profit target,,,2026-05-06 10:03:06,C:\Users\Valued Customer\NT8_Regimes\V3C\TradeLog\SimV3C_NQ_2B_TradeLog.csv,2026-05-01 11:50:43,V3C Compression,TREND_COMPRESSION,2026-05-01 11:48:15,TREND_COMPRESSION,TREND_COMPRESSION,BRACKET_MACRO,ROTATION_ILLIQUID,TrendUp,MID_MORNING_DISCOVERY,71,DEVELOPING_INITIATIVE_PHASE_AWARE,True,False,True,True,False,False,,,2.466666666666667,TREND_COMPRESSION,IN_LANE,IN_LANE
2026-05-01,2026-05-01 11:50:43,2026-05-01 11:50:43,V3C,SimV3C-NQ-2A,NQ VC3-A Compression Fast ,NQ VC3-A Compression Fast ,,NQ,NQ JUN26,LONG,1,27847.0,27863.0,320.0,320.0,64.0,WIN,Profit target,,,2026-05-06 10:03:09,C:\Users\Valued Customer\NT8_Regimes\V3C\TradeLog\SimV3C_NQ_2A_TradeLog.csv,2026-05-01 11:50:43,V3C Compression,TREND_COMPRESSION,2026-05-01 11:48:15,TREND_COMPRESSION,TREND_COMPRESSION,BRACKET_MACRO,ROTATION_ILLIQUID,TrendUp,MID_MORNING_DISCOVERY,71,DEVELOPING_INITIATIVE_PHASE_AWARE,True,False,True,True,False,False,,,2.466666666666667,TREND_COMPRESSION,IN_LANE,IN_LANE
2026-05-01,2026-05-01 11:50:49,2026-05-01 11:50:49,V3C,SimV3C-NQ-2B,NQ V3C Compression Clean B,NQ V3C Compression Clean B,,NQ,NQ JUN26,LONG,1,27856.0,27865.75,195.0,195.0,39.0,WIN,Profit target,,,2026-05-06 10:03:06,C:\Users\Valued Customer\NT8_Regimes\V3C\TradeLog\SimV3C_NQ_2B_TradeLog.csv,2026-05-01 11:50:49,V3C Compression,TREND_COMPRESSION,2026-05-01 11:48:15,TREND_COMPRESSION,TREND_COMPRESSION,BRACKET_MACRO,ROTATION_ILLIQUID,TrendUp,MID_MORNING_DISCOVERY,71,DEVELOPING_INITIATIVE_PHASE_AWARE,True,False,True,True,False,False,,,2.566666666666667,TREND_COMPRESSION,IN_LANE,IN_LANE
2026-05-01,2026-05-01 11:50:59,2026-05-01 11:51:39,V3C,SimV3C-NQ-2C,NQ V3C Compression Sniper C 20-40-60,NQ V3C Compression Sniper C 20-40-60,,NQ,NQ JUN26,LONG,1,27852.0,27883.0,620.0,620.0,124.0,WIN,Profit target,,,2026-05-06 10:03:07,C:\Users\Valued Customer\NT8_Regimes\V3C\TradeLog\SimV3C_NQ_2C_TradeLog.csv,2026-05-01 11:50:59,V3C Compression,TREND_COMPRESSION,2026-05-01 11:48:15,TREND_COMPRESSION,TREND_COMPRESSION,BRACKET_MACRO,ROTATION_ILLIQUID,TrendUp,MID_MORNING_DISCOVERY,71,DEVELOPING_INITIATIVE_PHASE_AWARE,True,False,True,True,False,False,,,2.7333333333333334,TREND_COMPRESSION,IN_LANE,IN_LANE
2026-05-01,2026-05-01 11:51:33,2026-05-01 11:51:39,V3C,SimV3C-NQ-2A,NQ VC3-A Compression Fast ,NQ VC3-A Compression Fast ,,NQ,NQ JUN26,LONG,1,27867.0,27883.0,320.0,320.0,64.0,WIN,Profit target,,,2026-05-06 10:03:09,C:\Users\Valued Customer\NT8_Regimes\V3C\TradeLog\SimV3C_NQ_2A_TradeLog.csv,2026-05-01 11:51:33,V3C Compression,TREND_COMPRESSION,2026-05-01 11:48:15,TREND_COMPRESSION,TREND_COMPRESSION,BRACKET_MACRO,ROTATION_ILLIQUID,TrendUp,MID_MORNING_DISCOVERY,71,DEVELOPING_INITIATIVE_PHASE_AWARE,True,False,True,True,False,False,,,3.3,TREND_COMPRESSION,IN_LANE,IN_LANE
2026-05-01,2026-05-01 11:52:37,2026-05-01 11:54:29,V3C,SimV3C-NQ-2B,NQ V3C Compression Clean B,NQ V3C Compression Clean B,,NQ,NQ JUN26,LONG,1,27872.0,27881.75,195.0,195.0,39.0,WIN,Profit target,,,2026-05-06 10:03:06,C:\Users\Valued Customer\NT8_Regimes\V3C\TradeLog\SimV3C_NQ_2B_TradeLog.csv,2026-05-01 11:52:37,V3C Compression,TREND_COMPRESSION,2026-05-01 11:48:15,TREND_COMPRESSION,TREND_COMPRESSION,BRACKET_MACRO,ROTATION_ILLIQUID,TrendUp,MID_MORNING_DISCOVERY,71,DEVELOPING_INITIATIVE_PHASE_AWARE,True,False,True,True,False,False,,,4.366666666666666,TREND_COMPRESSION,IN_LANE,IN_LANE
2026-05-01,2026-05-01 11:54:30,2026-05-01 11:55:00,V3C,SimV3C-NQ-2A,NQ VC3-A Compression Fast ,NQ VC3-A Compression Fast ,,NQ,NQ JUN26,LONG,1,27872.0,27888.25,325.0,325.0,65.0,WIN,Profit target,,,2026-05-06 10:03:09,C:\Users\Valued Customer\NT8_Regimes\V3C\TradeLog\SimV3C_NQ_2A_TradeLog.csv,2026-05-01 11:54:30,V3C Compression,TREND_COMPRESSION,2026-05-01 11:48:15,TREND_COMPRESSION,TREND_COMPRESSION,BRACKET_MACRO,ROTATION_ILLIQUID,TrendUp,MID_MORNING_DISCOVERY,71,DEVELOPING_INITIATIVE_PHASE_AWARE,True,False,True,True,False,False,,,6.25,TREND_COMPRESSION,IN_LANE,IN_LANE
2026-05-01,2026-05-01 11:57:00,2026-05-01 12:06:00,V3C,SimV3C-NQ-2D,V3_Compression_Sniper_V3C D,V3_Compression_Sniper_V3C D,,NQ,NQ JUN26,LONG,1,27900.0,27872.75,-545.0,-545.0,-109.0,LOSS,Stop loss,,,2026-05-06 10:03:18,C:\Users\Valued Customer\NT8_Regimes\V3C\TradeLog\SimV3C_NQ_2D_TradeLog.csv,2026-05-01 11:57:00,V3C Compression,TREND_COMPRESSION,2026-05-01 11:56:24,TREND_COMPRESSION,TREND_COMPRESSION,BRACKET_MACRO,ROTATION_ILLIQUID,TrendUp,MID_MORNING_DISCOVERY,65,DEVELOPING_INITIATIVE_PHASE_AWARE,True,False,True,True,False,False,,,0.6,TREND_COMPRESSION,IN_LANE,IN_LANE
2026-05-01,2026-05-01 12:12:01,2026-05-01 12:17:48,V3C,SimV3C-NQ-2A,NQ VC3-A Compression Fast ,NQ VC3-A Compression Fast ,,NQ,NQ JUN26,LONG,1,27852.0,27867.75,315.0,315.0,63.0,WIN,Profit target,,,2026-05-06 10:03:09,C:\Users\Valued Customer\NT8_Regimes\V3C\TradeLog\SimV3C_NQ_2A_TradeLog.csv,2026-05-01 12:12:01,V3C Compression,TREND_COMPRESSION,2026-05-01 12:12:01,TRANSITION,TRANSITION,BRACKET_MACRO,ROTATION_ILLIQUID,TrendUp,MID_MORNING_DISCOVERY,50,MACRO_STALE_5827.0MIN,False,False,False,False,False,True,,,0.0,TRANSITION,OUT_OF_LANE,OUT_LEADIN_TRANSITION_ROT_ILLIQUID
2026-05-01,2026-05-01 12:16:00,2026-05-01 12:16:00,V3C,SimV3C-NQ-2B,NQ V3C Compression Clean B,NQ V3C Compression Clean B,,NQ,NQ JUN26,LONG,1,27852.0,27861.75,195.0,195.0,39.0,WIN,Profit target,,,2026-05-06 10:03:06,C:\Users\Valued Customer\NT8_Regimes\V3C\TradeLog\SimV3C_NQ_2B_TradeLog.csv,2026-05-01 12:16:00,V3C Compression,TREND_COMPRESSION,2026-05-01 12:12:02,TREND_COMPRESSION,TREND_COMPRESSION,BRACKET_MACRO,ROTATION_ILLIQUID,TrendUp,LUNCH_AUCTION,66,MICRO_TREND_INSIDE_MACRO_STRUCTURE,True,False,False,True,False,False,,,3.966666666666667,TREND_COMPRESSION,IN_LANE,IN_LANE
2026-05-01,2026-05-01 12:20:01,2026-05-01 12:20:01,V3C,SimV3C-NQ-2B,NQ V3C Compression Clean B,NQ V3C Compression Clean B,,NQ,NQ JUN26,LONG,1,27860.0,27869.75,195.0,195.0,39.0,WIN,Profit target,,,2026-05-06 10:03:06,C:\Users\Valued Customer\NT8_Regimes\V3C\TradeLog\SimV3C_NQ_2B_TradeLog.csv,2026-05-01 12:20:01,V3C Compression,TREND_COMPRESSION,2026-05-01 12:16:46,TREND_COMPRESSION,TREND_COMPRESSION,BRACKET_MACRO,ROTATION_ILLIQUID,TrendUp,LUNCH_AUCTION,66,MICRO_TREND_INSIDE_MACRO_STRUCTURE,True,False,False,True,False,False,,,3.25,TREND_COMPRESSION,IN_LANE,IN_LANE
2026-05-01,2026-05-01 12:20:31,2026-05-01 12:23:50,V3C,SimV3C-NQ-2C,NQ V3C Compression Sniper C 20-40-60,NQ V3C Compression Sniper C 20-40-60,,NQ,NQ JUN26,LONG,1,27852.0,27824.25,-555.0,-555.0,-111.0,LOSS,Stop loss,,,2026-05-06 10:03:07,C:\Users\Valued Customer\NT8_Regimes\V3C\TradeLog\SimV3C_NQ_2C_TradeLog.csv,2026-05-01 12:20:31,V3C Compression,TREND_COMPRESSION,2026-05-01 12:16:46,TREND_COMPRESSION,TREND_COMPRESSION,BRACKET_MACRO,ROTATION_ILLIQUID,TrendUp,LUNCH_AUCTION,66,MICRO_TREND_INSIDE_MACRO_STRUCTURE,True,False,False,True,False,False,,,3.75,TREND_COMPRESSION,IN_LANE,IN_LANE
2026-05-01,2026-05-01 12:24:01,2026-05-01 12:24:01,V3C,SimV3C-NQ-2B,NQ V3C Compression Clean B,NQ V3C Compression Clean B,,NQ,NQ JUN26,LONG,1,27836.0,27845.5,190.0,190.0,38.0,WIN,Profit target,,,2026-05-06 10:03:06,C:\Users\Valued Customer\NT8_Regimes\V3C\TradeLog\SimV3C_NQ_2B_TradeLog.csv,2026-05-01 12:24:01,V3C Compression,TREND_COMPRESSION,2026-05-01 12:16:46,TREND_COMPRESSION,TREND_COMPRESSION,BRACKET_MACRO,ROTATION_ILLIQUID,TrendUp,LUNCH_AUCTION,66,MICRO_TREND_INSIDE_MACRO_STRUCTURE,True,False,False,True,False,False,,,7.25,TREND_COMPRESSION,IN_LANE,IN_LANE
2026-05-01,2026-05-01 12:24:14,2026-05-01 12:24:18,V3C,SimV3C-NQ-2A,NQ VC3-A Compression Fast ,NQ VC3-A Compression Fast ,,NQ,NQ JUN26,LONG,1,27837.0,27852.75,315.0,315.0,63.0,WIN,Profit target,,,2026-05-06 10:03:09,C:\Users\Valued Customer\NT8_Regimes\V3C\TradeLog\SimV3C_NQ_2A_TradeLog.csv,2026-05-01 12:24:14,V3C Compression,TREND_COMPRESSION,2026-05-01 12:16:46,TREND_COMPRESSION,TREND_COMPRESSION,BRACKET_MACRO,ROTATION_ILLIQUID,TrendUp,LUNCH_AUCTION,66,MICRO_TREND_INSIDE_MACRO_STRUCTURE,True,False,False,True,False,False,,,7.466666666666667,TREND_COMPRESSION,IN_LANE,IN_LANE
2026-05-01,2026-05-01 12:24:46,2026-05-01 12:24:46,V3C,SimV3C-NQ-2B,NQ V3C Compression Clean B,NQ V3C Compression Clean B,,NQ,NQ JUN26,LONG,1,27848.0,27857.5,190.0,190.0,38.0,WIN,Profit target,,,2026-05-06 10:03:06,C:\Users\Valued Customer\NT8_Regimes\V3C\TradeLog\SimV3C_NQ_2B_TradeLog.csv,2026-05-01 12:24:46,V3C Compression,TREND_COMPRESSION,2026-05-01 12:16:46,TREND_COMPRESSION,TREND_COMPRESSION,BRACKET_MACRO,ROTATION_ILLIQUID,TrendUp,LUNCH_AUCTION,66,MICRO_TREND_INSIDE_MACRO_STRUCTURE,True,False,False,True,False,False,,,8.0,TREND_COMPRESSION,IN_LANE,IN_LANE
2026-05-01,2026-05-01 12:27:21,2026-05-01 12:27:21,V3C,SimV3C-NQ-2B,NQ V3C Compression Clean B,NQ V3C Compression Clean B,,NQ,NQ JUN26,LONG,1,27828.0,27837.5,190.0,190.0,38.0,WIN,Profit target,,,2026-05-06 10:03:06,C:\Users\Valued Customer\NT8_Regimes\V3C\TradeLog\SimV3C_NQ_2B_TradeLog.csv,2026-05-01 12:27:21,V3C Compression,TREND_COMPRESSION,2026-05-01 12:26:50,TREND_COMPRESSION,TREND_COMPRESSION,BRACKET_MACRO,ROTATION_ILLIQUID,TrendUp,LUNCH_AUCTION,66,MICRO_TREND_INSIDE_MACRO_STRUCTURE,True,False,False,True,False,False,,,0.5166666666666667,TREND_COMPRESSION,IN_LANE,IN_LANE
2026-05-01,2026-05-01 12:27:23,2026-05-01 12:28:57,V3C,SimV3C-NQ-2A,NQ VC3-A Compression Fast ,NQ VC3-A Compression Fast ,,NQ,NQ JUN26,LONG,1,27827.0,27842.75,315.0,315.0,63.0,WIN,Profit target,,,2026-05-06 10:03:09,C:\Users\Valued Customer\NT8_Regimes\V3C\TradeLog\SimV3C_NQ_2A_TradeLog.csv,2026-05-01 12:27:23,V3C Compression,TREND_COMPRESSION,2026-05-01 12:26:50,TREND_COMPRESSION,TREND_COMPRESSION,BRACKET_MACRO,ROTATION_ILLIQUID,TrendUp,LUNCH_AUCTION,66,MICRO_TREND_INSIDE_MACRO_STRUCTURE,True,False,False,True,False,False,,,0.55,TREND_COMPRESSION,IN_LANE,IN_LANE
2026-05-01,2026-05-01 12:29:00,2026-05-01 12:35:00,V1B,SimV1A - Kalman Fader 2,KalmanPulse Fader Mode A+,KalmanPulse_Fader_B,B,NQ,NQ JUN26,LONG,2,27834.75,27819.25,-305.0,-305.0,-61.0,LOSS,ENVELOPE_BREAK_EXIT,27800.25,1380.0,2026-05-06 10:55:15,C:\Users\Valued Customer\NT8_Regimes\V1B\TradeLog\KalmanPulse_Fader_B_TradeLog.csv,2026-05-01 12:29:00,Kalman Faders,ROTATION_LIQUID,2026-05-01 12:28:25,TREND_COMPRESSION,TREND_COMPRESSION,BRACKET_MACRO,ROTATION_ILLIQUID,TrendUp,LUNCH_AUCTION,66,MICRO_TREND_INSIDE_MACRO_STRUCTURE,True,False,False,True,False,False,,,0.5833333333333334,TREND_COMPRESSION,OUT_OF_LANE,OUT_OF_LANE
2026-05-01,2026-05-01 12:29:00,2026-05-01 12:34:00,V1B,SimV1A - Kalman Fader 2,KalmanPulse Fader Mode A+,KalmanPulse_Fader_B,B,NQ,NQ JUN26,LONG,2,27834.75,27818.75,-315.0,-315.0,-63.0,LOSS,STOP_HIT,27818.75,640.0,2026-05-06 12:22:55,C:\Users\Valued Customer\NT8_Regimes\V1B\TradeLog\KalmanPulse_Fader_B_TradeLog.csv,2026-05-01 12:29:00,Kalman Faders,ROTATION_LIQUID,2026-05-01 12:28:25,TREND_COMPRESSION,TREND_COMPRESSION,BRACKET_MACRO,ROTATION_ILLIQUID,TrendUp,LUNCH_AUCTION,66,MICRO_TREND_INSIDE_MACRO_STRUCTURE,True,False,False,True,False,False,,,0.5833333333333334,TREND_COMPRESSION,OUT_OF_LANE,OUT_OF_LANE
2026-05-01,2026-05-01 12:29:00,2026-05-01 12:34:00,V1B,SimV1A - Kalman Fader 2,KalmanPulse Fader Mode A+,KalmanPulse_Fader_B,B,NQ,NQ JUN26,LONG,2,27834.75,27818.75,-315.0,-315.0,-63.0,LOSS,STOP_HIT,27818.75,640.0,2026-05-06 13:36:25,C:\Users\Valued Customer\NT8_Regimes\V1B\TradeLog\KalmanPulse_Fader_B_TradeLog.csv,2026-05-01 12:29:00,Kalman Faders,ROTATION_LIQUID,2026-05-01 12:28:25,TREND_COMPRESSION,TREND_COMPRESSION,BRACKET_MACRO,ROTATION_ILLIQUID,TrendUp,LUNCH_AUCTION,66,MICRO_TREND_INSIDE_MACRO_STRUCTURE,True,False,False,True,False,False,,,0.5833333333333334,TREND_COMPRESSION,OUT_OF_LANE,OUT_OF_LANE
2026-05-01,2026-05-01 12:29:00,2026-05-01 12:34:00,V1B,SimV1A - Kalman Fader 2,KalmanPulse Fader Mode A+,KalmanPulse_Fader_B,B,NQ,NQ JUN26,LONG,2,27834.75,27818.75,-315.0,-315.0,-63.0,LOSS,STOP_HIT,27818.75,640.0,2026-05-06 13:41:20,C:\Users\Valued Customer\NT8_Regimes\V1B\TradeLog\KalmanPulse_Fader_B_TradeLog.csv,2026-05-01 12:29:00,Kalman Faders,ROTATION_LIQUID,2026-05-01 12:28:25,TREND_COMPRESSION,TREND_COMPRESSION,BRACKET_MACRO,ROTATION_ILLIQUID,TrendUp,LUNCH_AUCTION,66,MICRO_TREND_INSIDE_MACRO_STRUCTURE,True,False,False,True,False,False,,,0.5833333333333334,TREND_COMPRESSION,OUT_OF_LANE,OUT_OF_LANE
2026-05-01,2026-05-01 12:29:00,2026-05-01 12:34:00,V1B,SimV1A - Kalman Fader 2,KalmanPulse Fader Mode A+,KalmanPulse_Fader_B,A,NQ,NQ JUN26,LONG,2,27834.75,27818.75,-315.0,-315.0,-63.0,LOSS,STOP_HIT,27818.75,640.0,2026-05-06 13:43:35,C:\Users\Valued Customer\NT8_Regimes\V1B\TradeLog\KalmanPulse_Fader_B_TradeLog.csv,2026-05-01 12:29:00,Kalman Faders,ROTATION_LIQUID,2026-05-01 12:28:25,TREND_COMPRESSION,TREND_COMPRESSION,BRACKET_MACRO,ROTATION_ILLIQUID,TrendUp,LUNCH_AUCTION,66,MICRO_TREND_INSIDE_MACRO_STRUCTURE,True,False,False,True,False,False,,,0.5833333333333334,TREND_COMPRESSION,OUT_OF_LANE,OUT_OF_LANE
2026-05-01,2026-05-01 12:30:25,2026-05-01 12:30:25,V3C,SimV3C-NQ-2B,NQ V3C Compression Clean B,NQ V3C Compression Clean B,,NQ,NQ JUN26,LONG,1,27832.0,27841.5,190.0,190.0,38.0,WIN,Profit target,,,2026-05-06 10:03:06,C:\Users\Valued Customer\NT8_Regimes\V3C\TradeLog\SimV3C_NQ_2B_TradeLog.csv,2026-05-01 12:30:25,V3C Compression,TREND_COMPRESSION,2026-05-01 12:28:25,TREND_COMPRESSION,TREND_COMPRESSION,BRACKET_MACRO,ROTATION_ILLIQUID,TrendUp,LUNCH_AUCTION,66,MICRO_TREND_INSIDE_MACRO_STRUCTURE,True,False,False,True,False,False,,,2.0,TREND_COMPRESSION,IN_LANE,IN_LANE
2026-05-01,2026-05-01 12:34:45,2026-05-01 12:34:55,V3C,SimV3C-NQ-2A,NQ VC3-A Compression Fast ,NQ VC3-A Compression Fast ,,NQ,NQ JUN26,LONG,1,27817.0,27833.0,320.0,320.0,64.0,WIN,Profit target,,,2026-05-06 10:03:09,C:\Users\Valued Customer\NT8_Regimes\V3C\TradeLog\SimV3C_NQ_2A_TradeLog.csv,2026-05-01 12:34:45,V3C Compression,TREND_COMPRESSION,2026-05-01 12:28:25,TREND_COMPRESSION,TREND_COMPRESSION,BRACKET_MACRO,ROTATION_ILLIQUID,TrendUp,LUNCH_AUCTION,66,MICRO_TREND_INSIDE_MACRO_STRUCTURE,True,False,False,True,False,False,,,6.333333333333333,TREND_COMPRESSION,IN_LANE,IN_LANE
2026-05-01,2026-05-01 12:34:51,2026-05-01 12:34:51,V3C,SimV3C-NQ-2B,NQ V3C Compression Clean B,NQ V3C Compression Clean B,,NQ,NQ JUN26,LONG,1,27820.0,27829.5,190.0,190.0,38.0,WIN,Profit target,,,2026-05-06 10:03:06,C:\Users\Valued Customer\NT8_Regimes\V3C\TradeLog\SimV3C_NQ_2B_TradeLog.csv,2026-05-01 12:34:51,V3C Compression,TREND_COMPRESSION,2026-05-01 12:28:25,TREND_COMPRESSION,TREND_COMPRESSION,BRACKET_MACRO,ROTATION_ILLIQUID,TrendUp,LUNCH_AUCTION,66,MICRO_TREND_INSIDE_MACRO_STRUCTURE,True,False,False,True,False,False,,,6.433333333333334,TREND_COMPRESSION,IN_LANE,IN_LANE
2026-05-01,2026-05-01 12:38:41,2026-05-01 12:38:41,V3C,SimV3C-NQ-2B,NQ V3C Compression Clean B,NQ V3C Compression Clean B,,NQ,NQ JUN26,LONG,1,27828.0,27837.75,195.0,195.0,39.0,WIN,Profit target,,,2026-05-06 10:03:06,C:\Users\Valued Customer\NT8_Regimes\V3C\TradeLog\SimV3C_NQ_2B_TradeLog.csv,2026-05-01 12:38:41,V3C Compression,TREND_COMPRESSION,2026-05-01 12:36:52,TREND_COMPRESSION,ROTATION_ILLIQUID,BRACKET_MACRO,ROTATION_ILLIQUID,TrendUp,LUNCH_AUCTION,62,COMPRESSED_BALANCE_LOW_EDGE,True,False,False,True,False,False,,,1.8166666666666667,TREND_COMPRESSION,IN_LANE,IN_LANE
2026-05-01,2026-05-01 12:39:10,2026-05-01 12:39:31,V3C,SimV3C-NQ-2A,NQ VC3-A Compression Fast ,NQ VC3-A Compression Fast ,,NQ,NQ JUN26,LONG,1,27827.0,27842.75,315.0,315.0,63.0,WIN,Profit target,,,2026-05-06 10:03:09,C:\Users\Valued Customer\NT8_Regimes\V3C\TradeLog\SimV3C_NQ_2A_TradeLog.csv,2026-05-01 12:39:10,V3C Compression,TREND_COMPRESSION,2026-05-01 12:36:52,TREND_COMPRESSION,ROTATION_ILLIQUID,BRACKET_MACRO,ROTATION_ILLIQUID,TrendUp,LUNCH_AUCTION,62,COMPRESSED_BALANCE_LOW_EDGE,True,False,False,True,False,False,,,2.3,TREND_COMPRESSION,IN_LANE,IN_LANE
2026-05-01,2026-05-01 12:39:31,2026-05-01 12:55:12,V3C,SimV3C-NQ-2C,NQ V3C Compression Sniper C 20-40-60,NQ V3C Compression Sniper C 20-40-60,,NQ,NQ JUN26,LONG,1,27822.0,27854.0,640.0,640.0,128.0,WIN,Profit target,,,2026-05-06 10:03:07,C:\Users\Valued Customer\NT8_Regimes\V3C\TradeLog\SimV3C_NQ_2C_TradeLog.csv,2026-05-01 12:39:31,V3C Compression,TREND_COMPRESSION,2026-05-01 12:36:52,TREND_COMPRESSION,ROTATION_ILLIQUID,BRACKET_MACRO,ROTATION_ILLIQUID,TrendUp,LUNCH_AUCTION,62,COMPRESSED_BALANCE_LOW_EDGE,True,False,False,True,False,False,,,2.65,TREND_COMPRESSION,IN_LANE,IN_LANE
2026-05-01,2026-05-01 12:45:35,2026-05-01 12:54:01,V3C,SimV3C-NQ-2A,NQ VC3-A Compression Fast ,NQ VC3-A Compression Fast ,,NQ,NQ JUN26,LONG,1,27817.0,27832.75,315.0,315.0,63.0,WIN,Profit target,,,2026-05-06 10:03:09,C:\Users\Valued Customer\NT8_Regimes\V3C\TradeLog\SimV3C_NQ_2A_TradeLog.csv,2026-05-01 12:45:35,V3C Compression,TREND_COMPRESSION,2026-05-01 12:36:52,TREND_COMPRESSION,ROTATION_ILLIQUID,BRACKET_MACRO,ROTATION_ILLIQUID,TrendUp,LUNCH_AUCTION,62,COMPRESSED_BALANCE_LOW_EDGE,True,False,False,True,False,False,,,8.716666666666667,TREND_COMPRESSION,IN_LANE,IN_LANE
2026-05-01,2026-05-01 12:45:39,2026-05-01 12:45:39,V3C,SimV3C-NQ-2B,NQ V3C Compression Clean B,NQ V3C Compression Clean B,,NQ,NQ JUN26,LONG,1,27820.0,27829.5,190.0,190.0,38.0,WIN,Profit target,,,2026-05-06 10:03:06,C:\Users\Valued Customer\NT8_Regimes\V3C\TradeLog\SimV3C_NQ_2B_TradeLog.csv,2026-05-01 12:45:39,V3C Compression,TREND_COMPRESSION,2026-05-01 12:36:52,TREND_COMPRESSION,ROTATION_ILLIQUID,BRACKET_MACRO,ROTATION_ILLIQUID,TrendUp,LUNCH_AUCTION,62,COMPRESSED_BALANCE_LOW_EDGE,True,False,False,True,False,False,,,8.783333333333333,TREND_COMPRESSION,IN_LANE,IN_LANE
2026-05-01,2026-05-01 12:48:01,2026-05-01 12:48:01,V3C,SimV3C-NQ-2B,NQ V3C Compression Clean B,NQ V3C Compression Clean B,,NQ,NQ JUN26,LONG,1,27816.0,27825.5,190.0,190.0,38.0,WIN,Profit target,,,2026-05-06 10:03:06,C:\Users\Valued Customer\NT8_Regimes\V3C\TradeLog\SimV3C_NQ_2B_TradeLog.csv,2026-05-01 12:48:01,V3C Compression,TREND_COMPRESSION,2026-05-01 12:46:52,TRANSITION,TRANSITION,BRACKET_MACRO,ROTATION_ILLIQUID,TrendUp,LUNCH_AUCTION,50,NO_CLEAR_STAGE_C_ALIGNMENT,False,False,False,False,False,False,,,1.15,TRANSITION,OUT_OF_LANE,OUT_LEADIN_TRANSITION_ROT_ILLIQUID
2026-05-01,2026-05-01 12:51:00,2026-05-01 12:51:00,V3C,SimV3C-NQ-2B,NQ V3C Compression Clean B,NQ V3C Compression Clean B,,NQ,NQ JUN26,LONG,1,27816.0,27825.5,190.0,190.0,38.0,WIN,Profit target,,,2026-05-06 10:03:06,C:\Users\Valued Customer\NT8_Regimes\V3C\TradeLog\SimV3C_NQ_2B_TradeLog.csv,2026-05-01 12:51:00,V3C Compression,TREND_COMPRESSION,2026-05-01 12:46:52,TRANSITION,TRANSITION,BRACKET_MACRO,ROTATION_ILLIQUID,TrendUp,LUNCH_AUCTION,50,NO_CLEAR_STAGE_C_ALIGNMENT,False,False,False,False,False,False,,,4.133333333333334,TRANSITION,OUT_OF_LANE,OUT_LEADIN_TRANSITION_ROT_ILLIQUID
2026-05-01,2026-05-01 12:57:00,2026-05-01 13:18:00,V3C,SimV3C-NQ-2D,V3_Compression_Sniper_V3C D,V3_Compression_Sniper_V3C D,,NQ,NQ JUN26,LONG,1,27844.75,27870.0,505.0,505.0,101.0,WIN,Profit target,,,2026-05-06 10:03:18,C:\Users\Valued Customer\NT8_Regimes\V3C\TradeLog\SimV3C_NQ_2D_TradeLog.csv,2026-05-01 12:57:00,V3C Compression,TREND_COMPRESSION,2026-05-01 12:56:46,TREND_COMPRESSION,TREND_COMPRESSION,BRACKET_MACRO,ROTATION_ILLIQUID,TrendUp,LUNCH_AUCTION,66,MICRO_TREND_INSIDE_MACRO_STRUCTURE,True,False,False,True,False,False,,,0.23333333333333334,TREND_COMPRESSION,IN_LANE,IN_LANE
2026-05-01,2026-05-01 13:01:01,2026-05-01 13:01:01,V3C,SimV3C-NQ-2B,NQ V3C Compression Clean B,NQ V3C Compression Clean B,,NQ,NQ JUN26,LONG,1,27836.0,27845.75,195.0,195.0,39.0,WIN,Profit target,,,2026-05-06 10:03:06,C:\Users\Valued Customer\NT8_Regimes\V3C\TradeLog\SimV3C_NQ_2B_TradeLog.csv,2026-05-01 13:01:01,V3C Compression,TREND_COMPRESSION,2026-05-01 12:56:46,TREND_COMPRESSION,TREND_COMPRESSION,BRACKET_MACRO,ROTATION_ILLIQUID,TrendUp,LUNCH_AUCTION,66,MICRO_TREND_INSIDE_MACRO_STRUCTURE,True,False,False,True,False,False,,,4.25,TREND_COMPRESSION,IN_LANE,IN_LANE
2026-05-01,2026-05-01 13:01:43,2026-05-01 13:11:10,V3C,SimV3C-NQ-2A,NQ VC3-A Compression Fast ,NQ VC3-A Compression Fast ,,NQ,NQ JUN26,LONG,1,27837.0,27853.0,320.0,320.0,64.0,WIN,Profit target,,,2026-05-06 10:03:09,C:\Users\Valued Customer\NT8_Regimes\V3C\TradeLog\SimV3C_NQ_2A_TradeLog.csv,2026-05-01 13:01:43,V3C Compression,TREND_COMPRESSION,2026-05-01 12:56:46,TREND_COMPRESSION,TREND_COMPRESSION,BRACKET_MACRO,ROTATION_ILLIQUID,TrendUp,LUNCH_AUCTION,66,MICRO_TREND_INSIDE_MACRO_STRUCTURE,True,False,False,True,False,False,,,4.95,TREND_COMPRESSION,IN_LANE,IN_LANE
2026-05-01,2026-05-01 14:08:00,2026-05-01 14:10:00,V1B,SimV1A - Kalman Fader 2,KalmanPulse Fader Mode A+,KalmanPulse_Fader_B,B,NQ,NQ JUN26,LONG,2,27865.75,27878.75,430.0,430.0,86.0,WIN,TARGET_HIT,27857.25,340.0,2026-05-06 13:41:20,C:\Users\Valued Customer\NT8_Regimes\V1B\TradeLog\KalmanPulse_Fader_B_TradeLog.csv,2026-05-01 14:08:00,Kalman Faders,ROTATION_LIQUID,2026-05-01 14:06:41,TREND_COMPRESSION,TREND_COMPRESSION,BRACKET_MACRO,ROTATION_ILLIQUID,TrendUp,AFTERNOON_TREND_TEST,66,MICRO_TREND_INSIDE_MACRO_STRUCTURE,True,False,True,True,False,False,,,1.3166666666666667,TREND_COMPRESSION,OUT_OF_LANE,OUT_OF_LANE
2026-05-01,2026-05-01 14:08:00,2026-05-01 14:10:00,V1B,SimV1A - Kalman Fader 2,KalmanPulse Fader Mode A+,KalmanPulse_Fader_B,B,NQ,NQ JUN26,LONG,2,27865.75,27878.75,430.0,430.0,86.0,WIN,TARGET_HIT,27857.25,340.0,2026-05-06 12:22:55,C:\Users\Valued Customer\NT8_Regimes\V1B\TradeLog\KalmanPulse_Fader_B_TradeLog.csv,2026-05-01 14:08:00,Kalman Faders,ROTATION_LIQUID,2026-05-01 14:06:41,TREND_COMPRESSION,TREND_COMPRESSION,BRACKET_MACRO,ROTATION_ILLIQUID,TrendUp,AFTERNOON_TREND_TEST,66,MICRO_TREND_INSIDE_MACRO_STRUCTURE,True,False,True,True,False,False,,,1.3166666666666667,TREND_COMPRESSION,OUT_OF_LANE,OUT_OF_LANE
2026-05-01,2026-05-01 14:08:00,2026-05-01 14:10:00,V1B,SimV1A - Kalman Fader 2,KalmanPulse Fader Mode A+,KalmanPulse_Fader_B,A,NQ,NQ JUN26,LONG,2,27865.75,27878.75,430.0,430.0,86.0,WIN,TARGET_HIT,27857.25,340.0,2026-05-06 13:43:35,C:\Users\Valued Customer\NT8_Regimes\V1B\TradeLog\KalmanPulse_Fader_B_TradeLog.csv,2026-05-01 14:08:00,Kalman Faders,ROTATION_LIQUID,2026-05-01 14:06:41,TREND_COMPRESSION,TREND_COMPRESSION,BRACKET_MACRO,ROTATION_ILLIQUID,TrendUp,AFTERNOON_TREND_TEST,66,MICRO_TREND_INSIDE_MACRO_STRUCTURE,True,False,True,True,False,False,,,1.3166666666666667,TREND_COMPRESSION,OUT_OF_LANE,OUT_OF_LANE
2026-05-01,2026-05-01 14:08:00,2026-05-01 14:10:00,V1B,SimV1A - Kalman Fader 2,KalmanPulse Fader Mode A+,KalmanPulse_Fader_B,B,NQ,NQ JUN26,LONG,2,27865.75,27878.75,430.0,430.0,86.0,WIN,TARGET_HIT,27847.25,740.0,2026-05-06 10:55:15,C:\Users\Valued Customer\NT8_Regimes\V1B\TradeLog\KalmanPulse_Fader_B_TradeLog.csv,2026-05-01 14:08:00,Kalman Faders,ROTATION_LIQUID,2026-05-01 14:06:41,TREND_COMPRESSION,TREND_COMPRESSION,BRACKET_MACRO,ROTATION_ILLIQUID,TrendUp,AFTERNOON_TREND_TEST,66,MICRO_TREND_INSIDE_MACRO_STRUCTURE,True,False,True,True,False,False,,,1.3166666666666667,TREND_COMPRESSION,OUT_OF_LANE,OUT_OF_LANE
2026-05-01,2026-05-01 14:08:00,2026-05-01 14:10:00,V1B,SimV1A - Kalman Fader 2,KalmanPulse Fader Mode A+,KalmanPulse_Fader_B,B,NQ,NQ JUN26,LONG,2,27865.75,27878.75,430.0,430.0,86.0,WIN,TARGET_HIT,27857.25,340.0,2026-05-06 13:36:25,C:\Users\Valued Customer\NT8_Regimes\V1B\TradeLog\KalmanPulse_Fader_B_TradeLog.csv,2026-05-01 14:08:00,Kalman Faders,ROTATION_LIQUID,2026-05-01 14:06:41,TREND_COMPRESSION,TREND_COMPRESSION,BRACKET_MACRO,ROTATION_ILLIQUID,TrendUp,AFTERNOON_TREND_TEST,66,MICRO_TREND_INSIDE_MACRO_STRUCTURE,True,False,True,True,False,False,,,1.3166666666666667,TREND_COMPRESSION,OUT_OF_LANE,OUT_OF_LANE
2026-05-01,2026-05-01 14:08:06,2026-05-01 14:08:55,V3C,SimV3C-NQ-2A,NQ VC3-A Compression Fast ,NQ VC3-A Compression Fast ,,NQ,NQ JUN26,LONG,1,27862.0,27877.75,315.0,315.0,63.0,WIN,Profit target,,,2026-05-06 10:03:09,C:\Users\Valued Customer\NT8_Regimes\V3C\TradeLog\SimV3C_NQ_2A_TradeLog.csv,2026-05-01 14:08:06,V3C Compression,TREND_COMPRESSION,2026-05-01 14:06:41,TREND_COMPRESSION,TREND_COMPRESSION,BRACKET_MACRO,ROTATION_ILLIQUID,TrendUp,AFTERNOON_TREND_TEST,66,MICRO_TREND_INSIDE_MACRO_STRUCTURE,True,False,True,True,False,False,,,1.4166666666666667,TREND_COMPRESSION,IN_LANE,IN_LANE
2026-05-01,2026-05-01 14:08:55,2026-05-01 14:08:55,V3C,SimV3C-NQ-2B,NQ V3C Compression Clean B,NQ V3C Compression Clean B,,NQ,NQ JUN26,LONG,1,27868.0,27877.75,195.0,195.0,39.0,WIN,Profit target,,,2026-05-06 10:03:06,C:\Users\Valued Customer\NT8_Regimes\V3C\TradeLog\SimV3C_NQ_2B_TradeLog.csv,2026-05-01 14:08:55,V3C Compression,TREND_COMPRESSION,2026-05-01 14:06:41,TREND_COMPRESSION,TREND_COMPRESSION,BRACKET_MACRO,ROTATION_ILLIQUID,TrendUp,AFTERNOON_TREND_TEST,66,MICRO_TREND_INSIDE_MACRO_STRUCTURE,True,False,True,True,False,False,,,2.2333333333333334,TREND_COMPRESSION,IN_LANE,IN_LANE
2026-05-01,2026-05-01 14:19:12,2026-05-01 14:22:35,V3C,SimV3C-NQ-2A,NQ VC3-A Compression Fast ,NQ VC3-A Compression Fast ,,NQ,NQ JUN26,LONG,1,27847.0,27862.5,310.0,310.0,62.0,WIN,Profit target,,,2026-05-06 10:03:09,C:\Users\Valued Customer\NT8_Regimes\V3C\TradeLog\SimV3C_NQ_2A_TradeLog.csv,2026-05-01 14:19:12,V3C Compression,TREND_COMPRESSION,2026-05-01 14:16:03,TREND_COMPRESSION,TREND_COMPRESSION,BRACKET_MACRO,ROTATION_ILLIQUID,TrendUp,AFTERNOON_TREND_TEST,66,MICRO_TREND_INSIDE_MACRO_STRUCTURE,True,False,True,True,False,False,,,3.15,TREND_COMPRESSION,IN_LANE,IN_LANE
2026-05-01,2026-05-01 14:19:12,2026-05-01 14:19:12,V3C,SimV3C-NQ-2B,NQ V3C Compression Clean B,NQ V3C Compression Clean B,,NQ,NQ JUN26,LONG,1,27848.0,27857.25,185.0,185.0,37.0,WIN,Profit target,,,2026-05-06 10:03:06,C:\Users\Valued Customer\NT8_Regimes\V3C\TradeLog\SimV3C_NQ_2B_TradeLog.csv,2026-05-01 14:19:12,V3C Compression,TREND_COMPRESSION,2026-05-01 14:16:03,TREND_COMPRESSION,TREND_COMPRESSION,BRACKET_MACRO,ROTATION_ILLIQUID,TrendUp,AFTERNOON_TREND_TEST,66,MICRO_TREND_INSIDE_MACRO_STRUCTURE,True,False,True,True,False,False,,,3.15,TREND_COMPRESSION,IN_LANE,IN_LANE
2026-05-01,2026-05-01 14:28:24,2026-05-01 14:29:58,V3C,SimV3C-NQ-2B,NQ V3C Compression Clean B,NQ V3C Compression Clean B,,NQ,NQ JUN26,LONG,1,27860.0,27869.25,185.0,185.0,37.0,WIN,Profit target,,,2026-05-06 10:03:06,C:\Users\Valued Customer\NT8_Regimes\V3C\TradeLog\SimV3C_NQ_2B_TradeLog.csv,2026-05-01 14:28:24,V3C Compression,TREND_COMPRESSION,2026-05-01 14:26:43,TREND_COMPRESSION,TREND_COMPRESSION,BRACKET_MACRO,ROTATION_ILLIQUID,TrendUp,AFTERNOON_TREND_TEST,66,MICRO_TREND_INSIDE_MACRO_STRUCTURE,True,False,True,True,False,False,,,1.6833333333333333,TREND_COMPRESSION,IN_LANE,IN_LANE
2026-05-01,2026-05-01 14:30:00,2026-05-01 14:30:00,V3C,SimV3C-NQ-2D,V3_Compression_Sniper_V3C D,V3_Compression_Sniper_V3C D,,NQ,NQ JUN26,LONG,1,27867.5,27852.25,-305.0,-305.0,-61.0,LOSS,Stop loss,,,2026-05-06 10:03:18,C:\Users\Valued Customer\NT8_Regimes\V3C\TradeLog\SimV3C_NQ_2D_TradeLog.csv,2026-05-01 14:30:00,V3C Compression,TREND_COMPRESSION,2026-05-01 14:26:43,TREND_COMPRESSION,TREND_COMPRESSION,BRACKET_MACRO,ROTATION_ILLIQUID,TrendUp,AFTERNOON_TREND_TEST,66,MICRO_TREND_INSIDE_MACRO_STRUCTURE,True,False,True,True,False,False,,,3.283333333333333,TREND_COMPRESSION,IN_LANE,IN_LANE
2026-05-01,2026-05-01 14:40:00,2026-05-01 14:41:00,V1B,SimV1A - Kalman Fader 2,KalmanPulse Fader Mode A+,KalmanPulse_Fader_B,B,NQ,NQ JUN26,LONG,2,27836.75,27832.25,-180.0,-180.0,-36.0,LOSS,ENVELOPE_BREAK_EXIT,27826.25,420.0,2026-05-06 13:41:20,C:\Users\Valued Customer\NT8_Regimes\V1B\TradeLog\KalmanPulse_Fader_B_TradeLog.csv,2026-05-01 14:40:00,Kalman Faders,ROTATION_LIQUID,2026-05-01 14:36:17,TREND_COMPRESSION,TREND_COMPRESSION,BRACKET_MACRO,ROTATION_ILLIQUID,TrendUp,AFTERNOON_TREND_TEST,66,MICRO_TREND_INSIDE_MACRO_STRUCTURE,True,False,True,True,False,False,,,3.716666666666667,TREND_COMPRESSION,OUT_OF_LANE,OUT_OF_LANE
2026-05-01,2026-05-01 14:40:00,2026-05-01 14:41:00,V1B,SimV1A - Kalman Fader 2,KalmanPulse Fader Mode A+,KalmanPulse_Fader_B,B,NQ,NQ JUN26,LONG,2,27836.75,27832.25,-180.0,-180.0,-36.0,LOSS,ENVELOPE_BREAK_EXIT,27814.75,880.0,2026-05-06 10:55:15,C:\Users\Valued Customer\NT8_Regimes\V1B\TradeLog\KalmanPulse_Fader_B_TradeLog.csv,2026-05-01 14:40:00,Kalman Faders,ROTATION_LIQUID,2026-05-01 14:36:17,TREND_COMPRESSION,TREND_COMPRESSION,BRACKET_MACRO,ROTATION_ILLIQUID,TrendUp,AFTERNOON_TREND_TEST,66,MICRO_TREND_INSIDE_MACRO_STRUCTURE,True,False,True,True,False,False,,,3.716666666666667,TREND_COMPRESSION,OUT_OF_LANE,OUT_OF_LANE
2026-05-01,2026-05-01 14:40:00,2026-05-01 14:41:00,V1B,SimV1A - Kalman Fader 2,KalmanPulse Fader Mode A+,KalmanPulse_Fader_B,B,NQ,NQ JUN26,LONG,2,27836.75,27832.25,-180.0,-180.0,-36.0,LOSS,ENVELOPE_BREAK_EXIT,27826.25,420.0,2026-05-06 12:22:55,C:\Users\Valued Customer\NT8_Regimes\V1B\TradeLog\KalmanPulse_Fader_B_TradeLog.csv,2026-05-01 14:40:00,Kalman Faders,ROTATION_LIQUID,2026-05-01 14:36:17,TREND_COMPRESSION,TREND_COMPRESSION,BRACKET_MACRO,ROTATION_ILLIQUID,TrendUp,AFTERNOON_TREND_TEST,66,MICRO_TREND_INSIDE_MACRO_STRUCTURE,True,False,True,True,False,False,,,3.716666666666667,TREND_COMPRESSION,OUT_OF_LANE,OUT_OF_LANE
2026-05-01,2026-05-01 14:40:00,2026-05-01 14:41:00,V1B,SimV1A - Kalman Fader 2,KalmanPulse Fader Mode A+,KalmanPulse_Fader_B,A,NQ,NQ JUN26,LONG,2,27836.75,27832.25,-180.0,-180.0,-36.0,LOSS,ENVELOPE_BREAK_EXIT,27826.25,420.0,2026-05-06 13:43:35,C:\Users\Valued Customer\NT8_Regimes\V1B\TradeLog\KalmanPulse_Fader_B_TradeLog.csv,2026-05-01 14:40:00,Kalman Faders,ROTATION_LIQUID,2026-05-01 14:36:17,TREND_COMPRESSION,TREND_COMPRESSION,BRACKET_MACRO,ROTATION_ILLIQUID,TrendUp,AFTERNOON_TREND_TEST,66,MICRO_TREND_INSIDE_MACRO_STRUCTURE,True,False,True,True,False,False,,,3.716666666666667,TREND_COMPRESSION,OUT_OF_LANE,OUT_OF_LANE
2026-05-01,2026-05-01 14:40:00,2026-05-01 14:41:00,V1B,SimV1A - Kalman Fader 2,KalmanPulse Fader Mode A+,KalmanPulse_Fader_B,B,NQ,NQ JUN26,LONG,2,27836.75,27832.25,-180.0,-180.0,-36.0,LOSS,ENVELOPE_BREAK_EXIT,27826.25,420.0,2026-05-06 13:36:25,C:\Users\Valued Customer\NT8_Regimes\V1B\TradeLog\KalmanPulse_Fader_B_TradeLog.csv,2026-05-01 14:40:00,Kalman Faders,ROTATION_LIQUID,2026-05-01 14:36:17,TREND_COMPRESSION,TREND_COMPRESSION,BRACKET_MACRO,ROTATION_ILLIQUID,TrendUp,AFTERNOON_TREND_TEST,66,MICRO_TREND_INSIDE_MACRO_STRUCTURE,True,False,True,True,False,False,,,3.716666666666667,TREND_COMPRESSION,OUT_OF_LANE,OUT_OF_LANE
2026-05-01,2026-05-01 14:50:59,2026-05-01 14:55:54,V3C,SimV3C-NQ-2A,NQ VC3-A Compression Fast ,NQ VC3-A Compression Fast ,,NQ,NQ JUN26,LONG,1,27807.0,27822.75,315.0,315.0,63.0,WIN,Profit target,,,2026-05-06 10:03:09,C:\Users\Valued Customer\NT8_Regimes\V3C\TradeLog\SimV3C_NQ_2A_TradeLog.csv,2026-05-01 14:50:59,V3C Compression,TREND_COMPRESSION,2026-05-01 14:46:56,TRANSITION,TRANSITION,BRACKET_MACRO,ROTATION_ILLIQUID,TrendUp,AFTERNOON_TREND_TEST,50,NO_CLEAR_STAGE_C_ALIGNMENT,False,False,False,False,False,False,,,4.05,TRANSITION,OUT_OF_LANE,OUT_LEADIN_TRANSITION_ROT_ILLIQUID
2026-05-01,2026-05-01 14:50:59,2026-05-01 14:50:59,V3C,SimV3C-NQ-2B,NQ V3C Compression Clean B,NQ V3C Compression Clean B,,NQ,NQ JUN26,LONG,1,27808.0,27817.5,190.0,190.0,38.0,WIN,Profit target,,,2026-05-06 10:03:06,C:\Users\Valued Customer\NT8_Regimes\V3C\TradeLog\SimV3C_NQ_2B_TradeLog.csv,2026-05-01 14:50:59,V3C Compression,TREND_COMPRESSION,2026-05-01 14:46:56,TRANSITION,TRANSITION,BRACKET_MACRO,ROTATION_ILLIQUID,TrendUp,AFTERNOON_TREND_TEST,50,NO_CLEAR_STAGE_C_ALIGNMENT,False,False,False,False,False,False,,,4.05,TRANSITION,OUT_OF_LANE,OUT_LEADIN_TRANSITION_ROT_ILLIQUID
2026-05-01,2026-05-01 14:53:21,2026-05-01 14:53:21,V3C,SimV3C-NQ-2B,NQ V3C Compression Clean B,NQ V3C Compression Clean B,,NQ,NQ JUN26,LONG,1,27804.0,27813.5,190.0,190.0,38.0,WIN,Profit target,,,2026-05-06 10:03:06,C:\Users\Valued Customer\NT8_Regimes\V3C\TradeLog\SimV3C_NQ_2B_TradeLog.csv,2026-05-01 14:53:21,V3C Compression,TREND_COMPRESSION,2026-05-01 14:46:56,TRANSITION,TRANSITION,BRACKET_MACRO,ROTATION_ILLIQUID,TrendUp,AFTERNOON_TREND_TEST,50,NO_CLEAR_STAGE_C_ALIGNMENT,False,False,False,False,False,False,,,6.416666666666667,TRANSITION,OUT_OF_LANE,OUT_LEADIN_TRANSITION_ROT_ILLIQUID
2026-05-01,2026-05-01 14:59:45,2026-05-01 14:59:45,V3C,SimV3C-NQ-2B,NQ V3C Compression Clean B,NQ V3C Compression Clean B,,NQ,NQ JUN26,LONG,1,27816.0,27825.5,190.0,190.0,38.0,WIN,Profit target,,,2026-05-06 10:03:06,C:\Users\Valued Customer\NT8_Regimes\V3C\TradeLog\SimV3C_NQ_2B_TradeLog.csv,2026-05-01 14:59:45,V3C Compression,TREND_COMPRESSION,2026-05-01 14:56:19,TRANSITION,TRANSITION,BRACKET_MACRO,ROTATION_ILLIQUID,TrendUp,AFTERNOON_TREND_TEST,50,NO_CLEAR_STAGE_C_ALIGNMENT,False,False,False,False,False,False,,,3.433333333333333,TRANSITION,OUT_OF_LANE,OUT_LEADIN_TRANSITION_ROT_ILLIQUID
2026-05-01,2026-05-01 15:01:29,2026-05-01 15:05:16,V3C,SimV3C-NQ-2C,NQ V3C Compression Sniper C 20-40-60,NQ V3C Compression Sniper C 20-40-60,,NQ,NQ JUN26,LONG,1,27812.0,27844.25,645.0,645.0,129.0,WIN,Profit target,,,2026-05-06 10:03:07,C:\Users\Valued Customer\NT8_Regimes\V3C\TradeLog\SimV3C_NQ_2C_TradeLog.csv,2026-05-01 15:01:29,V3C Compression,TREND_COMPRESSION,2026-05-01 14:56:19,TRANSITION,TRANSITION,BRACKET_MACRO,ROTATION_ILLIQUID,TrendUp,AFTERNOON_TREND_TEST,50,NO_CLEAR_STAGE_C_ALIGNMENT,False,False,False,False,False,False,,,5.166666666666667,TRANSITION,OUT_OF_LANE,OUT_LEADIN_TRANSITION_ROT_ILLIQUID
2026-05-01,2026-05-01 15:03:00,2026-05-01 15:09:00,V3C,SimV3C-NQ-2D,V3_Compression_Sniper_V3C D,V3_Compression_Sniper_V3C D,,NQ,NQ JUN26,LONG,1,27837.5,27856.5,380.0,380.0,76.0,WIN,Profit target,,,2026-05-06 10:03:18,C:\Users\Valued Customer\NT8_Regimes\V3C\TradeLog\SimV3C_NQ_2D_TradeLog.csv,2026-05-01 15:03:00,V3C Compression,TREND_COMPRESSION,2026-05-01 14:56:19,TRANSITION,TRANSITION,BRACKET_MACRO,ROTATION_ILLIQUID,TrendUp,AFTERNOON_TREND_TEST,50,NO_CLEAR_STAGE_C_ALIGNMENT,False,False,False,False,False,False,,,6.683333333333334,TRANSITION,OUT_OF_LANE,OUT_LEADIN_TRANSITION_ROT_ILLIQUID
2026-05-01,2026-05-01 15:05:00,2026-05-01 15:07:00,V1B,SimV1A - Kalman Fader 2,KalmanPulse Fader Mode A+,KalmanPulse_Fader_B,B,NQ,NQ JUN26,SHORT,2,27836.25,27842.5,-250.0,-250.0,-50.0,LOSS,ENVELOPE_BREAK_EXIT,27858.0,870.0,2026-05-06 10:55:15,C:\Users\Valued Customer\NT8_Regimes\V1B\TradeLog\KalmanPulse_Fader_B_TradeLog.csv,2026-05-01 15:05:00,Kalman Faders,ROTATION_LIQUID,2026-05-01 14:56:19,TRANSITION,TRANSITION,BRACKET_MACRO,ROTATION_ILLIQUID,TrendUp,AFTERNOON_TREND_TEST,50,NO_CLEAR_STAGE_C_ALIGNMENT,False,False,False,False,False,False,,,8.683333333333334,TRANSITION,OUT_OF_LANE,OUT_OF_LANE
2026-05-01,2026-05-01 15:05:00,2026-05-01 15:07:00,V1B,SimV1A - Kalman Fader 2,KalmanPulse Fader Mode A+,KalmanPulse_Fader_B,A,NQ,NQ JUN26,SHORT,2,27836.25,27842.5,-250.0,-250.0,-50.0,LOSS,ENVELOPE_BREAK_EXIT,27845.75,380.0,2026-05-06 13:43:35,C:\Users\Valued Customer\NT8_Regimes\V1B\TradeLog\KalmanPulse_Fader_B_TradeLog.csv,2026-05-01 15:05:00,Kalman Faders,ROTATION_LIQUID,2026-05-01 14:56:19,TRANSITION,TRANSITION,BRACKET_MACRO,ROTATION_ILLIQUID,TrendUp,AFTERNOON_TREND_TEST,50,NO_CLEAR_STAGE_C_ALIGNMENT,False,False,False,False,False,False,,,8.683333333333334,TRANSITION,OUT_OF_LANE,OUT_OF_LANE
2026-05-01,2026-05-01 15:05:00,2026-05-01 15:07:00,V1B,SimV1A - Kalman Fader 2,KalmanPulse Fader Mode A+,KalmanPulse_Fader_B,B,NQ,NQ JUN26,SHORT,2,27836.25,27842.5,-250.0,-250.0,-50.0,LOSS,ENVELOPE_BREAK_EXIT,27845.75,380.0,2026-05-06 13:36:25,C:\Users\Valued Customer\NT8_Regimes\V1B\TradeLog\KalmanPulse_Fader_B_TradeLog.csv,2026-05-01 15:05:00,Kalman Faders,ROTATION_LIQUID,2026-05-01 14:56:19,TRANSITION,TRANSITION,BRACKET_MACRO,ROTATION_ILLIQUID,TrendUp,AFTERNOON_TREND_TEST,50,NO_CLEAR_STAGE_C_ALIGNMENT,False,False,False,False,False,False,,,8.683333333333334,TRANSITION,OUT_OF_LANE,OUT_OF_LANE
2026-05-01,2026-05-01 15:05:00,2026-05-01 15:07:00,V1B,SimV1A - Kalman Fader 2,KalmanPulse Fader Mode A+,KalmanPulse_Fader_B,B,NQ,NQ JUN26,SHORT,2,27836.25,27842.5,-250.0,-250.0,-50.0,LOSS,ENVELOPE_BREAK_EXIT,27845.75,380.0,2026-05-06 13:41:20,C:\Users\Valued Customer\NT8_Regimes\V1B\TradeLog\KalmanPulse_Fader_B_TradeLog.csv,2026-05-01 15:05:00,Kalman Faders,ROTATION_LIQUID,2026-05-01 14:56:19,TRANSITION,TRANSITION,BRACKET_MACRO,ROTATION_ILLIQUID,TrendUp,AFTERNOON_TREND_TEST,50,NO_CLEAR_STAGE_C_ALIGNMENT,False,False,False,False,False,False,,,8.683333333333334,TRANSITION,OUT_OF_LANE,OUT_OF_LANE
2026-05-01,2026-05-01 15:05:00,2026-05-01 15:07:00,V1B,SimV1A - Kalman Fader 2,KalmanPulse Fader Mode A+,KalmanPulse_Fader_B,B,NQ,NQ JUN26,SHORT,2,27836.25,27842.5,-250.0,-250.0,-50.0,LOSS,ENVELOPE_BREAK_EXIT,27845.75,380.0,2026-05-06 12:22:55,C:\Users\Valued Customer\NT8_Regimes\V1B\TradeLog\KalmanPulse_Fader_B_TradeLog.csv,2026-05-01 15:05:00,Kalman Faders,ROTATION_LIQUID,2026-05-01 14:56:19,TRANSITION,TRANSITION,BRACKET_MACRO,ROTATION_ILLIQUID,TrendUp,AFTERNOON_TREND_TEST,50,NO_CLEAR_STAGE_C_ALIGNMENT,False,False,False,False,False,False,,,8.683333333333334,TRANSITION,OUT_OF_LANE,OUT_OF_LANE
2026-05-01,2026-05-01 15:43:50,2026-05-01 15:50:00,V3C,SimV3C-NQ-2B,NQ V3C Compression Clean B,NQ V3C Compression Clean B,,NQ,NQ JUN26,LONG,1,27868.0,27877.5,190.0,190.0,38.0,WIN,Profit target,,,2026-05-06 10:03:06,C:\Users\Valued Customer\NT8_Regimes\V3C\TradeLog\SimV3C_NQ_2B_TradeLog.csv,2026-05-01 15:43:50,V3C Compression,TREND_COMPRESSION,2026-05-01 15:39:36,TREND_COMPRESSION,TREND_COMPRESSION,BRACKET_MACRO,ROTATION_ILLIQUID,TrendUp,LATE_DAY_CONVICTION,66,MICRO_TREND_INSIDE_MACRO_STRUCTURE,True,False,True,True,False,False,,,4.233333333333333,TREND_COMPRESSION,IN_LANE,IN_LANE
2026-05-01,2026-05-01 15:50:00,2026-05-01 15:52:23,V3C,SimV3C-NQ-2A,NQ VC3-A Compression Fast ,NQ VC3-A Compression Fast ,,NQ,NQ JUN26,LONG,1,27867.0,27851.0,-320.0,-320.0,-64.0,LOSS,Stop loss,,,2026-05-06 10:03:09,C:\Users\Valued Customer\NT8_Regimes\V3C\TradeLog\SimV3C_NQ_2A_TradeLog.csv,2026-05-01 15:50:00,V3C Compression,TREND_COMPRESSION,2026-05-01 15:45:58,TREND_COMPRESSION,TREND_COMPRESSION,BRACKET_MACRO,ROTATION_ILLIQUID,TrendUp,LATE_DAY_CONVICTION,66,MICRO_TREND_INSIDE_MACRO_STRUCTURE,True,False,True,True,False,False,,,4.033333333333333,TREND_COMPRESSION,IN_LANE,IN_LANE
2026-05-01,2026-05-01 15:54:40,2026-05-01 15:55:00,V3C,SimV3C-NQ-2B,NQ V3C Compression Clean B,NQ V3C Compression Clean B,,NQ,NQ JUN26,LONG,1,27852.0,27842.75,-185.0,-185.0,-37.0,LOSS,Stop loss,,,2026-05-06 10:03:06,C:\Users\Valued Customer\NT8_Regimes\V3C\TradeLog\SimV3C_NQ_2B_TradeLog.csv,2026-05-01 15:54:40,V3C Compression,TREND_COMPRESSION,2026-05-01 15:45:58,TREND_COMPRESSION,TREND_COMPRESSION,BRACKET_MACRO,ROTATION_ILLIQUID,TrendUp,LATE_DAY_CONVICTION,66,MICRO_TREND_INSIDE_MACRO_STRUCTURE,True,False,True,True,False,False,,,8.7,TREND_COMPRESSION,IN_LANE,IN_LANE
2026-05-01,2026-05-01 16:58:00,2026-05-01 16:58:00,V3C,SimV3C-NQ-2B,NQ V3C Compression Clean B,NQ V3C Compression Clean B,,NQ,NQ JUN26,LONG,1,27768.0,27777.25,185.0,185.0,37.0,WIN,Profit target,,,2026-05-06 10:03:06,C:\Users\Valued Customer\NT8_Regimes\V3C\TradeLog\SimV3C_NQ_2B_TradeLog.csv,2026-05-01 16:58:00,V3C Compression,TREND_COMPRESSION,2026-05-01 16:27:45,TRANSITION,TRANSITION,BRACKET_MACRO,ROTATION_ILLIQUID,TrendDown,CASH_CLOSE,50,MACRO_STALE_27.7MIN,False,False,False,False,False,True,,,30.25,TRANSITION,OUT_OF_LANE,OUT_LEADIN_TRANSITION_ROT_ILLIQUID
2026-05-01,2026-05-01 16:58:00,2026-05-01 16:58:00,V3C,SimV3C-NQ-2A,NQ VC3-A Compression Fast ,NQ VC3-A Compression Fast ,,NQ,NQ JUN26,LONG,1,27767.0,27783.0,320.0,320.0,64.0,WIN,Profit target,,,2026-05-06 10:03:09,C:\Users\Valued Customer\NT8_Regimes\V3C\TradeLog\SimV3C_NQ_2A_TradeLog.csv,2026-05-01 16:58:00,V3C Compression,TREND_COMPRESSION,2026-05-01 16:27:45,TRANSITION,TRANSITION,BRACKET_MACRO,ROTATION_ILLIQUID,TrendDown,CASH_CLOSE,50,MACRO_STALE_27.7MIN,False,False,False,False,False,True,,,30.25,TRANSITION,OUT_OF_LANE,OUT_LEADIN_TRANSITION_ROT_ILLIQUID
2026-05-04,2026-05-04 09:30:00,2026-05-04 09:30:03,V3C,SimV3C-NQ-2C,NQ V3C Compression Sniper C 20-40-60,NQ V3C Compression Sniper C 20-40-60,,NQ,NQ JUN26,LONG,1,27874.5,27843.75,-615.0,-615.0,-123.0,LOSS,Stop loss,,,2026-05-06 10:03:07,C:\Users\Valued Customer\NT8_Regimes\V3C\TradeLog\SimV3C_NQ_2C_TradeLog.csv,2026-05-04 09:30:00,V3C Compression,TREND_COMPRESSION,2026-05-04 09:18:42,TRANSITION,TRANSITION,BRACKET_MACRO,ROTATION_ILLIQUID,TrendDown,CASH_CLOSE,50,MACRO_STALE_WRONG_SESSION_3D,False,False,False,False,False,True,False,HYST_BLOCK_STALE_MACRO_STALE_WRONG_SESSION_3D,11.3,TRANSITION,OUT_OF_LANE,OUT_LEADIN_TRANSITION_ROT_ILLIQUID
2026-05-04,2026-05-04 09:31:06,2026-05-04 09:31:06,V3C,SimV3C-NQ-2B,NQ V3C Compression Clean B,NQ V3C Compression Clean B,,NQ,NQ JUN26,LONG,1,27846.5,27856.25,195.0,195.0,39.0,WIN,Profit target,,,2026-05-06 10:03:06,C:\Users\Valued Customer\NT8_Regimes\V3C\TradeLog\SimV3C_NQ_2B_TradeLog.csv,2026-05-04 09:31:06,V3C Compression,TREND_COMPRESSION,2026-05-04 09:30:37,TRANSITION,TRANSITION,UNRESOLVED,TRANSITION,Balance,PREMARKET_CONTEXT,55,OPENING_OR_UNRESOLVED_UNRESOLVED,False,False,False,False,False,False,False,HYST_BLOCK_BALANCE_AGE_1_OF_2,0.48333333333333334,TRANSITION,OUT_OF_LANE,OUT_LEADIN_TRANSITION_ROT_ILLIQUID
2026-05-04,2026-05-04 09:31:45,2026-05-04 09:31:45,V3C,SimV3C-NQ-2B,NQ V3C Compression Clean B,NQ V3C Compression Clean B,,NQ,NQ JUN26,LONG,1,27822.5,27832.0,190.0,190.0,38.0,WIN,Profit target,,,2026-05-06 10:03:06,C:\Users\Valued Customer\NT8_Regimes\V3C\TradeLog\SimV3C_NQ_2B_TradeLog.csv,2026-05-04 09:31:45,V3C Compression,TREND_COMPRESSION,2026-05-04 09:30:37,TRANSITION,TRANSITION,UNRESOLVED,TRANSITION,Balance,PREMARKET_CONTEXT,55,OPENING_OR_UNRESOLVED_UNRESOLVED,False,False,False,False,False,False,False,HYST_BLOCK_BALANCE_AGE_1_OF_2,1.1333333333333333,TRANSITION,OUT_OF_LANE,OUT_LEADIN_TRANSITION_ROT_ILLIQUID
2026-05-04,2026-05-04 09:31:49,2026-05-04 09:33:06,V3C,SimV3C-NQ-2A,NQ VC3-A Compression Fast ,NQ VC3-A Compression Fast ,,NQ,NQ JUN26,LONG,1,27824.5,27841.25,335.0,335.0,67.0,WIN,Profit target,,,2026-05-06 10:03:09,C:\Users\Valued Customer\NT8_Regimes\V3C\TradeLog\SimV3C_NQ_2A_TradeLog.csv,2026-05-04 09:31:49,V3C Compression,TREND_COMPRESSION,2026-05-04 09:30:37,TRANSITION,TRANSITION,UNRESOLVED,TRANSITION,Balance,PREMARKET_CONTEXT,55,OPENING_OR_UNRESOLVED_UNRESOLVED,False,False,False,False,False,False,False,HYST_BLOCK_BALANCE_AGE_1_OF_2,1.2,TRANSITION,OUT_OF_LANE,OUT_LEADIN_TRANSITION_ROT_ILLIQUID
2026-05-04,2026-05-04 09:32:00,2026-05-04 09:32:00,V3C,SimV3C-NQ-2B,NQ V3C Compression Clean B,NQ V3C Compression Clean B,,NQ,NQ JUN26,LONG,1,27826.5,27836.0,190.0,190.0,38.0,WIN,Profit target,,,2026-05-06 10:03:06,C:\Users\Valued Customer\NT8_Regimes\V3C\TradeLog\SimV3C_NQ_2B_TradeLog.csv,2026-05-04 09:32:00,V3C Compression,TREND_COMPRESSION,2026-05-04 09:30:37,TRANSITION,TRANSITION,UNRESOLVED,TRANSITION,Balance,PREMARKET_CONTEXT,55,OPENING_OR_UNRESOLVED_UNRESOLVED,False,False,False,False,False,False,False,HYST_BLOCK_BALANCE_AGE_1_OF_2,1.3833333333333333,TRANSITION,OUT_OF_LANE,OUT_LEADIN_TRANSITION_ROT_ILLIQUID
2026-05-04,2026-05-04 09:32:16,2026-05-04 09:32:16,V3C,SimV3C-NQ-2B,NQ V3C Compression Clean B,NQ V3C Compression Clean B,,NQ,NQ JUN26,LONG,1,27818.5,27827.75,185.0,185.0,37.0,WIN,Profit target,,,2026-05-06 10:03:06,C:\Users\Valued Customer\NT8_Regimes\V3C\TradeLog\SimV3C_NQ_2B_TradeLog.csv,2026-05-04 09:32:16,V3C Compression,TREND_COMPRESSION,2026-05-04 09:30:37,TRANSITION,TRANSITION,UNRESOLVED,TRANSITION,Balance,PREMARKET_CONTEXT,55,OPENING_OR_UNRESOLVED_UNRESOLVED,False,False,False,False,False,False,False,HYST_BLOCK_BALANCE_AGE_1_OF_2,1.65,TRANSITION,OUT_OF_LANE,OUT_LEADIN_TRANSITION_ROT_ILLIQUID
2026-05-04,2026-05-04 09:32:55,2026-05-04 09:32:55,V3C,SimV3C-NQ-2B,NQ V3C Compression Clean B,NQ V3C Compression Clean B,,NQ,NQ JUN26,LONG,1,27818.5,27828.0,190.0,190.0,38.0,WIN,Profit target,,,2026-05-06 10:03:06,C:\Users\Valued Customer\NT8_Regimes\V3C\TradeLog\SimV3C_NQ_2B_TradeLog.csv,2026-05-04 09:32:55,V3C Compression,TREND_COMPRESSION,2026-05-04 09:30:37,TRANSITION,TRANSITION,UNRESOLVED,TRANSITION,Balance,PREMARKET_CONTEXT,55,OPENING_OR_UNRESOLVED_UNRESOLVED,False,False,False,False,False,False,False,HYST_BLOCK_BALANCE_AGE_1_OF_2,2.3,TRANSITION,OUT_OF_LANE,OUT_LEADIN_TRANSITION_ROT_ILLIQUID
2026-05-04,2026-05-04 09:33:00,2026-05-04 09:33:00,V3C,SimV3C-NQ-2D,V3_Compression_Sniper_V3C D,V3_Compression_Sniper_V3C D,,NQ,NQ JUN26,LONG,1,27824.5,27844.5,400.0,400.0,80.0,WIN,Profit target,,,2026-05-06 10:03:18,C:\Users\Valued Customer\NT8_Regimes\V3C\TradeLog\SimV3C_NQ_2D_TradeLog.csv,2026-05-04 09:33:00,V3C Compression,TREND_COMPRESSION,2026-05-04 09:30:37,TRANSITION,TRANSITION,UNRESOLVED,TRANSITION,Balance,PREMARKET_CONTEXT,55,OPENING_OR_UNRESOLVED_UNRESOLVED,False,False,False,False,False,False,False,HYST_BLOCK_BALANCE_AGE_1_OF_2,2.3833333333333333,TRANSITION,OUT_OF_LANE,OUT_LEADIN_TRANSITION_ROT_ILLIQUID
2026-05-04,2026-05-04 09:33:39,2026-05-04 09:33:39,V3C,SimV3C-NQ-2B,NQ V3C Compression Clean B,NQ V3C Compression Clean B,,NQ,NQ JUN26,LONG,1,27830.5,27840.0,190.0,190.0,38.0,WIN,Profit target,,,2026-05-06 10:03:06,C:\Users\Valued Customer\NT8_Regimes\V3C\TradeLog\SimV3C_NQ_2B_TradeLog.csv,2026-05-04 09:33:39,V3C Compression,TREND_COMPRESSION,2026-05-04 09:30:37,TRANSITION,TRANSITION,UNRESOLVED,TRANSITION,Balance,PREMARKET_CONTEXT,55,OPENING_OR_UNRESOLVED_UNRESOLVED,False,False,False,False,False,False,False,HYST_BLOCK_BALANCE_AGE_1_OF_2,3.033333333333333,TRANSITION,OUT_OF_LANE,OUT_LEADIN_TRANSITION_ROT_ILLIQUID
2026-05-04,2026-05-04 09:33:53,2026-05-04 09:33:55,V3C,SimV3C-NQ-2A,NQ VC3-A Compression Fast ,NQ VC3-A Compression Fast ,,NQ,NQ JUN26,LONG,1,27829.5,27846.25,335.0,335.0,67.0,WIN,Profit target,,,2026-05-06 10:03:09,C:\Users\Valued Customer\NT8_Regimes\V3C\TradeLog\SimV3C_NQ_2A_TradeLog.csv,2026-05-04 09:33:53,V3C Compression,TREND_COMPRESSION,2026-05-04 09:30:37,TRANSITION,TRANSITION,UNRESOLVED,TRANSITION,Balance,PREMARKET_CONTEXT,55,OPENING_OR_UNRESOLVED_UNRESOLVED,False,False,False,False,False,False,False,HYST_BLOCK_BALANCE_AGE_1_OF_2,3.2666666666666666,TRANSITION,OUT_OF_LANE,OUT_LEADIN_TRANSITION_ROT_ILLIQUID
2026-05-04,2026-05-04 09:33:55,2026-05-04 09:41:05,V3C,SimV3C-NQ-2C,NQ V3C Compression Sniper C 20-40-60,NQ V3C Compression Sniper C 20-40-60,,NQ,NQ JUN26,LONG,1,27824.5,27858.25,675.0,675.0,135.0,WIN,Profit target,,,2026-05-06 10:03:07,C:\Users\Valued Customer\NT8_Regimes\V3C\TradeLog\SimV3C_NQ_2C_TradeLog.csv,2026-05-04 09:33:55,V3C Compression,TREND_COMPRESSION,2026-05-04 09:30:37,TRANSITION,TRANSITION,UNRESOLVED,TRANSITION,Balance,PREMARKET_CONTEXT,55,OPENING_OR_UNRESOLVED_UNRESOLVED,False,False,False,False,False,False,False,HYST_BLOCK_BALANCE_AGE_1_OF_2,3.3,TRANSITION,OUT_OF_LANE,OUT_LEADIN_TRANSITION_ROT_ILLIQUID
2026-05-04,2026-05-04 09:34:05,2026-05-04 09:34:05,V3C,SimV3C-NQ-2B,NQ V3C Compression Clean B,NQ V3C Compression Clean B,,NQ,NQ JUN26,LONG,1,27834.5,27844.0,190.0,190.0,38.0,WIN,Profit target,,,2026-05-06 10:03:06,C:\Users\Valued Customer\NT8_Regimes\V3C\TradeLog\SimV3C_NQ_2B_TradeLog.csv,2026-05-04 09:34:05,V3C Compression,TREND_COMPRESSION,2026-05-04 09:30:37,TRANSITION,TRANSITION,UNRESOLVED,TRANSITION,Balance,PREMARKET_CONTEXT,55,OPENING_OR_UNRESOLVED_UNRESOLVED,False,False,False,False,False,False,False,HYST_BLOCK_BALANCE_AGE_1_OF_2,3.466666666666667,TRANSITION,OUT_OF_LANE,OUT_LEADIN_TRANSITION_ROT_ILLIQUID
2026-05-04,2026-05-04 09:34:05,2026-05-04 09:35:20,V3C,SimV3C-NQ-2A,NQ VC3-A Compression Fast ,NQ VC3-A Compression Fast ,,NQ,NQ JUN26,LONG,1,27834.5,27817.75,-335.0,-335.0,-67.0,LOSS,Stop loss,,,2026-05-06 10:03:09,C:\Users\Valued Customer\NT8_Regimes\V3C\TradeLog\SimV3C_NQ_2A_TradeLog.csv,2026-05-04 09:34:05,V3C Compression,TREND_COMPRESSION,2026-05-04 09:30:37,TRANSITION,TRANSITION,UNRESOLVED,TRANSITION,Balance,PREMARKET_CONTEXT,55,OPENING_OR_UNRESOLVED_UNRESOLVED,False,False,False,False,False,False,False,HYST_BLOCK_BALANCE_AGE_1_OF_2,3.466666666666667,TRANSITION,OUT_OF_LANE,OUT_LEADIN_TRANSITION_ROT_ILLIQUID
2026-05-04,2026-05-04 09:35:30,2026-05-04 09:35:34,V3C,SimV3C-NQ-2A,NQ VC3-A Compression Fast ,NQ VC3-A Compression Fast ,,NQ,NQ JUN26,LONG,1,27814.5,27830.75,325.0,325.0,65.0,WIN,Profit target,,,2026-05-06 10:03:09,C:\Users\Valued Customer\NT8_Regimes\V3C\TradeLog\SimV3C_NQ_2A_TradeLog.csv,2026-05-04 09:35:30,V3C Compression,TREND_COMPRESSION,2026-05-04 09:30:37,TRANSITION,TRANSITION,UNRESOLVED,TRANSITION,Balance,PREMARKET_CONTEXT,55,OPENING_OR_UNRESOLVED_UNRESOLVED,False,False,False,False,False,False,False,HYST_BLOCK_BALANCE_AGE_1_OF_2,4.883333333333334,TRANSITION,OUT_OF_LANE,OUT_LEADIN_TRANSITION_ROT_ILLIQUID
2026-05-04,2026-05-04 09:35:34,2026-05-04 09:35:34,V3C,SimV3C-NQ-2B,NQ V3C Compression Clean B,NQ V3C Compression Clean B,,NQ,NQ JUN26,LONG,1,27818.5,27828.0,190.0,190.0,38.0,WIN,Profit target,,,2026-05-06 10:03:06,C:\Users\Valued Customer\NT8_Regimes\V3C\TradeLog\SimV3C_NQ_2B_TradeLog.csv,2026-05-04 09:35:34,V3C Compression,TREND_COMPRESSION,2026-05-04 09:30:37,TRANSITION,TRANSITION,UNRESOLVED,TRANSITION,Balance,PREMARKET_CONTEXT,55,OPENING_OR_UNRESOLVED_UNRESOLVED,False,False,False,False,False,False,False,HYST_BLOCK_BALANCE_AGE_1_OF_2,4.95,TRANSITION,OUT_OF_LANE,OUT_LEADIN_TRANSITION_ROT_ILLIQUID
2026-05-04,2026-05-04 09:36:05,2026-05-04 09:36:05,V3C,SimV3C-NQ-2B,NQ V3C Compression Clean B,NQ V3C Compression Clean B,,NQ,NQ JUN26,LONG,1,27822.5,27832.25,195.0,195.0,39.0,WIN,Profit target,,,2026-05-06 10:03:06,C:\Users\Valued Customer\NT8_Regimes\V3C\TradeLog\SimV3C_NQ_2B_TradeLog.csv,2026-05-04 09:36:05,V3C Compression,TREND_COMPRESSION,2026-05-04 09:30:37,TRANSITION,TRANSITION,UNRESOLVED,TRANSITION,Balance,PREMARKET_CONTEXT,55,OPENING_OR_UNRESOLVED_UNRESOLVED,False,False,False,False,False,False,False,HYST_BLOCK_BALANCE_AGE_1_OF_2,5.466666666666667,TRANSITION,OUT_OF_LANE,OUT_LEADIN_TRANSITION_ROT_ILLIQUID
2026-05-04,2026-05-04 09:37:39,2026-05-04 09:37:42,V3C,SimV3C-NQ-2A,NQ VC3-A Compression Fast ,NQ VC3-A Compression Fast ,,NQ,NQ JUN26,LONG,1,27819.5,27835.25,315.0,315.0,63.0,WIN,Profit target,,,2026-05-06 10:03:09,C:\Users\Valued Customer\NT8_Regimes\V3C\TradeLog\SimV3C_NQ_2A_TradeLog.csv,2026-05-04 09:37:39,V3C Compression,TREND_COMPRESSION,2026-05-04 09:36:48,TRANSITION,TRANSITION,OPENING_AUCTION,ROTATION_ILLIQUID,TrendUp,OPENING_AUCTION,55,OPENING_OR_UNRESOLVED_OPENING_AUCTION,False,False,False,False,False,False,False,HYST_BLOCK_NQ_TRENDUP_NO_MACRO_AGE_1,0.85,TRANSITION,OUT_OF_LANE,OUT_LEADIN_TRANSITION_ROT_ILLIQUID
2026-05-04,2026-05-04 09:37:41,2026-05-04 09:37:41,V3C,SimV3C-NQ-2B,NQ V3C Compression Clean B,NQ V3C Compression Clean B,,NQ,NQ JUN26,LONG,1,27822.5,27831.75,185.0,185.0,37.0,WIN,Profit target,,,2026-05-06 10:03:06,C:\Users\Valued Customer\NT8_Regimes\V3C\TradeLog\SimV3C_NQ_2B_TradeLog.csv,2026-05-04 09:37:41,V3C Compression,TREND_COMPRESSION,2026-05-04 09:36:48,TRANSITION,TRANSITION,OPENING_AUCTION,ROTATION_ILLIQUID,TrendUp,OPENING_AUCTION,55,OPENING_OR_UNRESOLVED_OPENING_AUCTION,False,False,False,False,False,False,False,HYST_BLOCK_NQ_TRENDUP_NO_MACRO_AGE_1,0.8833333333333333,TRANSITION,OUT_OF_LANE,OUT_LEADIN_TRANSITION_ROT_ILLIQUID
2026-05-04,2026-05-04 09:39:38,2026-05-04 09:39:38,V3C,SimV3C-NQ-2B,NQ V3C Compression Clean B,NQ V3C Compression Clean B,,NQ,NQ JUN26,LONG,1,27822.5,27832.0,190.0,190.0,38.0,WIN,Profit target,,,2026-05-06 10:03:06,C:\Users\Valued Customer\NT8_Regimes\V3C\TradeLog\SimV3C_NQ_2B_TradeLog.csv,2026-05-04 09:39:38,V3C Compression,TREND_COMPRESSION,2026-05-04 09:36:48,TRANSITION,TRANSITION,OPENING_AUCTION,ROTATION_ILLIQUID,TrendUp,OPENING_AUCTION,55,OPENING_OR_UNRESOLVED_OPENING_AUCTION,False,False,False,False,False,False,False,HYST_BLOCK_NQ_TRENDUP_NO_MACRO_AGE_1,2.8333333333333335,TRANSITION,OUT_OF_LANE,OUT_LEADIN_TRANSITION_ROT_ILLIQUID
2026-05-04,2026-05-04 09:39:38,2026-05-04 09:39:50,V3C,SimV3C-NQ-2A,NQ VC3-A Compression Fast ,NQ VC3-A Compression Fast ,,NQ,NQ JUN26,LONG,1,27824.5,27840.5,320.0,320.0,64.0,WIN,Profit target,,,2026-05-06 10:03:09,C:\Users\Valued Customer\NT8_Regimes\V3C\TradeLog\SimV3C_NQ_2A_TradeLog.csv,2026-05-04 09:39:38,V3C Compression,TREND_COMPRESSION,2026-05-04 09:36:48,TRANSITION,TRANSITION,OPENING_AUCTION,ROTATION_ILLIQUID,TrendUp,OPENING_AUCTION,55,OPENING_OR_UNRESOLVED_OPENING_AUCTION,False,False,False,False,False,False,False,HYST_BLOCK_NQ_TRENDUP_NO_MACRO_AGE_1,2.8333333333333335,TRANSITION,OUT_OF_LANE,OUT_LEADIN_TRANSITION_ROT_ILLIQUID
2026-05-04,2026-05-04 09:40:51,2026-05-04 09:40:51,V3C,SimV3C-NQ-2B,NQ V3C Compression Clean B,NQ V3C Compression Clean B,,NQ,NQ JUN26,LONG,1,27830.5,27840.0,190.0,190.0,38.0,WIN,Profit target,,,2026-05-06 10:03:06,C:\Users\Valued Customer\NT8_Regimes\V3C\TradeLog\SimV3C_NQ_2B_TradeLog.csv,2026-05-04 09:40:51,V3C Compression,TREND_COMPRESSION,2026-05-04 09:36:48,TRANSITION,TRANSITION,OPENING_AUCTION,ROTATION_ILLIQUID,TrendUp,OPENING_AUCTION,55,OPENING_OR_UNRESOLVED_OPENING_AUCTION,False,False,False,False,False,False,False,HYST_BLOCK_NQ_TRENDUP_NO_MACRO_AGE_1,4.05,TRANSITION,OUT_OF_LANE,OUT_LEADIN_TRANSITION_ROT_ILLIQUID
2026-05-04,2026-05-04 09:43:30,2026-05-04 09:43:30,V3C,SimV3C-NQ-2B,NQ V3C Compression Clean B,NQ V3C Compression Clean B,,NQ,NQ JUN26,LONG,1,27854.5,27864.0,190.0,190.0,38.0,WIN,Profit target,,,2026-05-06 10:03:06,C:\Users\Valued Customer\NT8_Regimes\V3C\TradeLog\SimV3C_NQ_2B_TradeLog.csv,2026-05-04 09:43:30,V3C Compression,TREND_COMPRESSION,2026-05-04 09:41:29,ROTATION_ILLIQUID,ROTATION_ILLIQUID,BALANCE_STRUCTURE,ROTATION_ILLIQUID,TrendUp,EARLY_TEST,62,COMPRESSED_BALANCE_LOW_EDGE,False,False,False,False,False,False,True,HYST_PASSED_TRENDUP_MACRO_CONFIRM,2.0166666666666666,ROTATION_ILLIQUID,OUT_OF_LANE,OUT_LEADIN_TRANSITION_ROT_ILLIQUID
2026-05-04,2026-05-04 09:43:32,2026-05-04 09:45:39,V3C,SimV3C-NQ-2A,NQ VC3-A Compression Fast ,NQ VC3-A Compression Fast ,,NQ,NQ JUN26,LONG,1,27854.5,27870.25,315.0,315.0,63.0,WIN,Profit target,,,2026-05-06 10:03:09,C:\Users\Valued Customer\NT8_Regimes\V3C\TradeLog\SimV3C_NQ_2A_TradeLog.csv,2026-05-04 09:43:32,V3C Compression,TREND_COMPRESSION,2026-05-04 09:41:29,ROTATION_ILLIQUID,ROTATION_ILLIQUID,BALANCE_STRUCTURE,ROTATION_ILLIQUID,TrendUp,EARLY_TEST,62,COMPRESSED_BALANCE_LOW_EDGE,False,False,False,False,False,False,True,HYST_PASSED_TRENDUP_MACRO_CONFIRM,2.05,ROTATION_ILLIQUID,OUT_OF_LANE,OUT_LEADIN_TRANSITION_ROT_ILLIQUID
2026-05-04,2026-05-04 09:44:25,2026-05-04 09:44:25,V3C,SimV3C-NQ-2B,NQ V3C Compression Clean B,NQ V3C Compression Clean B,,NQ,NQ JUN26,LONG,1,27858.5,27868.0,190.0,190.0,38.0,WIN,Profit target,,,2026-05-06 10:03:06,C:\Users\Valued Customer\NT8_Regimes\V3C\TradeLog\SimV3C_NQ_2B_TradeLog.csv,2026-05-04 09:44:25,V3C Compression,TREND_COMPRESSION,2026-05-04 09:41:29,ROTATION_ILLIQUID,ROTATION_ILLIQUID,BALANCE_STRUCTURE,ROTATION_ILLIQUID,TrendUp,EARLY_TEST,62,COMPRESSED_BALANCE_LOW_EDGE,False,False,False,False,False,False,True,HYST_PASSED_TRENDUP_MACRO_CONFIRM,2.933333333333333,ROTATION_ILLIQUID,OUT_OF_LANE,OUT_LEADIN_TRANSITION_ROT_ILLIQUID
2026-05-04,2026-05-04 09:45:19,2026-05-04 09:45:19,V3C,SimV3C-NQ-2B,NQ V3C Compression Clean B,NQ V3C Compression Clean B,,NQ,NQ JUN26,LONG,1,27850.5,27860.0,190.0,190.0,38.0,WIN,Profit target,,,2026-05-06 10:03:06,C:\Users\Valued Customer\NT8_Regimes\V3C\TradeLog\SimV3C_NQ_2B_TradeLog.csv,2026-05-04 09:45:19,V3C Compression,TREND_COMPRESSION,2026-05-04 09:41:29,ROTATION_ILLIQUID,ROTATION_ILLIQUID,BALANCE_STRUCTURE,ROTATION_ILLIQUID,TrendUp,EARLY_TEST,62,COMPRESSED_BALANCE_LOW_EDGE,False,False,False,False,False,False,True,HYST_PASSED_TRENDUP_MACRO_CONFIRM,3.8333333333333335,ROTATION_ILLIQUID,OUT_OF_LANE,OUT_LEADIN_TRANSITION_ROT_ILLIQUID
2026-05-04,2026-05-04 09:48:24,2026-05-04 09:48:24,V3C,SimV3C-NQ-2B,NQ V3C Compression Clean B,NQ V3C Compression Clean B,,NQ,NQ JUN26,LONG,1,27870.5,27880.0,190.0,190.0,38.0,WIN,Profit target,,,2026-05-06 10:03:06,C:\Users\Valued Customer\NT8_Regimes\V3C\TradeLog\SimV3C_NQ_2B_TradeLog.csv,2026-05-04 09:48:24,V3C Compression,TREND_COMPRESSION,2026-05-04 09:46:00,ROTATION_ILLIQUID,ROTATION_ILLIQUID,BALANCE_STRUCTURE,ROTATION_ILLIQUID,TrendUp,FIRST_ACCEPTANCE,62,COMPRESSED_BALANCE_LOW_EDGE,False,False,False,False,False,False,True,HYST_PASSED_TRENDUP_MACRO_CONFIRM,2.4,ROTATION_ILLIQUID,OUT_OF_LANE,OUT_LEADIN_TRANSITION_ROT_ILLIQUID
2026-05-04,2026-05-04 09:48:41,2026-05-04 09:49:22,V3C,SimV3C-NQ-2A,NQ VC3-A Compression Fast ,NQ VC3-A Compression Fast ,,NQ,NQ JUN26,LONG,1,27874.5,27890.5,320.0,320.0,64.0,WIN,Profit target,,,2026-05-06 10:03:09,C:\Users\Valued Customer\NT8_Regimes\V3C\TradeLog\SimV3C_NQ_2A_TradeLog.csv,2026-05-04 09:48:41,V3C Compression,TREND_COMPRESSION,2026-05-04 09:46:00,ROTATION_ILLIQUID,ROTATION_ILLIQUID,BALANCE_STRUCTURE,ROTATION_ILLIQUID,TrendUp,FIRST_ACCEPTANCE,62,COMPRESSED_BALANCE_LOW_EDGE,False,False,False,False,False,False,True,HYST_PASSED_TRENDUP_MACRO_CONFIRM,2.683333333333333,ROTATION_ILLIQUID,OUT_OF_LANE,OUT_LEADIN_TRANSITION_ROT_ILLIQUID
2026-05-04,2026-05-04 09:50:41,2026-05-04 09:51:00,V3C,SimV3C-NQ-2A,NQ VC3-A Compression Fast ,NQ VC3-A Compression Fast ,,NQ,NQ JUN26,LONG,1,27864.5,27880.25,315.0,315.0,63.0,WIN,Profit target,,,2026-05-06 10:03:09,C:\Users\Valued Customer\NT8_Regimes\V3C\TradeLog\SimV3C_NQ_2A_TradeLog.csv,2026-05-04 09:50:41,V3C Compression,TREND_COMPRESSION,2026-05-04 09:46:00,ROTATION_ILLIQUID,ROTATION_ILLIQUID,BALANCE_STRUCTURE,ROTATION_ILLIQUID,TrendUp,FIRST_ACCEPTANCE,62,COMPRESSED_BALANCE_LOW_EDGE,False,False,False,False,False,False,True,HYST_PASSED_TRENDUP_MACRO_CONFIRM,4.683333333333334,ROTATION_ILLIQUID,OUT_OF_LANE,OUT_LEADIN_TRANSITION_ROT_ILLIQUID
2026-05-04,2026-05-04 09:50:41,2026-05-04 09:50:41,V3C,SimV3C-NQ-2B,NQ V3C Compression Clean B,NQ V3C Compression Clean B,,NQ,NQ JUN26,LONG,1,27866.5,27875.75,185.0,185.0,37.0,WIN,Profit target,,,2026-05-06 10:03:06,C:\Users\Valued Customer\NT8_Regimes\V3C\TradeLog\SimV3C_NQ_2B_TradeLog.csv,2026-05-04 09:50:41,V3C Compression,TREND_COMPRESSION,2026-05-04 09:46:00,ROTATION_ILLIQUID,ROTATION_ILLIQUID,BALANCE_STRUCTURE,ROTATION_ILLIQUID,TrendUp,FIRST_ACCEPTANCE,62,COMPRESSED_BALANCE_LOW_EDGE,False,False,False,False,False,False,True,HYST_PASSED_TRENDUP_MACRO_CONFIRM,4.683333333333334,ROTATION_ILLIQUID,OUT_OF_LANE,OUT_LEADIN_TRANSITION_ROT_ILLIQUID
2026-05-04,2026-05-04 09:53:36,2026-05-04 09:53:53,V3C,SimV3C-NQ-2A,NQ VC3-A Compression Fast ,NQ VC3-A Compression Fast ,,NQ,NQ JUN26,LONG,1,27854.5,27870.25,315.0,315.0,63.0,WIN,Profit target,,,2026-05-06 10:03:09,C:\Users\Valued Customer\NT8_Regimes\V3C\TradeLog\SimV3C_NQ_2A_TradeLog.csv,2026-05-04 09:53:36,V3C Compression,TREND_COMPRESSION,2026-05-04 09:51:53,ROTATION_ILLIQUID,ROTATION_ILLIQUID,BALANCE_STRUCTURE,ROTATION_ILLIQUID,TrendDown,EARLY_CONTINUATION,62,COMPRESSED_BALANCE_LOW_EDGE,False,False,False,False,False,False,False,HYST_BLOCK_TRENDDOWN_AGE_1_OF_2,1.7166666666666666,ROTATION_ILLIQUID,OUT_OF_LANE,OUT_LEADIN_TRANSITION_ROT_ILLIQUID
2026-05-04,2026-05-04 09:53:37,2026-05-04 09:53:37,V3C,SimV3C-NQ-2B,NQ V3C Compression Clean B,NQ V3C Compression Clean B,,NQ,NQ JUN26,LONG,1,27858.5,27867.75,185.0,185.0,37.0,WIN,Profit target,,,2026-05-06 10:03:06,C:\Users\Valued Customer\NT8_Regimes\V3C\TradeLog\SimV3C_NQ_2B_TradeLog.csv,2026-05-04 09:53:37,V3C Compression,TREND_COMPRESSION,2026-05-04 09:51:53,ROTATION_ILLIQUID,ROTATION_ILLIQUID,BALANCE_STRUCTURE,ROTATION_ILLIQUID,TrendDown,EARLY_CONTINUATION,62,COMPRESSED_BALANCE_LOW_EDGE,False,False,False,False,False,False,False,HYST_BLOCK_TRENDDOWN_AGE_1_OF_2,1.7333333333333334,ROTATION_ILLIQUID,OUT_OF_LANE,OUT_LEADIN_TRANSITION_ROT_ILLIQUID
2026-05-04,2026-05-04 09:55:52,2026-05-04 09:56:05,V3C,SimV3C-NQ-2A,NQ VC3-A Compression Fast ,NQ VC3-A Compression Fast ,,NQ,NQ JUN26,LONG,1,27849.5,27865.25,315.0,315.0,63.0,WIN,Profit target,,,2026-05-06 10:03:09,C:\Users\Valued Customer\NT8_Regimes\V3C\TradeLog\SimV3C_NQ_2A_TradeLog.csv,2026-05-04 09:55:52,V3C Compression,TREND_COMPRESSION,2026-05-04 09:51:53,ROTATION_ILLIQUID,ROTATION_ILLIQUID,BALANCE_STRUCTURE,ROTATION_ILLIQUID,TrendDown,EARLY_CONTINUATION,62,COMPRESSED_BALANCE_LOW_EDGE,False,False,False,False,False,False,False,HYST_BLOCK_TRENDDOWN_AGE_1_OF_2,3.9833333333333334,ROTATION_ILLIQUID,OUT_OF_LANE,OUT_LEADIN_TRANSITION_ROT_ILLIQUID
2026-05-04,2026-05-04 09:55:52,2026-05-04 09:55:52,V3C,SimV3C-NQ-2B,NQ V3C Compression Clean B,NQ V3C Compression Clean B,,NQ,NQ JUN26,LONG,1,27850.5,27859.75,185.0,185.0,37.0,WIN,Profit target,,,2026-05-06 10:03:06,C:\Users\Valued Customer\NT8_Regimes\V3C\TradeLog\SimV3C_NQ_2B_TradeLog.csv,2026-05-04 09:55:52,V3C Compression,TREND_COMPRESSION,2026-05-04 09:51:53,ROTATION_ILLIQUID,ROTATION_ILLIQUID,BALANCE_STRUCTURE,ROTATION_ILLIQUID,TrendDown,EARLY_CONTINUATION,62,COMPRESSED_BALANCE_LOW_EDGE,False,False,False,False,False,False,False,HYST_BLOCK_TRENDDOWN_AGE_1_OF_2,3.9833333333333334,ROTATION_ILLIQUID,OUT_OF_LANE,OUT_LEADIN_TRANSITION_ROT_ILLIQUID
2026-05-04,2026-05-04 09:57:01,2026-05-04 09:59:24,V3C,SimV3C-NQ-2C,NQ V3C Compression Sniper C 20-40-60,NQ V3C Compression Sniper C 20-40-60,,NQ,NQ JUN26,LONG,1,27854.5,27887.5,660.0,660.0,132.0,WIN,Profit target,,,2026-05-06 10:03:07,C:\Users\Valued Customer\NT8_Regimes\V3C\TradeLog\SimV3C_NQ_2C_TradeLog.csv,2026-05-04 09:57:01,V3C Compression,TREND_COMPRESSION,2026-05-04 09:56:33,ROTATION_ILLIQUID,ROTATION_ILLIQUID,BALANCE_STRUCTURE,ROTATION_ILLIQUID,TrendUp,EARLY_CONTINUATION,62,COMPRESSED_BALANCE_LOW_EDGE,False,False,False,False,False,False,True,HYST_PASSED_TRENDUP_MACRO_CONFIRM,0.4666666666666667,ROTATION_ILLIQUID,OUT_OF_LANE,OUT_LEADIN_TRANSITION_ROT_ILLIQUID
2026-05-04,2026-05-04 09:58:46,2026-05-04 09:59:24,V3C,SimV3C-NQ-2A,NQ VC3-A Compression Fast ,NQ VC3-A Compression Fast ,,NQ,NQ JUN26,LONG,1,27869.5,27885.0,310.0,310.0,62.0,WIN,Profit target,,,2026-05-06 10:03:09,C:\Users\Valued Customer\NT8_Regimes\V3C\TradeLog\SimV3C_NQ_2A_TradeLog.csv,2026-05-04 09:58:46,V3C Compression,TREND_COMPRESSION,2026-05-04 09:56:33,ROTATION_ILLIQUID,ROTATION_ILLIQUID,BALANCE_STRUCTURE,ROTATION_ILLIQUID,TrendUp,EARLY_CONTINUATION,62,COMPRESSED_BALANCE_LOW_EDGE,False,False,False,False,False,False,True,HYST_PASSED_TRENDUP_MACRO_CONFIRM,2.216666666666667,ROTATION_ILLIQUID,OUT_OF_LANE,OUT_LEADIN_TRANSITION_ROT_ILLIQUID
2026-05-04,2026-05-04 10:02:13,2026-05-04 10:02:13,V3C,SimV3C-NQ-2B,NQ V3C Compression Clean B,NQ V3C Compression Clean B,,NQ,NQ JUN26,LONG,1,27878.5,27888.0,190.0,190.0,38.0,WIN,Profit target,,,2026-05-06 10:03:06,C:\Users\Valued Customer\NT8_Regimes\V3C\TradeLog\SimV3C_NQ_2B_TradeLog.csv,2026-05-04 10:02:13,V3C Compression,TREND_COMPRESSION,2026-05-04 10:01:03,TREND_COMPRESSION,TREND_COMPRESSION,BALANCE_STRUCTURE,ROTATION_ILLIQUID,TrendUp,PRE_DECISION,64,DEVELOPING_INITIATIVE_PHASE_AWARE,True,False,True,True,False,False,True,HYST_PASSED_TRENDUP_MACRO_CONFIRM,1.1666666666666667,TREND_COMPRESSION,IN_LANE,IN_LANE
2026-05-04,2026-05-04 10:02:52,2026-05-04 10:02:52,V3C,SimV3C-NQ-2B,NQ V3C Compression Clean B,NQ V3C Compression Clean B,,NQ,NQ JUN26,LONG,1,27874.5,27884.0,190.0,190.0,38.0,WIN,Profit target,,,2026-05-06 10:03:06,C:\Users\Valued Customer\NT8_Regimes\V3C\TradeLog\SimV3C_NQ_2B_TradeLog.csv,2026-05-04 10:02:52,V3C Compression,TREND_COMPRESSION,2026-05-04 10:01:03,TREND_COMPRESSION,TREND_COMPRESSION,BALANCE_STRUCTURE,ROTATION_ILLIQUID,TrendUp,PRE_DECISION,64,DEVELOPING_INITIATIVE_PHASE_AWARE,True,False,True,True,False,False,True,HYST_PASSED_TRENDUP_MACRO_CONFIRM,1.8166666666666667,TREND_COMPRESSION,IN_LANE,IN_LANE
2026-05-04,2026-05-04 10:02:54,2026-05-04 10:03:09,V3C,SimV3C-NQ-2A,NQ VC3-A Compression Fast ,NQ VC3-A Compression Fast ,,NQ,NQ JUN26,LONG,1,27874.5,27890.0,310.0,310.0,62.0,WIN,Profit target,,,2026-05-06 10:03:09,C:\Users\Valued Customer\NT8_Regimes\V3C\TradeLog\SimV3C_NQ_2A_TradeLog.csv,2026-05-04 10:02:54,V3C Compression,TREND_COMPRESSION,2026-05-04 10:01:03,TREND_COMPRESSION,TREND_COMPRESSION,BALANCE_STRUCTURE,ROTATION_ILLIQUID,TrendUp,PRE_DECISION,64,DEVELOPING_INITIATIVE_PHASE_AWARE,True,False,True,True,False,False,True,HYST_PASSED_TRENDUP_MACRO_CONFIRM,1.85,TREND_COMPRESSION,IN_LANE,IN_LANE
2026-05-04,2026-05-04 10:05:23,2026-05-04 10:05:23,V3C,SimV3C-NQ-2B,NQ V3C Compression Clean B,NQ V3C Compression Clean B,,NQ,NQ JUN26,LONG,1,27870.5,27880.0,190.0,190.0,38.0,WIN,Profit target,,,2026-05-06 10:03:06,C:\Users\Valued Customer\NT8_Regimes\V3C\TradeLog\SimV3C_NQ_2B_TradeLog.csv,2026-05-04 10:05:23,V3C Compression,TREND_COMPRESSION,2026-05-04 10:01:03,TREND_COMPRESSION,TREND_COMPRESSION,BALANCE_STRUCTURE,ROTATION_ILLIQUID,TrendUp,PRE_DECISION,64,DEVELOPING_INITIATIVE_PHASE_AWARE,True,False,True,True,False,False,True,HYST_PASSED_TRENDUP_MACRO_CONFIRM,4.333333333333333,TREND_COMPRESSION,IN_LANE,IN_LANE
2026-05-04,2026-05-04 10:05:38,2026-05-04 10:07:46,V3C,SimV3C-NQ-2A,NQ VC3-A Compression Fast ,NQ VC3-A Compression Fast ,,NQ,NQ JUN26,LONG,1,27869.5,27885.25,315.0,315.0,63.0,WIN,Profit target,,,2026-05-06 10:03:09,C:\Users\Valued Customer\NT8_Regimes\V3C\TradeLog\SimV3C_NQ_2A_TradeLog.csv,2026-05-04 10:05:38,V3C Compression,TREND_COMPRESSION,2026-05-04 10:01:03,TREND_COMPRESSION,TREND_COMPRESSION,BALANCE_STRUCTURE,ROTATION_ILLIQUID,TrendUp,PRE_DECISION,64,DEVELOPING_INITIATIVE_PHASE_AWARE,True,False,True,True,False,False,True,HYST_PASSED_TRENDUP_MACRO_CONFIRM,4.583333333333333,TREND_COMPRESSION,IN_LANE,IN_LANE
2026-05-04,2026-05-04 10:07:18,2026-05-04 10:07:18,V3C,SimV3C-NQ-2B,NQ V3C Compression Clean B,NQ V3C Compression Clean B,,NQ,NQ JUN26,LONG,1,27870.5,27880.25,195.0,195.0,39.0,WIN,Profit target,,,2026-05-06 10:03:06,C:\Users\Valued Customer\NT8_Regimes\V3C\TradeLog\SimV3C_NQ_2B_TradeLog.csv,2026-05-04 10:07:18,V3C Compression,TREND_COMPRESSION,2026-05-04 10:06:54,TREND_COMPRESSION,ROTATION_ILLIQUID,BALANCE_STRUCTURE,ROTATION_ILLIQUID,TrendUp,END_FIRST_WINDOW,62,COMPRESSED_BALANCE_LOW_EDGE,True,False,True,True,False,False,True,HYST_PASSED_TRENDUP_MACRO_CONFIRM,0.4,TREND_COMPRESSION,IN_LANE,IN_LANE
2026-05-04,2026-05-04 10:08:23,2026-05-04 10:08:23,V3C,SimV3C-NQ-2B,NQ V3C Compression Clean B,NQ V3C Compression Clean B,,NQ,NQ JUN26,LONG,1,27858.5,27868.0,190.0,190.0,38.0,WIN,Profit target,,,2026-05-06 10:03:06,C:\Users\Valued Customer\NT8_Regimes\V3C\TradeLog\SimV3C_NQ_2B_TradeLog.csv,2026-05-04 10:08:23,V3C Compression,TREND_COMPRESSION,2026-05-04 10:06:54,TREND_COMPRESSION,ROTATION_ILLIQUID,BALANCE_STRUCTURE,ROTATION_ILLIQUID,TrendUp,END_FIRST_WINDOW,62,COMPRESSED_BALANCE_LOW_EDGE,True,False,True,True,False,False,True,HYST_PASSED_TRENDUP_MACRO_CONFIRM,1.4833333333333334,TREND_COMPRESSION,IN_LANE,IN_LANE
2026-05-04,2026-05-04 10:08:23,2026-05-04 10:09:02,V3C,SimV3C-NQ-2A,NQ VC3-A Compression Fast ,NQ VC3-A Compression Fast ,,NQ,NQ JUN26,LONG,1,27854.5,27870.5,320.0,320.0,64.0,WIN,Profit target,,,2026-05-06 10:03:09,C:\Users\Valued Customer\NT8_Regimes\V3C\TradeLog\SimV3C_NQ_2A_TradeLog.csv,2026-05-04 10:08:23,V3C Compression,TREND_COMPRESSION,2026-05-04 10:06:54,TREND_COMPRESSION,ROTATION_ILLIQUID,BALANCE_STRUCTURE,ROTATION_ILLIQUID,TrendUp,END_FIRST_WINDOW,62,COMPRESSED_BALANCE_LOW_EDGE,True,False,True,True,False,False,True,HYST_PASSED_TRENDUP_MACRO_CONFIRM,1.4833333333333334,TREND_COMPRESSION,IN_LANE,IN_LANE
2026-05-04,2026-05-04 10:08:55,2026-05-04 10:08:55,V3C,SimV3C-NQ-2B,NQ V3C Compression Clean B,NQ V3C Compression Clean B,,NQ,NQ JUN26,LONG,1,27854.5,27864.0,190.0,190.0,38.0,WIN,Profit target,,,2026-05-06 10:03:06,C:\Users\Valued Customer\NT8_Regimes\V3C\TradeLog\SimV3C_NQ_2B_TradeLog.csv,2026-05-04 10:08:55,V3C Compression,TREND_COMPRESSION,2026-05-04 10:06:54,TREND_COMPRESSION,ROTATION_ILLIQUID,BALANCE_STRUCTURE,ROTATION_ILLIQUID,TrendUp,END_FIRST_WINDOW,62,COMPRESSED_BALANCE_LOW_EDGE,True,False,True,True,False,False,True,HYST_PASSED_TRENDUP_MACRO_CONFIRM,2.0166666666666666,TREND_COMPRESSION,IN_LANE,IN_LANE
2026-05-04,2026-05-04 10:10:08,2026-05-04 10:10:08,V3C,SimV3C-NQ-2B,NQ V3C Compression Clean B,NQ V3C Compression Clean B,,NQ,NQ JUN26,LONG,1,27850.5,27860.0,190.0,190.0,38.0,WIN,Profit target,,,2026-05-06 10:03:06,C:\Users\Valued Customer\NT8_Regimes\V3C\TradeLog\SimV3C_NQ_2B_TradeLog.csv,2026-05-04 10:10:08,V3C Compression,TREND_COMPRESSION,2026-05-04 10:06:54,TREND_COMPRESSION,ROTATION_ILLIQUID,BALANCE_STRUCTURE,ROTATION_ILLIQUID,TrendUp,END_FIRST_WINDOW,62,COMPRESSED_BALANCE_LOW_EDGE,True,False,True,True,False,False,True,HYST_PASSED_TRENDUP_MACRO_CONFIRM,3.2333333333333334,TREND_COMPRESSION,IN_LANE,IN_LANE
2026-05-04,2026-05-04 10:10:20,2026-05-04 10:10:25,V3C,SimV3C-NQ-2A,NQ VC3-A Compression Fast ,NQ VC3-A Compression Fast ,,NQ,NQ JUN26,LONG,1,27849.5,27865.5,320.0,320.0,64.0,WIN,Profit target,,,2026-05-06 10:03:09,C:\Users\Valued Customer\NT8_Regimes\V3C\TradeLog\SimV3C_NQ_2A_TradeLog.csv,2026-05-04 10:10:20,V3C Compression,TREND_COMPRESSION,2026-05-04 10:06:54,TREND_COMPRESSION,ROTATION_ILLIQUID,BALANCE_STRUCTURE,ROTATION_ILLIQUID,TrendUp,END_FIRST_WINDOW,62,COMPRESSED_BALANCE_LOW_EDGE,True,False,True,True,False,False,True,HYST_PASSED_TRENDUP_MACRO_CONFIRM,3.433333333333333,TREND_COMPRESSION,IN_LANE,IN_LANE
2026-05-04,2026-05-04 10:11:00,2026-05-04 10:11:32,V3C,SimV3C-NQ-2C,NQ V3C Compression Sniper C 20-40-60,NQ V3C Compression Sniper C 20-40-60,,NQ,NQ JUN26,LONG,1,27854.5,27887.25,655.0,655.0,131.0,WIN,Profit target,,,2026-05-06 10:03:07,C:\Users\Valued Customer\NT8_Regimes\V3C\TradeLog\SimV3C_NQ_2C_TradeLog.csv,2026-05-04 10:11:00,V3C Compression,TREND_COMPRESSION,2026-05-04 10:06:54,TREND_COMPRESSION,ROTATION_ILLIQUID,BALANCE_STRUCTURE,ROTATION_ILLIQUID,TrendUp,END_FIRST_WINDOW,62,COMPRESSED_BALANCE_LOW_EDGE,True,False,True,True,False,False,True,HYST_PASSED_TRENDUP_MACRO_CONFIRM,4.1,TREND_COMPRESSION,IN_LANE,IN_LANE
2026-05-04,2026-05-04 10:18:41,2026-05-04 10:18:58,V3C,SimV3C-NQ-2A,NQ VC3-A Compression Fast ,NQ VC3-A Compression Fast ,,NQ,NQ JUN26,LONG,1,27884.5,27900.75,325.0,325.0,65.0,WIN,Profit target,,,2026-05-06 10:03:09,C:\Users\Valued Customer\NT8_Regimes\V3C\TradeLog\SimV3C_NQ_2A_TradeLog.csv,2026-05-04 10:18:41,V3C Compression,TREND_COMPRESSION,2026-05-04 10:17:28,TRANSITION,TRANSITION,BRACKET_MACRO,ROTATION_ILLIQUID,TrendUp,PRE_IB_MATURATION,50,NO_CLEAR_STAGE_C_ALIGNMENT,False,False,False,False,False,False,False,HYST_BLOCK_NQ_TRENDUP_NO_MACRO_AGE_1,1.2166666666666666,TRANSITION,OUT_OF_LANE,OUT_LEADIN_TRANSITION_ROT_ILLIQUID
2026-05-04,2026-05-04 10:18:41,2026-05-04 10:18:41,V3C,SimV3C-NQ-2B,NQ V3C Compression Clean B,NQ V3C Compression Clean B,,NQ,NQ JUN26,LONG,1,27886.5,27896.25,195.0,195.0,39.0,WIN,Profit target,,,2026-05-06 10:03:06,C:\Users\Valued Customer\NT8_Regimes\V3C\TradeLog\SimV3C_NQ_2B_TradeLog.csv,2026-05-04 10:18:41,V3C Compression,TREND_COMPRESSION,2026-05-04 10:17:28,TRANSITION,TRANSITION,BRACKET_MACRO,ROTATION_ILLIQUID,TrendUp,PRE_IB_MATURATION,50,NO_CLEAR_STAGE_C_ALIGNMENT,False,False,False,False,False,False,False,HYST_BLOCK_NQ_TRENDUP_NO_MACRO_AGE_1,1.2166666666666666,TRANSITION,OUT_OF_LANE,OUT_LEADIN_TRANSITION_ROT_ILLIQUID
2026-05-04,2026-05-04 10:25:30,2026-05-04 10:25:30,V3C,SimV3C-NQ-2B,NQ V3C Compression Clean B,NQ V3C Compression Clean B,,NQ,NQ JUN26,LONG,1,27894.5,27904.25,195.0,195.0,39.0,WIN,Profit target,,,2026-05-06 10:03:06,C:\Users\Valued Customer\NT8_Regimes\V3C\TradeLog\SimV3C_NQ_2B_TradeLog.csv,2026-05-04 10:25:30,V3C Compression,TREND_COMPRESSION,2026-05-04 10:21:59,TREND_COMPRESSION,TREND_COMPRESSION,BRACKET_MACRO,ROTATION_ILLIQUID,TrendUp,PRE_IB_MATURATION,65,DEVELOPING_INITIATIVE_PHASE_AWARE,True,False,True,True,False,False,True,HYST_PASSED_NQ_TRENDUP_NO_MACRO_2BAR,3.5166666666666666,TREND_COMPRESSION,IN_LANE,IN_LANE
2026-05-04,2026-05-04 10:25:36,2026-05-04 10:29:30,V3C,SimV3C-NQ-2A,NQ VC3-A Compression Fast ,NQ VC3-A Compression Fast ,,NQ,NQ JUN26,LONG,1,27894.5,27878.25,-325.0,-325.0,-65.0,LOSS,Stop loss,,,2026-05-06 10:03:09,C:\Users\Valued Customer\NT8_Regimes\V3C\TradeLog\SimV3C_NQ_2A_TradeLog.csv,2026-05-04 10:25:36,V3C Compression,TREND_COMPRESSION,2026-05-04 10:21:59,TREND_COMPRESSION,TREND_COMPRESSION,BRACKET_MACRO,ROTATION_ILLIQUID,TrendUp,PRE_IB_MATURATION,65,DEVELOPING_INITIATIVE_PHASE_AWARE,True,False,True,True,False,False,True,HYST_PASSED_NQ_TRENDUP_NO_MACRO_2BAR,3.6166666666666667,TREND_COMPRESSION,IN_LANE,IN_LANE
2026-05-04,2026-05-04 10:30:20,2026-05-04 10:31:34,V3C,SimV3C-NQ-2A,NQ VC3-A Compression Fast ,NQ VC3-A Compression Fast ,,NQ,NQ JUN26,LONG,1,27874.5,27890.25,315.0,315.0,63.0,WIN,Profit target,,,2026-05-06 10:03:09,C:\Users\Valued Customer\NT8_Regimes\V3C\TradeLog\SimV3C_NQ_2A_TradeLog.csv,2026-05-04 10:30:20,V3C Compression,TREND_COMPRESSION,2026-05-04 10:28:02,TREND_COMPRESSION,TREND_COMPRESSION,BRACKET_MACRO,ROTATION_ILLIQUID,TrendUp,NEAR_IB_CONDITION,66,MICRO_TREND_INSIDE_MACRO_STRUCTURE,False,False,False,False,False,False,False,HYST_BLOCK_NQ_TRENDUP_NO_MACRO_AGE_1,2.3,TREND_COMPRESSION,IN_LANE,IN_LANE
2026-05-04,2026-05-04 10:31:05,2026-05-04 10:31:05,V3C,SimV3C-NQ-2B,NQ V3C Compression Clean B,NQ V3C Compression Clean B,,NQ,NQ JUN26,LONG,1,27878.5,27888.0,190.0,190.0,38.0,WIN,Profit target,,,2026-05-06 10:03:06,C:\Users\Valued Customer\NT8_Regimes\V3C\TradeLog\SimV3C_NQ_2B_TradeLog.csv,2026-05-04 10:31:05,V3C Compression,TREND_COMPRESSION,2026-05-04 10:31:02,TREND_COMPRESSION,ROTATION_ILLIQUID,BRACKET_MACRO,ROTATION_ILLIQUID,TrendUp,NEAR_IB_CONDITION,62,COMPRESSED_BALANCE_LOW_EDGE,True,False,True,True,False,False,True,HYST_PASSED_NQ_TRENDUP_NO_MACRO_2BAR,0.05,TREND_COMPRESSION,IN_LANE,IN_LANE
2026-05-04,2026-05-04 10:32:32,2026-05-04 10:38:11,V3C,SimV3C-NQ-2C,NQ V3C Compression Sniper C 20-40-60,NQ V3C Compression Sniper C 20-40-60,,NQ,NQ JUN26,LONG,1,27874.5,27906.75,645.0,645.0,129.0,WIN,Profit target,,,2026-05-06 10:03:07,C:\Users\Valued Customer\NT8_Regimes\V3C\TradeLog\SimV3C_NQ_2C_TradeLog.csv,2026-05-04 10:32:32,V3C Compression,TREND_COMPRESSION,2026-05-04 10:31:12,ROTATION_ILLIQUID,ROTATION_ILLIQUID,BRACKET_MACRO,ROTATION_ILLIQUID,TrendUp,NEAR_IB_CONDITION,62,COMPRESSED_BALANCE_LOW_EDGE,False,False,False,False,False,False,True,HYST_PASSED_NQ_TRENDUP_NO_MACRO_2BAR,1.3333333333333333,ROTATION_ILLIQUID,OUT_OF_LANE,OUT_LEADIN_TRANSITION_ROT_ILLIQUID
2026-05-04,2026-05-04 10:35:01,2026-05-04 10:35:01,V1B,SimV1A - Kalman Fader 2,KalmanPulse Fader Mode A+,KalmanPulse_Fader_B,B,NQ,NQ JUN26,LONG,2,27889.5,27888.5,-35.0,-35.0,-7.0,LOSS,ENVELOPE_BREAK_EXIT,27887.5,80.0,2026-05-04 10:35:01,C:\Users\Valued Customer\NT8_Regimes\V1B\TradeLog\KalmanPulse_Fader_B_TradeLog.csv,2026-05-04 10:35:01,Kalman Faders,ROTATION_LIQUID,2026-05-04 10:32:34,TRANSITION,ROTATION_ILLIQUID,BRACKET_MACRO,ROTATION_ILLIQUID,TrendUp,NEAR_IB_CONDITION,62,COMPRESSED_BALANCE_LOW_EDGE,False,False,False,False,False,False,False,HYST_BLOCK_NQ_TRENDUP_NO_MACRO_AGE_1,2.45,TRANSITION,OUT_OF_LANE,OUT_OF_LANE
2026-05-04,2026-05-04 10:35:01,2026-05-04 10:35:01,V1B,SimV1A Kalman Fader 3,KalmanPulse_Fader_V1B,KalmanPulse_Fader_B,B,NQ,NQ JUN26,LONG,2,27889.5,27889.0,-15.0,-15.0,-3.0,LOSS,ENVELOPE_BREAK_EXIT,27887.5,80.0,2026-05-04 10:35:01,C:\Users\Valued Customer\NT8_Regimes\V1B\TradeLog\KalmanPulse_Fader_B_TradeLog.csv,2026-05-04 10:35:01,Kalman Faders,ROTATION_LIQUID,2026-05-04 10:32:34,TRANSITION,ROTATION_ILLIQUID,BRACKET_MACRO,ROTATION_ILLIQUID,TrendUp,NEAR_IB_CONDITION,62,COMPRESSED_BALANCE_LOW_EDGE,False,False,False,False,False,False,False,HYST_BLOCK_NQ_TRENDUP_NO_MACRO_AGE_1,2.45,TRANSITION,OUT_OF_LANE,OUT_OF_LANE
2026-05-04,2026-05-04 10:35:01,2026-05-04 10:35:01,V1A,SimV1A- Kalman Fader 1,KalmanPulse_Fader,KalmanPulse_Fader_A,A,NQ,NQ JUN26,LONG,21,27889.68,27888.5,-485.0,-485.0,-97.0,LOSS,ENVELOPE_BREAK_EXIT,27887.5,915.0,2026-05-04 10:35:01,C:\Users\Valued Customer\NT8_Regimes\V1A\TradeLog\KalmanPulse_Fader_A_TradeLog.csv,2026-05-04 10:35:01,Kalman Faders,ROTATION_LIQUID,2026-05-04 10:32:34,TRANSITION,ROTATION_ILLIQUID,BRACKET_MACRO,ROTATION_ILLIQUID,TrendUp,NEAR_IB_CONDITION,62,COMPRESSED_BALANCE_LOW_EDGE,False,False,False,False,False,False,False,HYST_BLOCK_NQ_TRENDUP_NO_MACRO_AGE_1,2.45,TRANSITION,OUT_OF_LANE,OUT_OF_LANE
2026-05-04,2026-05-04 10:35:13,2026-05-04 10:35:14,V1A,SimV1A- Kalman Fader 1,KalmanPulse_Fader,KalmanPulse_Fader_A,A,NQ,NQ JUN26,SHORT,34,27894.65,27896.75,-1410.0,-1410.0,-282.0,LOSS,ENVELOPE_BREAK_EXIT,27897.5,1935.0,2026-05-04 10:35:14,C:\Users\Valued Customer\NT8_Regimes\V1A\TradeLog\KalmanPulse_Fader_A_TradeLog.csv,2026-05-04 10:35:13,Kalman Faders,ROTATION_LIQUID,2026-05-04 10:32:34,TRANSITION,ROTATION_ILLIQUID,BRACKET_MACRO,ROTATION_ILLIQUID,TrendUp,NEAR_IB_CONDITION,62,COMPRESSED_BALANCE_LOW_EDGE,False,False,False,False,False,False,False,HYST_BLOCK_NQ_TRENDUP_NO_MACRO_AGE_1,2.65,TRANSITION,OUT_OF_LANE,OUT_OF_LANE
2026-05-04,2026-05-04 10:35:18,2026-05-04 10:35:24,V1A,SimV1A- Kalman Fader 1,KalmanPulse_Fader,KalmanPulse_Fader_A,A,NQ,NQ JUN26,SHORT,28,27894.65,27893.75,860.0,860.0,172.0,WIN,STOP_HIT,27897.5,1595.0,2026-05-04 10:35:24,C:\Users\Valued Customer\NT8_Regimes\V1A\TradeLog\KalmanPulse_Fader_A_TradeLog.csv,2026-05-04 10:35:18,Kalman Faders,ROTATION_LIQUID,2026-05-04 10:32:34,TRANSITION,ROTATION_ILLIQUID,BRACKET_MACRO,ROTATION_ILLIQUID,TrendUp,NEAR_IB_CONDITION,62,COMPRESSED_BALANCE_LOW_EDGE,False,False,False,False,False,False,False,HYST_BLOCK_NQ_TRENDUP_NO_MACRO_AGE_1,2.7333333333333334,TRANSITION,OUT_OF_LANE,OUT_OF_LANE
2026-05-04,2026-05-04 10:35:29,2026-05-04 10:35:38,V1A,SimV1A- Kalman Fader 1,KalmanPulse_Fader,KalmanPulse_Fader_A,A,NQ,NQ JUN26,SHORT,24,27894.68,27889.75,1615.0,1615.0,323.0,WIN,TARGET_HIT,27898.25,1715.0,2026-05-04 10:35:38,C:\Users\Valued Customer\NT8_Regimes\V1A\TradeLog\KalmanPulse_Fader_A_TradeLog.csv,2026-05-04 10:35:29,Kalman Faders,ROTATION_LIQUID,2026-05-04 10:32:34,TRANSITION,ROTATION_ILLIQUID,BRACKET_MACRO,ROTATION_ILLIQUID,TrendUp,NEAR_IB_CONDITION,62,COMPRESSED_BALANCE_LOW_EDGE,False,False,False,False,False,False,False,HYST_BLOCK_NQ_TRENDUP_NO_MACRO_AGE_1,2.9166666666666665,TRANSITION,OUT_OF_LANE,OUT_OF_LANE
2026-05-04,2026-05-04 10:35:42,2026-05-04 10:35:43,V1A,SimV1A- Kalman Fader 1,KalmanPulse_Fader,KalmanPulse_Fader_A,A,NQ,NQ JUN26,LONG,14,27889.41,27887.25,-585.0,-585.0,-117.0,LOSS,ENVELOPE_BREAK_EXIT,27883.0,1795.0,2026-05-04 10:35:43,C:\Users\Valued Customer\NT8_Regimes\V1A\TradeLog\KalmanPulse_Fader_A_TradeLog.csv,2026-05-04 10:35:42,Kalman Faders,ROTATION_LIQUID,2026-05-04 10:35:42,TRANSITION,TRANSITION,BRACKET_MACRO,ROTATION_ILLIQUID,TrendUp,POST_IB_MACRO,50,NO_CLEAR_STAGE_C_ALIGNMENT,False,False,False,False,False,False,True,HYST_PASSED_NQ_TRENDUP_NO_MACRO_2BAR,0.0,TRANSITION,OUT_OF_LANE,OUT_OF_LANE
2026-05-04,2026-05-04 10:35:46,2026-05-04 10:35:57,V1A,SimV1A- Kalman Fader 1,KalmanPulse_Fader,KalmanPulse_Fader_A,A,NQ,NQ JUN26,LONG,15,27888.2,27887.75,-120.0,-120.0,-24.0,LOSS,ENVELOPE_BREAK_EXIT,27882.75,1635.0,2026-05-04 10:35:57,C:\Users\Valued Customer\NT8_Regimes\V1A\TradeLog\KalmanPulse_Fader_A_TradeLog.csv,2026-05-04 10:35:46,Kalman Faders,ROTATION_LIQUID,2026-05-04 10:35:42,TRANSITION,TRANSITION,BRACKET_MACRO,ROTATION_ILLIQUID,TrendUp,POST_IB_MACRO,50,NO_CLEAR_STAGE_C_ALIGNMENT,False,False,False,False,False,False,True,HYST_PASSED_NQ_TRENDUP_NO_MACRO_2BAR,0.06666666666666667,TRANSITION,OUT_OF_LANE,OUT_OF_LANE
2026-05-04,2026-05-04 10:36:07,2026-05-04 10:36:15,V1A,SimV1A- Kalman Fader 1,KalmanPulse_Fader,KalmanPulse_Fader_A,A,NQ,NQ JUN26,LONG,16,27888.45,27886.0,-770.0,-770.0,-154.0,LOSS,ENVELOPE_BREAK_EXIT,27883.0,1745.0,2026-05-04 10:36:15,C:\Users\Valued Customer\NT8_Regimes\V1A\TradeLog\KalmanPulse_Fader_A_TradeLog.csv,2026-05-04 10:36:07,Kalman Faders,ROTATION_LIQUID,2026-05-04 10:35:42,TRANSITION,TRANSITION,BRACKET_MACRO,ROTATION_ILLIQUID,TrendUp,POST_IB_MACRO,50,NO_CLEAR_STAGE_C_ALIGNMENT,False,False,False,False,False,False,True,HYST_PASSED_NQ_TRENDUP_NO_MACRO_2BAR,0.4166666666666667,TRANSITION,OUT_OF_LANE,OUT_OF_LANE
2026-05-04,2026-05-04 10:36:36,2026-05-04 10:36:38,V1B,SimV1A - Kalman Fader 2,KalmanPulse Fader Mode A+,KalmanPulse_Fader_B,B,NQ,NQ JUN26,LONG,2,27885.25,27882.5,-110.0,-110.0,-22.0,LOSS,ENVELOPE_BREAK_EXIT,27879.0,250.0,2026-05-05 07:42:22,C:\Users\Valued Customer\NT8_Regimes\V1B\TradeLog\KalmanPulse_Fader_B_TradeLog.csv,2026-05-04 10:36:36,Kalman Faders,ROTATION_LIQUID,2026-05-04 10:35:42,TRANSITION,TRANSITION,BRACKET_MACRO,ROTATION_ILLIQUID,TrendUp,POST_IB_MACRO,50,NO_CLEAR_STAGE_C_ALIGNMENT,False,False,False,False,False,False,True,HYST_PASSED_NQ_TRENDUP_NO_MACRO_2BAR,0.9,TRANSITION,OUT_OF_LANE,OUT_OF_LANE
2026-05-04,2026-05-04 10:36:36,2026-05-04 10:36:38,V1B,SimV1A - Kalman Fader 2,KalmanPulse Fader Mode A+,KalmanPulse_Fader_B,B,NQ,NQ JUN26,LONG,2,27885.25,27882.5,-110.0,-110.0,-22.0,LOSS,ENVELOPE_BREAK_EXIT,27879.0,250.0,2026-05-06 10:02:51,C:\Users\Valued Customer\NT8_Regimes\V1B\TradeLog\KalmanPulse_Fader_B_TradeLog.csv,2026-05-04 10:36:36,Kalman Faders,ROTATION_LIQUID,2026-05-04 10:35:42,TRANSITION,TRANSITION,BRACKET_MACRO,ROTATION_ILLIQUID,TrendUp,POST_IB_MACRO,50,NO_CLEAR_STAGE_C_ALIGNMENT,False,False,False,False,False,False,True,HYST_PASSED_NQ_TRENDUP_NO_MACRO_2BAR,0.9,TRANSITION,OUT_OF_LANE,OUT_OF_LANE
2026-05-04,2026-05-04 10:36:44,2026-05-04 10:36:45,V1A,SimV1A- Kalman Fader 1,KalmanPulse_Fader,KalmanPulse_Fader_A,A,NQ,NQ JUN26,LONG,15,27885.55,27884.75,-225.0,-225.0,-45.0,LOSS,ENVELOPE_BREAK_EXIT,27879.5,1815.0,2026-05-04 10:36:45,C:\Users\Valued Customer\NT8_Regimes\V1A\TradeLog\KalmanPulse_Fader_A_TradeLog.csv,2026-05-04 10:36:44,Kalman Faders,ROTATION_LIQUID,2026-05-04 10:35:42,TRANSITION,TRANSITION,BRACKET_MACRO,ROTATION_ILLIQUID,TrendUp,POST_IB_MACRO,50,NO_CLEAR_STAGE_C_ALIGNMENT,False,False,False,False,False,False,True,HYST_PASSED_NQ_TRENDUP_NO_MACRO_2BAR,1.0333333333333334,TRANSITION,OUT_OF_LANE,OUT_OF_LANE
2026-05-04,2026-05-04 10:37:39,2026-05-04 10:37:39,V3C,SimV3C-NQ-2B,NQ V3C Compression Clean B,NQ V3C Compression Clean B,,NQ,NQ JUN26,LONG,1,27886.5,27896.0,190.0,190.0,38.0,WIN,Profit target,,,2026-05-06 10:03:06,C:\Users\Valued Customer\NT8_Regimes\V3C\TradeLog\SimV3C_NQ_2B_TradeLog.csv,2026-05-04 10:37:39,V3C Compression,TREND_COMPRESSION,2026-05-04 10:35:42,TRANSITION,TRANSITION,BRACKET_MACRO,ROTATION_ILLIQUID,TrendUp,POST_IB_MACRO,50,NO_CLEAR_STAGE_C_ALIGNMENT,False,False,False,False,False,False,True,HYST_PASSED_NQ_TRENDUP_NO_MACRO_2BAR,1.95,TRANSITION,OUT_OF_LANE,OUT_LEADIN_TRANSITION_ROT_ILLIQUID
2026-05-04,2026-05-04 10:37:43,2026-05-04 10:38:11,V3C,SimV3C-NQ-2A,NQ VC3-A Compression Fast ,NQ VC3-A Compression Fast ,,NQ,NQ JUN26,LONG,1,27889.5,27905.5,320.0,320.0,64.0,WIN,Profit target,,,2026-05-06 10:03:09,C:\Users\Valued Customer\NT8_Regimes\V3C\TradeLog\SimV3C_NQ_2A_TradeLog.csv,2026-05-04 10:37:43,V3C Compression,TREND_COMPRESSION,2026-05-04 10:35:42,TRANSITION,TRANSITION,BRACKET_MACRO,ROTATION_ILLIQUID,TrendUp,POST_IB_MACRO,50,NO_CLEAR_STAGE_C_ALIGNMENT,False,False,False,False,False,False,True,HYST_PASSED_NQ_TRENDUP_NO_MACRO_2BAR,2.0166666666666666,TRANSITION,OUT_OF_LANE,OUT_LEADIN_TRANSITION_ROT_ILLIQUID
2026-05-04,2026-05-04 10:46:41,2026-05-04 10:47:45,V1B,SimV1A - Kalman Fader 2,KalmanPulse Fader Mode A+,KalmanPulse_Fader_B,B,NQ,NQ JUN26,LONG,2,27927.25,27937.25,295.0,295.0,59.0,WIN,TARGET_HIT,27921.0,250.0,2026-05-05 07:42:22,C:\Users\Valued Customer\NT8_Regimes\V1B\TradeLog\KalmanPulse_Fader_B_TradeLog.csv,2026-05-04 10:46:41,Kalman Faders,ROTATION_LIQUID,2026-05-04 10:46:19,TREND_COMPRESSION,TREND_COMPRESSION,BRACKET_MACRO,ROTATION_ILLIQUID,TrendUp,POST_IB_MACRO,71,DEVELOPING_INITIATIVE_PHASE_AWARE,True,False,True,True,False,False,True,HYST_PASSED_NQ_TRENDUP_NO_MACRO_2BAR,0.36666666666666664,TREND_COMPRESSION,OUT_OF_LANE,OUT_OF_LANE
2026-05-04,2026-05-04 10:46:41,2026-05-04 10:47:45,V1B,SimV1A - Kalman Fader 2,KalmanPulse Fader Mode A+,KalmanPulse_Fader_B,B,NQ,NQ JUN26,LONG,2,27927.25,27937.25,295.0,295.0,59.0,WIN,TARGET_HIT,27921.0,250.0,2026-05-06 10:02:51,C:\Users\Valued Customer\NT8_Regimes\V1B\TradeLog\KalmanPulse_Fader_B_TradeLog.csv,2026-05-04 10:46:41,Kalman Faders,ROTATION_LIQUID,2026-05-04 10:46:19,TREND_COMPRESSION,TREND_COMPRESSION,BRACKET_MACRO,ROTATION_ILLIQUID,TrendUp,POST_IB_MACRO,71,DEVELOPING_INITIATIVE_PHASE_AWARE,True,False,True,True,False,False,True,HYST_PASSED_NQ_TRENDUP_NO_MACRO_2BAR,0.36666666666666664,TREND_COMPRESSION,OUT_OF_LANE,OUT_OF_LANE
2026-05-04,2026-05-04 10:48:09,2026-05-04 10:48:11,V1B,SimV1A - Kalman Fader 2,KalmanPulse Fader Mode A+,KalmanPulse_Fader_B,B,NQ,NQ JUN26,SHORT,2,27937.5,27939.25,-70.0,-70.0,-14.0,LOSS,ENVELOPE_BREAK_EXIT,27943.75,250.0,2026-05-05 07:42:22,C:\Users\Valued Customer\NT8_Regimes\V1B\TradeLog\KalmanPulse_Fader_B_TradeLog.csv,2026-05-04 10:48:09,Kalman Faders,ROTATION_LIQUID,2026-05-04 10:46:19,TREND_COMPRESSION,TREND_COMPRESSION,BRACKET_MACRO,ROTATION_ILLIQUID,TrendUp,POST_IB_MACRO,71,DEVELOPING_INITIATIVE_PHASE_AWARE,True,False,True,True,False,False,True,HYST_PASSED_NQ_TRENDUP_NO_MACRO_2BAR,1.8333333333333333,TREND_COMPRESSION,OUT_OF_LANE,OUT_OF_LANE
2026-05-04,2026-05-04 10:48:09,2026-05-04 10:48:11,V1B,SimV1A - Kalman Fader 2,KalmanPulse Fader Mode A+,KalmanPulse_Fader_B,B,NQ,NQ JUN26,SHORT,2,27937.5,27939.25,-70.0,-70.0,-14.0,LOSS,ENVELOPE_BREAK_EXIT,27943.75,250.0,2026-05-06 10:02:51,C:\Users\Valued Customer\NT8_Regimes\V1B\TradeLog\KalmanPulse_Fader_B_TradeLog.csv,2026-05-04 10:48:09,Kalman Faders,ROTATION_LIQUID,2026-05-04 10:46:19,TREND_COMPRESSION,TREND_COMPRESSION,BRACKET_MACRO,ROTATION_ILLIQUID,TrendUp,POST_IB_MACRO,71,DEVELOPING_INITIATIVE_PHASE_AWARE,True,False,True,True,False,False,True,HYST_PASSED_NQ_TRENDUP_NO_MACRO_2BAR,1.8333333333333333,TREND_COMPRESSION,OUT_OF_LANE,OUT_OF_LANE
2026-05-04,2026-05-04 10:53:07,2026-05-04 10:53:40,V1B,SimV1A - Kalman Fader 2,KalmanPulse Fader Mode A+,KalmanPulse_Fader_B,B,NQ,NQ JUN26,SHORT,2,27937.5,27929.75,230.0,230.0,46.0,WIN,TARGET_HIT,27943.75,250.0,2026-05-05 07:42:22,C:\Users\Valued Customer\NT8_Regimes\V1B\TradeLog\KalmanPulse_Fader_B_TradeLog.csv,2026-05-04 10:53:07,Kalman Faders,ROTATION_LIQUID,2026-05-04 10:46:19,TREND_COMPRESSION,TREND_COMPRESSION,BRACKET_MACRO,ROTATION_ILLIQUID,TrendUp,POST_IB_MACRO,71,DEVELOPING_INITIATIVE_PHASE_AWARE,True,False,True,True,False,False,True,HYST_PASSED_NQ_TRENDUP_NO_MACRO_2BAR,6.8,TREND_COMPRESSION,OUT_OF_LANE,OUT_OF_LANE
2026-05-04,2026-05-04 10:53:07,2026-05-04 10:53:40,V1B,SimV1A - Kalman Fader 2,KalmanPulse Fader Mode A+,KalmanPulse_Fader_B,B,NQ,NQ JUN26,SHORT,2,27937.5,27929.75,230.0,230.0,46.0,WIN,TARGET_HIT,27943.75,250.0,2026-05-06 10:02:51,C:\Users\Valued Customer\NT8_Regimes\V1B\TradeLog\KalmanPulse_Fader_B_TradeLog.csv,2026-05-04 10:53:07,Kalman Faders,ROTATION_LIQUID,2026-05-04 10:46:19,TREND_COMPRESSION,TREND_COMPRESSION,BRACKET_MACRO,ROTATION_ILLIQUID,TrendUp,POST_IB_MACRO,71,DEVELOPING_INITIATIVE_PHASE_AWARE,True,False,True,True,False,False,True,HYST_PASSED_NQ_TRENDUP_NO_MACRO_2BAR,6.8,TREND_COMPRESSION,OUT_OF_LANE,OUT_OF_LANE
2026-05-04,2026-05-04 10:57:44,2026-05-04 10:57:52,V3C,SimV3C-NQ-2B,NQ V3C Compression Clean B,NQ V3C Compression Clean B,,NQ,NQ JUN26,LONG,1,27898.5,27889.25,-185.0,-185.0,-37.0,LOSS,Stop loss,,,2026-05-06 10:03:06,C:\Users\Valued Customer\NT8_Regimes\V3C\TradeLog\SimV3C_NQ_2B_TradeLog.csv,2026-05-04 10:57:44,V3C Compression,TREND_COMPRESSION,2026-05-04 10:56:48,TREND_COMPRESSION,TREND_COMPRESSION,BRACKET_MACRO,ROTATION_ILLIQUID,TrendUp,POST_IB_MACRO,78,DEVELOPING_INITIATIVE_PHASE_AWARE,True,False,True,True,False,False,True,HYST_PASSED_NQ_TRENDUP_NO_MACRO_2BAR,0.9333333333333333,TREND_COMPRESSION,IN_LANE,IN_LANE
2026-05-04,2026-05-04 10:58:01,2026-05-04 10:58:03,V1B,SimV1A - Kalman Fader 2,KalmanPulse Fader Mode A+,KalmanPulse_Fader_B,B,NQ,NQ JUN26,LONG,2,27893.0,27888.5,-180.0,-180.0,-36.0,LOSS,ENVELOPE_BREAK_EXIT,27886.75,250.0,2026-05-06 10:02:51,C:\Users\Valued Customer\NT8_Regimes\V1B\TradeLog\KalmanPulse_Fader_B_TradeLog.csv,2026-05-04 10:58:01,Kalman Faders,ROTATION_LIQUID,2026-05-04 10:56:48,TREND_COMPRESSION,TREND_COMPRESSION,BRACKET_MACRO,ROTATION_ILLIQUID,TrendUp,POST_IB_MACRO,78,DEVELOPING_INITIATIVE_PHASE_AWARE,True,False,True,True,False,False,True,HYST_PASSED_NQ_TRENDUP_NO_MACRO_2BAR,1.2166666666666666,TREND_COMPRESSION,OUT_OF_LANE,OUT_OF_LANE
2026-05-04,2026-05-04 10:58:01,2026-05-04 10:58:03,V1B,SimV1A - Kalman Fader 2,KalmanPulse Fader Mode A+,KalmanPulse_Fader_B,B,NQ,NQ JUN26,LONG,2,27893.0,27888.5,-180.0,-180.0,-36.0,LOSS,ENVELOPE_BREAK_EXIT,27886.75,250.0,2026-05-05 07:42:22,C:\Users\Valued Customer\NT8_Regimes\V1B\TradeLog\KalmanPulse_Fader_B_TradeLog.csv,2026-05-04 10:58:01,Kalman Faders,ROTATION_LIQUID,2026-05-04 10:56:48,TREND_COMPRESSION,TREND_COMPRESSION,BRACKET_MACRO,ROTATION_ILLIQUID,TrendUp,POST_IB_MACRO,78,DEVELOPING_INITIATIVE_PHASE_AWARE,True,False,True,True,False,False,True,HYST_PASSED_NQ_TRENDUP_NO_MACRO_2BAR,1.2166666666666666,TREND_COMPRESSION,OUT_OF_LANE,OUT_OF_LANE
2026-05-04,2026-05-04 10:58:09,2026-05-04 10:59:14,V3C,SimV3C-NQ-2A,NQ VC3-A Compression Fast ,NQ VC3-A Compression Fast ,,NQ,NQ JUN26,LONG,1,27889.5,27905.25,315.0,315.0,63.0,WIN,Profit target,,,2026-05-06 10:03:09,C:\Users\Valued Customer\NT8_Regimes\V3C\TradeLog\SimV3C_NQ_2A_TradeLog.csv,2026-05-04 10:58:09,V3C Compression,TREND_COMPRESSION,2026-05-04 10:56:48,TREND_COMPRESSION,TREND_COMPRESSION,BRACKET_MACRO,ROTATION_ILLIQUID,TrendUp,POST_IB_MACRO,78,DEVELOPING_INITIATIVE_PHASE_AWARE,True,False,True,True,False,False,True,HYST_PASSED_NQ_TRENDUP_NO_MACRO_2BAR,1.35,TREND_COMPRESSION,IN_LANE,IN_LANE
2026-05-04,2026-05-04 10:58:17,2026-05-04 10:58:17,V3C,SimV3C-NQ-2B,NQ V3C Compression Clean B,NQ V3C Compression Clean B,,NQ,NQ JUN26,LONG,1,27894.5,27904.0,190.0,190.0,38.0,WIN,Profit target,,,2026-05-06 10:03:06,C:\Users\Valued Customer\NT8_Regimes\V3C\TradeLog\SimV3C_NQ_2B_TradeLog.csv,2026-05-04 10:58:17,V3C Compression,TREND_COMPRESSION,2026-05-04 10:56:48,TREND_COMPRESSION,TREND_COMPRESSION,BRACKET_MACRO,ROTATION_ILLIQUID,TrendUp,POST_IB_MACRO,78,DEVELOPING_INITIATIVE_PHASE_AWARE,True,False,True,True,False,False,True,HYST_PASSED_NQ_TRENDUP_NO_MACRO_2BAR,1.4833333333333334,TREND_COMPRESSION,IN_LANE,IN_LANE
2026-05-04,2026-05-04 10:58:23,2026-05-04 10:58:26,V1B,SimV1A - Kalman Fader 2,KalmanPulse Fader Mode A+,KalmanPulse_Fader_B,B,NQ,NQ JUN26,SHORT,2,27899.5,27901.25,-70.0,-70.0,-14.0,LOSS,ENVELOPE_BREAK_EXIT,27906.0,260.0,2026-05-06 10:02:51,C:\Users\Valued Customer\NT8_Regimes\V1B\TradeLog\KalmanPulse_Fader_B_TradeLog.csv,2026-05-04 10:58:23,Kalman Faders,ROTATION_LIQUID,2026-05-04 10:56:48,TREND_COMPRESSION,TREND_COMPRESSION,BRACKET_MACRO,ROTATION_ILLIQUID,TrendUp,POST_IB_MACRO,78,DEVELOPING_INITIATIVE_PHASE_AWARE,True,False,True,True,False,False,True,HYST_PASSED_NQ_TRENDUP_NO_MACRO_2BAR,1.5833333333333333,TREND_COMPRESSION,OUT_OF_LANE,OUT_OF_LANE
2026-05-04,2026-05-04 10:58:23,2026-05-04 10:58:26,V1B,SimV1A - Kalman Fader 2,KalmanPulse Fader Mode A+,KalmanPulse_Fader_B,B,NQ,NQ JUN26,SHORT,2,27899.5,27901.25,-70.0,-70.0,-14.0,LOSS,ENVELOPE_BREAK_EXIT,27906.0,260.0,2026-05-05 07:42:22,C:\Users\Valued Customer\NT8_Regimes\V1B\TradeLog\KalmanPulse_Fader_B_TradeLog.csv,2026-05-04 10:58:23,Kalman Faders,ROTATION_LIQUID,2026-05-04 10:56:48,TREND_COMPRESSION,TREND_COMPRESSION,BRACKET_MACRO,ROTATION_ILLIQUID,TrendUp,POST_IB_MACRO,78,DEVELOPING_INITIATIVE_PHASE_AWARE,True,False,True,True,False,False,True,HYST_PASSED_NQ_TRENDUP_NO_MACRO_2BAR,1.5833333333333333,TREND_COMPRESSION,OUT_OF_LANE,OUT_OF_LANE
2026-05-04,2026-05-04 10:59:37,2026-05-04 11:00:04,V3C,SimV3C-NQ-2A,NQ VC3-A Compression Fast ,NQ VC3-A Compression Fast ,,NQ,NQ JUN26,LONG,1,27879.5,27863.75,-315.0,-315.0,-63.0,LOSS,Stop loss,,,2026-05-06 10:03:09,C:\Users\Valued Customer\NT8_Regimes\V3C\TradeLog\SimV3C_NQ_2A_TradeLog.csv,2026-05-04 10:59:37,V3C Compression,TREND_COMPRESSION,2026-05-04 10:56:48,TREND_COMPRESSION,TREND_COMPRESSION,BRACKET_MACRO,ROTATION_ILLIQUID,TrendUp,POST_IB_MACRO,78,DEVELOPING_INITIATIVE_PHASE_AWARE,True,False,True,True,False,False,True,HYST_PASSED_NQ_TRENDUP_NO_MACRO_2BAR,2.816666666666667,TREND_COMPRESSION,IN_LANE,IN_LANE
2026-05-04,2026-05-04 10:59:39,2026-05-04 10:59:39,V3C,SimV3C-NQ-2B,NQ V3C Compression Clean B,NQ V3C Compression Clean B,,NQ,NQ JUN26,LONG,1,27882.5,27892.0,190.0,190.0,38.0,WIN,Profit target,,,2026-05-06 10:03:06,C:\Users\Valued Customer\NT8_Regimes\V3C\TradeLog\SimV3C_NQ_2B_TradeLog.csv,2026-05-04 10:59:39,V3C Compression,TREND_COMPRESSION,2026-05-04 10:56:48,TREND_COMPRESSION,TREND_COMPRESSION,BRACKET_MACRO,ROTATION_ILLIQUID,TrendUp,POST_IB_MACRO,78,DEVELOPING_INITIATIVE_PHASE_AWARE,True,False,True,True,False,False,True,HYST_PASSED_NQ_TRENDUP_NO_MACRO_2BAR,2.85,TREND_COMPRESSION,IN_LANE,IN_LANE
2026-05-04,2026-05-04 11:00:36,2026-05-04 11:00:44,V3C,SimV3C-NQ-2A,NQ VC3-A Compression Fast ,NQ VC3-A Compression Fast ,,NQ,NQ JUN26,LONG,1,27859.5,27875.25,315.0,315.0,63.0,WIN,Profit target,,,2026-05-06 10:03:09,C:\Users\Valued Customer\NT8_Regimes\V3C\TradeLog\SimV3C_NQ_2A_TradeLog.csv,2026-05-04 11:00:36,V3C Compression,TREND_COMPRESSION,2026-05-04 10:56:48,TREND_COMPRESSION,TREND_COMPRESSION,BRACKET_MACRO,ROTATION_ILLIQUID,TrendUp,POST_IB_MACRO,78,DEVELOPING_INITIATIVE_PHASE_AWARE,True,False,True,True,False,False,True,HYST_PASSED_NQ_TRENDUP_NO_MACRO_2BAR,3.8,TREND_COMPRESSION,IN_LANE,IN_LANE
2026-05-04,2026-05-04 11:00:40,2026-05-04 11:00:40,V3C,SimV3C-NQ-2B,NQ V3C Compression Clean B,NQ V3C Compression Clean B,,NQ,NQ JUN26,LONG,1,27862.5,27872.0,190.0,190.0,38.0,WIN,Profit target,,,2026-05-06 10:03:06,C:\Users\Valued Customer\NT8_Regimes\V3C\TradeLog\SimV3C_NQ_2B_TradeLog.csv,2026-05-04 11:00:40,V3C Compression,TREND_COMPRESSION,2026-05-04 10:56:48,TREND_COMPRESSION,TREND_COMPRESSION,BRACKET_MACRO,ROTATION_ILLIQUID,TrendUp,POST_IB_MACRO,78,DEVELOPING_INITIATIVE_PHASE_AWARE,True,False,True,True,False,False,True,HYST_PASSED_NQ_TRENDUP_NO_MACRO_2BAR,3.8666666666666667,TREND_COMPRESSION,IN_LANE,IN_LANE
2026-05-04,2026-05-04 11:00:46,2026-05-04 11:00:56,V3C,SimV3C-NQ-2C,NQ V3C Compression Sniper C 20-40-60,NQ V3C Compression Sniper C 20-40-60,,NQ,NQ JUN26,LONG,1,27864.5,27896.5,640.0,640.0,128.0,WIN,Profit target,,,2026-05-06 10:03:07,C:\Users\Valued Customer\NT8_Regimes\V3C\TradeLog\SimV3C_NQ_2C_TradeLog.csv,2026-05-04 11:00:46,V3C Compression,TREND_COMPRESSION,2026-05-04 10:56:48,TREND_COMPRESSION,TREND_COMPRESSION,BRACKET_MACRO,ROTATION_ILLIQUID,TrendUp,POST_IB_MACRO,78,DEVELOPING_INITIATIVE_PHASE_AWARE,True,False,True,True,False,False,True,HYST_PASSED_NQ_TRENDUP_NO_MACRO_2BAR,3.966666666666667,TREND_COMPRESSION,IN_LANE,IN_LANE
2026-05-04,2026-05-04 11:05:42,2026-05-04 11:05:42,V3C,SimV3C-NQ-2B,NQ V3C Compression Clean B,NQ V3C Compression Clean B,,NQ,NQ JUN26,LONG,1,27886.5,27896.0,190.0,190.0,38.0,WIN,Profit target,,,2026-05-06 10:03:06,C:\Users\Valued Customer\NT8_Regimes\V3C\TradeLog\SimV3C_NQ_2B_TradeLog.csv,2026-05-04 11:05:42,V3C Compression,TREND_COMPRESSION,2026-05-04 10:56:48,TREND_COMPRESSION,TREND_COMPRESSION,BRACKET_MACRO,ROTATION_ILLIQUID,TrendUp,POST_IB_MACRO,78,DEVELOPING_INITIATIVE_PHASE_AWARE,True,False,True,True,False,False,True,HYST_PASSED_NQ_TRENDUP_NO_MACRO_2BAR,8.9,TREND_COMPRESSION,IN_LANE,IN_LANE
2026-05-04,2026-05-04 11:06:00,2026-05-04 11:09:03,V3C,SimV3C-NQ-2A,NQ VC3-A Compression Fast ,NQ VC3-A Compression Fast ,,NQ,NQ JUN26,LONG,1,27889.5,27873.25,-325.0,-325.0,-65.0,LOSS,Stop loss,,,2026-05-06 10:03:09,C:\Users\Valued Customer\NT8_Regimes\V3C\TradeLog\SimV3C_NQ_2A_TradeLog.csv,2026-05-04 11:06:00,V3C Compression,TREND_COMPRESSION,2026-05-04 11:05:58,TRANSITION,TRANSITION,BRACKET_MACRO,ROTATION_ILLIQUID,TrendDown,MID_MORNING_DISCOVERY,50,NO_CLEAR_STAGE_C_ALIGNMENT,False,False,False,False,False,False,False,HYST_BLOCK_TRENDDOWN_AGE_1_OF_2,0.03333333333333333,TRANSITION,OUT_OF_LANE,OUT_LEADIN_TRANSITION_ROT_ILLIQUID
2026-05-04,2026-05-04 11:07:12,2026-05-04 11:07:12,V3C,SimV3C-NQ-2B,NQ V3C Compression Clean B,NQ V3C Compression Clean B,,NQ,NQ JUN26,LONG,1,27890.5,27900.25,195.0,195.0,39.0,WIN,Profit target,,,2026-05-06 10:03:06,C:\Users\Valued Customer\NT8_Regimes\V3C\TradeLog\SimV3C_NQ_2B_TradeLog.csv,2026-05-04 11:07:12,V3C Compression,TREND_COMPRESSION,2026-05-04 11:06:07,TRANSITION,TRANSITION,BRACKET_MACRO,ROTATION_ILLIQUID,TrendUp,MID_MORNING_DISCOVERY,50,NO_CLEAR_STAGE_C_ALIGNMENT,False,False,False,False,False,False,False,HYST_BLOCK_NQ_TRENDUP_NO_MACRO_AGE_1,1.0833333333333333,TRANSITION,OUT_OF_LANE,OUT_LEADIN_TRANSITION_ROT_ILLIQUID
2026-05-04,2026-05-04 11:09:40,2026-05-04 11:09:40,V3C,SimV3C-NQ-2B,NQ V3C Compression Clean B,NQ V3C Compression Clean B,,NQ,NQ JUN26,LONG,1,27874.5,27884.0,190.0,190.0,38.0,WIN,Profit target,,,2026-05-06 10:03:06,C:\Users\Valued Customer\NT8_Regimes\V3C\TradeLog\SimV3C_NQ_2B_TradeLog.csv,2026-05-04 11:09:40,V3C Compression,TREND_COMPRESSION,2026-05-04 11:06:07,TRANSITION,TRANSITION,BRACKET_MACRO,ROTATION_ILLIQUID,TrendUp,MID_MORNING_DISCOVERY,50,NO_CLEAR_STAGE_C_ALIGNMENT,False,False,False,False,False,False,False,HYST_BLOCK_NQ_TRENDUP_NO_MACRO_AGE_1,3.55,TRANSITION,OUT_OF_LANE,OUT_LEADIN_TRANSITION_ROT_ILLIQUID
2026-05-04,2026-05-04 11:09:40,2026-05-04 11:09:43,V3C,SimV3C-NQ-2A,NQ VC3-A Compression Fast ,NQ VC3-A Compression Fast ,,NQ,NQ JUN26,LONG,1,27874.5,27890.5,320.0,320.0,64.0,WIN,Profit target,,,2026-05-06 10:03:09,C:\Users\Valued Customer\NT8_Regimes\V3C\TradeLog\SimV3C_NQ_2A_TradeLog.csv,2026-05-04 11:09:40,V3C Compression,TREND_COMPRESSION,2026-05-04 11:06:07,TRANSITION,TRANSITION,BRACKET_MACRO,ROTATION_ILLIQUID,TrendUp,MID_MORNING_DISCOVERY,50,NO_CLEAR_STAGE_C_ALIGNMENT,False,False,False,False,False,False,False,HYST_BLOCK_NQ_TRENDUP_NO_MACRO_AGE_1,3.55,TRANSITION,OUT_OF_LANE,OUT_LEADIN_TRANSITION_ROT_ILLIQUID
2026-05-04,2026-05-04 11:11:00,2026-05-04 11:13:00,V1B,SimV1A - Kalman Fader 2,KalmanPulse Fader Mode A+,KalmanPulse_Fader_B,B,NQ,NQ JUN26,LONG,2,27882.5,27870.75,-470.0,-470.0,-94.0,LOSS,ENVELOPE_BREAK_EXIT,27846.25,1450.0,2026-05-06 10:55:15,C:\Users\Valued Customer\NT8_Regimes\V1B\TradeLog\KalmanPulse_Fader_B_TradeLog.csv,2026-05-04 11:11:00,Kalman Faders,ROTATION_LIQUID,2026-05-04 11:10:35,TRANSITION,ROTATION_ILLIQUID,BRACKET_MACRO,ROTATION_ILLIQUID,TrendUp,MID_MORNING_DISCOVERY,62,COMPRESSED_BALANCE_LOW_EDGE,False,False,False,False,False,False,False,HYST_BLOCK_NQ_TRENDUP_NO_MACRO_AGE_1,0.4166666666666667,TRANSITION,OUT_OF_LANE,OUT_OF_LANE
2026-05-04,2026-05-04 11:11:00,2026-05-04 11:13:00,V1B,SimV1A - Kalman Fader 2,KalmanPulse Fader Mode A+,KalmanPulse_Fader_B,B,NQ,NQ JUN26,LONG,2,27882.5,27870.75,-470.0,-470.0,-94.0,LOSS,ENVELOPE_BREAK_EXIT,27866.25,650.0,2026-05-06 13:41:20,C:\Users\Valued Customer\NT8_Regimes\V1B\TradeLog\KalmanPulse_Fader_B_TradeLog.csv,2026-05-04 11:11:00,Kalman Faders,ROTATION_LIQUID,2026-05-04 11:10:35,TRANSITION,ROTATION_ILLIQUID,BRACKET_MACRO,ROTATION_ILLIQUID,TrendUp,MID_MORNING_DISCOVERY,62,COMPRESSED_BALANCE_LOW_EDGE,False,False,False,False,False,False,False,HYST_BLOCK_NQ_TRENDUP_NO_MACRO_AGE_1,0.4166666666666667,TRANSITION,OUT_OF_LANE,OUT_OF_LANE
2026-05-04,2026-05-04 11:11:00,2026-05-04 11:13:00,V1B,SimV1A - Kalman Fader 2,KalmanPulse Fader Mode A+,KalmanPulse_Fader_B,B,NQ,NQ JUN26,LONG,2,27882.5,27870.75,-470.0,-470.0,-94.0,LOSS,ENVELOPE_BREAK_EXIT,27866.25,650.0,2026-05-06 13:36:25,C:\Users\Valued Customer\NT8_Regimes\V1B\TradeLog\KalmanPulse_Fader_B_TradeLog.csv,2026-05-04 11:11:00,Kalman Faders,ROTATION_LIQUID,2026-05-04 11:10:35,TRANSITION,ROTATION_ILLIQUID,BRACKET_MACRO,ROTATION_ILLIQUID,TrendUp,MID_MORNING_DISCOVERY,62,COMPRESSED_BALANCE_LOW_EDGE,False,False,False,False,False,False,False,HYST_BLOCK_NQ_TRENDUP_NO_MACRO_AGE_1,0.4166666666666667,TRANSITION,OUT_OF_LANE,OUT_OF_LANE
2026-05-04,2026-05-04 11:11:00,2026-05-04 11:13:00,V1B,SimV1A - Kalman Fader 2,KalmanPulse Fader Mode A+,KalmanPulse_Fader_B,A,NQ,NQ JUN26,LONG,2,27882.5,27870.75,-470.0,-470.0,-94.0,LOSS,ENVELOPE_BREAK_EXIT,27866.25,650.0,2026-05-06 13:43:35,C:\Users\Valued Customer\NT8_Regimes\V1B\TradeLog\KalmanPulse_Fader_B_TradeLog.csv,2026-05-04 11:11:00,Kalman Faders,ROTATION_LIQUID,2026-05-04 11:10:35,TRANSITION,ROTATION_ILLIQUID,BRACKET_MACRO,ROTATION_ILLIQUID,TrendUp,MID_MORNING_DISCOVERY,62,COMPRESSED_BALANCE_LOW_EDGE,False,False,False,False,False,False,False,HYST_BLOCK_NQ_TRENDUP_NO_MACRO_AGE_1,0.4166666666666667,TRANSITION,OUT_OF_LANE,OUT_OF_LANE
2026-05-04,2026-05-04 11:11:00,2026-05-04 11:13:00,V1B,SimV1A - Kalman Fader 2,KalmanPulse Fader Mode A+,KalmanPulse_Fader_B,B,NQ,NQ JUN26,LONG,2,27882.5,27870.75,-470.0,-470.0,-94.0,LOSS,ENVELOPE_BREAK_EXIT,27866.25,650.0,2026-05-06 12:22:55,C:\Users\Valued Customer\NT8_Regimes\V1B\TradeLog\KalmanPulse_Fader_B_TradeLog.csv,2026-05-04 11:11:00,Kalman Faders,ROTATION_LIQUID,2026-05-04 11:10:35,TRANSITION,ROTATION_ILLIQUID,BRACKET_MACRO,ROTATION_ILLIQUID,TrendUp,MID_MORNING_DISCOVERY,62,COMPRESSED_BALANCE_LOW_EDGE,False,False,False,False,False,False,False,HYST_BLOCK_NQ_TRENDUP_NO_MACRO_AGE_1,0.4166666666666667,TRANSITION,OUT_OF_LANE,OUT_OF_LANE
2026-05-04,2026-05-04 11:15:11,2026-05-04 11:15:11,V3C,SimV3C-NQ-2B,NQ V3C Compression Clean B,NQ V3C Compression Clean B,,NQ,NQ JUN26,LONG,1,27850.5,27860.0,190.0,190.0,38.0,WIN,Profit target,,,2026-05-06 10:03:06,C:\Users\Valued Customer\NT8_Regimes\V3C\TradeLog\SimV3C_NQ_2B_TradeLog.csv,2026-05-04 11:15:11,V3C Compression,TREND_COMPRESSION,2026-05-04 11:13:39,TRANSITION,ROTATION_ILLIQUID,BRACKET_MACRO,ROTATION_ILLIQUID,TrendUp,MID_MORNING_DISCOVERY,62,COMPRESSED_BALANCE_LOW_EDGE,False,False,False,False,False,False,False,HYST_BLOCK_NQ_TRENDUP_NO_MACRO_AGE_1,1.5333333333333334,TRANSITION,OUT_OF_LANE,OUT_LEADIN_TRANSITION_ROT_ILLIQUID
2026-05-04,2026-05-04 11:15:11,2026-05-04 11:15:15,V3C,SimV3C-NQ-2A,NQ VC3-A Compression Fast ,NQ VC3-A Compression Fast ,,NQ,NQ JUN26,LONG,1,27849.5,27865.25,315.0,315.0,63.0,WIN,Profit target,,,2026-05-06 10:03:09,C:\Users\Valued Customer\NT8_Regimes\V3C\TradeLog\SimV3C_NQ_2A_TradeLog.csv,2026-05-04 11:15:11,V3C Compression,TREND_COMPRESSION,2026-05-04 11:13:39,TRANSITION,ROTATION_ILLIQUID,BRACKET_MACRO,ROTATION_ILLIQUID,TrendUp,MID_MORNING_DISCOVERY,62,COMPRESSED_BALANCE_LOW_EDGE,False,False,False,False,False,False,False,HYST_BLOCK_NQ_TRENDUP_NO_MACRO_AGE_1,1.5333333333333334,TRANSITION,OUT_OF_LANE,OUT_LEADIN_TRANSITION_ROT_ILLIQUID
2026-05-04,2026-05-04 11:20:12,2026-05-04 11:20:12,V3C,SimV3C-NQ-2B,NQ V3C Compression Clean B,NQ V3C Compression Clean B,,NQ,NQ JUN26,LONG,1,27774.5,27784.0,190.0,190.0,38.0,WIN,Profit target,,,2026-05-06 10:03:06,C:\Users\Valued Customer\NT8_Regimes\V3C\TradeLog\SimV3C_NQ_2B_TradeLog.csv,2026-05-04 11:20:12,V3C Compression,TREND_COMPRESSION,2026-05-04 11:16:42,TRANSITION,TRANSITION,MEAN_REVERSION_MACRO,ROTATION_ILLIQUID,TrendUp,MID_MORNING_DISCOVERY,52,HMM_TRANSITION_OR_RETURN_TO_OPEN,False,False,False,False,False,False,True,HYST_PASSED_NQ_TRENDUP_NO_MACRO_2BAR,3.5,TRANSITION,OUT_OF_LANE,OUT_LEADIN_TRANSITION_ROT_ILLIQUID
2026-05-04,2026-05-04 11:20:28,2026-05-04 11:20:28,V3C,SimV3C-NQ-2B,NQ V3C Compression Clean B,NQ V3C Compression Clean B,,NQ,NQ JUN26,LONG,1,27770.5,27780.0,190.0,190.0,38.0,WIN,Profit target,,,2026-05-06 10:03:06,C:\Users\Valued Customer\NT8_Regimes\V3C\TradeLog\SimV3C_NQ_2B_TradeLog.csv,2026-05-04 11:20:28,V3C Compression,TREND_COMPRESSION,2026-05-04 11:16:42,TRANSITION,TRANSITION,MEAN_REVERSION_MACRO,ROTATION_ILLIQUID,TrendUp,MID_MORNING_DISCOVERY,52,HMM_TRANSITION_OR_RETURN_TO_OPEN,False,False,False,False,False,False,True,HYST_PASSED_NQ_TRENDUP_NO_MACRO_2BAR,3.7666666666666666,TRANSITION,OUT_OF_LANE,OUT_LEADIN_TRANSITION_ROT_ILLIQUID
2026-05-04,2026-05-04 11:20:30,2026-05-04 11:21:05,V3C,SimV3C-NQ-2A,NQ VC3-A Compression Fast ,NQ VC3-A Compression Fast ,,NQ,NQ JUN26,LONG,1,27774.5,27758.5,-320.0,-320.0,-64.0,LOSS,Stop loss,,,2026-05-06 10:03:09,C:\Users\Valued Customer\NT8_Regimes\V3C\TradeLog\SimV3C_NQ_2A_TradeLog.csv,2026-05-04 11:20:30,V3C Compression,TREND_COMPRESSION,2026-05-04 11:16:42,TRANSITION,TRANSITION,MEAN_REVERSION_MACRO,ROTATION_ILLIQUID,TrendUp,MID_MORNING_DISCOVERY,52,HMM_TRANSITION_OR_RETURN_TO_OPEN,False,False,False,False,False,False,True,HYST_PASSED_NQ_TRENDUP_NO_MACRO_2BAR,3.8,TRANSITION,OUT_OF_LANE,OUT_LEADIN_TRANSITION_ROT_ILLIQUID
2026-05-04,2026-05-04 11:22:11,2026-05-04 11:22:17,V3C,SimV3C-NQ-2A,NQ VC3-A Compression Fast ,NQ VC3-A Compression Fast ,,NQ,NQ JUN26,LONG,1,27724.5,27740.25,315.0,315.0,63.0,WIN,Profit target,,,2026-05-06 10:03:09,C:\Users\Valued Customer\NT8_Regimes\V3C\TradeLog\SimV3C_NQ_2A_TradeLog.csv,2026-05-04 11:22:11,V3C Compression,TREND_COMPRESSION,2026-05-04 11:16:42,TRANSITION,TRANSITION,MEAN_REVERSION_MACRO,ROTATION_ILLIQUID,TrendUp,MID_MORNING_DISCOVERY,52,HMM_TRANSITION_OR_RETURN_TO_OPEN,False,False,False,False,False,False,True,HYST_PASSED_NQ_TRENDUP_NO_MACRO_2BAR,5.483333333333333,TRANSITION,OUT_OF_LANE,OUT_LEADIN_TRANSITION_ROT_ILLIQUID
2026-05-04,2026-05-04 11:22:11,2026-05-04 11:22:11,V3C,SimV3C-NQ-2B,NQ V3C Compression Clean B,NQ V3C Compression Clean B,,NQ,NQ JUN26,LONG,1,27726.5,27736.0,190.0,190.0,38.0,WIN,Profit target,,,2026-05-06 10:03:06,C:\Users\Valued Customer\NT8_Regimes\V3C\TradeLog\SimV3C_NQ_2B_TradeLog.csv,2026-05-04 11:22:11,V3C Compression,TREND_COMPRESSION,2026-05-04 11:16:42,TRANSITION,TRANSITION,MEAN_REVERSION_MACRO,ROTATION_ILLIQUID,TrendUp,MID_MORNING_DISCOVERY,52,HMM_TRANSITION_OR_RETURN_TO_OPEN,False,False,False,False,False,False,True,HYST_PASSED_NQ_TRENDUP_NO_MACRO_2BAR,5.483333333333333,TRANSITION,OUT_OF_LANE,OUT_LEADIN_TRANSITION_ROT_ILLIQUID
2026-05-04,2026-05-04 11:22:36,2026-05-04 11:26:23,V3C,SimV3C-NQ-2C,NQ V3C Compression Sniper C 20-40-60,NQ V3C Compression Sniper C 20-40-60,,NQ,NQ JUN26,LONG,1,27734.5,27765.5,620.0,620.0,124.0,WIN,Profit target,,,2026-05-06 10:03:07,C:\Users\Valued Customer\NT8_Regimes\V3C\TradeLog\SimV3C_NQ_2C_TradeLog.csv,2026-05-04 11:22:36,V3C Compression,TREND_COMPRESSION,2026-05-04 11:16:42,TRANSITION,TRANSITION,MEAN_REVERSION_MACRO,ROTATION_ILLIQUID,TrendUp,MID_MORNING_DISCOVERY,52,HMM_TRANSITION_OR_RETURN_TO_OPEN,False,False,False,False,False,False,True,HYST_PASSED_NQ_TRENDUP_NO_MACRO_2BAR,5.9,TRANSITION,OUT_OF_LANE,OUT_LEADIN_TRANSITION_ROT_ILLIQUID
2026-05-04,2026-05-04 11:23:37,2026-05-04 11:23:37,V3C,SimV3C-NQ-2B,NQ V3C Compression Clean B,NQ V3C Compression Clean B,,NQ,NQ JUN26,LONG,1,27742.5,27752.0,190.0,190.0,38.0,WIN,Profit target,,,2026-05-06 10:03:06,C:\Users\Valued Customer\NT8_Regimes\V3C\TradeLog\SimV3C_NQ_2B_TradeLog.csv,2026-05-04 11:23:37,V3C Compression,TREND_COMPRESSION,2026-05-04 11:16:42,TRANSITION,TRANSITION,MEAN_REVERSION_MACRO,ROTATION_ILLIQUID,TrendUp,MID_MORNING_DISCOVERY,52,HMM_TRANSITION_OR_RETURN_TO_OPEN,False,False,False,False,False,False,True,HYST_PASSED_NQ_TRENDUP_NO_MACRO_2BAR,6.916666666666667,TRANSITION,OUT_OF_LANE,OUT_LEADIN_TRANSITION_ROT_ILLIQUID
2026-05-04,2026-05-04 11:23:38,2026-05-04 11:24:15,V3C,SimV3C-NQ-2A,NQ VC3-A Compression Fast ,NQ VC3-A Compression Fast ,,NQ,NQ JUN26,LONG,1,27744.5,27728.25,-325.0,-325.0,-65.0,LOSS,Stop loss,,,2026-05-06 10:03:09,C:\Users\Valued Customer\NT8_Regimes\V3C\TradeLog\SimV3C_NQ_2A_TradeLog.csv,2026-05-04 11:23:38,V3C Compression,TREND_COMPRESSION,2026-05-04 11:16:42,TRANSITION,TRANSITION,MEAN_REVERSION_MACRO,ROTATION_ILLIQUID,TrendUp,MID_MORNING_DISCOVERY,52,HMM_TRANSITION_OR_RETURN_TO_OPEN,False,False,False,False,False,False,True,HYST_PASSED_NQ_TRENDUP_NO_MACRO_2BAR,6.933333333333334,TRANSITION,OUT_OF_LANE,OUT_LEADIN_TRANSITION_ROT_ILLIQUID
2026-05-04,2026-05-04 11:24:43,2026-05-04 11:24:43,V3C,SimV3C-NQ-2B,NQ V3C Compression Clean B,NQ V3C Compression Clean B,,NQ,NQ JUN26,LONG,1,27730.5,27740.0,190.0,190.0,38.0,WIN,Profit target,,,2026-05-06 10:03:06,C:\Users\Valued Customer\NT8_Regimes\V3C\TradeLog\SimV3C_NQ_2B_TradeLog.csv,2026-05-04 11:24:43,V3C Compression,TREND_COMPRESSION,2026-05-04 11:16:42,TRANSITION,TRANSITION,MEAN_REVERSION_MACRO,ROTATION_ILLIQUID,TrendUp,MID_MORNING_DISCOVERY,52,HMM_TRANSITION_OR_RETURN_TO_OPEN,False,False,False,False,False,False,True,HYST_PASSED_NQ_TRENDUP_NO_MACRO_2BAR,8.016666666666667,TRANSITION,OUT_OF_LANE,OUT_LEADIN_TRANSITION_ROT_ILLIQUID
2026-05-04,2026-05-04 11:25:07,2026-05-04 11:25:07,V3C,SimV3C-NQ-2B,NQ V3C Compression Clean B,NQ V3C Compression Clean B,,NQ,NQ JUN26,LONG,1,27726.5,27736.0,190.0,190.0,38.0,WIN,Profit target,,,2026-05-06 10:03:06,C:\Users\Valued Customer\NT8_Regimes\V3C\TradeLog\SimV3C_NQ_2B_TradeLog.csv,2026-05-04 11:25:07,V3C Compression,TREND_COMPRESSION,2026-05-04 11:16:42,TRANSITION,TRANSITION,MEAN_REVERSION_MACRO,ROTATION_ILLIQUID,TrendUp,MID_MORNING_DISCOVERY,52,HMM_TRANSITION_OR_RETURN_TO_OPEN,False,False,False,False,False,False,True,HYST_PASSED_NQ_TRENDUP_NO_MACRO_2BAR,8.416666666666666,TRANSITION,OUT_OF_LANE,OUT_LEADIN_TRANSITION_ROT_ILLIQUID
2026-05-04,2026-05-04 11:25:07,2026-05-04 11:25:08,V3C,SimV3C-NQ-2A,NQ VC3-A Compression Fast ,NQ VC3-A Compression Fast ,,NQ,NQ JUN26,LONG,1,27729.5,27745.75,325.0,325.0,65.0,WIN,Profit target,,,2026-05-06 10:03:09,C:\Users\Valued Customer\NT8_Regimes\V3C\TradeLog\SimV3C_NQ_2A_TradeLog.csv,2026-05-04 11:25:07,V3C Compression,TREND_COMPRESSION,2026-05-04 11:16:42,TRANSITION,TRANSITION,MEAN_REVERSION_MACRO,ROTATION_ILLIQUID,TrendUp,MID_MORNING_DISCOVERY,52,HMM_TRANSITION_OR_RETURN_TO_OPEN,False,False,False,False,False,False,True,HYST_PASSED_NQ_TRENDUP_NO_MACRO_2BAR,8.416666666666666,TRANSITION,OUT_OF_LANE,OUT_LEADIN_TRANSITION_ROT_ILLIQUID
2026-05-04,2026-05-04 11:26:21,2026-05-04 11:26:21,V3C,SimV3C-NQ-2B,NQ V3C Compression Clean B,NQ V3C Compression Clean B,,NQ,NQ JUN26,LONG,1,27742.5,27752.25,195.0,195.0,39.0,WIN,Profit target,,,2026-05-06 10:03:06,C:\Users\Valued Customer\NT8_Regimes\V3C\TradeLog\SimV3C_NQ_2B_TradeLog.csv,2026-05-04 11:26:21,V3C Compression,TREND_COMPRESSION,2026-05-04 11:26:06,TREND_EXPANSION,TREND_EXPANSION,BRACKET_MACRO,TREND_COMPRESSION,TrendDown,MID_MORNING_DISCOVERY,82,DEVELOPING_INITIATIVE_PHASE_AWARE,False,False,True,False,True,False,True,HYST_PASSED_TRENDDOWN_AGE_2,0.25,TREND_EXPANSION,OUT_OF_LANE,OUT_OF_LANE
2026-05-04,2026-05-04 11:33:45,2026-05-04 11:33:51,V3C,SimV3C-NQ-2A,NQ VC3-A Compression Fast ,NQ VC3-A Compression Fast ,,NQ,NQ JUN26,LONG,1,27734.5,27750.25,315.0,315.0,63.0,WIN,Profit target,,,2026-05-06 10:03:09,C:\Users\Valued Customer\NT8_Regimes\V3C\TradeLog\SimV3C_NQ_2A_TradeLog.csv,2026-05-04 11:33:45,V3C Compression,TREND_COMPRESSION,2026-05-04 11:32:07,TREND_COMPRESSION,TREND_COMPRESSION,BRACKET_MACRO,TREND_COMPRESSION,TrendDown,MID_MORNING_DISCOVERY,76,DEVELOPING_INITIATIVE_PHASE_AWARE,False,False,False,False,False,False,False,HYST_BLOCK_TRENDDOWN_AGE_1_OF_2,1.6333333333333333,TREND_COMPRESSION,IN_LANE,IN_LANE
2026-05-04,2026-05-04 11:33:48,2026-05-04 11:33:48,V3C,SimV3C-NQ-2B,NQ V3C Compression Clean B,NQ V3C Compression Clean B,,NQ,NQ JUN26,LONG,1,27738.5,27748.0,190.0,190.0,38.0,WIN,Profit target,,,2026-05-06 10:03:06,C:\Users\Valued Customer\NT8_Regimes\V3C\TradeLog\SimV3C_NQ_2B_TradeLog.csv,2026-05-04 11:33:48,V3C Compression,TREND_COMPRESSION,2026-05-04 11:32:07,TREND_COMPRESSION,TREND_COMPRESSION,BRACKET_MACRO,TREND_COMPRESSION,TrendDown,MID_MORNING_DISCOVERY,76,DEVELOPING_INITIATIVE_PHASE_AWARE,False,False,False,False,False,False,False,HYST_BLOCK_TRENDDOWN_AGE_1_OF_2,1.6833333333333333,TREND_COMPRESSION,IN_LANE,IN_LANE
2026-05-04,2026-05-04 11:33:58,2026-05-04 11:34:19,V3C,SimV3C-NQ-2C,NQ V3C Compression Sniper C 20-40-60,NQ V3C Compression Sniper C 20-40-60,,NQ,NQ JUN26,LONG,1,27734.5,27766.0,630.0,630.0,126.0,WIN,Profit target,,,2026-05-06 10:03:07,C:\Users\Valued Customer\NT8_Regimes\V3C\TradeLog\SimV3C_NQ_2C_TradeLog.csv,2026-05-04 11:33:58,V3C Compression,TREND_COMPRESSION,2026-05-04 11:32:07,TREND_COMPRESSION,TREND_COMPRESSION,BRACKET_MACRO,TREND_COMPRESSION,TrendDown,MID_MORNING_DISCOVERY,76,DEVELOPING_INITIATIVE_PHASE_AWARE,False,False,False,False,False,False,False,HYST_BLOCK_TRENDDOWN_AGE_1_OF_2,1.85,TREND_COMPRESSION,IN_LANE,IN_LANE
2026-05-04,2026-05-04 11:35:51,2026-05-04 11:36:36,V3C,SimV3C-NQ-2A,NQ VC3-A Compression Fast ,NQ VC3-A Compression Fast ,,NQ,NQ JUN26,LONG,1,27729.5,27745.0,310.0,310.0,62.0,WIN,Profit target,,,2026-05-06 10:03:09,C:\Users\Valued Customer\NT8_Regimes\V3C\TradeLog\SimV3C_NQ_2A_TradeLog.csv,2026-05-04 11:35:51,V3C Compression,TREND_COMPRESSION,2026-05-04 11:32:07,TREND_COMPRESSION,TREND_COMPRESSION,BRACKET_MACRO,TREND_COMPRESSION,TrendDown,MID_MORNING_DISCOVERY,76,DEVELOPING_INITIATIVE_PHASE_AWARE,False,False,False,False,False,False,False,HYST_BLOCK_TRENDDOWN_AGE_1_OF_2,3.7333333333333334,TREND_COMPRESSION,IN_LANE,IN_LANE
2026-05-04,2026-05-04 11:36:16,2026-05-04 11:36:16,V3C,SimV3C-NQ-2B,NQ V3C Compression Clean B,NQ V3C Compression Clean B,,NQ,NQ JUN26,LONG,1,27726.5,27736.0,190.0,190.0,38.0,WIN,Profit target,,,2026-05-06 10:03:06,C:\Users\Valued Customer\NT8_Regimes\V3C\TradeLog\SimV3C_NQ_2B_TradeLog.csv,2026-05-04 11:36:16,V3C Compression,TREND_COMPRESSION,2026-05-04 11:32:07,TREND_COMPRESSION,TREND_COMPRESSION,BRACKET_MACRO,TREND_COMPRESSION,TrendDown,MID_MORNING_DISCOVERY,76,DEVELOPING_INITIATIVE_PHASE_AWARE,False,False,False,False,False,False,False,HYST_BLOCK_TRENDDOWN_AGE_1_OF_2,4.15,TREND_COMPRESSION,IN_LANE,IN_LANE
2026-05-04,2026-05-04 11:36:42,2026-05-04 11:38:05,V3C,SimV3C-NQ-2C,NQ V3C Compression Sniper C 20-40-60,NQ V3C Compression Sniper C 20-40-60,,NQ,NQ JUN26,LONG,1,27734.5,27766.5,640.0,640.0,128.0,WIN,Profit target,,,2026-05-06 10:03:07,C:\Users\Valued Customer\NT8_Regimes\V3C\TradeLog\SimV3C_NQ_2C_TradeLog.csv,2026-05-04 11:36:42,V3C Compression,TREND_COMPRESSION,2026-05-04 11:36:41,TREND_COMPRESSION,TREND_COMPRESSION,BRACKET_MACRO,ROTATION_LIQUID,TrendUp,MID_MORNING_DISCOVERY,76,DEVELOPING_INITIATIVE_PHASE_AWARE,False,False,False,False,False,False,False,HYST_BLOCK_NQ_TRENDUP_NO_MACRO_AGE_1,0.016666666666666666,TREND_COMPRESSION,IN_LANE,IN_LANE
2026-05-04,2026-05-04 11:37:32,2026-05-04 11:37:32,V3C,SimV3C-NQ-2B,NQ V3C Compression Clean B,NQ V3C Compression Clean B,,NQ,NQ JUN26,LONG,1,27742.5,27752.0,190.0,190.0,38.0,WIN,Profit target,,,2026-05-06 10:03:06,C:\Users\Valued Customer\NT8_Regimes\V3C\TradeLog\SimV3C_NQ_2B_TradeLog.csv,2026-05-04 11:37:32,V3C Compression,TREND_COMPRESSION,2026-05-04 11:36:41,TREND_COMPRESSION,TREND_COMPRESSION,BRACKET_MACRO,ROTATION_LIQUID,TrendUp,MID_MORNING_DISCOVERY,76,DEVELOPING_INITIATIVE_PHASE_AWARE,False,False,False,False,False,False,False,HYST_BLOCK_NQ_TRENDUP_NO_MACRO_AGE_1,0.85,TREND_COMPRESSION,IN_LANE,IN_LANE
2026-05-04,2026-05-04 11:37:44,2026-05-04 11:37:46,V3C,SimV3C-NQ-2A,NQ VC3-A Compression Fast ,NQ VC3-A Compression Fast ,,NQ,NQ JUN26,LONG,1,27744.5,27760.5,320.0,320.0,64.0,WIN,Profit target,,,2026-05-06 10:03:09,C:\Users\Valued Customer\NT8_Regimes\V3C\TradeLog\SimV3C_NQ_2A_TradeLog.csv,2026-05-04 11:37:44,V3C Compression,TREND_COMPRESSION,2026-05-04 11:36:41,TREND_COMPRESSION,TREND_COMPRESSION,BRACKET_MACRO,ROTATION_LIQUID,TrendUp,MID_MORNING_DISCOVERY,76,DEVELOPING_INITIATIVE_PHASE_AWARE,False,False,False,False,False,False,False,HYST_BLOCK_NQ_TRENDUP_NO_MACRO_AGE_1,1.05,TREND_COMPRESSION,IN_LANE,IN_LANE
2026-05-04,2026-05-04 11:38:05,2026-05-04 11:38:05,V3C,SimV3C-NQ-2A,NQ VC3-A Compression Fast ,NQ VC3-A Compression Fast ,,NQ,NQ JUN26,LONG,1,27749.5,27765.25,315.0,315.0,63.0,WIN,Profit target,,,2026-05-06 10:03:09,C:\Users\Valued Customer\NT8_Regimes\V3C\TradeLog\SimV3C_NQ_2A_TradeLog.csv,2026-05-04 11:38:05,V3C Compression,TREND_COMPRESSION,2026-05-04 11:36:41,TREND_COMPRESSION,TREND_COMPRESSION,BRACKET_MACRO,ROTATION_LIQUID,TrendUp,MID_MORNING_DISCOVERY,76,DEVELOPING_INITIATIVE_PHASE_AWARE,False,False,False,False,False,False,False,HYST_BLOCK_NQ_TRENDUP_NO_MACRO_AGE_1,1.4,TREND_COMPRESSION,IN_LANE,IN_LANE
2026-05-04,2026-05-04 11:41:16,2026-05-04 11:41:16,V3C,SimV3C-NQ-2B,NQ V3C Compression Clean B,NQ V3C Compression Clean B,,NQ,NQ JUN26,LONG,1,27710.5,27719.75,185.0,185.0,37.0,WIN,Profit target,,,2026-05-06 10:03:06,C:\Users\Valued Customer\NT8_Regimes\V3C\TradeLog\SimV3C_NQ_2B_TradeLog.csv,2026-05-04 11:41:16,V3C Compression,TREND_COMPRESSION,2026-05-04 11:39:46,TREND_COMPRESSION,TREND_COMPRESSION,BRACKET_MACRO,ROTATION_LIQUID,TrendUp,MID_MORNING_DISCOVERY,76,DEVELOPING_INITIATIVE_PHASE_AWARE,False,False,False,False,False,False,False,HYST_BLOCK_NQ_TRENDUP_NO_MACRO_AGE_1,1.5,TREND_COMPRESSION,IN_LANE,IN_LANE
2026-05-04,2026-05-04 11:41:17,2026-05-04 11:41:17,V3C,SimV3C-NQ-2A,NQ VC3-A Compression Fast ,NQ VC3-A Compression Fast ,,NQ,NQ JUN26,LONG,1,27709.5,27725.0,310.0,310.0,62.0,WIN,Profit target,,,2026-05-06 10:03:09,C:\Users\Valued Customer\NT8_Regimes\V3C\TradeLog\SimV3C_NQ_2A_TradeLog.csv,2026-05-04 11:41:17,V3C Compression,TREND_COMPRESSION,2026-05-04 11:39:46,TREND_COMPRESSION,TREND_COMPRESSION,BRACKET_MACRO,ROTATION_LIQUID,TrendUp,MID_MORNING_DISCOVERY,76,DEVELOPING_INITIATIVE_PHASE_AWARE,False,False,False,False,False,False,False,HYST_BLOCK_NQ_TRENDUP_NO_MACRO_AGE_1,1.5166666666666666,TREND_COMPRESSION,IN_LANE,IN_LANE
2026-05-04,2026-05-04 11:41:58,2026-05-04 11:42:42,V3C,SimV3C-NQ-2C,NQ V3C Compression Sniper C 20-40-60,NQ V3C Compression Sniper C 20-40-60,,NQ,NQ JUN26,LONG,1,27714.5,27746.75,645.0,645.0,129.0,WIN,Profit target,,,2026-05-06 10:03:07,C:\Users\Valued Customer\NT8_Regimes\V3C\TradeLog\SimV3C_NQ_2C_TradeLog.csv,2026-05-04 11:41:58,V3C Compression,TREND_COMPRESSION,2026-05-04 11:39:46,TREND_COMPRESSION,TREND_COMPRESSION,BRACKET_MACRO,ROTATION_LIQUID,TrendUp,MID_MORNING_DISCOVERY,76,DEVELOPING_INITIATIVE_PHASE_AWARE,False,False,False,False,False,False,False,HYST_BLOCK_NQ_TRENDUP_NO_MACRO_AGE_1,2.2,TREND_COMPRESSION,IN_LANE,IN_LANE
2026-05-04,2026-05-04 11:43:34,2026-05-04 11:43:34,V3C,SimV3C-NQ-2B,NQ V3C Compression Clean B,NQ V3C Compression Clean B,,NQ,NQ JUN26,LONG,1,27734.5,27744.0,190.0,190.0,38.0,WIN,Profit target,,,2026-05-06 10:03:06,C:\Users\Valued Customer\NT8_Regimes\V3C\TradeLog\SimV3C_NQ_2B_TradeLog.csv,2026-05-04 11:43:34,V3C Compression,TREND_COMPRESSION,2026-05-04 11:39:46,TREND_COMPRESSION,TREND_COMPRESSION,BRACKET_MACRO,ROTATION_LIQUID,TrendUp,MID_MORNING_DISCOVERY,76,DEVELOPING_INITIATIVE_PHASE_AWARE,False,False,False,False,False,False,False,HYST_BLOCK_NQ_TRENDUP_NO_MACRO_AGE_1,3.8,TREND_COMPRESSION,IN_LANE,IN_LANE
2026-05-04,2026-05-04 11:43:57,2026-05-04 11:44:00,V3C,SimV3C-NQ-2A,NQ VC3-A Compression Fast ,NQ VC3-A Compression Fast ,,NQ,NQ JUN26,LONG,1,27734.5,27750.25,315.0,315.0,63.0,WIN,Profit target,,,2026-05-06 10:03:09,C:\Users\Valued Customer\NT8_Regimes\V3C\TradeLog\SimV3C_NQ_2A_TradeLog.csv,2026-05-04 11:43:57,V3C Compression,TREND_COMPRESSION,2026-05-04 11:39:46,TREND_COMPRESSION,TREND_COMPRESSION,BRACKET_MACRO,ROTATION_LIQUID,TrendUp,MID_MORNING_DISCOVERY,76,DEVELOPING_INITIATIVE_PHASE_AWARE,False,False,False,False,False,False,False,HYST_BLOCK_NQ_TRENDUP_NO_MACRO_AGE_1,4.183333333333334,TREND_COMPRESSION,IN_LANE,IN_LANE
2026-05-04,2026-05-04 11:48:13,2026-05-04 11:48:13,V3C,SimV3C-NQ-2B,NQ V3C Compression Clean B,NQ V3C Compression Clean B,,NQ,NQ JUN26,LONG,1,27738.5,27748.0,190.0,190.0,38.0,WIN,Profit target,,,2026-05-06 10:03:06,C:\Users\Valued Customer\NT8_Regimes\V3C\TradeLog\SimV3C_NQ_2B_TradeLog.csv,2026-05-04 11:48:13,V3C Compression,TREND_COMPRESSION,2026-05-04 11:46:02,TRANSITION,TRANSITION,BRACKET_MACRO,ROTATION_ILLIQUID,TrendUp,MID_MORNING_DISCOVERY,50,NO_CLEAR_STAGE_C_ALIGNMENT,False,False,False,False,False,False,True,HYST_PASSED_NQ_TRENDUP_NO_MACRO_2BAR,2.183333333333333,TRANSITION,OUT_OF_LANE,OUT_LEADIN_TRANSITION_ROT_ILLIQUID
2026-05-04,2026-05-04 11:48:14,2026-05-04 11:49:49,V3C,SimV3C-NQ-2A,NQ VC3-A Compression Fast ,NQ VC3-A Compression Fast ,,NQ,NQ JUN26,LONG,1,27739.5,27723.75,-315.0,-315.0,-63.0,LOSS,Stop loss,,,2026-05-06 10:03:09,C:\Users\Valued Customer\NT8_Regimes\V3C\TradeLog\SimV3C_NQ_2A_TradeLog.csv,2026-05-04 11:48:14,V3C Compression,TREND_COMPRESSION,2026-05-04 11:46:02,TRANSITION,TRANSITION,BRACKET_MACRO,ROTATION_ILLIQUID,TrendUp,MID_MORNING_DISCOVERY,50,NO_CLEAR_STAGE_C_ALIGNMENT,False,False,False,False,False,False,True,HYST_PASSED_NQ_TRENDUP_NO_MACRO_2BAR,2.2,TRANSITION,OUT_OF_LANE,OUT_LEADIN_TRANSITION_ROT_ILLIQUID
2026-05-04,2026-05-04 11:52:30,2026-05-04 11:52:30,V3C,SimV3C-NQ-2B,NQ V3C Compression Clean B,NQ V3C Compression Clean B,,NQ,NQ JUN26,LONG,1,27710.5,27720.0,190.0,190.0,38.0,WIN,Profit target,,,2026-05-06 10:03:06,C:\Users\Valued Customer\NT8_Regimes\V3C\TradeLog\SimV3C_NQ_2B_TradeLog.csv,2026-05-04 11:52:30,V3C Compression,TREND_COMPRESSION,2026-05-04 11:46:02,TRANSITION,TRANSITION,BRACKET_MACRO,ROTATION_ILLIQUID,TrendUp,MID_MORNING_DISCOVERY,50,NO_CLEAR_STAGE_C_ALIGNMENT,False,False,False,False,False,False,True,HYST_PASSED_NQ_TRENDUP_NO_MACRO_2BAR,6.466666666666667,TRANSITION,OUT_OF_LANE,OUT_LEADIN_TRANSITION_ROT_ILLIQUID
2026-05-04,2026-05-04 11:52:31,2026-05-04 11:52:31,V3C,SimV3C-NQ-2A,NQ VC3-A Compression Fast ,NQ VC3-A Compression Fast ,,NQ,NQ JUN26,LONG,1,27714.5,27730.25,315.0,315.0,63.0,WIN,Profit target,,,2026-05-06 10:03:09,C:\Users\Valued Customer\NT8_Regimes\V3C\TradeLog\SimV3C_NQ_2A_TradeLog.csv,2026-05-04 11:52:31,V3C Compression,TREND_COMPRESSION,2026-05-04 11:46:02,TRANSITION,TRANSITION,BRACKET_MACRO,ROTATION_ILLIQUID,TrendUp,MID_MORNING_DISCOVERY,50,NO_CLEAR_STAGE_C_ALIGNMENT,False,False,False,False,False,False,True,HYST_PASSED_NQ_TRENDUP_NO_MACRO_2BAR,6.483333333333333,TRANSITION,OUT_OF_LANE,OUT_LEADIN_TRANSITION_ROT_ILLIQUID
2026-05-04,2026-05-04 11:52:32,2026-05-04 11:52:34,V3C,SimV3C-NQ-2C,NQ V3C Compression Sniper C 20-40-60,NQ V3C Compression Sniper C 20-40-60,,NQ,NQ JUN26,LONG,1,27714.5,27746.25,635.0,635.0,127.0,WIN,Profit target,,,2026-05-06 10:03:07,C:\Users\Valued Customer\NT8_Regimes\V3C\TradeLog\SimV3C_NQ_2C_TradeLog.csv,2026-05-04 11:52:32,V3C Compression,TREND_COMPRESSION,2026-05-04 11:46:02,TRANSITION,TRANSITION,BRACKET_MACRO,ROTATION_ILLIQUID,TrendUp,MID_MORNING_DISCOVERY,50,NO_CLEAR_STAGE_C_ALIGNMENT,False,False,False,False,False,False,True,HYST_PASSED_NQ_TRENDUP_NO_MACRO_2BAR,6.5,TRANSITION,OUT_OF_LANE,OUT_LEADIN_TRANSITION_ROT_ILLIQUID
2026-05-04,2026-05-04 11:53:12,2026-05-04 11:53:12,V3C,SimV3C-NQ-2B,NQ V3C Compression Clean B,NQ V3C Compression Clean B,,NQ,NQ JUN26,LONG,1,27730.5,27739.75,185.0,185.0,37.0,WIN,Profit target,,,2026-05-06 10:03:06,C:\Users\Valued Customer\NT8_Regimes\V3C\TradeLog\SimV3C_NQ_2B_TradeLog.csv,2026-05-04 11:53:12,V3C Compression,TREND_COMPRESSION,2026-05-04 11:46:02,TRANSITION,TRANSITION,BRACKET_MACRO,ROTATION_ILLIQUID,TrendUp,MID_MORNING_DISCOVERY,50,NO_CLEAR_STAGE_C_ALIGNMENT,False,False,False,False,False,False,True,HYST_PASSED_NQ_TRENDUP_NO_MACRO_2BAR,7.166666666666667,TRANSITION,OUT_OF_LANE,OUT_LEADIN_TRANSITION_ROT_ILLIQUID
2026-05-04,2026-05-04 11:53:41,2026-05-04 11:53:42,V3C,SimV3C-NQ-2A,NQ VC3-A Compression Fast ,NQ VC3-A Compression Fast ,,NQ,NQ JUN26,LONG,1,27734.5,27750.25,315.0,315.0,63.0,WIN,Profit target,,,2026-05-06 10:03:09,C:\Users\Valued Customer\NT8_Regimes\V3C\TradeLog\SimV3C_NQ_2A_TradeLog.csv,2026-05-04 11:53:41,V3C Compression,TREND_COMPRESSION,2026-05-04 11:46:02,TRANSITION,TRANSITION,BRACKET_MACRO,ROTATION_ILLIQUID,TrendUp,MID_MORNING_DISCOVERY,50,NO_CLEAR_STAGE_C_ALIGNMENT,False,False,False,False,False,False,True,HYST_PASSED_NQ_TRENDUP_NO_MACRO_2BAR,7.65,TRANSITION,OUT_OF_LANE,OUT_LEADIN_TRANSITION_ROT_ILLIQUID
2026-05-04,2026-05-04 11:54:06,2026-05-04 11:54:06,V3C,SimV3C-NQ-2B,NQ V3C Compression Clean B,NQ V3C Compression Clean B,,NQ,NQ JUN26,LONG,1,27742.5,27751.75,185.0,185.0,37.0,WIN,Profit target,,,2026-05-06 10:03:06,C:\Users\Valued Customer\NT8_Regimes\V3C\TradeLog\SimV3C_NQ_2B_TradeLog.csv,2026-05-04 11:54:06,V3C Compression,TREND_COMPRESSION,2026-05-04 11:46:02,TRANSITION,TRANSITION,BRACKET_MACRO,ROTATION_ILLIQUID,TrendUp,MID_MORNING_DISCOVERY,50,NO_CLEAR_STAGE_C_ALIGNMENT,False,False,False,False,False,False,True,HYST_PASSED_NQ_TRENDUP_NO_MACRO_2BAR,8.066666666666666,TRANSITION,OUT_OF_LANE,OUT_LEADIN_TRANSITION_ROT_ILLIQUID
2026-05-04,2026-05-04 11:54:18,2026-05-04 11:54:55,V3C,SimV3C-NQ-2A,NQ VC3-A Compression Fast ,NQ VC3-A Compression Fast ,,NQ,NQ JUN26,LONG,1,27744.5,27760.25,315.0,315.0,63.0,WIN,Profit target,,,2026-05-06 10:03:09,C:\Users\Valued Customer\NT8_Regimes\V3C\TradeLog\SimV3C_NQ_2A_TradeLog.csv,2026-05-04 11:54:18,V3C Compression,TREND_COMPRESSION,2026-05-04 11:46:02,TRANSITION,TRANSITION,BRACKET_MACRO,ROTATION_ILLIQUID,TrendUp,MID_MORNING_DISCOVERY,50,NO_CLEAR_STAGE_C_ALIGNMENT,False,False,False,False,False,False,True,HYST_PASSED_NQ_TRENDUP_NO_MACRO_2BAR,8.266666666666667,TRANSITION,OUT_OF_LANE,OUT_LEADIN_TRANSITION_ROT_ILLIQUID
2026-05-04,2026-05-04 11:57:03,2026-05-04 11:57:03,V3C,SimV3C-NQ-2B,NQ V3C Compression Clean B,NQ V3C Compression Clean B,,NQ,NQ JUN26,LONG,1,27746.5,27755.75,185.0,185.0,37.0,WIN,Profit target,,,2026-05-06 10:03:06,C:\Users\Valued Customer\NT8_Regimes\V3C\TradeLog\SimV3C_NQ_2B_TradeLog.csv,2026-05-04 11:57:03,V3C Compression,TREND_COMPRESSION,2026-05-04 11:56:33,ROTATION_LIQUID,ROTATION_LIQUID,BRACKET_MACRO,ROTATION_LIQUID,TrendUp,MID_MORNING_DISCOVERY,64,BALANCED_TRADEABLE_RANGE,False,True,False,True,True,False,True,HYST_PASSED_NQ_TRENDUP_NO_MACRO_2BAR,0.5,ROTATION_LIQUID,OUT_OF_LANE,OUT_OF_LANE
2026-05-04,2026-05-04 11:57:05,2026-05-04 11:57:59,V3C,SimV3C-NQ-2A,NQ VC3-A Compression Fast ,NQ VC3-A Compression Fast ,,NQ,NQ JUN26,LONG,1,27749.5,27733.75,-315.0,-315.0,-63.0,LOSS,Stop loss,,,2026-05-06 10:03:09,C:\Users\Valued Customer\NT8_Regimes\V3C\TradeLog\SimV3C_NQ_2A_TradeLog.csv,2026-05-04 11:57:05,V3C Compression,TREND_COMPRESSION,2026-05-04 11:56:33,ROTATION_LIQUID,ROTATION_LIQUID,BRACKET_MACRO,ROTATION_LIQUID,TrendUp,MID_MORNING_DISCOVERY,64,BALANCED_TRADEABLE_RANGE,False,True,False,True,True,False,True,HYST_PASSED_NQ_TRENDUP_NO_MACRO_2BAR,0.5333333333333333,ROTATION_LIQUID,OUT_OF_LANE,OUT_OF_LANE
2026-05-04,2026-05-04 11:58:49,2026-05-04 11:58:49,V3C,SimV3C-NQ-2B,NQ V3C Compression Clean B,NQ V3C Compression Clean B,,NQ,NQ JUN26,LONG,1,27738.5,27747.75,185.0,185.0,37.0,WIN,Profit target,,,2026-05-06 10:03:06,C:\Users\Valued Customer\NT8_Regimes\V3C\TradeLog\SimV3C_NQ_2B_TradeLog.csv,2026-05-04 11:58:49,V3C Compression,TREND_COMPRESSION,2026-05-04 11:56:33,ROTATION_LIQUID,ROTATION_LIQUID,BRACKET_MACRO,ROTATION_LIQUID,TrendUp,MID_MORNING_DISCOVERY,64,BALANCED_TRADEABLE_RANGE,False,True,False,True,True,False,True,HYST_PASSED_NQ_TRENDUP_NO_MACRO_2BAR,2.2666666666666666,ROTATION_LIQUID,OUT_OF_LANE,OUT_OF_LANE
2026-05-04,2026-05-04 11:59:18,2026-05-04 11:59:38,V3C,SimV3C-NQ-2A,NQ VC3-A Compression Fast ,NQ VC3-A Compression Fast ,,NQ,NQ JUN26,LONG,1,27739.5,27755.5,320.0,320.0,64.0,WIN,Profit target,,,2026-05-06 10:03:09,C:\Users\Valued Customer\NT8_Regimes\V3C\TradeLog\SimV3C_NQ_2A_TradeLog.csv,2026-05-04 11:59:18,V3C Compression,TREND_COMPRESSION,2026-05-04 11:56:33,ROTATION_LIQUID,ROTATION_LIQUID,BRACKET_MACRO,ROTATION_LIQUID,TrendUp,MID_MORNING_DISCOVERY,64,BALANCED_TRADEABLE_RANGE,False,True,False,True,True,False,True,HYST_PASSED_NQ_TRENDUP_NO_MACRO_2BAR,2.75,ROTATION_LIQUID,OUT_OF_LANE,OUT_OF_LANE
2026-05-04,2026-05-04 12:00:49,2026-05-04 12:00:49,V3C,SimV3C-NQ-2B,NQ V3C Compression Clean B,NQ V3C Compression Clean B,,NQ,NQ JUN26,LONG,1,27734.5,27743.75,185.0,185.0,37.0,WIN,Profit target,,,2026-05-06 10:03:06,C:\Users\Valued Customer\NT8_Regimes\V3C\TradeLog\SimV3C_NQ_2B_TradeLog.csv,2026-05-04 12:00:49,V3C Compression,TREND_COMPRESSION,2026-05-04 11:56:33,ROTATION_LIQUID,ROTATION_LIQUID,BRACKET_MACRO,ROTATION_LIQUID,TrendUp,MID_MORNING_DISCOVERY,64,BALANCED_TRADEABLE_RANGE,False,True,False,True,True,False,True,HYST_PASSED_NQ_TRENDUP_NO_MACRO_2BAR,4.266666666666667,ROTATION_LIQUID,OUT_OF_LANE,OUT_OF_LANE
2026-05-04,2026-05-04 12:00:50,2026-05-04 12:01:19,V3C,SimV3C-NQ-2A,NQ VC3-A Compression Fast ,NQ VC3-A Compression Fast ,,NQ,NQ JUN26,LONG,1,27734.5,27718.25,-325.0,-325.0,-65.0,LOSS,Stop loss,,,2026-05-06 10:03:09,C:\Users\Valued Customer\NT8_Regimes\V3C\TradeLog\SimV3C_NQ_2A_TradeLog.csv,2026-05-04 12:00:50,V3C Compression,TREND_COMPRESSION,2026-05-04 11:56:33,ROTATION_LIQUID,ROTATION_LIQUID,BRACKET_MACRO,ROTATION_LIQUID,TrendUp,MID_MORNING_DISCOVERY,64,BALANCED_TRADEABLE_RANGE,False,True,False,True,True,False,True,HYST_PASSED_NQ_TRENDUP_NO_MACRO_2BAR,4.283333333333333,ROTATION_LIQUID,OUT_OF_LANE,OUT_OF_LANE
2026-05-04,2026-05-04 12:05:00,2026-05-04 12:05:43,V3C,SimV3C-NQ-2A,NQ VC3-A Compression Fast ,NQ VC3-A Compression Fast ,,NQ,NQ JUN26,LONG,1,27714.5,27698.0,-330.0,-330.0,-66.0,LOSS,Stop loss,,,2026-05-06 10:03:09,C:\Users\Valued Customer\NT8_Regimes\V3C\TradeLog\SimV3C_NQ_2A_TradeLog.csv,2026-05-04 12:05:00,V3C Compression,TREND_COMPRESSION,2026-05-04 12:01:09,ROTATION_LIQUID,ROTATION_LIQUID,BRACKET_MACRO,ROTATION_LIQUID,TrendUp,MID_MORNING_DISCOVERY,64,BALANCED_TRADEABLE_RANGE,False,False,False,False,False,False,False,HYST_BLOCK_NQ_TRENDUP_NO_MACRO_AGE_1,3.85,ROTATION_LIQUID,OUT_OF_LANE,OUT_OF_LANE
2026-05-04,2026-05-04 12:05:00,2026-05-04 12:05:00,V3C,SimV3C-NQ-2B,NQ V3C Compression Clean B,NQ V3C Compression Clean B,,NQ,NQ JUN26,LONG,1,27714.5,27724.0,190.0,190.0,38.0,WIN,Profit target,,,2026-05-06 10:03:06,C:\Users\Valued Customer\NT8_Regimes\V3C\TradeLog\SimV3C_NQ_2B_TradeLog.csv,2026-05-04 12:05:00,V3C Compression,TREND_COMPRESSION,2026-05-04 12:01:09,ROTATION_LIQUID,ROTATION_LIQUID,BRACKET_MACRO,ROTATION_LIQUID,TrendUp,MID_MORNING_DISCOVERY,64,BALANCED_TRADEABLE_RANGE,False,False,False,False,False,False,False,HYST_BLOCK_NQ_TRENDUP_NO_MACRO_AGE_1,3.85,ROTATION_LIQUID,OUT_OF_LANE,OUT_OF_LANE
2026-05-04,2026-05-04 12:05:59,2026-05-04 12:05:59,V3C,SimV3C-NQ-2B,NQ V3C Compression Clean B,NQ V3C Compression Clean B,,NQ,NQ JUN26,LONG,1,27702.5,27712.0,190.0,190.0,38.0,WIN,Profit target,,,2026-05-06 10:03:06,C:\Users\Valued Customer\NT8_Regimes\V3C\TradeLog\SimV3C_NQ_2B_TradeLog.csv,2026-05-04 12:05:59,V3C Compression,TREND_COMPRESSION,2026-05-04 12:05:52,TRANSITION,TRANSITION,BRACKET_MACRO,TREND_COMPRESSION,TrendUp,LUNCH_AUCTION,50,NO_CLEAR_STAGE_C_ALIGNMENT,False,False,False,False,False,False,True,HYST_PASSED_NQ_TRENDUP_NO_MACRO_2BAR,0.11666666666666667,TRANSITION,OUT_OF_LANE,OUT_LEADIN_TRANSITION_ROT_ILLIQUID
2026-05-04,2026-05-04 12:06:42,2026-05-04 12:07:51,V3C,SimV3C-NQ-2A,NQ VC3-A Compression Fast ,NQ VC3-A Compression Fast ,,NQ,NQ JUN26,LONG,1,27704.5,27688.25,-325.0,-325.0,-65.0,LOSS,Stop loss,,,2026-05-06 10:03:09,C:\Users\Valued Customer\NT8_Regimes\V3C\TradeLog\SimV3C_NQ_2A_TradeLog.csv,2026-05-04 12:06:42,V3C Compression,TREND_COMPRESSION,2026-05-04 12:05:52,TRANSITION,TRANSITION,BRACKET_MACRO,TREND_COMPRESSION,TrendUp,LUNCH_AUCTION,50,NO_CLEAR_STAGE_C_ALIGNMENT,False,False,False,False,False,False,True,HYST_PASSED_NQ_TRENDUP_NO_MACRO_2BAR,0.8333333333333334,TRANSITION,OUT_OF_LANE,OUT_LEADIN_TRANSITION_ROT_ILLIQUID
2026-05-04,2026-05-04 12:07:35,2026-05-04 12:07:35,V3C,SimV3C-NQ-2B,NQ V3C Compression Clean B,NQ V3C Compression Clean B,,NQ,NQ JUN26,LONG,1,27698.5,27708.25,195.0,195.0,39.0,WIN,Profit target,,,2026-05-06 10:03:06,C:\Users\Valued Customer\NT8_Regimes\V3C\TradeLog\SimV3C_NQ_2B_TradeLog.csv,2026-05-04 12:07:35,V3C Compression,TREND_COMPRESSION,2026-05-04 12:07:15,TRANSITION,TRANSITION,BRACKET_MACRO,TREND_COMPRESSION,TrendUp,LUNCH_AUCTION,50,NO_CLEAR_STAGE_C_ALIGNMENT,False,False,False,False,False,False,False,HYST_BLOCK_NQ_TRENDUP_NO_MACRO_AGE_1,0.3333333333333333,TRANSITION,OUT_OF_LANE,OUT_LEADIN_TRANSITION_ROT_ILLIQUID
2026-05-04,2026-05-04 12:08:09,2026-05-04 12:08:10,V3C,SimV3C-NQ-2A,NQ VC3-A Compression Fast ,NQ VC3-A Compression Fast ,,NQ,NQ JUN26,LONG,1,27624.5,27640.0,310.0,310.0,62.0,WIN,Profit target,,,2026-05-06 10:03:09,C:\Users\Valued Customer\NT8_Regimes\V3C\TradeLog\SimV3C_NQ_2A_TradeLog.csv,2026-05-04 12:08:09,V3C Compression,TREND_COMPRESSION,2026-05-04 12:07:15,TRANSITION,TRANSITION,BRACKET_MACRO,TREND_COMPRESSION,TrendUp,LUNCH_AUCTION,50,NO_CLEAR_STAGE_C_ALIGNMENT,False,False,False,False,False,False,False,HYST_BLOCK_NQ_TRENDUP_NO_MACRO_AGE_1,0.9,TRANSITION,OUT_OF_LANE,OUT_LEADIN_TRANSITION_ROT_ILLIQUID
2026-05-04,2026-05-04 12:08:09,2026-05-04 12:08:09,V3C,SimV3C-NQ-2B,NQ V3C Compression Clean B,NQ V3C Compression Clean B,,NQ,NQ JUN26,LONG,1,27630.5,27639.75,185.0,185.0,37.0,WIN,Profit target,,,2026-05-06 10:03:06,C:\Users\Valued Customer\NT8_Regimes\V3C\TradeLog\SimV3C_NQ_2B_TradeLog.csv,2026-05-04 12:08:09,V3C Compression,TREND_COMPRESSION,2026-05-04 12:07:15,TRANSITION,TRANSITION,BRACKET_MACRO,TREND_COMPRESSION,TrendUp,LUNCH_AUCTION,50,NO_CLEAR_STAGE_C_ALIGNMENT,False,False,False,False,False,False,False,HYST_BLOCK_NQ_TRENDUP_NO_MACRO_AGE_1,0.9,TRANSITION,OUT_OF_LANE,OUT_LEADIN_TRANSITION_ROT_ILLIQUID
2026-05-04,2026-05-04 12:08:13,2026-05-04 12:09:44,V3C,SimV3C-NQ-2C,NQ V3C Compression Sniper C 20-40-60,NQ V3C Compression Sniper C 20-40-60,,NQ,NQ JUN26,LONG,1,27634.5,27665.75,625.0,625.0,125.0,WIN,Profit target,,,2026-05-06 10:03:07,C:\Users\Valued Customer\NT8_Regimes\V3C\TradeLog\SimV3C_NQ_2C_TradeLog.csv,2026-05-04 12:08:13,V3C Compression,TREND_COMPRESSION,2026-05-04 12:07:15,TRANSITION,TRANSITION,BRACKET_MACRO,TREND_COMPRESSION,TrendUp,LUNCH_AUCTION,50,NO_CLEAR_STAGE_C_ALIGNMENT,False,False,False,False,False,False,False,HYST_BLOCK_NQ_TRENDUP_NO_MACRO_AGE_1,0.9666666666666667,TRANSITION,OUT_OF_LANE,OUT_LEADIN_TRANSITION_ROT_ILLIQUID
2026-05-04,2026-05-04 12:09:18,2026-05-04 12:09:18,V3C,SimV3C-NQ-2B,NQ V3C Compression Clean B,NQ V3C Compression Clean B,,NQ,NQ JUN26,LONG,1,27638.5,27647.75,185.0,185.0,37.0,WIN,Profit target,,,2026-05-06 10:03:06,C:\Users\Valued Customer\NT8_Regimes\V3C\TradeLog\SimV3C_NQ_2B_TradeLog.csv,2026-05-04 12:09:18,V3C Compression,TREND_COMPRESSION,2026-05-04 12:07:15,TRANSITION,TRANSITION,BRACKET_MACRO,TREND_COMPRESSION,TrendUp,LUNCH_AUCTION,50,NO_CLEAR_STAGE_C_ALIGNMENT,False,False,False,False,False,False,False,HYST_BLOCK_NQ_TRENDUP_NO_MACRO_AGE_1,2.05,TRANSITION,OUT_OF_LANE,OUT_LEADIN_TRANSITION_ROT_ILLIQUID
2026-05-04,2026-05-04 12:09:18,2026-05-04 12:09:18,V3C,SimV3C-NQ-2A,NQ VC3-A Compression Fast ,NQ VC3-A Compression Fast ,,NQ,NQ JUN26,LONG,1,27639.5,27654.75,305.0,305.0,61.0,WIN,Profit target,,,2026-05-06 10:03:09,C:\Users\Valued Customer\NT8_Regimes\V3C\TradeLog\SimV3C_NQ_2A_TradeLog.csv,2026-05-04 12:09:18,V3C Compression,TREND_COMPRESSION,2026-05-04 12:07:15,TRANSITION,TRANSITION,BRACKET_MACRO,TREND_COMPRESSION,TrendUp,LUNCH_AUCTION,50,NO_CLEAR_STAGE_C_ALIGNMENT,False,False,False,False,False,False,False,HYST_BLOCK_NQ_TRENDUP_NO_MACRO_AGE_1,2.05,TRANSITION,OUT_OF_LANE,OUT_LEADIN_TRANSITION_ROT_ILLIQUID
2026-05-04,2026-05-04 12:09:39,2026-05-04 12:09:44,V3C,SimV3C-NQ-2A,NQ VC3-A Compression Fast ,NQ VC3-A Compression Fast ,,NQ,NQ JUN26,LONG,1,27649.5,27664.75,305.0,305.0,61.0,WIN,Profit target,,,2026-05-06 10:03:09,C:\Users\Valued Customer\NT8_Regimes\V3C\TradeLog\SimV3C_NQ_2A_TradeLog.csv,2026-05-04 12:09:39,V3C Compression,TREND_COMPRESSION,2026-05-04 12:07:15,TRANSITION,TRANSITION,BRACKET_MACRO,TREND_COMPRESSION,TrendUp,LUNCH_AUCTION,50,NO_CLEAR_STAGE_C_ALIGNMENT,False,False,False,False,False,False,False,HYST_BLOCK_NQ_TRENDUP_NO_MACRO_AGE_1,2.4,TRANSITION,OUT_OF_LANE,OUT_LEADIN_TRANSITION_ROT_ILLIQUID
2026-05-04,2026-05-04 12:09:39,2026-05-04 12:09:39,V3C,SimV3C-NQ-2B,NQ V3C Compression Clean B,NQ V3C Compression Clean B,,NQ,NQ JUN26,LONG,1,27650.5,27660.0,190.0,190.0,38.0,WIN,Profit target,,,2026-05-06 10:03:06,C:\Users\Valued Customer\NT8_Regimes\V3C\TradeLog\SimV3C_NQ_2B_TradeLog.csv,2026-05-04 12:09:39,V3C Compression,TREND_COMPRESSION,2026-05-04 12:07:15,TRANSITION,TRANSITION,BRACKET_MACRO,TREND_COMPRESSION,TrendUp,LUNCH_AUCTION,50,NO_CLEAR_STAGE_C_ALIGNMENT,False,False,False,False,False,False,False,HYST_BLOCK_NQ_TRENDUP_NO_MACRO_AGE_1,2.4,TRANSITION,OUT_OF_LANE,OUT_LEADIN_TRANSITION_ROT_ILLIQUID
2026-05-04,2026-05-04 12:11:03,2026-05-04 12:11:03,V3C,SimV3C-NQ-2B,NQ V3C Compression Clean B,NQ V3C Compression Clean B,,NQ,NQ JUN26,LONG,1,27642.5,27652.0,190.0,190.0,38.0,WIN,Profit target,,,2026-05-06 10:03:06,C:\Users\Valued Customer\NT8_Regimes\V3C\TradeLog\SimV3C_NQ_2B_TradeLog.csv,2026-05-04 12:11:03,V3C Compression,TREND_COMPRESSION,2026-05-04 12:10:19,TREND_COMPRESSION,TREND_COMPRESSION,BRACKET_MACRO,TREND_COMPRESSION,TrendDown,LUNCH_AUCTION,66,MICRO_TREND_INSIDE_MACRO_STRUCTURE,False,False,False,False,False,False,False,HYST_BLOCK_TRENDDOWN_AGE_1_OF_2,0.7333333333333333,TREND_COMPRESSION,IN_LANE,IN_LANE
2026-05-04,2026-05-04 12:11:03,2026-05-04 12:11:26,V3C,SimV3C-NQ-2A,NQ VC3-A Compression Fast ,NQ VC3-A Compression Fast ,,NQ,NQ JUN26,LONG,1,27644.5,27660.0,310.0,310.0,62.0,WIN,Profit target,,,2026-05-06 10:03:09,C:\Users\Valued Customer\NT8_Regimes\V3C\TradeLog\SimV3C_NQ_2A_TradeLog.csv,2026-05-04 12:11:03,V3C Compression,TREND_COMPRESSION,2026-05-04 12:10:19,TREND_COMPRESSION,TREND_COMPRESSION,BRACKET_MACRO,TREND_COMPRESSION,TrendDown,LUNCH_AUCTION,66,MICRO_TREND_INSIDE_MACRO_STRUCTURE,False,False,False,False,False,False,False,HYST_BLOCK_TRENDDOWN_AGE_1_OF_2,0.7333333333333333,TREND_COMPRESSION,IN_LANE,IN_LANE
2026-05-04,2026-05-04 12:13:00,2026-05-04 12:16:00,V1B,SimV1A - Kalman Fader 2,KalmanPulse Fader Mode A+,KalmanPulse_Fader_B,A,NQ,NQ JUN26,LONG,2,27677.75,27656.75,-840.0,-840.0,-168.0,LOSS,ENVELOPE_BREAK_EXIT,27650.0,1110.0,2026-05-06 13:43:35,C:\Users\Valued Customer\NT8_Regimes\V1B\TradeLog\KalmanPulse_Fader_B_TradeLog.csv,2026-05-04 12:13:00,Kalman Faders,ROTATION_LIQUID,2026-05-04 12:10:19,TREND_COMPRESSION,TREND_COMPRESSION,BRACKET_MACRO,TREND_COMPRESSION,TrendDown,LUNCH_AUCTION,66,MICRO_TREND_INSIDE_MACRO_STRUCTURE,False,False,False,False,False,False,False,HYST_BLOCK_TRENDDOWN_AGE_1_OF_2,2.683333333333333,TREND_COMPRESSION,OUT_OF_LANE,OUT_OF_LANE
2026-05-04,2026-05-04 12:13:00,2026-05-04 12:16:00,V1B,SimV1A - Kalman Fader 2,KalmanPulse Fader Mode A+,KalmanPulse_Fader_B,B,NQ,NQ JUN26,LONG,2,27677.75,27656.75,-840.0,-840.0,-168.0,LOSS,ENVELOPE_BREAK_EXIT,27616.5,2450.0,2026-05-06 10:55:15,C:\Users\Valued Customer\NT8_Regimes\V1B\TradeLog\KalmanPulse_Fader_B_TradeLog.csv,2026-05-04 12:13:00,Kalman Faders,ROTATION_LIQUID,2026-05-04 12:10:19,TREND_COMPRESSION,TREND_COMPRESSION,BRACKET_MACRO,TREND_COMPRESSION,TrendDown,LUNCH_AUCTION,66,MICRO_TREND_INSIDE_MACRO_STRUCTURE,False,False,False,False,False,False,False,HYST_BLOCK_TRENDDOWN_AGE_1_OF_2,2.683333333333333,TREND_COMPRESSION,OUT_OF_LANE,OUT_OF_LANE
2026-05-04,2026-05-04 12:13:00,2026-05-04 12:16:00,V1B,SimV1A - Kalman Fader 2,KalmanPulse Fader Mode A+,KalmanPulse_Fader_B,B,NQ,NQ JUN26,LONG,2,27677.75,27656.75,-840.0,-840.0,-168.0,LOSS,ENVELOPE_BREAK_EXIT,27650.0,1110.0,2026-05-06 12:22:55,C:\Users\Valued Customer\NT8_Regimes\V1B\TradeLog\KalmanPulse_Fader_B_TradeLog.csv,2026-05-04 12:13:00,Kalman Faders,ROTATION_LIQUID,2026-05-04 12:10:19,TREND_COMPRESSION,TREND_COMPRESSION,BRACKET_MACRO,TREND_COMPRESSION,TrendDown,LUNCH_AUCTION,66,MICRO_TREND_INSIDE_MACRO_STRUCTURE,False,False,False,False,False,False,False,HYST_BLOCK_TRENDDOWN_AGE_1_OF_2,2.683333333333333,TREND_COMPRESSION,OUT_OF_LANE,OUT_OF_LANE
2026-05-04,2026-05-04 12:13:00,2026-05-04 12:16:00,V1B,SimV1A - Kalman Fader 2,KalmanPulse Fader Mode A+,KalmanPulse_Fader_B,B,NQ,NQ JUN26,LONG,2,27677.75,27656.75,-840.0,-840.0,-168.0,LOSS,ENVELOPE_BREAK_EXIT,27650.0,1110.0,2026-05-06 13:36:25,C:\Users\Valued Customer\NT8_Regimes\V1B\TradeLog\KalmanPulse_Fader_B_TradeLog.csv,2026-05-04 12:13:00,Kalman Faders,ROTATION_LIQUID,2026-05-04 12:10:19,TREND_COMPRESSION,TREND_COMPRESSION,BRACKET_MACRO,TREND_COMPRESSION,TrendDown,LUNCH_AUCTION,66,MICRO_TREND_INSIDE_MACRO_STRUCTURE,False,False,False,False,False,False,False,HYST_BLOCK_TRENDDOWN_AGE_1_OF_2,2.683333333333333,TREND_COMPRESSION,OUT_OF_LANE,OUT_OF_LANE
2026-05-04,2026-05-04 12:13:00,2026-05-04 12:16:00,V1B,SimV1A - Kalman Fader 2,KalmanPulse Fader Mode A+,KalmanPulse_Fader_B,B,NQ,NQ JUN26,LONG,2,27677.75,27656.75,-840.0,-840.0,-168.0,LOSS,ENVELOPE_BREAK_EXIT,27650.0,1110.0,2026-05-06 13:41:20,C:\Users\Valued Customer\NT8_Regimes\V1B\TradeLog\KalmanPulse_Fader_B_TradeLog.csv,2026-05-04 12:13:00,Kalman Faders,ROTATION_LIQUID,2026-05-04 12:10:19,TREND_COMPRESSION,TREND_COMPRESSION,BRACKET_MACRO,TREND_COMPRESSION,TrendDown,LUNCH_AUCTION,66,MICRO_TREND_INSIDE_MACRO_STRUCTURE,False,False,False,False,False,False,False,HYST_BLOCK_TRENDDOWN_AGE_1_OF_2,2.683333333333333,TREND_COMPRESSION,OUT_OF_LANE,OUT_OF_LANE
2026-05-04,2026-05-04 12:15:29,2026-05-04 12:16:18,V3C,SimV3C-NQ-2A,NQ VC3-A Compression Fast ,NQ VC3-A Compression Fast ,,NQ,NQ JUN26,LONG,1,27654.5,27638.75,-315.0,-315.0,-63.0,LOSS,Stop loss,,,2026-05-06 10:03:09,C:\Users\Valued Customer\NT8_Regimes\V3C\TradeLog\SimV3C_NQ_2A_TradeLog.csv,2026-05-04 12:15:29,V3C Compression,TREND_COMPRESSION,2026-05-04 12:10:19,TREND_COMPRESSION,TREND_COMPRESSION,BRACKET_MACRO,TREND_COMPRESSION,TrendDown,LUNCH_AUCTION,66,MICRO_TREND_INSIDE_MACRO_STRUCTURE,False,False,False,False,False,False,False,HYST_BLOCK_TRENDDOWN_AGE_1_OF_2,5.166666666666667,TREND_COMPRESSION,IN_LANE,IN_LANE
2026-05-04,2026-05-04 12:15:32,2026-05-04 12:15:56,V3C,SimV3C-NQ-2B,NQ V3C Compression Clean B,NQ V3C Compression Clean B,,NQ,NQ JUN26,LONG,1,27658.5,27649.0,-190.0,-190.0,-38.0,LOSS,Stop loss,,,2026-05-06 10:03:06,C:\Users\Valued Customer\NT8_Regimes\V3C\TradeLog\SimV3C_NQ_2B_TradeLog.csv,2026-05-04 12:15:32,V3C Compression,TREND_COMPRESSION,2026-05-04 12:10:19,TREND_COMPRESSION,TREND_COMPRESSION,BRACKET_MACRO,TREND_COMPRESSION,TrendDown,LUNCH_AUCTION,66,MICRO_TREND_INSIDE_MACRO_STRUCTURE,False,False,False,False,False,False,False,HYST_BLOCK_TRENDDOWN_AGE_1_OF_2,5.216666666666667,TREND_COMPRESSION,IN_LANE,IN_LANE
2026-05-04,2026-05-04 12:16:45,2026-05-04 12:16:52,V3C,SimV3C-NQ-2A,NQ VC3-A Compression Fast ,NQ VC3-A Compression Fast ,,NQ,NQ JUN26,LONG,1,27639.5,27655.5,320.0,320.0,64.0,WIN,Profit target,,,2026-05-06 10:03:09,C:\Users\Valued Customer\NT8_Regimes\V3C\TradeLog\SimV3C_NQ_2A_TradeLog.csv,2026-05-04 12:16:45,V3C Compression,TREND_COMPRESSION,2026-05-04 12:16:35,TREND_COMPRESSION,TREND_COMPRESSION,BRACKET_MACRO,TREND_EXPANSION,TrendDown,LUNCH_AUCTION,66,MICRO_TREND_INSIDE_MACRO_STRUCTURE,True,False,False,False,True,False,True,HYST_PASSED_TRENDDOWN_AGE_3,0.16666666666666666,TREND_COMPRESSION,IN_LANE,IN_LANE
2026-05-04,2026-05-04 12:16:52,2026-05-04 12:16:52,V3C,SimV3C-NQ-2B,NQ V3C Compression Clean B,NQ V3C Compression Clean B,,NQ,NQ JUN26,LONG,1,27642.5,27652.0,190.0,190.0,38.0,WIN,Profit target,,,2026-05-06 10:03:06,C:\Users\Valued Customer\NT8_Regimes\V3C\TradeLog\SimV3C_NQ_2B_TradeLog.csv,2026-05-04 12:16:52,V3C Compression,TREND_COMPRESSION,2026-05-04 12:16:35,TREND_COMPRESSION,TREND_COMPRESSION,BRACKET_MACRO,TREND_EXPANSION,TrendDown,LUNCH_AUCTION,66,MICRO_TREND_INSIDE_MACRO_STRUCTURE,True,False,False,False,True,False,True,HYST_PASSED_TRENDDOWN_AGE_3,0.2833333333333333,TREND_COMPRESSION,IN_LANE,IN_LANE
2026-05-04,2026-05-04 12:16:53,2026-05-04 12:17:29,V3C,SimV3C-NQ-2C,NQ V3C Compression Sniper C 20-40-60,NQ V3C Compression Sniper C 20-40-60,,NQ,NQ JUN26,LONG,1,27644.5,27676.25,635.0,635.0,127.0,WIN,Profit target,,,2026-05-06 10:03:07,C:\Users\Valued Customer\NT8_Regimes\V3C\TradeLog\SimV3C_NQ_2C_TradeLog.csv,2026-05-04 12:16:53,V3C Compression,TREND_COMPRESSION,2026-05-04 12:16:35,TREND_COMPRESSION,TREND_COMPRESSION,BRACKET_MACRO,TREND_EXPANSION,TrendDown,LUNCH_AUCTION,66,MICRO_TREND_INSIDE_MACRO_STRUCTURE,True,False,False,False,True,False,True,HYST_PASSED_TRENDDOWN_AGE_3,0.3,TREND_COMPRESSION,IN_LANE,IN_LANE
2026-05-04,2026-05-04 12:17:23,2026-05-04 12:17:23,V3C,SimV3C-NQ-2B,NQ V3C Compression Clean B,NQ V3C Compression Clean B,,NQ,NQ JUN26,LONG,1,27658.5,27668.0,190.0,190.0,38.0,WIN,Profit target,,,2026-05-06 10:03:06,C:\Users\Valued Customer\NT8_Regimes\V3C\TradeLog\SimV3C_NQ_2B_TradeLog.csv,2026-05-04 12:17:23,V3C Compression,TREND_COMPRESSION,2026-05-04 12:16:35,TREND_COMPRESSION,TREND_COMPRESSION,BRACKET_MACRO,TREND_EXPANSION,TrendDown,LUNCH_AUCTION,66,MICRO_TREND_INSIDE_MACRO_STRUCTURE,True,False,False,False,True,False,True,HYST_PASSED_TRENDDOWN_AGE_3,0.8,TREND_COMPRESSION,IN_LANE,IN_LANE
2026-05-04,2026-05-04 12:17:29,2026-05-04 12:17:29,V3C,SimV3C-NQ-2A,NQ VC3-A Compression Fast ,NQ VC3-A Compression Fast ,,NQ,NQ JUN26,LONG,1,27659.5,27675.5,320.0,320.0,64.0,WIN,Profit target,,,2026-05-06 10:03:09,C:\Users\Valued Customer\NT8_Regimes\V3C\TradeLog\SimV3C_NQ_2A_TradeLog.csv,2026-05-04 12:17:29,V3C Compression,TREND_COMPRESSION,2026-05-04 12:16:35,TREND_COMPRESSION,TREND_COMPRESSION,BRACKET_MACRO,TREND_EXPANSION,TrendDown,LUNCH_AUCTION,66,MICRO_TREND_INSIDE_MACRO_STRUCTURE,True,False,False,False,True,False,True,HYST_PASSED_TRENDDOWN_AGE_3,0.9,TREND_COMPRESSION,IN_LANE,IN_LANE
2026-05-04,2026-05-04 12:18:23,2026-05-04 12:18:39,V3C,SimV3C-NQ-2A,NQ VC3-A Compression Fast ,NQ VC3-A Compression Fast ,,NQ,NQ JUN26,LONG,1,27674.5,27690.25,315.0,315.0,63.0,WIN,Profit target,,,2026-05-06 10:03:09,C:\Users\Valued Customer\NT8_Regimes\V3C\TradeLog\SimV3C_NQ_2A_TradeLog.csv,2026-05-04 12:18:23,V3C Compression,TREND_COMPRESSION,2026-05-04 12:16:35,TREND_COMPRESSION,TREND_COMPRESSION,BRACKET_MACRO,TREND_EXPANSION,TrendDown,LUNCH_AUCTION,66,MICRO_TREND_INSIDE_MACRO_STRUCTURE,True,False,False,False,True,False,True,HYST_PASSED_TRENDDOWN_AGE_3,1.8,TREND_COMPRESSION,IN_LANE,IN_LANE
2026-05-04,2026-05-04 12:21:00,2026-05-04 13:15:00,V3C,SimV3C-NQ-2D,V3_Compression_Sniper_V3C D,V3_Compression_Sniper_V3C D,,NQ,NQ JUN26,LONG,1,27721.25,27768.5,945.0,945.0,189.0,WIN,Profit target,,,2026-05-06 10:03:18,C:\Users\Valued Customer\NT8_Regimes\V3C\TradeLog\SimV3C_NQ_2D_TradeLog.csv,2026-05-04 12:21:00,V3C Compression,TREND_COMPRESSION,2026-05-04 12:16:35,TREND_COMPRESSION,TREND_COMPRESSION,BRACKET_MACRO,TREND_EXPANSION,TrendDown,LUNCH_AUCTION,66,MICRO_TREND_INSIDE_MACRO_STRUCTURE,True,False,False,False,True,False,True,HYST_PASSED_TRENDDOWN_AGE_3,4.416666666666667,TREND_COMPRESSION,IN_LANE,IN_LANE
2026-05-04,2026-05-04 12:29:05,2026-05-04 12:30:08,V3C,SimV3C-NQ-2B,NQ V3C Compression Clean B,NQ V3C Compression Clean B,,NQ,NQ JUN26,LONG,1,27714.5,27705.0,-190.0,-190.0,-38.0,LOSS,Stop loss,,,2026-05-06 10:03:06,C:\Users\Valued Customer\NT8_Regimes\V3C\TradeLog\SimV3C_NQ_2B_TradeLog.csv,2026-05-04 12:29:05,V3C Compression,TREND_COMPRESSION,2026-05-04 12:25:46,TREND_COMPRESSION,TREND_COMPRESSION,BRACKET_MACRO,TREND_COMPRESSION,TrendDown,LUNCH_AUCTION,66,MICRO_TREND_INSIDE_MACRO_STRUCTURE,True,False,False,False,True,False,True,HYST_PASSED_TRENDDOWN_AGE_5,3.316666666666667,TREND_COMPRESSION,IN_LANE,IN_LANE
2026-05-04,2026-05-04 12:30:50,2026-05-04 12:30:50,V3C,SimV3C-NQ-2B,NQ V3C Compression Clean B,NQ V3C Compression Clean B,,NQ,NQ JUN26,LONG,1,27710.5,27720.0,190.0,190.0,38.0,WIN,Profit target,,,2026-05-06 10:03:06,C:\Users\Valued Customer\NT8_Regimes\V3C\TradeLog\SimV3C_NQ_2B_TradeLog.csv,2026-05-04 12:30:50,V3C Compression,TREND_COMPRESSION,2026-05-04 12:30:15,TREND_COMPRESSION,TREND_COMPRESSION,BRACKET_MACRO,TREND_COMPRESSION,TrendDown,LUNCH_AUCTION,66,MICRO_TREND_INSIDE_MACRO_STRUCTURE,False,False,False,False,False,False,False,HYST_BLOCK_TRENDDOWN_AGE_1_OF_2,0.5833333333333334,TREND_COMPRESSION,IN_LANE,IN_LANE
2026-05-04,2026-05-04 12:31:00,2026-05-04 12:31:02,V3C,SimV3C-NQ-2A,NQ VC3-A Compression Fast ,NQ VC3-A Compression Fast ,,NQ,NQ JUN26,LONG,1,27714.5,27730.75,325.0,325.0,65.0,WIN,Profit target,,,2026-05-06 10:03:09,C:\Users\Valued Customer\NT8_Regimes\V3C\TradeLog\SimV3C_NQ_2A_TradeLog.csv,2026-05-04 12:31:00,V3C Compression,TREND_COMPRESSION,2026-05-04 12:30:15,TREND_COMPRESSION,TREND_COMPRESSION,BRACKET_MACRO,TREND_COMPRESSION,TrendDown,LUNCH_AUCTION,66,MICRO_TREND_INSIDE_MACRO_STRUCTURE,False,False,False,False,False,False,False,HYST_BLOCK_TRENDDOWN_AGE_1_OF_2,0.75,TREND_COMPRESSION,IN_LANE,IN_LANE
2026-05-04,2026-05-04 12:33:25,2026-05-04 12:33:25,V3C,SimV3C-NQ-2B,NQ V3C Compression Clean B,NQ V3C Compression Clean B,,NQ,NQ JUN26,LONG,1,27714.5,27724.0,190.0,190.0,38.0,WIN,Profit target,,,2026-05-06 10:03:06,C:\Users\Valued Customer\NT8_Regimes\V3C\TradeLog\SimV3C_NQ_2B_TradeLog.csv,2026-05-04 12:33:25,V3C Compression,TREND_COMPRESSION,2026-05-04 12:30:15,TREND_COMPRESSION,TREND_COMPRESSION,BRACKET_MACRO,TREND_COMPRESSION,TrendDown,LUNCH_AUCTION,66,MICRO_TREND_INSIDE_MACRO_STRUCTURE,False,False,False,False,False,False,False,HYST_BLOCK_TRENDDOWN_AGE_1_OF_2,3.1666666666666665,TREND_COMPRESSION,IN_LANE,IN_LANE
2026-05-04,2026-05-04 12:33:26,2026-05-04 12:34:13,V3C,SimV3C-NQ-2A,NQ VC3-A Compression Fast ,NQ VC3-A Compression Fast ,,NQ,NQ JUN26,LONG,1,27719.5,27736.0,330.0,330.0,66.0,WIN,Profit target,,,2026-05-06 10:03:09,C:\Users\Valued Customer\NT8_Regimes\V3C\TradeLog\SimV3C_NQ_2A_TradeLog.csv,2026-05-04 12:33:26,V3C Compression,TREND_COMPRESSION,2026-05-04 12:30:15,TREND_COMPRESSION,TREND_COMPRESSION,BRACKET_MACRO,TREND_COMPRESSION,TrendDown,LUNCH_AUCTION,66,MICRO_TREND_INSIDE_MACRO_STRUCTURE,False,False,False,False,False,False,False,HYST_BLOCK_TRENDDOWN_AGE_1_OF_2,3.183333333333333,TREND_COMPRESSION,IN_LANE,IN_LANE
2026-05-04,2026-05-04 12:36:50,2026-05-04 12:36:50,V3C,SimV3C-NQ-2B,NQ V3C Compression Clean B,NQ V3C Compression Clean B,,NQ,NQ JUN26,LONG,1,27722.5,27731.75,185.0,185.0,37.0,WIN,Profit target,,,2026-05-06 10:03:06,C:\Users\Valued Customer\NT8_Regimes\V3C\TradeLog\SimV3C_NQ_2B_TradeLog.csv,2026-05-04 12:36:50,V3C Compression,TREND_COMPRESSION,2026-05-04 12:36:35,TRANSITION,TRANSITION,BRACKET_MACRO,TREND_COMPRESSION,TrendUp,LUNCH_AUCTION,50,NO_CLEAR_STAGE_C_ALIGNMENT,False,False,False,False,False,False,True,HYST_PASSED_NQ_TRENDUP_NO_MACRO_2BAR,0.25,TRANSITION,OUT_OF_LANE,OUT_LEADIN_TRANSITION_ROT_ILLIQUID
2026-05-04,2026-05-04 12:38:00,2026-05-04 12:38:00,V3C,SimV3C-NQ-2B,NQ V3C Compression Clean B,NQ V3C Compression Clean B,,NQ,NQ JUN26,LONG,1,27718.5,27709.0,-190.0,-190.0,-38.0,LOSS,Stop loss,,,2026-05-06 10:03:06,C:\Users\Valued Customer\NT8_Regimes\V3C\TradeLog\SimV3C_NQ_2B_TradeLog.csv,2026-05-04 12:38:00,V3C Compression,TREND_COMPRESSION,2026-05-04 12:36:35,TRANSITION,TRANSITION,BRACKET_MACRO,TREND_COMPRESSION,TrendUp,LUNCH_AUCTION,50,NO_CLEAR_STAGE_C_ALIGNMENT,False,False,False,False,False,False,True,HYST_PASSED_NQ_TRENDUP_NO_MACRO_2BAR,1.4166666666666667,TRANSITION,OUT_OF_LANE,OUT_LEADIN_TRANSITION_ROT_ILLIQUID
2026-05-04,2026-05-04 12:38:57,2026-05-04 12:38:57,V3C,SimV3C-NQ-2B,NQ V3C Compression Clean B,NQ V3C Compression Clean B,,NQ,NQ JUN26,LONG,1,27702.5,27712.25,195.0,195.0,39.0,WIN,Profit target,,,2026-05-06 10:03:06,C:\Users\Valued Customer\NT8_Regimes\V3C\TradeLog\SimV3C_NQ_2B_TradeLog.csv,2026-05-04 12:38:57,V3C Compression,TREND_COMPRESSION,2026-05-04 12:36:35,TRANSITION,TRANSITION,BRACKET_MACRO,TREND_COMPRESSION,TrendUp,LUNCH_AUCTION,50,NO_CLEAR_STAGE_C_ALIGNMENT,False,False,False,False,False,False,True,HYST_PASSED_NQ_TRENDUP_NO_MACRO_2BAR,2.3666666666666667,TRANSITION,OUT_OF_LANE,OUT_LEADIN_TRANSITION_ROT_ILLIQUID
2026-05-04,2026-05-04 12:38:58,2026-05-04 12:40:31,V3C,SimV3C-NQ-2A,NQ VC3-A Compression Fast ,NQ VC3-A Compression Fast ,,NQ,NQ JUN26,LONG,1,27704.5,27721.0,330.0,330.0,66.0,WIN,Profit target,,,2026-05-06 10:03:09,C:\Users\Valued Customer\NT8_Regimes\V3C\TradeLog\SimV3C_NQ_2A_TradeLog.csv,2026-05-04 12:38:58,V3C Compression,TREND_COMPRESSION,2026-05-04 12:36:35,TRANSITION,TRANSITION,BRACKET_MACRO,TREND_COMPRESSION,TrendUp,LUNCH_AUCTION,50,NO_CLEAR_STAGE_C_ALIGNMENT,False,False,False,False,False,False,True,HYST_PASSED_NQ_TRENDUP_NO_MACRO_2BAR,2.3833333333333333,TRANSITION,OUT_OF_LANE,OUT_LEADIN_TRANSITION_ROT_ILLIQUID
2026-05-04,2026-05-04 12:40:26,2026-05-04 12:40:26,V3C,SimV3C-NQ-2B,NQ V3C Compression Clean B,NQ V3C Compression Clean B,,NQ,NQ JUN26,LONG,1,27706.5,27716.25,195.0,195.0,39.0,WIN,Profit target,,,2026-05-06 10:03:06,C:\Users\Valued Customer\NT8_Regimes\V3C\TradeLog\SimV3C_NQ_2B_TradeLog.csv,2026-05-04 12:40:26,V3C Compression,TREND_COMPRESSION,2026-05-04 12:36:35,TRANSITION,TRANSITION,BRACKET_MACRO,TREND_COMPRESSION,TrendUp,LUNCH_AUCTION,50,NO_CLEAR_STAGE_C_ALIGNMENT,False,False,False,False,False,False,True,HYST_PASSED_NQ_TRENDUP_NO_MACRO_2BAR,3.85,TRANSITION,OUT_OF_LANE,OUT_LEADIN_TRANSITION_ROT_ILLIQUID
2026-05-04,2026-05-04 12:42:00,2026-05-04 12:42:00,V3C,SimV3C-NQ-2B,NQ V3C Compression Clean B,NQ V3C Compression Clean B,,NQ,NQ JUN26,LONG,1,27706.5,27716.25,195.0,195.0,39.0,WIN,Profit target,,,2026-05-06 10:03:06,C:\Users\Valued Customer\NT8_Regimes\V3C\TradeLog\SimV3C_NQ_2B_TradeLog.csv,2026-05-04 12:42:00,V3C Compression,TREND_COMPRESSION,2026-05-04 12:36:35,TRANSITION,TRANSITION,BRACKET_MACRO,TREND_COMPRESSION,TrendUp,LUNCH_AUCTION,50,NO_CLEAR_STAGE_C_ALIGNMENT,False,False,False,False,False,False,True,HYST_PASSED_NQ_TRENDUP_NO_MACRO_2BAR,5.416666666666667,TRANSITION,OUT_OF_LANE,OUT_LEADIN_TRANSITION_ROT_ILLIQUID
2026-05-04,2026-05-04 12:42:00,2026-05-04 12:42:07,V3C,SimV3C-NQ-2A,NQ VC3-A Compression Fast ,NQ VC3-A Compression Fast ,,NQ,NQ JUN26,LONG,1,27704.5,27721.0,330.0,330.0,66.0,WIN,Profit target,,,2026-05-06 10:03:09,C:\Users\Valued Customer\NT8_Regimes\V3C\TradeLog\SimV3C_NQ_2A_TradeLog.csv,2026-05-04 12:42:00,V3C Compression,TREND_COMPRESSION,2026-05-04 12:36:35,TRANSITION,TRANSITION,BRACKET_MACRO,TREND_COMPRESSION,TrendUp,LUNCH_AUCTION,50,NO_CLEAR_STAGE_C_ALIGNMENT,False,False,False,False,False,False,True,HYST_PASSED_NQ_TRENDUP_NO_MACRO_2BAR,5.416666666666667,TRANSITION,OUT_OF_LANE,OUT_LEADIN_TRANSITION_ROT_ILLIQUID
2026-05-04,2026-05-04 12:43:27,2026-05-04 12:43:27,V3C,SimV3C-NQ-2B,NQ V3C Compression Clean B,NQ V3C Compression Clean B,,NQ,NQ JUN26,LONG,1,27714.5,27724.0,190.0,190.0,38.0,WIN,Profit target,,,2026-05-06 10:03:06,C:\Users\Valued Customer\NT8_Regimes\V3C\TradeLog\SimV3C_NQ_2B_TradeLog.csv,2026-05-04 12:43:27,V3C Compression,TREND_COMPRESSION,2026-05-04 12:36:35,TRANSITION,TRANSITION,BRACKET_MACRO,TREND_COMPRESSION,TrendUp,LUNCH_AUCTION,50,NO_CLEAR_STAGE_C_ALIGNMENT,False,False,False,False,False,False,True,HYST_PASSED_NQ_TRENDUP_NO_MACRO_2BAR,6.866666666666666,TRANSITION,OUT_OF_LANE,OUT_LEADIN_TRANSITION_ROT_ILLIQUID
2026-05-04,2026-05-04 12:43:29,2026-05-04 13:01:40,V3C,SimV3C-NQ-2C,NQ V3C Compression Sniper C 20-40-60,NQ V3C Compression Sniper C 20-40-60,,NQ,NQ JUN26,LONG,1,27704.5,27736.75,645.0,645.0,129.0,WIN,Profit target,,,2026-05-06 10:03:07,C:\Users\Valued Customer\NT8_Regimes\V3C\TradeLog\SimV3C_NQ_2C_TradeLog.csv,2026-05-04 12:43:29,V3C Compression,TREND_COMPRESSION,2026-05-04 12:36:35,TRANSITION,TRANSITION,BRACKET_MACRO,TREND_COMPRESSION,TrendUp,LUNCH_AUCTION,50,NO_CLEAR_STAGE_C_ALIGNMENT,False,False,False,False,False,False,True,HYST_PASSED_NQ_TRENDUP_NO_MACRO_2BAR,6.9,TRANSITION,OUT_OF_LANE,OUT_LEADIN_TRANSITION_ROT_ILLIQUID
2026-05-04,2026-05-04 12:46:00,2026-05-04 12:46:26,V3C,SimV3C-NQ-2B,NQ V3C Compression Clean B,NQ V3C Compression Clean B,,NQ,NQ JUN26,LONG,1,27714.5,27705.0,-190.0,-190.0,-38.0,LOSS,Stop loss,,,2026-05-06 10:03:06,C:\Users\Valued Customer\NT8_Regimes\V3C\TradeLog\SimV3C_NQ_2B_TradeLog.csv,2026-05-04 12:46:00,V3C Compression,TREND_COMPRESSION,2026-05-04 12:45:48,TRANSITION,TRANSITION,BRACKET_MACRO,TREND_EXPANSION,TrendUp,LUNCH_AUCTION,50,NO_CLEAR_STAGE_C_ALIGNMENT,False,False,False,False,False,False,True,HYST_PASSED_NQ_TRENDUP_NO_MACRO_2BAR,0.2,TRANSITION,OUT_OF_LANE,OUT_LEADIN_TRANSITION_ROT_ILLIQUID
2026-05-04,2026-05-04 12:48:13,2026-05-04 12:48:13,V3C,SimV3C-NQ-2B,NQ V3C Compression Clean B,NQ V3C Compression Clean B,,NQ,NQ JUN26,LONG,1,27706.5,27716.0,190.0,190.0,38.0,WIN,Profit target,,,2026-05-06 10:03:06,C:\Users\Valued Customer\NT8_Regimes\V3C\TradeLog\SimV3C_NQ_2B_TradeLog.csv,2026-05-04 12:48:13,V3C Compression,TREND_COMPRESSION,2026-05-04 12:45:48,TRANSITION,TRANSITION,BRACKET_MACRO,TREND_EXPANSION,TrendUp,LUNCH_AUCTION,50,NO_CLEAR_STAGE_C_ALIGNMENT,False,False,False,False,False,False,True,HYST_PASSED_NQ_TRENDUP_NO_MACRO_2BAR,2.4166666666666665,TRANSITION,OUT_OF_LANE,OUT_LEADIN_TRANSITION_ROT_ILLIQUID
2026-05-04,2026-05-04 12:49:47,2026-05-04 12:51:23,V3C,SimV3C-NQ-2A,NQ VC3-A Compression Fast ,NQ VC3-A Compression Fast ,,NQ,NQ JUN26,LONG,1,27709.5,27693.0,-330.0,-330.0,-66.0,LOSS,Stop loss,,,2026-05-06 10:03:09,C:\Users\Valued Customer\NT8_Regimes\V3C\TradeLog\SimV3C_NQ_2A_TradeLog.csv,2026-05-04 12:49:47,V3C Compression,TREND_COMPRESSION,2026-05-04 12:45:48,TRANSITION,TRANSITION,BRACKET_MACRO,TREND_EXPANSION,TrendUp,LUNCH_AUCTION,50,NO_CLEAR_STAGE_C_ALIGNMENT,False,False,False,False,False,False,True,HYST_PASSED_NQ_TRENDUP_NO_MACRO_2BAR,3.9833333333333334,TRANSITION,OUT_OF_LANE,OUT_LEADIN_TRANSITION_ROT_ILLIQUID
2026-05-04,2026-05-04 12:50:36,2026-05-04 12:50:36,V3C,SimV3C-NQ-2B,NQ V3C Compression Clean B,NQ V3C Compression Clean B,,NQ,NQ JUN26,LONG,1,27710.5,27720.25,195.0,195.0,39.0,WIN,Profit target,,,2026-05-06 10:03:06,C:\Users\Valued Customer\NT8_Regimes\V3C\TradeLog\SimV3C_NQ_2B_TradeLog.csv,2026-05-04 12:50:36,V3C Compression,TREND_COMPRESSION,2026-05-04 12:45:48,TRANSITION,TRANSITION,BRACKET_MACRO,TREND_EXPANSION,TrendUp,LUNCH_AUCTION,50,NO_CLEAR_STAGE_C_ALIGNMENT,False,False,False,False,False,False,True,HYST_PASSED_NQ_TRENDUP_NO_MACRO_2BAR,4.8,TRANSITION,OUT_OF_LANE,OUT_LEADIN_TRANSITION_ROT_ILLIQUID
2026-05-04,2026-05-04 12:51:51,2026-05-04 12:52:02,V3C,SimV3C-NQ-2A,NQ VC3-A Compression Fast ,NQ VC3-A Compression Fast ,,NQ,NQ JUN26,LONG,1,27694.5,27710.75,325.0,325.0,65.0,WIN,Profit target,,,2026-05-06 10:03:09,C:\Users\Valued Customer\NT8_Regimes\V3C\TradeLog\SimV3C_NQ_2A_TradeLog.csv,2026-05-04 12:51:51,V3C Compression,TREND_COMPRESSION,2026-05-04 12:45:48,TRANSITION,TRANSITION,BRACKET_MACRO,TREND_EXPANSION,TrendUp,LUNCH_AUCTION,50,NO_CLEAR_STAGE_C_ALIGNMENT,False,False,False,False,False,False,True,HYST_PASSED_NQ_TRENDUP_NO_MACRO_2BAR,6.05,TRANSITION,OUT_OF_LANE,OUT_LEADIN_TRANSITION_ROT_ILLIQUID
2026-05-04,2026-05-04 12:51:56,2026-05-04 12:51:56,V3C,SimV3C-NQ-2B,NQ V3C Compression Clean B,NQ V3C Compression Clean B,,NQ,NQ JUN26,LONG,1,27698.5,27708.25,195.0,195.0,39.0,WIN,Profit target,,,2026-05-06 10:03:06,C:\Users\Valued Customer\NT8_Regimes\V3C\TradeLog\SimV3C_NQ_2B_TradeLog.csv,2026-05-04 12:51:56,V3C Compression,TREND_COMPRESSION,2026-05-04 12:45:48,TRANSITION,TRANSITION,BRACKET_MACRO,TREND_EXPANSION,TrendUp,LUNCH_AUCTION,50,NO_CLEAR_STAGE_C_ALIGNMENT,False,False,False,False,False,False,True,HYST_PASSED_NQ_TRENDUP_NO_MACRO_2BAR,6.133333333333334,TRANSITION,OUT_OF_LANE,OUT_LEADIN_TRANSITION_ROT_ILLIQUID
2026-05-04,2026-05-04 12:52:48,2026-05-04 12:52:48,V3C,SimV3C-NQ-2B,NQ V3C Compression Clean B,NQ V3C Compression Clean B,,NQ,NQ JUN26,LONG,1,27694.5,27704.0,190.0,190.0,38.0,WIN,Profit target,,,2026-05-06 10:03:06,C:\Users\Valued Customer\NT8_Regimes\V3C\TradeLog\SimV3C_NQ_2B_TradeLog.csv,2026-05-04 12:52:48,V3C Compression,TREND_COMPRESSION,2026-05-04 12:45:48,TRANSITION,TRANSITION,BRACKET_MACRO,TREND_EXPANSION,TrendUp,LUNCH_AUCTION,50,NO_CLEAR_STAGE_C_ALIGNMENT,False,False,False,False,False,False,True,HYST_PASSED_NQ_TRENDUP_NO_MACRO_2BAR,7.0,TRANSITION,OUT_OF_LANE,OUT_LEADIN_TRANSITION_ROT_ILLIQUID
2026-05-04,2026-05-04 12:53:05,2026-05-04 12:55:30,V3C,SimV3C-NQ-2A,NQ VC3-A Compression Fast ,NQ VC3-A Compression Fast ,,NQ,NQ JUN26,LONG,1,27699.5,27716.0,330.0,330.0,66.0,WIN,Profit target,,,2026-05-06 10:03:09,C:\Users\Valued Customer\NT8_Regimes\V3C\TradeLog\SimV3C_NQ_2A_TradeLog.csv,2026-05-04 12:53:05,V3C Compression,TREND_COMPRESSION,2026-05-04 12:45:48,TRANSITION,TRANSITION,BRACKET_MACRO,TREND_EXPANSION,TrendUp,LUNCH_AUCTION,50,NO_CLEAR_STAGE_C_ALIGNMENT,False,False,False,False,False,False,True,HYST_PASSED_NQ_TRENDUP_NO_MACRO_2BAR,7.283333333333333,TRANSITION,OUT_OF_LANE,OUT_LEADIN_TRANSITION_ROT_ILLIQUID
2026-05-04,2026-05-04 12:55:23,2026-05-04 12:55:23,V3C,SimV3C-NQ-2B,NQ V3C Compression Clean B,NQ V3C Compression Clean B,,NQ,NQ JUN26,LONG,1,27702.5,27712.25,195.0,195.0,39.0,WIN,Profit target,,,2026-05-06 10:03:06,C:\Users\Valued Customer\NT8_Regimes\V3C\TradeLog\SimV3C_NQ_2B_TradeLog.csv,2026-05-04 12:55:23,V3C Compression,TREND_COMPRESSION,2026-05-04 12:45:48,TRANSITION,TRANSITION,BRACKET_MACRO,TREND_EXPANSION,TrendUp,LUNCH_AUCTION,50,NO_CLEAR_STAGE_C_ALIGNMENT,False,False,False,False,False,False,True,HYST_PASSED_NQ_TRENDUP_NO_MACRO_2BAR,9.583333333333334,TRANSITION,OUT_OF_LANE,OUT_LEADIN_TRANSITION_ROT_ILLIQUID
2026-05-04,2026-05-04 13:00:01,2026-05-04 13:00:01,V3C,SimV3C-NQ-2B,NQ V3C Compression Clean B,NQ V3C Compression Clean B,,NQ,NQ JUN26,LONG,1,27706.5,27716.25,195.0,195.0,39.0,WIN,Profit target,,,2026-05-06 10:03:06,C:\Users\Valued Customer\NT8_Regimes\V3C\TradeLog\SimV3C_NQ_2B_TradeLog.csv,2026-05-04 13:00:01,V3C Compression,TREND_COMPRESSION,2026-05-04 12:59:26,TRANSITION,TRANSITION,BRACKET_MACRO,TREND_EXPANSION,TrendUp,LUNCH_AUCTION,50,NO_CLEAR_STAGE_C_ALIGNMENT,False,False,False,False,False,False,False,HYST_BLOCK_NQ_TRENDUP_NO_MACRO_AGE_1,0.5833333333333334,TRANSITION,OUT_OF_LANE,OUT_LEADIN_TRANSITION_ROT_ILLIQUID
2026-05-04,2026-05-04 13:00:01,2026-05-04 13:00:56,V3C,SimV3C-NQ-2A,NQ VC3-A Compression Fast ,NQ VC3-A Compression Fast ,,NQ,NQ JUN26,LONG,1,27704.5,27720.75,325.0,325.0,65.0,WIN,Profit target,,,2026-05-06 10:03:09,C:\Users\Valued Customer\NT8_Regimes\V3C\TradeLog\SimV3C_NQ_2A_TradeLog.csv,2026-05-04 13:00:01,V3C Compression,TREND_COMPRESSION,2026-05-04 12:59:26,TRANSITION,TRANSITION,BRACKET_MACRO,TREND_EXPANSION,TrendUp,LUNCH_AUCTION,50,NO_CLEAR_STAGE_C_ALIGNMENT,False,False,False,False,False,False,False,HYST_BLOCK_NQ_TRENDUP_NO_MACRO_AGE_1,0.5833333333333334,TRANSITION,OUT_OF_LANE,OUT_LEADIN_TRANSITION_ROT_ILLIQUID
2026-05-04,2026-05-04 13:13:36,2026-05-04 13:16:40,V3C,SimV3C-NQ-2A,NQ VC3-A Compression Fast ,NQ VC3-A Compression Fast ,,NQ,NQ JUN26,LONG,1,27734.5,27750.5,320.0,320.0,64.0,WIN,Profit target,,,2026-05-06 10:03:09,C:\Users\Valued Customer\NT8_Regimes\V3C\TradeLog\SimV3C_NQ_2A_TradeLog.csv,2026-05-04 13:13:36,V3C Compression,TREND_COMPRESSION,2026-05-04 13:05:42,TRANSITION,TRANSITION,BRACKET_MACRO,TREND_COMPRESSION,TrendUp,POST_LUNCH_ROTATION,50,NO_CLEAR_STAGE_C_ALIGNMENT,False,False,False,False,False,False,True,HYST_PASSED_NQ_TRENDUP_NO_MACRO_2BAR,7.9,TRANSITION,OUT_OF_LANE,OUT_LEADIN_TRANSITION_ROT_ILLIQUID
2026-05-04,2026-05-04 13:13:36,2026-05-04 13:13:36,V3C,SimV3C-NQ-2B,NQ V3C Compression Clean B,NQ V3C Compression Clean B,,NQ,NQ JUN26,LONG,1,27734.5,27744.25,195.0,195.0,39.0,WIN,Profit target,,,2026-05-06 10:03:06,C:\Users\Valued Customer\NT8_Regimes\V3C\TradeLog\SimV3C_NQ_2B_TradeLog.csv,2026-05-04 13:13:36,V3C Compression,TREND_COMPRESSION,2026-05-04 13:05:42,TRANSITION,TRANSITION,BRACKET_MACRO,TREND_COMPRESSION,TrendUp,POST_LUNCH_ROTATION,50,NO_CLEAR_STAGE_C_ALIGNMENT,False,False,False,False,False,False,True,HYST_PASSED_NQ_TRENDUP_NO_MACRO_2BAR,7.9,TRANSITION,OUT_OF_LANE,OUT_LEADIN_TRANSITION_ROT_ILLIQUID
2026-05-04,2026-05-04 13:39:15,2026-05-04 13:39:15,V3C,SimV3C-NQ-2B,NQ V3C Compression Clean B,NQ V3C Compression Clean B,,NQ,NQ JUN26,LONG,1,27762.5,27772.0,190.0,190.0,38.0,WIN,Profit target,,,2026-05-06 10:03:06,C:\Users\Valued Customer\NT8_Regimes\V3C\TradeLog\SimV3C_NQ_2B_TradeLog.csv,2026-05-04 13:39:15,V3C Compression,TREND_COMPRESSION,2026-05-04 13:36:29,TRANSITION,TRANSITION,BRACKET_MACRO,ROTATION_ILLIQUID,TrendUp,POST_LUNCH_ROTATION,50,NO_CLEAR_STAGE_C_ALIGNMENT,False,False,False,False,False,False,True,HYST_PASSED_NQ_TRENDUP_NO_MACRO_2BAR,2.7666666666666666,TRANSITION,OUT_OF_LANE,OUT_LEADIN_TRANSITION_ROT_ILLIQUID
2026-05-04,2026-05-04 13:39:58,2026-05-04 13:42:39,V3C,SimV3C-NQ-2A,NQ VC3-A Compression Fast ,NQ VC3-A Compression Fast ,,NQ,NQ JUN26,LONG,1,27764.5,27780.5,320.0,320.0,64.0,WIN,Profit target,,,2026-05-06 10:03:09,C:\Users\Valued Customer\NT8_Regimes\V3C\TradeLog\SimV3C_NQ_2A_TradeLog.csv,2026-05-04 13:39:58,V3C Compression,TREND_COMPRESSION,2026-05-04 13:36:29,TRANSITION,TRANSITION,BRACKET_MACRO,ROTATION_ILLIQUID,TrendUp,POST_LUNCH_ROTATION,50,NO_CLEAR_STAGE_C_ALIGNMENT,False,False,False,False,False,False,True,HYST_PASSED_NQ_TRENDUP_NO_MACRO_2BAR,3.4833333333333334,TRANSITION,OUT_OF_LANE,OUT_LEADIN_TRANSITION_ROT_ILLIQUID
2026-05-04,2026-05-04 14:28:47,2026-05-04 14:28:47,V3C,SimV3C-NQ-2B,NQ V3C Compression Clean B,NQ V3C Compression Clean B,,NQ,NQ JUN26,LONG,1,27746.5,27755.75,185.0,185.0,37.0,WIN,Profit target,,,2026-05-06 10:03:06,C:\Users\Valued Customer\NT8_Regimes\V3C\TradeLog\SimV3C_NQ_2B_TradeLog.csv,2026-05-04 14:28:47,V3C Compression,TREND_COMPRESSION,2026-05-04 14:26:36,TREND_COMPRESSION,TREND_COMPRESSION,BRACKET_MACRO,ROTATION_ILLIQUID,TrendUp,AFTERNOON_TREND_TEST,73,BRACKET_MACRO_WITH_INITIATIVE_EVIDENCE,True,False,True,False,True,False,True,HYST_PASSED_NQ_TRENDUP_NO_MACRO_2BAR,2.183333333333333,TREND_COMPRESSION,IN_LANE,IN_LANE
2026-05-04,2026-05-04 14:28:47,2026-05-04 14:29:00,V3C,SimV3C-NQ-2A,NQ VC3-A Compression Fast ,NQ VC3-A Compression Fast ,,NQ,NQ JUN26,LONG,1,27744.5,27760.0,310.0,310.0,62.0,WIN,Profit target,,,2026-05-06 10:03:09,C:\Users\Valued Customer\NT8_Regimes\V3C\TradeLog\SimV3C_NQ_2A_TradeLog.csv,2026-05-04 14:28:47,V3C Compression,TREND_COMPRESSION,2026-05-04 14:26:36,TREND_COMPRESSION,TREND_COMPRESSION,BRACKET_MACRO,ROTATION_ILLIQUID,TrendUp,AFTERNOON_TREND_TEST,73,BRACKET_MACRO_WITH_INITIATIVE_EVIDENCE,True,False,True,False,True,False,True,HYST_PASSED_NQ_TRENDUP_NO_MACRO_2BAR,2.183333333333333,TREND_COMPRESSION,IN_LANE,IN_LANE
2026-05-04,2026-05-04 14:29:15,2026-05-04 14:29:50,V3C,SimV3C-NQ-2C,NQ V3C Compression Sniper C 20-40-60,NQ V3C Compression Sniper C 20-40-60,,NQ,NQ JUN26,LONG,1,27744.5,27776.0,630.0,630.0,126.0,WIN,Profit target,,,2026-05-06 10:03:07,C:\Users\Valued Customer\NT8_Regimes\V3C\TradeLog\SimV3C_NQ_2C_TradeLog.csv,2026-05-04 14:29:15,V3C Compression,TREND_COMPRESSION,2026-05-04 14:26:36,TREND_COMPRESSION,TREND_COMPRESSION,BRACKET_MACRO,ROTATION_ILLIQUID,TrendUp,AFTERNOON_TREND_TEST,73,BRACKET_MACRO_WITH_INITIATIVE_EVIDENCE,True,False,True,False,True,False,True,HYST_PASSED_NQ_TRENDUP_NO_MACRO_2BAR,2.65,TREND_COMPRESSION,IN_LANE,IN_LANE
2026-05-04,2026-05-04 14:40:56,2026-05-04 14:40:56,V3C,SimV3C-NQ-2B,NQ V3C Compression Clean B,NQ V3C Compression Clean B,,NQ,NQ JUN26,LONG,1,27750.5,27760.0,190.0,190.0,38.0,WIN,Profit target,,,2026-05-06 10:03:06,C:\Users\Valued Customer\NT8_Regimes\V3C\TradeLog\SimV3C_NQ_2B_TradeLog.csv,2026-05-04 14:40:56,V3C Compression,TREND_COMPRESSION,2026-05-04 14:35:59,TREND_COMPRESSION,TREND_COMPRESSION,BRACKET_MACRO,ROTATION_LIQUID,TrendUp,AFTERNOON_TREND_TEST,78,BRACKET_MACRO_WITH_INITIATIVE_EVIDENCE,True,False,True,False,True,False,True,HYST_PASSED_NQ_TRENDUP_NO_MACRO_2BAR,4.95,TREND_COMPRESSION,IN_LANE,IN_LANE
2026-05-04,2026-05-04 14:47:58,2026-05-04 14:47:58,V3C,SimV3C-NQ-2B,NQ V3C Compression Clean B,NQ V3C Compression Clean B,,NQ,NQ JUN26,LONG,1,27730.5,27739.75,185.0,185.0,37.0,WIN,Profit target,,,2026-05-06 10:03:06,C:\Users\Valued Customer\NT8_Regimes\V3C\TradeLog\SimV3C_NQ_2B_TradeLog.csv,2026-05-04 14:47:58,V3C Compression,TREND_COMPRESSION,2026-05-04 14:46:49,TREND_COMPRESSION,TREND_COMPRESSION,BRACKET_MACRO,TREND_COMPRESSION,TrendUp,AFTERNOON_TREND_TEST,78,BRACKET_MACRO_WITH_INITIATIVE_EVIDENCE,True,False,True,False,True,False,True,HYST_PASSED_NQ_TRENDUP_NO_MACRO_2BAR,1.15,TREND_COMPRESSION,IN_LANE,IN_LANE
2026-05-04,2026-05-04 14:49:01,2026-05-04 14:49:33,V3C,SimV3C-NQ-2A,NQ VC3-A Compression Fast ,NQ VC3-A Compression Fast ,,NQ,NQ JUN26,LONG,1,27729.5,27745.0,310.0,310.0,62.0,WIN,Profit target,,,2026-05-06 10:03:09,C:\Users\Valued Customer\NT8_Regimes\V3C\TradeLog\SimV3C_NQ_2A_TradeLog.csv,2026-05-04 14:49:01,V3C Compression,TREND_COMPRESSION,2026-05-04 14:46:49,TREND_COMPRESSION,TREND_COMPRESSION,BRACKET_MACRO,TREND_COMPRESSION,TrendUp,AFTERNOON_TREND_TEST,78,BRACKET_MACRO_WITH_INITIATIVE_EVIDENCE,True,False,True,False,True,False,True,HYST_PASSED_NQ_TRENDUP_NO_MACRO_2BAR,2.2,TREND_COMPRESSION,IN_LANE,IN_LANE
2026-05-04,2026-05-04 14:52:01,2026-05-04 14:59:42,V3C,SimV3C-NQ-2C,NQ V3C Compression Sniper C 20-40-60,NQ V3C Compression Sniper C 20-40-60,,NQ,NQ JUN26,LONG,1,27734.5,27766.0,630.0,630.0,126.0,WIN,Profit target,,,2026-05-06 10:03:07,C:\Users\Valued Customer\NT8_Regimes\V3C\TradeLog\SimV3C_NQ_2C_TradeLog.csv,2026-05-04 14:52:01,V3C Compression,TREND_COMPRESSION,2026-05-04 14:46:49,TREND_COMPRESSION,TREND_COMPRESSION,BRACKET_MACRO,TREND_COMPRESSION,TrendUp,AFTERNOON_TREND_TEST,78,BRACKET_MACRO_WITH_INITIATIVE_EVIDENCE,True,False,True,False,True,False,True,HYST_PASSED_NQ_TRENDUP_NO_MACRO_2BAR,5.2,TREND_COMPRESSION,IN_LANE,IN_LANE
2026-05-04,2026-05-04 14:52:30,2026-05-04 14:52:30,V3C,SimV3C-NQ-2B,NQ V3C Compression Clean B,NQ V3C Compression Clean B,,NQ,NQ JUN26,LONG,1,27730.5,27739.75,185.0,185.0,37.0,WIN,Profit target,,,2026-05-06 10:03:06,C:\Users\Valued Customer\NT8_Regimes\V3C\TradeLog\SimV3C_NQ_2B_TradeLog.csv,2026-05-04 14:52:30,V3C Compression,TREND_COMPRESSION,2026-05-04 14:46:49,TREND_COMPRESSION,TREND_COMPRESSION,BRACKET_MACRO,TREND_COMPRESSION,TrendUp,AFTERNOON_TREND_TEST,78,BRACKET_MACRO_WITH_INITIATIVE_EVIDENCE,True,False,True,False,True,False,True,HYST_PASSED_NQ_TRENDUP_NO_MACRO_2BAR,5.683333333333334,TREND_COMPRESSION,IN_LANE,IN_LANE
2026-05-04,2026-05-04 14:55:50,2026-05-04 14:56:25,V3C,SimV3C-NQ-2A,NQ VC3-A Compression Fast ,NQ VC3-A Compression Fast ,,NQ,NQ JUN26,LONG,1,27734.5,27750.0,310.0,310.0,62.0,WIN,Profit target,,,2026-05-06 10:03:09,C:\Users\Valued Customer\NT8_Regimes\V3C\TradeLog\SimV3C_NQ_2A_TradeLog.csv,2026-05-04 14:55:50,V3C Compression,TREND_COMPRESSION,2026-05-04 14:53:08,TREND_COMPRESSION,TREND_COMPRESSION,BRACKET_MACRO,TREND_COMPRESSION,TrendUp,AFTERNOON_TREND_TEST,78,BRACKET_MACRO_WITH_INITIATIVE_EVIDENCE,False,False,False,False,False,False,False,HYST_BLOCK_NQ_TRENDUP_NO_MACRO_AGE_1,2.7,TREND_COMPRESSION,IN_LANE,IN_LANE
2026-05-04,2026-05-04 14:57:00,2026-05-04 15:06:00,V3C,SimV3C-NQ-2D,V3_Compression_Sniper_V3C D,V3_Compression_Sniper_V3C D,,NQ,NQ JUN26,LONG,1,27754.25,27775.5,425.0,425.0,85.0,WIN,Profit target,,,2026-05-06 10:03:18,C:\Users\Valued Customer\NT8_Regimes\V3C\TradeLog\SimV3C_NQ_2D_TradeLog.csv,2026-05-04 14:57:00,V3C Compression,TREND_COMPRESSION,2026-05-04 14:56:25,TREND_COMPRESSION,TREND_COMPRESSION,BRACKET_MACRO,TREND_COMPRESSION,TrendUp,AFTERNOON_TREND_TEST,77,BRACKET_MACRO_WITH_INITIATIVE_EVIDENCE,True,False,True,False,True,False,True,HYST_PASSED_NQ_TRENDUP_NO_MACRO_2BAR,0.5833333333333334,TREND_COMPRESSION,IN_LANE,IN_LANE
2026-05-04,2026-05-04 15:04:00,2026-05-04 15:04:00,V3C,SimV3C-NQ-2B,NQ V3C Compression Clean B,NQ V3C Compression Clean B,,NQ,NQ JUN26,LONG,1,27746.5,27756.0,190.0,190.0,38.0,WIN,Profit target,,,2026-05-06 10:03:06,C:\Users\Valued Customer\NT8_Regimes\V3C\TradeLog\SimV3C_NQ_2B_TradeLog.csv,2026-05-04 15:04:00,V3C Compression,TREND_COMPRESSION,2026-05-04 14:59:24,TREND_COMPRESSION,TREND_COMPRESSION,BRACKET_MACRO,TREND_COMPRESSION,TrendUp,AFTERNOON_TREND_TEST,77,BRACKET_MACRO_WITH_INITIATIVE_EVIDENCE,False,False,False,False,False,False,False,HYST_BLOCK_NQ_TRENDUP_NO_MACRO_AGE_1,4.6,TREND_COMPRESSION,IN_LANE,IN_LANE
2026-05-04,2026-05-04 15:05:56,2026-05-04 15:05:56,V3C,SimV3C-NQ-2A,NQ VC3-A Compression Fast ,NQ VC3-A Compression Fast ,,NQ,NQ JUN26,LONG,1,27749.5,27765.25,315.0,315.0,63.0,WIN,Profit target,,,2026-05-06 10:03:09,C:\Users\Valued Customer\NT8_Regimes\V3C\TradeLog\SimV3C_NQ_2A_TradeLog.csv,2026-05-04 15:05:56,V3C Compression,TREND_COMPRESSION,2026-05-04 15:05:49,ROTATION_LIQUID,ROTATION_LIQUID,BRACKET_MACRO,ROTATION_LIQUID,TrendUp,LATE_DAY_CONVICTION,64,BALANCED_TRADEABLE_RANGE,False,True,False,True,True,False,True,HYST_PASSED_NQ_TRENDUP_NO_MACRO_2BAR,0.11666666666666667,ROTATION_LIQUID,OUT_OF_LANE,OUT_OF_LANE
2026-05-04,2026-05-04 15:07:45,2026-05-04 15:07:45,V3C,SimV3C-NQ-2B,NQ V3C Compression Clean B,NQ V3C Compression Clean B,,NQ,NQ JUN26,LONG,1,27762.5,27772.0,190.0,190.0,38.0,WIN,Profit target,,,2026-05-06 10:03:06,C:\Users\Valued Customer\NT8_Regimes\V3C\TradeLog\SimV3C_NQ_2B_TradeLog.csv,2026-05-04 15:07:45,V3C Compression,TREND_COMPRESSION,2026-05-04 15:05:49,ROTATION_LIQUID,ROTATION_LIQUID,BRACKET_MACRO,ROTATION_LIQUID,TrendUp,LATE_DAY_CONVICTION,64,BALANCED_TRADEABLE_RANGE,False,True,False,True,True,False,True,HYST_PASSED_NQ_TRENDUP_NO_MACRO_2BAR,1.9333333333333333,ROTATION_LIQUID,OUT_OF_LANE,OUT_OF_LANE
2026-05-04,2026-05-04 15:08:15,2026-05-04 15:08:18,V3C,SimV3C-NQ-2A,NQ VC3-A Compression Fast ,NQ VC3-A Compression Fast ,,NQ,NQ JUN26,LONG,1,27764.5,27780.25,315.0,315.0,63.0,WIN,Profit target,,,2026-05-06 10:03:09,C:\Users\Valued Customer\NT8_Regimes\V3C\TradeLog\SimV3C_NQ_2A_TradeLog.csv,2026-05-04 15:08:15,V3C Compression,TREND_COMPRESSION,2026-05-04 15:05:49,ROTATION_LIQUID,ROTATION_LIQUID,BRACKET_MACRO,ROTATION_LIQUID,TrendUp,LATE_DAY_CONVICTION,64,BALANCED_TRADEABLE_RANGE,False,True,False,True,True,False,True,HYST_PASSED_NQ_TRENDUP_NO_MACRO_2BAR,2.433333333333333,ROTATION_LIQUID,OUT_OF_LANE,OUT_OF_LANE
2026-05-04,2026-05-04 15:25:00,2026-05-04 15:25:00,V3C,SimV3C-NQ-2B,NQ V3C Compression Clean B,NQ V3C Compression Clean B,,NQ,NQ JUN26,LONG,1,27762.5,27772.25,195.0,195.0,39.0,WIN,Profit target,,,2026-05-06 10:03:06,C:\Users\Valued Customer\NT8_Regimes\V3C\TradeLog\SimV3C_NQ_2B_TradeLog.csv,2026-05-04 15:25:00,V3C Compression,TREND_COMPRESSION,2026-05-04 15:22:54,TRANSITION,TRANSITION,BRACKET_MACRO,ROTATION_ILLIQUID,TrendUp,LATE_DAY_CONVICTION,50,NO_CLEAR_STAGE_C_ALIGNMENT,False,False,False,False,False,False,False,HYST_BLOCK_NQ_TRENDUP_NO_MACRO_AGE_1,2.1,TRANSITION,OUT_OF_LANE,OUT_LEADIN_TRANSITION_ROT_ILLIQUID
2026-05-04,2026-05-04 15:25:50,2026-05-04 15:26:46,V3C,SimV3C-NQ-2A,NQ VC3-A Compression Fast ,NQ VC3-A Compression Fast ,,NQ,NQ JUN26,LONG,1,27754.5,27770.5,320.0,320.0,64.0,WIN,Profit target,,,2026-05-06 10:03:09,C:\Users\Valued Customer\NT8_Regimes\V3C\TradeLog\SimV3C_NQ_2A_TradeLog.csv,2026-05-04 15:25:50,V3C Compression,TREND_COMPRESSION,2026-05-04 15:22:54,TRANSITION,TRANSITION,BRACKET_MACRO,ROTATION_ILLIQUID,TrendUp,LATE_DAY_CONVICTION,50,NO_CLEAR_STAGE_C_ALIGNMENT,False,False,False,False,False,False,False,HYST_BLOCK_NQ_TRENDUP_NO_MACRO_AGE_1,2.933333333333333,TRANSITION,OUT_OF_LANE,OUT_LEADIN_TRANSITION_ROT_ILLIQUID
2026-05-04,2026-05-04 15:25:54,2026-05-04 15:25:54,V3C,SimV3C-NQ-2B,NQ V3C Compression Clean B,NQ V3C Compression Clean B,,NQ,NQ JUN26,LONG,1,27758.5,27768.25,195.0,195.0,39.0,WIN,Profit target,,,2026-05-06 10:03:06,C:\Users\Valued Customer\NT8_Regimes\V3C\TradeLog\SimV3C_NQ_2B_TradeLog.csv,2026-05-04 15:25:54,V3C Compression,TREND_COMPRESSION,2026-05-04 15:22:54,TRANSITION,TRANSITION,BRACKET_MACRO,ROTATION_ILLIQUID,TrendUp,LATE_DAY_CONVICTION,50,NO_CLEAR_STAGE_C_ALIGNMENT,False,False,False,False,False,False,False,HYST_BLOCK_NQ_TRENDUP_NO_MACRO_AGE_1,3.0,TRANSITION,OUT_OF_LANE,OUT_LEADIN_TRANSITION_ROT_ILLIQUID
2026-05-04,2026-05-04 15:28:37,2026-05-04 16:59:59,V3C,SimV3C-NQ-2C,NQ V3C Compression Sniper C 20-40-60,NQ V3C Compression Sniper C 20-40-60,,NQ,NQ JUN26,LONG,1,27764.5,27743.0,-430.0,-430.0,-86.0,LOSS,Exit on session close,,,2026-05-06 10:03:07,C:\Users\Valued Customer\NT8_Regimes\V3C\TradeLog\SimV3C_NQ_2C_TradeLog.csv,2026-05-04 15:28:37,V3C Compression,TREND_COMPRESSION,2026-05-04 15:26:11,TRANSITION,TRANSITION,BRACKET_MACRO,ROTATION_ILLIQUID,TrendUp,LATE_DAY_CONVICTION,50,NO_CLEAR_STAGE_C_ALIGNMENT,False,False,False,False,False,False,True,HYST_PASSED_NQ_TRENDUP_NO_MACRO_2BAR,2.433333333333333,TRANSITION,OUT_OF_LANE,OUT_LEADIN_TRANSITION_ROT_ILLIQUID
2026-05-04,2026-05-04 15:47:25,2026-05-04 15:47:25,V3C,SimV3C-NQ-2B,NQ V3C Compression Clean B,NQ V3C Compression Clean B,,NQ,NQ JUN26,LONG,1,27766.5,27776.25,195.0,195.0,39.0,WIN,Profit target,,,2026-05-06 10:03:06,C:\Users\Valued Customer\NT8_Regimes\V3C\TradeLog\SimV3C_NQ_2B_TradeLog.csv,2026-05-04 15:47:25,V3C Compression,TREND_COMPRESSION,2026-05-04 15:46:40,TRANSITION,TRANSITION,BRACKET_MACRO,ROTATION_ILLIQUID,TrendUp,LATE_DAY_CONVICTION,50,NO_CLEAR_STAGE_C_ALIGNMENT,False,False,False,False,False,False,True,HYST_PASSED_NQ_TRENDUP_NO_MACRO_2BAR,0.75,TRANSITION,OUT_OF_LANE,OUT_LEADIN_TRANSITION_ROT_ILLIQUID
2026-05-04,2026-05-04 15:47:39,2026-05-04 15:48:27,V3C,SimV3C-NQ-2A,NQ VC3-A Compression Fast ,NQ VC3-A Compression Fast ,,NQ,NQ JUN26,LONG,1,27769.5,27785.5,320.0,320.0,64.0,WIN,Profit target,,,2026-05-06 10:03:09,C:\Users\Valued Customer\NT8_Regimes\V3C\TradeLog\SimV3C_NQ_2A_TradeLog.csv,2026-05-04 15:47:39,V3C Compression,TREND_COMPRESSION,2026-05-04 15:46:40,TRANSITION,TRANSITION,BRACKET_MACRO,ROTATION_ILLIQUID,TrendUp,LATE_DAY_CONVICTION,50,NO_CLEAR_STAGE_C_ALIGNMENT,False,False,False,False,False,False,True,HYST_PASSED_NQ_TRENDUP_NO_MACRO_2BAR,0.9833333333333333,TRANSITION,OUT_OF_LANE,OUT_LEADIN_TRANSITION_ROT_ILLIQUID
2026-05-04,2026-05-04 15:48:00,2026-05-04 15:48:00,V3C,SimV3C-NQ-2D,V3_Compression_Sniper_V3C D,V3_Compression_Sniper_V3C D,,NQ,NQ JUN26,LONG,1,27781.0,27764.75,-325.0,-325.0,-65.0,LOSS,Stop loss,,,2026-05-06 10:03:18,C:\Users\Valued Customer\NT8_Regimes\V3C\TradeLog\SimV3C_NQ_2D_TradeLog.csv,2026-05-04 15:48:00,V3C Compression,TREND_COMPRESSION,2026-05-04 15:46:40,TRANSITION,TRANSITION,BRACKET_MACRO,ROTATION_ILLIQUID,TrendUp,LATE_DAY_CONVICTION,50,NO_CLEAR_STAGE_C_ALIGNMENT,False,False,False,False,False,False,True,HYST_PASSED_NQ_TRENDUP_NO_MACRO_2BAR,1.3333333333333333,TRANSITION,OUT_OF_LANE,OUT_LEADIN_TRANSITION_ROT_ILLIQUID
2026-05-04,2026-05-04 15:58:15,2026-05-04 15:58:50,V3C,SimV3C-NQ-2A,NQ VC3-A Compression Fast ,NQ VC3-A Compression Fast ,,NQ,NQ JUN26,LONG,1,27754.5,27770.75,325.0,325.0,65.0,WIN,Profit target,,,2026-05-06 10:03:09,C:\Users\Valued Customer\NT8_Regimes\V3C\TradeLog\SimV3C_NQ_2A_TradeLog.csv,2026-05-04 15:58:15,V3C Compression,TREND_COMPRESSION,2026-05-04 15:56:11,TREND_COMPRESSION,TREND_COMPRESSION,BRACKET_MACRO,ROTATION_LIQUID,TrendUp,LATE_DAY_CONVICTION,73,BRACKET_MACRO_WITH_INITIATIVE_EVIDENCE,True,False,True,False,True,False,True,HYST_PASSED_NQ_TRENDUP_NO_MACRO_2BAR,2.066666666666667,TREND_COMPRESSION,IN_LANE,IN_LANE
2026-05-04,2026-05-04 15:58:28,2026-05-04 15:58:28,V3C,SimV3C-NQ-2B,NQ V3C Compression Clean B,NQ V3C Compression Clean B,,NQ,NQ JUN26,LONG,1,27758.5,27768.25,195.0,195.0,39.0,WIN,Profit target,,,2026-05-06 10:03:06,C:\Users\Valued Customer\NT8_Regimes\V3C\TradeLog\SimV3C_NQ_2B_TradeLog.csv,2026-05-04 15:58:28,V3C Compression,TREND_COMPRESSION,2026-05-04 15:56:11,TREND_COMPRESSION,TREND_COMPRESSION,BRACKET_MACRO,ROTATION_LIQUID,TrendUp,LATE_DAY_CONVICTION,73,BRACKET_MACRO_WITH_INITIATIVE_EVIDENCE,True,False,True,False,True,False,True,HYST_PASSED_NQ_TRENDUP_NO_MACRO_2BAR,2.283333333333333,TREND_COMPRESSION,IN_LANE,IN_LANE
2026-05-04,2026-05-04 16:00:00,2026-05-04 16:00:00,V3C,SimV3C-NQ-2D,V3_Compression_Sniper_V3C D,V3_Compression_Sniper_V3C D,,NQ,NQ JUN26,LONG,1,27780.25,27762.75,-350.0,-350.0,-70.0,LOSS,Stop loss,,,2026-05-06 10:03:18,C:\Users\Valued Customer\NT8_Regimes\V3C\TradeLog\SimV3C_NQ_2D_TradeLog.csv,2026-05-04 16:00:00,V3C Compression,TREND_COMPRESSION,2026-05-04 15:56:11,TREND_COMPRESSION,TREND_COMPRESSION,BRACKET_MACRO,ROTATION_LIQUID,TrendUp,LATE_DAY_CONVICTION,73,BRACKET_MACRO_WITH_INITIATIVE_EVIDENCE,True,False,True,False,True,False,True,HYST_PASSED_NQ_TRENDUP_NO_MACRO_2BAR,3.816666666666667,TREND_COMPRESSION,IN_LANE,IN_LANE
2026-05-04,2026-05-04 16:05:00,2026-05-04 16:05:00,V3C,SimV3C-NQ-2B,NQ V3C Compression Clean B,NQ V3C Compression Clean B,,NQ,NQ JUN26,LONG,1,27758.5,27768.0,190.0,190.0,38.0,WIN,Profit target,,,2026-05-06 10:03:06,C:\Users\Valued Customer\NT8_Regimes\V3C\TradeLog\SimV3C_NQ_2B_TradeLog.csv,2026-05-04 16:05:00,V3C Compression,TREND_COMPRESSION,2026-05-04 16:00:57,ROTATION_ILLIQUID,ROTATION_ILLIQUID,BRACKET_MACRO,ROTATION_ILLIQUID,Transition,CASH_CLOSE,62,COMPRESSED_BALANCE_LOW_EDGE,False,False,False,False,False,False,False,HYST_BLOCK_TRANSITION_AGE_1_OF_2,4.05,ROTATION_ILLIQUID,OUT_OF_LANE,OUT_LEADIN_TRANSITION_ROT_ILLIQUID
2026-05-04,2026-05-04 16:05:00,2026-05-04 16:05:06,V3C,SimV3C-NQ-2A,NQ VC3-A Compression Fast ,NQ VC3-A Compression Fast ,,NQ,NQ JUN26,LONG,1,27759.5,27775.25,315.0,315.0,63.0,WIN,Profit target,,,2026-05-06 10:03:09,C:\Users\Valued Customer\NT8_Regimes\V3C\TradeLog\SimV3C_NQ_2A_TradeLog.csv,2026-05-04 16:05:00,V3C Compression,TREND_COMPRESSION,2026-05-04 16:00:57,ROTATION_ILLIQUID,ROTATION_ILLIQUID,BRACKET_MACRO,ROTATION_ILLIQUID,Transition,CASH_CLOSE,62,COMPRESSED_BALANCE_LOW_EDGE,False,False,False,False,False,False,False,HYST_BLOCK_TRANSITION_AGE_1_OF_2,4.05,ROTATION_ILLIQUID,OUT_OF_LANE,OUT_LEADIN_TRANSITION_ROT_ILLIQUID
2026-05-04,2026-05-04 16:14:23,2026-05-04 16:26:36,V3C,SimV3C-NQ-2A,NQ VC3-A Compression Fast ,NQ VC3-A Compression Fast ,,NQ,NQ JUN26,LONG,1,27744.5,27760.0,310.0,310.0,62.0,WIN,Profit target,,,2026-05-06 10:03:09,C:\Users\Valued Customer\NT8_Regimes\V3C\TradeLog\SimV3C_NQ_2A_TradeLog.csv,2026-05-04 16:14:23,V3C Compression,TREND_COMPRESSION,2026-05-04 16:00:57,ROTATION_ILLIQUID,ROTATION_ILLIQUID,BRACKET_MACRO,ROTATION_ILLIQUID,Transition,CASH_CLOSE,62,COMPRESSED_BALANCE_LOW_EDGE,False,False,False,False,False,False,False,HYST_BLOCK_TRANSITION_AGE_1_OF_2,13.433333333333334,ROTATION_ILLIQUID,OUT_OF_LANE,OUT_LEADIN_TRANSITION_ROT_ILLIQUID
2026-05-04,2026-05-04 16:26:25,2026-05-04 16:26:25,V3C,SimV3C-NQ-2B,NQ V3C Compression Clean B,NQ V3C Compression Clean B,,NQ,NQ JUN26,LONG,1,27750.5,27760.25,195.0,195.0,39.0,WIN,Profit target,,,2026-05-06 10:03:06,C:\Users\Valued Customer\NT8_Regimes\V3C\TradeLog\SimV3C_NQ_2B_TradeLog.csv,2026-05-04 16:26:25,V3C Compression,TREND_COMPRESSION,2026-05-04 16:00:57,ROTATION_ILLIQUID,ROTATION_ILLIQUID,BRACKET_MACRO,ROTATION_ILLIQUID,Transition,CASH_CLOSE,62,COMPRESSED_BALANCE_LOW_EDGE,False,False,False,False,False,False,False,HYST_BLOCK_TRANSITION_AGE_1_OF_2,25.466666666666665,ROTATION_ILLIQUID,OUT_OF_LANE,OUT_LEADIN_TRANSITION_ROT_ILLIQUID
2026-05-04,2026-05-04 16:27:00,2026-05-04 16:45:00,V3C,SimV3C-NQ-2D,V3_Compression_Sniper_V3C D,V3_Compression_Sniper_V3C D,,NQ,NQ JUN26,LONG,1,27759.75,27744.0,-315.0,-315.0,-63.0,LOSS,Stop loss,,,2026-05-06 10:03:18,C:\Users\Valued Customer\NT8_Regimes\V3C\TradeLog\SimV3C_NQ_2D_TradeLog.csv,2026-05-04 16:27:00,V3C Compression,TREND_COMPRESSION,2026-05-04 16:00:57,ROTATION_ILLIQUID,ROTATION_ILLIQUID,BRACKET_MACRO,ROTATION_ILLIQUID,Transition,CASH_CLOSE,62,COMPRESSED_BALANCE_LOW_EDGE,False,False,False,False,False,False,False,HYST_BLOCK_TRANSITION_AGE_1_OF_2,26.05,ROTATION_ILLIQUID,OUT_OF_LANE,OUT_LEADIN_TRANSITION_ROT_ILLIQUID
2026-05-05,2026-05-05 09:30:00,2026-05-05 09:30:04,V3C,SimV3C-NQ-2B,NQ V3C Compression Clean B,NQ V3C Compression Clean B,,NQ,NQ JUN26,LONG,1,27980.5,28002.5,440.0,440.0,88.0,WIN,Profit target,,,2026-05-06 10:03:06,C:\Users\Valued Customer\NT8_Regimes\V3C\TradeLog\SimV3C_NQ_2B_TradeLog.csv,2026-05-05 09:30:00,V3C Compression,TREND_COMPRESSION,2026-05-05 09:07:29,TRANSITION,ROTATION_ILLIQUID,BRACKET_MACRO,ROTATION_ILLIQUID,Transition,CASH_CLOSE,62,COMPRESSED_BALANCE_LOW_EDGE,False,False,False,False,False,False,False,HYST_BLOCK_TRANSITION_AGE_1_OF_2,22.516666666666666,TRANSITION,OUT_OF_LANE,OUT_LEADIN_TRANSITION_ROT_ILLIQUID
2026-05-05,2026-05-05 09:30:00,2026-05-05 09:30:05,V3C,SimV3C-NQ-2A,NQ VC3-A Compression Fast ,NQ VC3-A Compression Fast ,,NQ,NQ JUN26,LONG,1,27978.5,28010.75,645.0,645.0,129.0,WIN,Profit target,,,2026-05-06 10:03:09,C:\Users\Valued Customer\NT8_Regimes\V3C\TradeLog\SimV3C_NQ_2A_TradeLog.csv,2026-05-05 09:30:00,V3C Compression,TREND_COMPRESSION,2026-05-05 09:07:29,TRANSITION,ROTATION_ILLIQUID,BRACKET_MACRO,ROTATION_ILLIQUID,Transition,CASH_CLOSE,62,COMPRESSED_BALANCE_LOW_EDGE,False,False,False,False,False,False,False,HYST_BLOCK_TRANSITION_AGE_1_OF_2,22.516666666666666,TRANSITION,OUT_OF_LANE,OUT_LEADIN_TRANSITION_ROT_ILLIQUID
2026-05-05,2026-05-05 09:30:00,2026-05-05 09:30:05,V3C,SimV3C-NQ-2C,NQ V3C Compression Sniper C 20-40-60,NQ V3C Compression Sniper C 20-40-60,,NQ,NQ JUN26,LONG,1,27968.5,28016.5,960.0,960.0,192.0,WIN,Profit target,,,2026-05-06 10:03:07,C:\Users\Valued Customer\NT8_Regimes\V3C\TradeLog\SimV3C_NQ_2C_TradeLog.csv,2026-05-05 09:30:00,V3C Compression,TREND_COMPRESSION,2026-05-05 09:07:29,TRANSITION,ROTATION_ILLIQUID,BRACKET_MACRO,ROTATION_ILLIQUID,Transition,CASH_CLOSE,62,COMPRESSED_BALANCE_LOW_EDGE,False,False,False,False,False,False,False,HYST_BLOCK_TRANSITION_AGE_1_OF_2,22.516666666666666,TRANSITION,OUT_OF_LANE,OUT_LEADIN_TRANSITION_ROT_ILLIQUID
2026-05-05,2026-05-05 09:33:00,2026-05-05 09:33:00,V3C,SimV3C-NQ-2D,V3_Compression_Sniper_V3C D,V3_Compression_Sniper_V3C D,,NQ,NQ JUN26,LONG,1,28006.5,28037.0,610.0,610.0,122.0,WIN,Profit target,,,2026-05-06 10:03:18,C:\Users\Valued Customer\NT8_Regimes\V3C\TradeLog\SimV3C_NQ_2D_TradeLog.csv,2026-05-05 09:33:00,V3C Compression,TREND_COMPRESSION,2026-05-05 09:32:32,TRANSITION,TRANSITION,UNRESOLVED,TRANSITION,Balance,PREMARKET_CONTEXT,55,OPENING_OR_UNRESOLVED_UNRESOLVED,False,False,False,False,False,False,False,HYST_BLOCK_BALANCE_AGE_1_OF_2,0.4666666666666667,TRANSITION,OUT_OF_LANE,OUT_LEADIN_TRANSITION_ROT_ILLIQUID
2026-05-05,2026-05-05 09:50:12,2026-05-05 09:50:12,V3C,SimV3C-NQ-2B,NQ V3C Compression Clean B,NQ V3C Compression Clean B,,NQ,NQ JUN26,LONG,1,28076.5,28086.0,190.0,190.0,38.0,WIN,Profit target,,,2026-05-06 10:03:06,C:\Users\Valued Customer\NT8_Regimes\V3C\TradeLog\SimV3C_NQ_2B_TradeLog.csv,2026-05-05 09:50:12,V3C Compression,TREND_COMPRESSION,2026-05-05 09:46:54,TREND_COMPRESSION,TREND_COMPRESSION,BALANCE_STRUCTURE,ROTATION_ILLIQUID,TrendUp,FIRST_ACCEPTANCE,66,DEVELOPING_INITIATIVE_PHASE_AWARE,True,False,True,True,False,False,True,HYST_PASSED_TRENDUP_MACRO_CONFIRM,3.3,TREND_COMPRESSION,IN_LANE,IN_LANE
2026-05-05,2026-05-05 09:56:52,2026-05-05 09:57:01,V3C,SimV3C-NQ-2A,NQ VC3-A Compression Fast ,NQ VC3-A Compression Fast ,,NQ,NQ JUN26,LONG,1,28073.5,28089.5,320.0,320.0,64.0,WIN,Profit target,,,2026-05-06 10:03:09,C:\Users\Valued Customer\NT8_Regimes\V3C\TradeLog\SimV3C_NQ_2A_TradeLog.csv,2026-05-05 09:56:52,V3C Compression,TREND_COMPRESSION,2026-05-05 09:56:42,TREND_COMPRESSION,TREND_COMPRESSION,BALANCE_STRUCTURE,ROTATION_ILLIQUID,TrendUp,EARLY_CONTINUATION,66,MICRO_TREND_INSIDE_MACRO_STRUCTURE,True,False,True,True,False,False,True,HYST_PASSED_TRENDUP_MACRO_CONFIRM,0.16666666666666666,TREND_COMPRESSION,IN_LANE,IN_LANE
2026-05-05,2026-05-05 09:56:52,2026-05-05 09:56:52,V3C,SimV3C-NQ-2B,NQ V3C Compression Clean B,NQ V3C Compression Clean B,,NQ,NQ JUN26,LONG,1,28076.5,28086.0,190.0,190.0,38.0,WIN,Profit target,,,2026-05-06 10:03:06,C:\Users\Valued Customer\NT8_Regimes\V3C\TradeLog\SimV3C_NQ_2B_TradeLog.csv,2026-05-05 09:56:52,V3C Compression,TREND_COMPRESSION,2026-05-05 09:56:42,TREND_COMPRESSION,TREND_COMPRESSION,BALANCE_STRUCTURE,ROTATION_ILLIQUID,TrendUp,EARLY_CONTINUATION,66,MICRO_TREND_INSIDE_MACRO_STRUCTURE,True,False,True,True,False,False,True,HYST_PASSED_TRENDUP_MACRO_CONFIRM,0.16666666666666666,TREND_COMPRESSION,IN_LANE,IN_LANE
2026-05-05,2026-05-05 10:00:01,2026-05-05 10:00:01,V3C,SimV3C-NQ-2B,NQ V3C Compression Clean B,NQ V3C Compression Clean B,,NQ,NQ JUN26,LONG,1,28080.5,28090.0,190.0,190.0,38.0,WIN,Profit target,,,2026-05-06 10:03:06,C:\Users\Valued Customer\NT8_Regimes\V3C\TradeLog\SimV3C_NQ_2B_TradeLog.csv,2026-05-05 10:00:01,V3C Compression,TREND_COMPRESSION,2026-05-05 09:56:42,TREND_COMPRESSION,TREND_COMPRESSION,BALANCE_STRUCTURE,ROTATION_ILLIQUID,TrendUp,EARLY_CONTINUATION,66,MICRO_TREND_INSIDE_MACRO_STRUCTURE,True,False,True,True,False,False,True,HYST_PASSED_TRENDUP_MACRO_CONFIRM,3.316666666666667,TREND_COMPRESSION,IN_LANE,IN_LANE
2026-05-05,2026-05-05 10:01:27,2026-05-05 10:01:27,V3C,SimV3C-NQ-2B,NQ V3C Compression Clean B,NQ V3C Compression Clean B,,NQ,NQ JUN26,LONG,1,28068.5,28078.0,190.0,190.0,38.0,WIN,Profit target,,,2026-05-06 10:03:06,C:\Users\Valued Customer\NT8_Regimes\V3C\TradeLog\SimV3C_NQ_2B_TradeLog.csv,2026-05-05 10:01:27,V3C Compression,TREND_COMPRESSION,2026-05-05 10:01:21,TREND_COMPRESSION,TREND_COMPRESSION,BALANCE_STRUCTURE,ROTATION_ILLIQUID,TrendUp,PRE_DECISION,64,BRACKET_MACRO_WITH_INITIATIVE_EVIDENCE,True,False,True,True,False,False,True,HYST_PASSED_TRENDUP_MACRO_CONFIRM,0.1,TREND_COMPRESSION,IN_LANE,IN_LANE
2026-05-05,2026-05-05 10:01:34,2026-05-05 10:01:47,V3C,SimV3C-NQ-2A,NQ VC3-A Compression Fast ,NQ VC3-A Compression Fast ,,NQ,NQ JUN26,LONG,1,28068.5,28084.75,325.0,325.0,65.0,WIN,Profit target,,,2026-05-06 10:03:09,C:\Users\Valued Customer\NT8_Regimes\V3C\TradeLog\SimV3C_NQ_2A_TradeLog.csv,2026-05-05 10:01:34,V3C Compression,TREND_COMPRESSION,2026-05-05 10:01:31,TREND_COMPRESSION,TREND_COMPRESSION,BALANCE_STRUCTURE,ROTATION_ILLIQUID,TrendUp,PRE_DECISION,64,BRACKET_MACRO_WITH_INITIATIVE_EVIDENCE,True,False,True,True,False,False,True,HYST_PASSED_TRENDUP_MACRO_CONFIRM,0.05,TREND_COMPRESSION,IN_LANE,IN_LANE
2026-05-05,2026-05-05 10:13:13,2026-05-05 10:13:13,V3C,SimV3C-NQ-2B,NQ V3C Compression Clean B,NQ V3C Compression Clean B,,NQ,NQ JUN26,LONG,1,28084.5,28094.0,190.0,190.0,38.0,WIN,Profit target,,,2026-05-06 10:03:06,C:\Users\Valued Customer\NT8_Regimes\V3C\TradeLog\SimV3C_NQ_2B_TradeLog.csv,2026-05-05 10:13:13,V3C Compression,TREND_COMPRESSION,2026-05-05 10:11:11,TREND_COMPRESSION,TREND_COMPRESSION,BRACKET_MACRO,ROTATION_ILLIQUID,TrendUp,PRE_IB_MATURATION,69,DEVELOPING_INITIATIVE_PHASE_AWARE,True,False,True,True,False,False,True,HYST_PASSED_NQ_TRENDUP_NO_MACRO_2BAR,2.033333333333333,TREND_COMPRESSION,IN_LANE,IN_LANE
2026-05-05,2026-05-05 10:13:41,2026-05-05 10:13:41,V3C,SimV3C-NQ-2B,NQ V3C Compression Clean B,NQ V3C Compression Clean B,,NQ,NQ JUN26,LONG,1,28064.5,28073.75,185.0,185.0,37.0,WIN,Profit target,,,2026-05-06 10:03:06,C:\Users\Valued Customer\NT8_Regimes\V3C\TradeLog\SimV3C_NQ_2B_TradeLog.csv,2026-05-05 10:13:41,V3C Compression,TREND_COMPRESSION,2026-05-05 10:11:11,TREND_COMPRESSION,TREND_COMPRESSION,BRACKET_MACRO,ROTATION_ILLIQUID,TrendUp,PRE_IB_MATURATION,69,DEVELOPING_INITIATIVE_PHASE_AWARE,True,False,True,True,False,False,True,HYST_PASSED_NQ_TRENDUP_NO_MACRO_2BAR,2.5,TREND_COMPRESSION,IN_LANE,IN_LANE
2026-05-05,2026-05-05 10:13:43,2026-05-05 10:14:34,V3C,SimV3C-NQ-2A,NQ VC3-A Compression Fast ,NQ VC3-A Compression Fast ,,NQ,NQ JUN26,LONG,1,28063.5,28047.5,-320.0,-320.0,-64.0,LOSS,Stop loss,,,2026-05-06 10:03:09,C:\Users\Valued Customer\NT8_Regimes\V3C\TradeLog\SimV3C_NQ_2A_TradeLog.csv,2026-05-05 10:13:43,V3C Compression,TREND_COMPRESSION,2026-05-05 10:11:11,TREND_COMPRESSION,TREND_COMPRESSION,BRACKET_MACRO,ROTATION_ILLIQUID,TrendUp,PRE_IB_MATURATION,69,DEVELOPING_INITIATIVE_PHASE_AWARE,True,False,True,True,False,False,True,HYST_PASSED_NQ_TRENDUP_NO_MACRO_2BAR,2.533333333333333,TREND_COMPRESSION,IN_LANE,IN_LANE
2026-05-05,2026-05-05 10:14:10,2026-05-05 10:14:21,V3C,SimV3C-NQ-2B,NQ V3C Compression Clean B,NQ V3C Compression Clean B,,NQ,NQ JUN26,LONG,1,28060.5,28051.0,-190.0,-190.0,-38.0,LOSS,Stop loss,,,2026-05-06 10:03:06,C:\Users\Valued Customer\NT8_Regimes\V3C\TradeLog\SimV3C_NQ_2B_TradeLog.csv,2026-05-05 10:14:10,V3C Compression,TREND_COMPRESSION,2026-05-05 10:11:11,TREND_COMPRESSION,TREND_COMPRESSION,BRACKET_MACRO,ROTATION_ILLIQUID,TrendUp,PRE_IB_MATURATION,69,DEVELOPING_INITIATIVE_PHASE_AWARE,True,False,True,True,False,False,True,HYST_PASSED_NQ_TRENDUP_NO_MACRO_2BAR,2.9833333333333334,TREND_COMPRESSION,IN_LANE,IN_LANE
2026-05-05,2026-05-05 10:15:46,2026-05-05 10:15:46,V3C,SimV3C-NQ-2B,NQ V3C Compression Clean B,NQ V3C Compression Clean B,,NQ,NQ JUN26,LONG,1,28044.5,28054.0,190.0,190.0,38.0,WIN,Profit target,,,2026-05-06 10:03:06,C:\Users\Valued Customer\NT8_Regimes\V3C\TradeLog\SimV3C_NQ_2B_TradeLog.csv,2026-05-05 10:15:46,V3C Compression,TREND_COMPRESSION,2026-05-05 10:11:11,TREND_COMPRESSION,TREND_COMPRESSION,BRACKET_MACRO,ROTATION_ILLIQUID,TrendUp,PRE_IB_MATURATION,69,DEVELOPING_INITIATIVE_PHASE_AWARE,True,False,True,True,False,False,True,HYST_PASSED_NQ_TRENDUP_NO_MACRO_2BAR,4.583333333333333,TREND_COMPRESSION,IN_LANE,IN_LANE
2026-05-05,2026-05-05 10:15:47,2026-05-05 10:16:18,V3C,SimV3C-NQ-2A,NQ VC3-A Compression Fast ,NQ VC3-A Compression Fast ,,NQ,NQ JUN26,LONG,1,28043.5,28059.25,315.0,315.0,63.0,WIN,Profit target,,,2026-05-06 10:03:09,C:\Users\Valued Customer\NT8_Regimes\V3C\TradeLog\SimV3C_NQ_2A_TradeLog.csv,2026-05-05 10:15:47,V3C Compression,TREND_COMPRESSION,2026-05-05 10:11:11,TREND_COMPRESSION,TREND_COMPRESSION,BRACKET_MACRO,ROTATION_ILLIQUID,TrendUp,PRE_IB_MATURATION,69,DEVELOPING_INITIATIVE_PHASE_AWARE,True,False,True,True,False,False,True,HYST_PASSED_NQ_TRENDUP_NO_MACRO_2BAR,4.6,TREND_COMPRESSION,IN_LANE,IN_LANE
2026-05-05,2026-05-05 10:16:58,2026-05-05 10:16:58,V3C,SimV3C-NQ-2B,NQ V3C Compression Clean B,NQ V3C Compression Clean B,,NQ,NQ JUN26,LONG,1,28048.5,28058.0,190.0,190.0,38.0,WIN,Profit target,,,2026-05-06 10:03:06,C:\Users\Valued Customer\NT8_Regimes\V3C\TradeLog\SimV3C_NQ_2B_TradeLog.csv,2026-05-05 10:16:58,V3C Compression,TREND_COMPRESSION,2026-05-05 10:16:01,TRANSITION,TRANSITION,BRACKET_MACRO,ROTATION_ILLIQUID,TrendUp,PRE_IB_MATURATION,50,NO_CLEAR_STAGE_C_ALIGNMENT,False,False,False,False,False,False,True,HYST_PASSED_NQ_TRENDUP_NO_MACRO_2BAR,0.95,TRANSITION,OUT_OF_LANE,OUT_LEADIN_TRANSITION_ROT_ILLIQUID
2026-05-05,2026-05-05 10:16:58,2026-05-05 10:17:09,V3C,SimV3C-NQ-2A,NQ VC3-A Compression Fast ,NQ VC3-A Compression Fast ,,NQ,NQ JUN26,LONG,1,28048.5,28064.5,320.0,320.0,64.0,WIN,Profit target,,,2026-05-06 10:03:09,C:\Users\Valued Customer\NT8_Regimes\V3C\TradeLog\SimV3C_NQ_2A_TradeLog.csv,2026-05-05 10:16:58,V3C Compression,TREND_COMPRESSION,2026-05-05 10:16:01,TRANSITION,TRANSITION,BRACKET_MACRO,ROTATION_ILLIQUID,TrendUp,PRE_IB_MATURATION,50,NO_CLEAR_STAGE_C_ALIGNMENT,False,False,False,False,False,False,True,HYST_PASSED_NQ_TRENDUP_NO_MACRO_2BAR,0.95,TRANSITION,OUT_OF_LANE,OUT_LEADIN_TRANSITION_ROT_ILLIQUID
2026-05-05,2026-05-05 10:18:29,2026-05-05 10:18:30,V3C,SimV3C-NQ-2A,NQ VC3-A Compression Fast ,NQ VC3-A Compression Fast ,,NQ,NQ JUN26,LONG,1,28043.5,28059.25,315.0,315.0,63.0,WIN,Profit target,,,2026-05-06 10:03:09,C:\Users\Valued Customer\NT8_Regimes\V3C\TradeLog\SimV3C_NQ_2A_TradeLog.csv,2026-05-05 10:18:29,V3C Compression,TREND_COMPRESSION,2026-05-05 10:17:28,TRANSITION,ROTATION_ILLIQUID,BRACKET_MACRO,ROTATION_ILLIQUID,TrendUp,PRE_IB_MATURATION,62,COMPRESSED_BALANCE_LOW_EDGE,False,False,False,False,False,False,False,HYST_BLOCK_NQ_TRENDUP_NO_MACRO_AGE_1,1.0166666666666666,TRANSITION,OUT_OF_LANE,OUT_LEADIN_TRANSITION_ROT_ILLIQUID
2026-05-05,2026-05-05 10:18:30,2026-05-05 10:18:30,V3C,SimV3C-NQ-2B,NQ V3C Compression Clean B,NQ V3C Compression Clean B,,NQ,NQ JUN26,LONG,1,28048.5,28057.75,185.0,185.0,37.0,WIN,Profit target,,,2026-05-06 10:03:06,C:\Users\Valued Customer\NT8_Regimes\V3C\TradeLog\SimV3C_NQ_2B_TradeLog.csv,2026-05-05 10:18:30,V3C Compression,TREND_COMPRESSION,2026-05-05 10:17:28,TRANSITION,ROTATION_ILLIQUID,BRACKET_MACRO,ROTATION_ILLIQUID,TrendUp,PRE_IB_MATURATION,62,COMPRESSED_BALANCE_LOW_EDGE,False,False,False,False,False,False,False,HYST_BLOCK_NQ_TRENDUP_NO_MACRO_AGE_1,1.0333333333333334,TRANSITION,OUT_OF_LANE,OUT_LEADIN_TRANSITION_ROT_ILLIQUID
2026-05-05,2026-05-05 10:18:48,2026-05-05 10:19:09,V3C,SimV3C-NQ-2A,NQ VC3-A Compression Fast ,NQ VC3-A Compression Fast ,,NQ,NQ JUN26,LONG,1,28038.5,28054.25,315.0,315.0,63.0,WIN,Profit target,,,2026-05-06 10:03:09,C:\Users\Valued Customer\NT8_Regimes\V3C\TradeLog\SimV3C_NQ_2A_TradeLog.csv,2026-05-05 10:18:48,V3C Compression,TREND_COMPRESSION,2026-05-05 10:17:28,TRANSITION,ROTATION_ILLIQUID,BRACKET_MACRO,ROTATION_ILLIQUID,TrendUp,PRE_IB_MATURATION,62,COMPRESSED_BALANCE_LOW_EDGE,False,False,False,False,False,False,False,HYST_BLOCK_NQ_TRENDUP_NO_MACRO_AGE_1,1.3333333333333333,TRANSITION,OUT_OF_LANE,OUT_LEADIN_TRANSITION_ROT_ILLIQUID
2026-05-05,2026-05-05 10:18:48,2026-05-05 10:18:48,V3C,SimV3C-NQ-2B,NQ V3C Compression Clean B,NQ V3C Compression Clean B,,NQ,NQ JUN26,LONG,1,28040.5,28050.0,190.0,190.0,38.0,WIN,Profit target,,,2026-05-06 10:03:06,C:\Users\Valued Customer\NT8_Regimes\V3C\TradeLog\SimV3C_NQ_2B_TradeLog.csv,2026-05-05 10:18:48,V3C Compression,TREND_COMPRESSION,2026-05-05 10:17:28,TRANSITION,ROTATION_ILLIQUID,BRACKET_MACRO,ROTATION_ILLIQUID,TrendUp,PRE_IB_MATURATION,62,COMPRESSED_BALANCE_LOW_EDGE,False,False,False,False,False,False,False,HYST_BLOCK_NQ_TRENDUP_NO_MACRO_AGE_1,1.3333333333333333,TRANSITION,OUT_OF_LANE,OUT_LEADIN_TRANSITION_ROT_ILLIQUID
2026-05-05,2026-05-05 10:20:09,2026-05-05 10:20:09,V3C,SimV3C-NQ-2B,NQ V3C Compression Clean B,NQ V3C Compression Clean B,,NQ,NQ JUN26,LONG,1,28048.5,28058.0,190.0,190.0,38.0,WIN,Profit target,,,2026-05-06 10:03:06,C:\Users\Valued Customer\NT8_Regimes\V3C\TradeLog\SimV3C_NQ_2B_TradeLog.csv,2026-05-05 10:20:09,V3C Compression,TREND_COMPRESSION,2026-05-05 10:17:28,TRANSITION,ROTATION_ILLIQUID,BRACKET_MACRO,ROTATION_ILLIQUID,TrendUp,PRE_IB_MATURATION,62,COMPRESSED_BALANCE_LOW_EDGE,False,False,False,False,False,False,False,HYST_BLOCK_NQ_TRENDUP_NO_MACRO_AGE_1,2.683333333333333,TRANSITION,OUT_OF_LANE,OUT_LEADIN_TRANSITION_ROT_ILLIQUID
2026-05-05,2026-05-05 10:22:10,2026-05-05 10:22:44,V3C,SimV3C-NQ-2C,NQ V3C Compression Sniper C 20-40-60,NQ V3C Compression Sniper C 20-40-60,,NQ,NQ JUN26,LONG,1,28048.5,28082.5,680.0,680.0,136.0,WIN,Profit target,,,2026-05-06 10:03:07,C:\Users\Valued Customer\NT8_Regimes\V3C\TradeLog\SimV3C_NQ_2C_TradeLog.csv,2026-05-05 10:22:10,V3C Compression,TREND_COMPRESSION,2026-05-05 10:20:53,ROTATION_ILLIQUID,ROTATION_ILLIQUID,BRACKET_MACRO,ROTATION_ILLIQUID,TrendUp,PRE_IB_MATURATION,62,COMPRESSED_BALANCE_LOW_EDGE,False,False,False,False,False,False,False,HYST_BLOCK_NQ_TRENDUP_NO_MACRO_AGE_1,1.2833333333333334,ROTATION_ILLIQUID,OUT_OF_LANE,OUT_LEADIN_TRANSITION_ROT_ILLIQUID
2026-05-05,2026-05-05 10:35:13,2026-05-05 10:35:14,V1B,SimV1A - Kalman Fader 2,KalmanPulse Fader Mode A+,KalmanPulse_Fader_B,B,NQ,NQ JUN26,SHORT,2,28128.25,28128.25,0.0,0.0,0.0,LOSS,ENVELOPE_BREAK_EXIT,28131.5,130.0,2026-05-05 10:35:14,C:\Users\Valued Customer\NT8_Regimes\V1B\TradeLog\KalmanPulse_Fader_B_TradeLog.csv,2026-05-05 10:35:13,Kalman Faders,ROTATION_LIQUID,2026-05-05 10:35:13,TREND_COMPRESSION,TREND_COMPRESSION,BRACKET_MACRO,ROTATION_ILLIQUID,TrendDown,NEAR_IB_CONDITION,61,BRACKET_MACRO_WITH_INITIATIVE_EVIDENCE,False,False,False,False,False,False,False,HYST_BLOCK_TRENDDOWN_AGE_1_OF_2,0.0,TREND_COMPRESSION,OUT_OF_LANE,OUT_OF_LANE
2026-05-05,2026-05-05 10:35:44,2026-05-05 10:35:44,V1B,SimV1A - Kalman Fader 2,KalmanPulse Fader Mode A+,KalmanPulse_Fader_B,B,NQ,NQ JUN26,SHORT,2,28129.5,28130.75,-50.0,-50.0,-10.0,LOSS,ENVELOPE_BREAK_EXIT,28134.5,200.0,2026-05-05 10:35:44,C:\Users\Valued Customer\NT8_Regimes\V1B\TradeLog\KalmanPulse_Fader_B_TradeLog.csv,2026-05-05 10:35:44,Kalman Faders,ROTATION_LIQUID,2026-05-05 10:35:13,TREND_COMPRESSION,TREND_COMPRESSION,BRACKET_MACRO,ROTATION_ILLIQUID,TrendDown,NEAR_IB_CONDITION,61,BRACKET_MACRO_WITH_INITIATIVE_EVIDENCE,False,False,False,False,False,False,False,HYST_BLOCK_TRENDDOWN_AGE_1_OF_2,0.5166666666666667,TREND_COMPRESSION,OUT_OF_LANE,OUT_OF_LANE
2026-05-05,2026-05-05 10:36:03,2026-05-05 10:36:04,V1B,SimV1A - Kalman Fader 2,KalmanPulse Fader Mode A+,KalmanPulse_Fader_B,B,NQ,NQ JUN26,SHORT,2,28129.63,28131.5,-75.0,-75.0,-15.0,LOSS,ENVELOPE_BREAK_EXIT,28134.0,175.0,2026-05-05 10:36:04,C:\Users\Valued Customer\NT8_Regimes\V1B\TradeLog\KalmanPulse_Fader_B_TradeLog.csv,2026-05-05 10:36:03,Kalman Faders,ROTATION_LIQUID,2026-05-05 10:35:13,TREND_COMPRESSION,TREND_COMPRESSION,BRACKET_MACRO,ROTATION_ILLIQUID,TrendDown,NEAR_IB_CONDITION,61,BRACKET_MACRO_WITH_INITIATIVE_EVIDENCE,False,False,False,False,False,False,False,HYST_BLOCK_TRENDDOWN_AGE_1_OF_2,0.8333333333333334,TREND_COMPRESSION,OUT_OF_LANE,OUT_OF_LANE
2026-05-05,2026-05-05 10:41:48,2026-05-05 10:41:53,V1B,SimV1A - Kalman Fader 2,KalmanPulse Fader Mode A+,KalmanPulse_Fader_B,B,NQ,NQ JUN26,SHORT,2,28101.0,28104.0,-120.0,-120.0,-24.0,LOSS,ENVELOPE_BREAK_EXIT,28107.25,250.0,2026-05-06 10:02:51,C:\Users\Valued Customer\NT8_Regimes\V1B\TradeLog\KalmanPulse_Fader_B_TradeLog.csv,2026-05-05 10:41:48,Kalman Faders,ROTATION_LIQUID,2026-05-05 10:36:49,TREND_COMPRESSION,TREND_COMPRESSION,BRACKET_MACRO,ROTATION_ILLIQUID,TrendUp,POST_IB_MACRO,67,DEVELOPING_INITIATIVE_PHASE_AWARE,False,False,False,False,False,False,False,HYST_BLOCK_NQ_TRENDUP_NO_MACRO_AGE_1,4.983333333333333,TREND_COMPRESSION,OUT_OF_LANE,OUT_OF_LANE
2026-05-05,2026-05-05 10:43:12,2026-05-05 10:43:12,V3C,SimV3C-NQ-2B,NQ V3C Compression Clean B,NQ V3C Compression Clean B,,NQ,NQ JUN26,LONG,1,28100.5,28109.75,185.0,185.0,37.0,WIN,Profit target,,,2026-05-06 10:03:06,C:\Users\Valued Customer\NT8_Regimes\V3C\TradeLog\SimV3C_NQ_2B_TradeLog.csv,2026-05-05 10:43:12,V3C Compression,TREND_COMPRESSION,2026-05-05 10:36:49,TREND_COMPRESSION,TREND_COMPRESSION,BRACKET_MACRO,ROTATION_ILLIQUID,TrendUp,POST_IB_MACRO,67,DEVELOPING_INITIATIVE_PHASE_AWARE,False,False,False,False,False,False,False,HYST_BLOCK_NQ_TRENDUP_NO_MACRO_AGE_1,6.383333333333334,TREND_COMPRESSION,IN_LANE,IN_LANE
2026-05-05,2026-05-05 10:43:12,2026-05-05 10:43:58,V3C,SimV3C-NQ-2A,NQ VC3-A Compression Fast ,NQ VC3-A Compression Fast ,,NQ,NQ JUN26,LONG,1,28098.5,28114.0,310.0,310.0,62.0,WIN,Profit target,,,2026-05-06 10:03:09,C:\Users\Valued Customer\NT8_Regimes\V3C\TradeLog\SimV3C_NQ_2A_TradeLog.csv,2026-05-05 10:43:12,V3C Compression,TREND_COMPRESSION,2026-05-05 10:36:49,TREND_COMPRESSION,TREND_COMPRESSION,BRACKET_MACRO,ROTATION_ILLIQUID,TrendUp,POST_IB_MACRO,67,DEVELOPING_INITIATIVE_PHASE_AWARE,False,False,False,False,False,False,False,HYST_BLOCK_NQ_TRENDUP_NO_MACRO_AGE_1,6.383333333333334,TREND_COMPRESSION,IN_LANE,IN_LANE
2026-05-05,2026-05-05 10:46:02,2026-05-05 10:48:56,V3C,SimV3C-NQ-2A,NQ VC3-A Compression Fast ,NQ VC3-A Compression Fast ,,NQ,NQ JUN26,LONG,1,28088.5,28104.0,310.0,310.0,62.0,WIN,Profit target,,,2026-05-06 10:03:09,C:\Users\Valued Customer\NT8_Regimes\V3C\TradeLog\SimV3C_NQ_2A_TradeLog.csv,2026-05-05 10:46:02,V3C Compression,TREND_COMPRESSION,2026-05-05 10:36:49,TREND_COMPRESSION,TREND_COMPRESSION,BRACKET_MACRO,ROTATION_ILLIQUID,TrendUp,POST_IB_MACRO,67,DEVELOPING_INITIATIVE_PHASE_AWARE,False,False,False,False,False,False,False,HYST_BLOCK_NQ_TRENDUP_NO_MACRO_AGE_1,9.216666666666667,TREND_COMPRESSION,IN_LANE,IN_LANE
2026-05-05,2026-05-05 10:46:03,2026-05-05 10:47:57,V3C,SimV3C-NQ-2B,NQ V3C Compression Clean B,NQ V3C Compression Clean B,,NQ,NQ JUN26,LONG,1,28092.5,28083.25,-185.0,-185.0,-37.0,LOSS,Stop loss,,,2026-05-06 10:03:06,C:\Users\Valued Customer\NT8_Regimes\V3C\TradeLog\SimV3C_NQ_2B_TradeLog.csv,2026-05-05 10:46:03,V3C Compression,TREND_COMPRESSION,2026-05-05 10:36:49,TREND_COMPRESSION,TREND_COMPRESSION,BRACKET_MACRO,ROTATION_ILLIQUID,TrendUp,POST_IB_MACRO,67,DEVELOPING_INITIATIVE_PHASE_AWARE,False,False,False,False,False,False,False,HYST_BLOCK_NQ_TRENDUP_NO_MACRO_AGE_1,9.233333333333333,TREND_COMPRESSION,IN_LANE,IN_LANE
2026-05-05,2026-05-05 10:46:21,2026-05-05 10:46:24,V1B,SimV1A - Kalman Fader 2,KalmanPulse Fader Mode A+,KalmanPulse_Fader_B,B,NQ,NQ JUN26,SHORT,2,28094.5,28095.5,-40.0,-40.0,-8.0,LOSS,ENVELOPE_BREAK_EXIT,28100.75,250.0,2026-05-06 10:02:51,C:\Users\Valued Customer\NT8_Regimes\V1B\TradeLog\KalmanPulse_Fader_B_TradeLog.csv,2026-05-05 10:46:21,Kalman Faders,ROTATION_LIQUID,2026-05-05 10:36:49,TREND_COMPRESSION,TREND_COMPRESSION,BRACKET_MACRO,ROTATION_ILLIQUID,TrendUp,POST_IB_MACRO,67,DEVELOPING_INITIATIVE_PHASE_AWARE,False,False,False,False,False,False,False,HYST_BLOCK_NQ_TRENDUP_NO_MACRO_AGE_1,9.533333333333333,TREND_COMPRESSION,OUT_OF_LANE,OUT_OF_LANE
2026-05-05,2026-05-05 10:48:21,2026-05-05 10:48:21,V3C,SimV3C-NQ-2B,NQ V3C Compression Clean B,NQ V3C Compression Clean B,,NQ,NQ JUN26,LONG,1,28088.5,28098.0,190.0,190.0,38.0,WIN,Profit target,,,2026-05-06 10:03:06,C:\Users\Valued Customer\NT8_Regimes\V3C\TradeLog\SimV3C_NQ_2B_TradeLog.csv,2026-05-05 10:48:21,V3C Compression,TREND_COMPRESSION,2026-05-05 10:46:39,TRANSITION,TRANSITION,BRACKET_MACRO,ROTATION_ILLIQUID,TrendUp,POST_IB_MACRO,50,NO_CLEAR_STAGE_C_ALIGNMENT,False,False,False,False,False,False,True,HYST_PASSED_NQ_TRENDUP_NO_MACRO_2BAR,1.7,TRANSITION,OUT_OF_LANE,OUT_LEADIN_TRANSITION_ROT_ILLIQUID
2026-05-05,2026-05-05 10:52:51,2026-05-05 10:52:51,V3C,SimV3C-NQ-2B,NQ V3C Compression Clean B,NQ V3C Compression Clean B,,NQ,NQ JUN26,LONG,1,28084.5,28094.0,190.0,190.0,38.0,WIN,Profit target,,,2026-05-06 10:03:06,C:\Users\Valued Customer\NT8_Regimes\V3C\TradeLog\SimV3C_NQ_2B_TradeLog.csv,2026-05-05 10:52:51,V3C Compression,TREND_COMPRESSION,2026-05-05 10:46:39,TRANSITION,TRANSITION,BRACKET_MACRO,ROTATION_ILLIQUID,TrendUp,POST_IB_MACRO,50,NO_CLEAR_STAGE_C_ALIGNMENT,False,False,False,False,False,False,True,HYST_PASSED_NQ_TRENDUP_NO_MACRO_2BAR,6.2,TRANSITION,OUT_OF_LANE,OUT_LEADIN_TRANSITION_ROT_ILLIQUID
2026-05-05,2026-05-05 10:54:16,2026-05-05 10:54:51,V3C,SimV3C-NQ-2A,NQ VC3-A Compression Fast ,NQ VC3-A Compression Fast ,,NQ,NQ JUN26,LONG,1,28088.5,28104.25,315.0,315.0,63.0,WIN,Profit target,,,2026-05-06 10:03:09,C:\Users\Valued Customer\NT8_Regimes\V3C\TradeLog\SimV3C_NQ_2A_TradeLog.csv,2026-05-05 10:54:16,V3C Compression,TREND_COMPRESSION,2026-05-05 10:46:39,TRANSITION,TRANSITION,BRACKET_MACRO,ROTATION_ILLIQUID,TrendUp,POST_IB_MACRO,50,NO_CLEAR_STAGE_C_ALIGNMENT,False,False,False,False,False,False,True,HYST_PASSED_NQ_TRENDUP_NO_MACRO_2BAR,7.616666666666666,TRANSITION,OUT_OF_LANE,OUT_LEADIN_TRANSITION_ROT_ILLIQUID
2026-05-05,2026-05-05 10:55:00,2026-05-05 11:04:47,V3C,SimV3C-NQ-2C,NQ V3C Compression Sniper C 20-40-60,NQ V3C Compression Sniper C 20-40-60,,NQ,NQ JUN26,LONG,1,28088.5,28120.75,645.0,645.0,129.0,WIN,Profit target,,,2026-05-06 10:03:07,C:\Users\Valued Customer\NT8_Regimes\V3C\TradeLog\SimV3C_NQ_2C_TradeLog.csv,2026-05-05 10:55:00,V3C Compression,TREND_COMPRESSION,2026-05-05 10:46:39,TRANSITION,TRANSITION,BRACKET_MACRO,ROTATION_ILLIQUID,TrendUp,POST_IB_MACRO,50,NO_CLEAR_STAGE_C_ALIGNMENT,False,False,False,False,False,False,True,HYST_PASSED_NQ_TRENDUP_NO_MACRO_2BAR,8.35,TRANSITION,OUT_OF_LANE,OUT_LEADIN_TRANSITION_ROT_ILLIQUID
2026-05-05,2026-05-05 11:01:58,2026-05-05 11:01:58,V3C,SimV3C-NQ-2B,NQ V3C Compression Clean B,NQ V3C Compression Clean B,,NQ,NQ JUN26,LONG,1,28092.5,28101.75,185.0,185.0,37.0,WIN,Profit target,,,2026-05-06 10:03:06,C:\Users\Valued Customer\NT8_Regimes\V3C\TradeLog\SimV3C_NQ_2B_TradeLog.csv,2026-05-05 11:01:58,V3C Compression,TREND_COMPRESSION,2026-05-05 10:56:18,TREND_COMPRESSION,TREND_COMPRESSION,BRACKET_MACRO,ROTATION_ILLIQUID,TrendUp,POST_IB_MACRO,66,MICRO_TREND_INSIDE_MACRO_STRUCTURE,True,False,True,True,False,False,True,HYST_PASSED_NQ_TRENDUP_NO_MACRO_2BAR,5.666666666666667,TREND_COMPRESSION,IN_LANE,IN_LANE
2026-05-05,2026-05-05 11:02:53,2026-05-05 11:03:46,V3C,SimV3C-NQ-2A,NQ VC3-A Compression Fast ,NQ VC3-A Compression Fast ,,NQ,NQ JUN26,LONG,1,28093.5,28109.25,315.0,315.0,63.0,WIN,Profit target,,,2026-05-06 10:03:09,C:\Users\Valued Customer\NT8_Regimes\V3C\TradeLog\SimV3C_NQ_2A_TradeLog.csv,2026-05-05 11:02:53,V3C Compression,TREND_COMPRESSION,2026-05-05 10:56:18,TREND_COMPRESSION,TREND_COMPRESSION,BRACKET_MACRO,ROTATION_ILLIQUID,TrendUp,POST_IB_MACRO,66,MICRO_TREND_INSIDE_MACRO_STRUCTURE,True,False,True,True,False,False,True,HYST_PASSED_NQ_TRENDUP_NO_MACRO_2BAR,6.583333333333333,TREND_COMPRESSION,IN_LANE,IN_LANE
2026-05-05,2026-05-05 11:07:00,2026-05-05 11:07:00,V1B,SimV1A - Kalman Fader 2,KalmanPulse Fader Mode A+,KalmanPulse_Fader_B,B,NQ,NQ JUN26,SHORT,2,28119.5,28131.5,-480.0,-480.0,-96.0,LOSS,STOP_HIT,28131.5,480.0,2026-05-06 13:41:20,C:\Users\Valued Customer\NT8_Regimes\V1B\TradeLog\KalmanPulse_Fader_B_TradeLog.csv,2026-05-05 11:07:00,Kalman Faders,ROTATION_LIQUID,2026-05-05 11:05:59,TREND_COMPRESSION,TREND_COMPRESSION,BRACKET_MACRO,ROTATION_ILLIQUID,TrendUp,MID_MORNING_DISCOVERY,72,DEVELOPING_INITIATIVE_PHASE_AWARE,True,False,True,True,False,False,True,HYST_PASSED_NQ_TRENDUP_NO_MACRO_2BAR,1.0166666666666666,TREND_COMPRESSION,OUT_OF_LANE,OUT_OF_LANE
2026-05-05,2026-05-05 11:07:00,2026-05-05 11:07:00,V1B,SimV1A - Kalman Fader 2,KalmanPulse Fader Mode A+,KalmanPulse_Fader_B,B,NQ,NQ JUN26,SHORT,2,28119.5,28131.5,-480.0,-480.0,-96.0,LOSS,STOP_HIT,28131.5,480.0,2026-05-06 13:36:25,C:\Users\Valued Customer\NT8_Regimes\V1B\TradeLog\KalmanPulse_Fader_B_TradeLog.csv,2026-05-05 11:07:00,Kalman Faders,ROTATION_LIQUID,2026-05-05 11:05:59,TREND_COMPRESSION,TREND_COMPRESSION,BRACKET_MACRO,ROTATION_ILLIQUID,TrendUp,MID_MORNING_DISCOVERY,72,DEVELOPING_INITIATIVE_PHASE_AWARE,True,False,True,True,False,False,True,HYST_PASSED_NQ_TRENDUP_NO_MACRO_2BAR,1.0166666666666666,TREND_COMPRESSION,OUT_OF_LANE,OUT_OF_LANE
2026-05-05,2026-05-05 11:07:00,2026-05-05 11:07:00,V1B,SimV1A - Kalman Fader 2,KalmanPulse Fader Mode A+,KalmanPulse_Fader_B,B,NQ,NQ JUN26,SHORT,2,28119.5,28131.5,-480.0,-480.0,-96.0,LOSS,STOP_HIT,28131.5,480.0,2026-05-06 12:22:55,C:\Users\Valued Customer\NT8_Regimes\V1B\TradeLog\KalmanPulse_Fader_B_TradeLog.csv,2026-05-05 11:07:00,Kalman Faders,ROTATION_LIQUID,2026-05-05 11:05:59,TREND_COMPRESSION,TREND_COMPRESSION,BRACKET_MACRO,ROTATION_ILLIQUID,TrendUp,MID_MORNING_DISCOVERY,72,DEVELOPING_INITIATIVE_PHASE_AWARE,True,False,True,True,False,False,True,HYST_PASSED_NQ_TRENDUP_NO_MACRO_2BAR,1.0166666666666666,TREND_COMPRESSION,OUT_OF_LANE,OUT_OF_LANE
2026-05-05,2026-05-05 11:07:00,2026-05-05 11:08:00,V1B,SimV1A - Kalman Fader 2,KalmanPulse Fader Mode A+,KalmanPulse_Fader_B,B,NQ,NQ JUN26,SHORT,2,28119.5,28129.75,-410.0,-410.0,-82.0,LOSS,ENVELOPE_BREAK_EXIT,28146.0,1060.0,2026-05-06 10:55:15,C:\Users\Valued Customer\NT8_Regimes\V1B\TradeLog\KalmanPulse_Fader_B_TradeLog.csv,2026-05-05 11:07:00,Kalman Faders,ROTATION_LIQUID,2026-05-05 11:05:59,TREND_COMPRESSION,TREND_COMPRESSION,BRACKET_MACRO,ROTATION_ILLIQUID,TrendUp,MID_MORNING_DISCOVERY,72,DEVELOPING_INITIATIVE_PHASE_AWARE,True,False,True,True,False,False,True,HYST_PASSED_NQ_TRENDUP_NO_MACRO_2BAR,1.0166666666666666,TREND_COMPRESSION,OUT_OF_LANE,OUT_OF_LANE
2026-05-05,2026-05-05 11:07:00,2026-05-05 11:07:00,V1B,SimV1A - Kalman Fader 2,KalmanPulse Fader Mode A+,KalmanPulse_Fader_B,A,NQ,NQ JUN26,SHORT,2,28119.5,28131.5,-480.0,-480.0,-96.0,LOSS,STOP_HIT,28131.5,480.0,2026-05-06 13:43:35,C:\Users\Valued Customer\NT8_Regimes\V1B\TradeLog\KalmanPulse_Fader_B_TradeLog.csv,2026-05-05 11:07:00,Kalman Faders,ROTATION_LIQUID,2026-05-05 11:05:59,TREND_COMPRESSION,TREND_COMPRESSION,BRACKET_MACRO,ROTATION_ILLIQUID,TrendUp,MID_MORNING_DISCOVERY,72,DEVELOPING_INITIATIVE_PHASE_AWARE,True,False,True,True,False,False,True,HYST_PASSED_NQ_TRENDUP_NO_MACRO_2BAR,1.0166666666666666,TREND_COMPRESSION,OUT_OF_LANE,OUT_OF_LANE
2026-05-05,2026-05-05 11:15:00,2026-05-05 11:16:00,V1B,SimV1A - Kalman Fader 2,KalmanPulse Fader Mode A+,KalmanPulse_Fader_B,B,NQ,NQ JUN26,SHORT,2,28125.25,28132.0,-270.0,-270.0,-54.0,LOSS,ENVELOPE_BREAK_EXIT,28150.25,1000.0,2026-05-06 10:55:15,C:\Users\Valued Customer\NT8_Regimes\V1B\TradeLog\KalmanPulse_Fader_B_TradeLog.csv,2026-05-05 11:15:00,Kalman Faders,ROTATION_LIQUID,2026-05-05 11:05:59,TREND_COMPRESSION,TREND_COMPRESSION,BRACKET_MACRO,ROTATION_ILLIQUID,TrendUp,MID_MORNING_DISCOVERY,72,DEVELOPING_INITIATIVE_PHASE_AWARE,True,False,True,True,False,False,True,HYST_PASSED_NQ_TRENDUP_NO_MACRO_2BAR,9.016666666666667,TREND_COMPRESSION,OUT_OF_LANE,OUT_OF_LANE
2026-05-05,2026-05-05 11:29:59,2026-05-05 11:29:59,V3C,SimV3C-NQ-2B,NQ V3C Compression Clean B,NQ V3C Compression Clean B,,NQ,NQ JUN26,LONG,1,28120.5,28130.0,190.0,190.0,38.0,WIN,Profit target,,,2026-05-06 10:03:06,C:\Users\Valued Customer\NT8_Regimes\V3C\TradeLog\SimV3C_NQ_2B_TradeLog.csv,2026-05-05 11:29:59,V3C Compression,TREND_COMPRESSION,2026-05-05 11:26:52,TREND_COMPRESSION,TREND_COMPRESSION,BRACKET_MACRO,ROTATION_ILLIQUID,TrendUp,MID_MORNING_DISCOVERY,67,DEVELOPING_INITIATIVE_PHASE_AWARE,True,False,True,True,False,False,True,HYST_PASSED_NQ_TRENDUP_NO_MACRO_2BAR,3.1166666666666667,TREND_COMPRESSION,IN_LANE,IN_LANE
2026-05-05,2026-05-05 11:35:16,2026-05-05 11:35:16,V3C,SimV3C-NQ-2B,NQ V3C Compression Clean B,NQ V3C Compression Clean B,,NQ,NQ JUN26,LONG,1,28116.5,28126.0,190.0,190.0,38.0,WIN,Profit target,,,2026-05-06 10:03:06,C:\Users\Valued Customer\NT8_Regimes\V3C\TradeLog\SimV3C_NQ_2B_TradeLog.csv,2026-05-05 11:35:16,V3C Compression,TREND_COMPRESSION,2026-05-05 11:33:23,TREND_COMPRESSION,TREND_COMPRESSION,BRACKET_MACRO,ROTATION_ILLIQUID,TrendUp,MID_MORNING_DISCOVERY,67,DEVELOPING_INITIATIVE_PHASE_AWARE,False,False,False,False,False,False,False,HYST_BLOCK_NQ_TRENDUP_NO_MACRO_AGE_1,1.8833333333333333,TREND_COMPRESSION,IN_LANE,IN_LANE
2026-05-05,2026-05-05 11:35:41,2026-05-05 11:35:48,V3C,SimV3C-NQ-2A,NQ VC3-A Compression Fast ,NQ VC3-A Compression Fast ,,NQ,NQ JUN26,LONG,1,28118.5,28134.75,325.0,325.0,65.0,WIN,Profit target,,,2026-05-06 10:03:09,C:\Users\Valued Customer\NT8_Regimes\V3C\TradeLog\SimV3C_NQ_2A_TradeLog.csv,2026-05-05 11:35:41,V3C Compression,TREND_COMPRESSION,2026-05-05 11:33:23,TREND_COMPRESSION,TREND_COMPRESSION,BRACKET_MACRO,ROTATION_ILLIQUID,TrendUp,MID_MORNING_DISCOVERY,67,DEVELOPING_INITIATIVE_PHASE_AWARE,False,False,False,False,False,False,False,HYST_BLOCK_NQ_TRENDUP_NO_MACRO_AGE_1,2.3,TREND_COMPRESSION,IN_LANE,IN_LANE
2026-05-05,2026-05-05 12:00:06,2026-05-05 12:00:06,V3C,SimV3C-NQ-2B,NQ V3C Compression Clean B,NQ V3C Compression Clean B,,NQ,NQ JUN26,LONG,1,28132.25,28122.75,-190.0,-190.0,-38.0,LOSS,Stop loss,28122.75,190.0,2026-05-05 12:01:11,C:\Users\Valued Customer\NT8_Regimes\V3C\TradeLog\SimV3C_NQ_2B_TradeLog.csv,2026-05-05 12:00:06,V3C Compression,TREND_COMPRESSION,2026-05-05 11:56:03,TREND_COMPRESSION,TREND_COMPRESSION,BRACKET_MACRO,ROTATION_ILLIQUID,TrendUp,MID_MORNING_DISCOVERY,70,DEVELOPING_INITIATIVE_PHASE_AWARE,True,False,True,True,False,False,True,HYST_PASSED_NQ_TRENDUP_NO_MACRO_2BAR,4.05,TREND_COMPRESSION,IN_LANE,IN_LANE
2026-05-05,2026-05-05 12:00:06,2026-05-05 12:00:06,V3C,SimV3C-NQ-2B,NQ V3C Compression Clean B,NQ V3C Compression Clean B,,NQ,NQ JUN26,LONG,1,28124.5,28134.0,190.0,190.0,38.0,WIN,Profit target,,,2026-05-06 10:03:06,C:\Users\Valued Customer\NT8_Regimes\V3C\TradeLog\SimV3C_NQ_2B_TradeLog.csv,2026-05-05 12:00:06,V3C Compression,TREND_COMPRESSION,2026-05-05 11:56:03,TREND_COMPRESSION,TREND_COMPRESSION,BRACKET_MACRO,ROTATION_ILLIQUID,TrendUp,MID_MORNING_DISCOVERY,70,DEVELOPING_INITIATIVE_PHASE_AWARE,True,False,True,True,False,False,True,HYST_PASSED_NQ_TRENDUP_NO_MACRO_2BAR,4.05,TREND_COMPRESSION,IN_LANE,IN_LANE
2026-05-05,2026-05-05 12:05:04,2026-05-05 12:27:28,V3C,SimV3C-NQ-2A,NQ VC3-A Compression Fast ,NQ VC3-A Compression Fast ,,NQ,NQ JUN26,LONG,1,28139.0,28123.0,-320.0,-320.0,-64.0,LOSS,Stop loss,28123.0,320.0,2026-05-05 12:27:28,C:\Users\Valued Customer\NT8_Regimes\V3C\TradeLog\SimV3C_NQ_2A_TradeLog.csv,2026-05-05 12:05:04,V3C Compression,TREND_COMPRESSION,2026-05-05 11:56:03,TREND_COMPRESSION,TREND_COMPRESSION,BRACKET_MACRO,ROTATION_ILLIQUID,TrendUp,MID_MORNING_DISCOVERY,70,DEVELOPING_INITIATIVE_PHASE_AWARE,True,False,True,True,False,False,True,HYST_PASSED_NQ_TRENDUP_NO_MACRO_2BAR,9.016666666666667,TREND_COMPRESSION,IN_LANE,IN_LANE
2026-05-05,2026-05-05 12:05:04,2026-05-05 12:06:25,V3C,SimV3C-NQ-2A,NQ VC3-A Compression Fast ,NQ VC3-A Compression Fast ,,NQ,NQ JUN26,LONG,1,28128.5,28144.5,320.0,320.0,64.0,WIN,Profit target,,,2026-05-06 10:03:09,C:\Users\Valued Customer\NT8_Regimes\V3C\TradeLog\SimV3C_NQ_2A_TradeLog.csv,2026-05-05 12:05:04,V3C Compression,TREND_COMPRESSION,2026-05-05 11:56:03,TREND_COMPRESSION,TREND_COMPRESSION,BRACKET_MACRO,ROTATION_ILLIQUID,TrendUp,MID_MORNING_DISCOVERY,70,DEVELOPING_INITIATIVE_PHASE_AWARE,True,False,True,True,False,False,True,HYST_PASSED_NQ_TRENDUP_NO_MACRO_2BAR,9.016666666666667,TREND_COMPRESSION,IN_LANE,IN_LANE
2026-05-05,2026-05-05 12:28:53,2026-05-05 12:28:53,V3C,SimV3C-NQ-2B,NQ V3C Compression Clean B,NQ V3C Compression Clean B,,NQ,NQ JUN26,LONG,1,28104.5,28114.0,190.0,190.0,38.0,WIN,Profit target,,,2026-05-06 10:03:06,C:\Users\Valued Customer\NT8_Regimes\V3C\TradeLog\SimV3C_NQ_2B_TradeLog.csv,2026-05-05 12:28:53,V3C Compression,TREND_COMPRESSION,2026-05-05 12:27:56,TREND_COMPRESSION,TREND_COMPRESSION,BRACKET_MACRO,ROTATION_ILLIQUID,TrendUp,LUNCH_AUCTION,66,MICRO_TREND_INSIDE_MACRO_STRUCTURE,False,False,False,False,False,False,False,HYST_BLOCK_NQ_TRENDUP_NO_MACRO_AGE_1,0.95,TREND_COMPRESSION,IN_LANE,IN_LANE
2026-05-05,2026-05-05 12:28:53,2026-05-05 12:31:30,V3C,SimV3C-NQ-2B,NQ V3C Compression Clean B,NQ V3C Compression Clean B,,NQ,NQ JUN26,LONG,1,28113.75,28104.25,-190.0,-190.0,-38.0,LOSS,Stop loss,28104.25,190.0,2026-05-05 12:31:30,C:\Users\Valued Customer\NT8_Regimes\V3C\TradeLog\SimV3C_NQ_2B_TradeLog.csv,2026-05-05 12:28:53,V3C Compression,TREND_COMPRESSION,2026-05-05 12:27:56,TREND_COMPRESSION,TREND_COMPRESSION,BRACKET_MACRO,ROTATION_ILLIQUID,TrendUp,LUNCH_AUCTION,66,MICRO_TREND_INSIDE_MACRO_STRUCTURE,False,False,False,False,False,False,False,HYST_BLOCK_NQ_TRENDUP_NO_MACRO_AGE_1,0.95,TREND_COMPRESSION,IN_LANE,IN_LANE
2026-05-05,2026-05-05 12:28:53,2026-05-05 12:30:45,V3C,SimV3C-NQ-2A,NQ VC3-A Compression Fast ,NQ VC3-A Compression Fast ,,NQ,NQ JUN26,LONG,1,28103.5,28119.25,315.0,315.0,63.0,WIN,Profit target,,,2026-05-06 10:03:09,C:\Users\Valued Customer\NT8_Regimes\V3C\TradeLog\SimV3C_NQ_2A_TradeLog.csv,2026-05-05 12:28:53,V3C Compression,TREND_COMPRESSION,2026-05-05 12:27:56,TREND_COMPRESSION,TREND_COMPRESSION,BRACKET_MACRO,ROTATION_ILLIQUID,TrendUp,LUNCH_AUCTION,66,MICRO_TREND_INSIDE_MACRO_STRUCTURE,False,False,False,False,False,False,False,HYST_BLOCK_NQ_TRENDUP_NO_MACRO_AGE_1,0.95,TREND_COMPRESSION,IN_LANE,IN_LANE
2026-05-05,2026-05-05 12:28:53,2026-05-05 12:39:59,V3C,SimV3C-NQ-2A,NQ VC3-A Compression Fast ,NQ VC3-A Compression Fast ,,NQ,NQ JUN26,LONG,1,28113.75,28098.0,-315.0,-315.0,-63.0,LOSS,Stop loss,28098.0,315.0,2026-05-05 12:39:59,C:\Users\Valued Customer\NT8_Regimes\V3C\TradeLog\SimV3C_NQ_2A_TradeLog.csv,2026-05-05 12:28:53,V3C Compression,TREND_COMPRESSION,2026-05-05 12:27:56,TREND_COMPRESSION,TREND_COMPRESSION,BRACKET_MACRO,ROTATION_ILLIQUID,TrendUp,LUNCH_AUCTION,66,MICRO_TREND_INSIDE_MACRO_STRUCTURE,False,False,False,False,False,False,False,HYST_BLOCK_NQ_TRENDUP_NO_MACRO_AGE_1,0.95,TREND_COMPRESSION,IN_LANE,IN_LANE
2026-05-05,2026-05-05 12:32:50,2026-05-05 12:32:50,V3C,SimV3C-NQ-2B,NQ V3C Compression Clean B,NQ V3C Compression Clean B,,NQ,NQ JUN26,LONG,1,28104.5,28114.0,190.0,190.0,38.0,WIN,Profit target,,,2026-05-06 10:03:06,C:\Users\Valued Customer\NT8_Regimes\V3C\TradeLog\SimV3C_NQ_2B_TradeLog.csv,2026-05-05 12:32:50,V3C Compression,TREND_COMPRESSION,2026-05-05 12:27:56,TREND_COMPRESSION,TREND_COMPRESSION,BRACKET_MACRO,ROTATION_ILLIQUID,TrendUp,LUNCH_AUCTION,66,MICRO_TREND_INSIDE_MACRO_STRUCTURE,False,False,False,False,False,False,False,HYST_BLOCK_NQ_TRENDUP_NO_MACRO_AGE_1,4.9,TREND_COMPRESSION,IN_LANE,IN_LANE
2026-05-05,2026-05-05 12:32:50,2026-05-05 12:35:53,V3C,SimV3C-NQ-2B,NQ V3C Compression Clean B,NQ V3C Compression Clean B,,NQ,NQ JUN26,LONG,1,28112.75,28122.25,190.0,190.0,38.0,WIN,Profit target,,,2026-05-05 12:35:54,C:\Users\Valued Customer\NT8_Regimes\V3C\TradeLog\SimV3C_NQ_2B_TradeLog.csv,2026-05-05 12:32:50,V3C Compression,TREND_COMPRESSION,2026-05-05 12:27:56,TREND_COMPRESSION,TREND_COMPRESSION,BRACKET_MACRO,ROTATION_ILLIQUID,TrendUp,LUNCH_AUCTION,66,MICRO_TREND_INSIDE_MACRO_STRUCTURE,False,False,False,False,False,False,False,HYST_BLOCK_NQ_TRENDUP_NO_MACRO_AGE_1,4.9,TREND_COMPRESSION,IN_LANE,IN_LANE
2026-05-05,2026-05-05 12:35:51,2026-05-05 12:36:11,V3C,SimV3C-NQ-2A,NQ VC3-A Compression Fast ,NQ VC3-A Compression Fast ,,NQ,NQ JUN26,LONG,1,28108.5,28124.5,320.0,320.0,64.0,WIN,Profit target,,,2026-05-06 10:03:09,C:\Users\Valued Customer\NT8_Regimes\V3C\TradeLog\SimV3C_NQ_2A_TradeLog.csv,2026-05-05 12:35:51,V3C Compression,TREND_COMPRESSION,2026-05-05 12:27:56,TREND_COMPRESSION,TREND_COMPRESSION,BRACKET_MACRO,ROTATION_ILLIQUID,TrendUp,LUNCH_AUCTION,66,MICRO_TREND_INSIDE_MACRO_STRUCTURE,False,False,False,False,False,False,False,HYST_BLOCK_NQ_TRENDUP_NO_MACRO_AGE_1,7.916666666666667,TREND_COMPRESSION,IN_LANE,IN_LANE
2026-05-05,2026-05-05 12:36:29,2026-05-05 13:18:33,V3C,SimV3C-NQ-2C,NQ V3C Compression Sniper C 20-40-60,NQ V3C Compression Sniper C 20-40-60,,NQ,NQ JUN26,LONG,1,28108.5,28141.0,650.0,650.0,130.0,WIN,Profit target,,,2026-05-06 10:03:07,C:\Users\Valued Customer\NT8_Regimes\V3C\TradeLog\SimV3C_NQ_2C_TradeLog.csv,2026-05-05 12:36:29,V3C Compression,TREND_COMPRESSION,2026-05-05 12:36:07,TREND_COMPRESSION,TREND_COMPRESSION,BRACKET_MACRO,ROTATION_ILLIQUID,TrendUp,LUNCH_AUCTION,66,MICRO_TREND_INSIDE_MACRO_STRUCTURE,True,False,False,True,False,False,True,HYST_PASSED_NQ_TRENDUP_NO_MACRO_2BAR,0.36666666666666664,TREND_COMPRESSION,IN_LANE,IN_LANE
2026-05-05,2026-05-05 12:36:29,2026-05-05 12:36:29,V3C,SimV3C-NQ-2C,NQ V3C Compression Sniper C 20-40-60,NQ V3C Compression Sniper C 20-40-60,,NQ,NQ JUN26,LONG,1,28128.75,28099.5,-585.0,-585.0,-117.0,LOSS,Stop loss,28099.5,585.0,2026-05-05 12:39:46,C:\Users\Valued Customer\NT8_Regimes\V3C\TradeLog\SimV3C_NQ_2C_TradeLog.csv,2026-05-05 12:36:29,V3C Compression,TREND_COMPRESSION,2026-05-05 12:36:07,TREND_COMPRESSION,TREND_COMPRESSION,BRACKET_MACRO,ROTATION_ILLIQUID,TrendUp,LUNCH_AUCTION,66,MICRO_TREND_INSIDE_MACRO_STRUCTURE,True,False,False,True,False,False,True,HYST_PASSED_NQ_TRENDUP_NO_MACRO_2BAR,0.36666666666666664,TREND_COMPRESSION,IN_LANE,IN_LANE
2026-05-05,2026-05-05 12:44:48,2026-05-05 12:47:28,V3C,SimV3C-NQ-2A,NQ VC3-A Compression Fast ,NQ VC3-A Compression Fast ,,NQ,NQ JUN26,LONG,1,28108.75,28124.5,315.0,315.0,63.0,WIN,Profit target,,,2026-05-05 12:47:29,C:\Users\Valued Customer\NT8_Regimes\V3C\TradeLog\SimV3C_NQ_2A_TradeLog.csv,2026-05-05 12:44:48,V3C Compression,TREND_COMPRESSION,2026-05-05 12:36:07,TREND_COMPRESSION,TREND_COMPRESSION,BRACKET_MACRO,ROTATION_ILLIQUID,TrendUp,LUNCH_AUCTION,66,MICRO_TREND_INSIDE_MACRO_STRUCTURE,True,False,False,True,False,False,True,HYST_PASSED_NQ_TRENDUP_NO_MACRO_2BAR,8.683333333333334,TREND_COMPRESSION,IN_LANE,IN_LANE
2026-05-05,2026-05-05 12:44:48,2026-05-05 12:45:37,V3C,SimV3C-NQ-2A,NQ VC3-A Compression Fast ,NQ VC3-A Compression Fast ,,NQ,NQ JUN26,LONG,1,28098.5,28114.25,315.0,315.0,63.0,WIN,Profit target,,,2026-05-06 10:03:09,C:\Users\Valued Customer\NT8_Regimes\V3C\TradeLog\SimV3C_NQ_2A_TradeLog.csv,2026-05-05 12:44:48,V3C Compression,TREND_COMPRESSION,2026-05-05 12:36:07,TREND_COMPRESSION,TREND_COMPRESSION,BRACKET_MACRO,ROTATION_ILLIQUID,TrendUp,LUNCH_AUCTION,66,MICRO_TREND_INSIDE_MACRO_STRUCTURE,True,False,False,True,False,False,True,HYST_PASSED_NQ_TRENDUP_NO_MACRO_2BAR,8.683333333333334,TREND_COMPRESSION,IN_LANE,IN_LANE
2026-05-05,2026-05-05 12:45:33,2026-05-05 12:47:12,V3C,SimV3C-NQ-2B,NQ V3C Compression Clean B,NQ V3C Compression Clean B,,NQ,NQ JUN26,LONG,1,28113.0,28122.5,190.0,190.0,38.0,WIN,Profit target,,,2026-05-05 12:47:28,C:\Users\Valued Customer\NT8_Regimes\V3C\TradeLog\SimV3C_NQ_2B_TradeLog.csv,2026-05-05 12:45:33,V3C Compression,TREND_COMPRESSION,2026-05-05 12:36:07,TREND_COMPRESSION,TREND_COMPRESSION,BRACKET_MACRO,ROTATION_ILLIQUID,TrendUp,LUNCH_AUCTION,66,MICRO_TREND_INSIDE_MACRO_STRUCTURE,True,False,False,True,False,False,True,HYST_PASSED_NQ_TRENDUP_NO_MACRO_2BAR,9.433333333333334,TREND_COMPRESSION,IN_LANE,IN_LANE
2026-05-05,2026-05-05 12:45:33,2026-05-05 12:45:33,V3C,SimV3C-NQ-2B,NQ V3C Compression Clean B,NQ V3C Compression Clean B,,NQ,NQ JUN26,LONG,1,28104.5,28114.0,190.0,190.0,38.0,WIN,Profit target,,,2026-05-06 10:03:06,C:\Users\Valued Customer\NT8_Regimes\V3C\TradeLog\SimV3C_NQ_2B_TradeLog.csv,2026-05-05 12:45:33,V3C Compression,TREND_COMPRESSION,2026-05-05 12:36:07,TREND_COMPRESSION,TREND_COMPRESSION,BRACKET_MACRO,ROTATION_ILLIQUID,TrendUp,LUNCH_AUCTION,66,MICRO_TREND_INSIDE_MACRO_STRUCTURE,True,False,False,True,False,False,True,HYST_PASSED_NQ_TRENDUP_NO_MACRO_2BAR,9.433333333333334,TREND_COMPRESSION,IN_LANE,IN_LANE
2026-05-05,2026-05-05 12:47:55,2026-05-05 13:51:40,V3C,SimV3C-NQ-2C,NQ V3C Compression Sniper C 20-40-60,NQ V3C Compression Sniper C 20-40-60,,NQ,NQ JUN26,LONG,1,28129.0,28161.5,650.0,650.0,130.0,WIN,Profit target,,,2026-05-05 13:51:40,C:\Users\Valued Customer\NT8_Regimes\V3C\TradeLog\SimV3C_NQ_2C_TradeLog.csv,2026-05-05 12:47:55,V3C Compression,TREND_COMPRESSION,2026-05-05 12:45:46,TREND_COMPRESSION,TREND_COMPRESSION,BRACKET_MACRO,ROTATION_ILLIQUID,TrendUp,LUNCH_AUCTION,66,MICRO_TREND_INSIDE_MACRO_STRUCTURE,True,False,False,True,False,False,True,HYST_PASSED_NQ_TRENDUP_NO_MACRO_2BAR,2.15,TREND_COMPRESSION,IN_LANE,IN_LANE
2026-05-05,2026-05-05 12:48:00,2026-05-05 13:09:00,V3C,SimV3C-NQ-2D,V3_Compression_Sniper_V3C D,V3_Compression_Sniper_V3C D,,NQ,NQ JUN26,LONG,1,28126.75,28110.25,-330.0,-330.0,-66.0,LOSS,Stop loss,,,2026-05-06 10:03:18,C:\Users\Valued Customer\NT8_Regimes\V3C\TradeLog\SimV3C_NQ_2D_TradeLog.csv,2026-05-05 12:48:00,V3C Compression,TREND_COMPRESSION,2026-05-05 12:45:46,TREND_COMPRESSION,TREND_COMPRESSION,BRACKET_MACRO,ROTATION_ILLIQUID,TrendUp,LUNCH_AUCTION,66,MICRO_TREND_INSIDE_MACRO_STRUCTURE,True,False,False,True,False,False,True,HYST_PASSED_NQ_TRENDUP_NO_MACRO_2BAR,2.2333333333333334,TREND_COMPRESSION,IN_LANE,IN_LANE
2026-05-05,2026-05-05 13:04:20,2026-05-05 13:10:15,V3C,SimV3C-NQ-2A,NQ VC3-A Compression Fast ,NQ VC3-A Compression Fast ,,NQ,NQ JUN26,LONG,1,28123.5,28107.75,-315.0,-315.0,-63.0,LOSS,Stop loss,,,2026-05-06 10:03:09,C:\Users\Valued Customer\NT8_Regimes\V3C\TradeLog\SimV3C_NQ_2A_TradeLog.csv,2026-05-05 13:04:20,V3C Compression,TREND_COMPRESSION,2026-05-05 12:56:47,TREND_COMPRESSION,TREND_COMPRESSION,BRACKET_MACRO,ROTATION_ILLIQUID,TrendUp,LUNCH_AUCTION,66,MICRO_TREND_INSIDE_MACRO_STRUCTURE,True,False,False,True,False,False,True,HYST_PASSED_NQ_TRENDUP_NO_MACRO_2BAR,7.55,TREND_COMPRESSION,IN_LANE,IN_LANE
2026-05-05,2026-05-05 13:04:20,2026-05-05 13:04:20,V3C,SimV3C-NQ-2A,NQ VC3-A Compression Fast ,NQ VC3-A Compression Fast ,,NQ,NQ JUN26,LONG,1,28134.5,28118.75,-315.0,-315.0,-63.0,LOSS,Stop loss,28118.75,315.0,2026-05-05 13:08:56,C:\Users\Valued Customer\NT8_Regimes\V3C\TradeLog\SimV3C_NQ_2A_TradeLog.csv,2026-05-05 13:04:20,V3C Compression,TREND_COMPRESSION,2026-05-05 12:56:47,TREND_COMPRESSION,TREND_COMPRESSION,BRACKET_MACRO,ROTATION_ILLIQUID,TrendUp,LUNCH_AUCTION,66,MICRO_TREND_INSIDE_MACRO_STRUCTURE,True,False,False,True,False,False,True,HYST_PASSED_NQ_TRENDUP_NO_MACRO_2BAR,7.55,TREND_COMPRESSION,IN_LANE,IN_LANE
2026-05-05,2026-05-05 13:12:11,2026-05-05 13:15:29,V3C,SimV3C-NQ-2B,NQ V3C Compression Clean B,NQ V3C Compression Clean B,,NQ,NQ JUN26,LONG,1,28121.5,28131.25,195.0,195.0,39.0,WIN,Profit target,,,2026-05-05 13:18:18,C:\Users\Valued Customer\NT8_Regimes\V3C\TradeLog\SimV3C_NQ_2B_TradeLog.csv,2026-05-05 13:12:11,V3C Compression,TREND_COMPRESSION,2026-05-05 13:11:08,TREND_COMPRESSION,TREND_COMPRESSION,BRACKET_MACRO,ROTATION_ILLIQUID,TrendUp,POST_LUNCH_ROTATION,66,MICRO_TREND_INSIDE_MACRO_STRUCTURE,False,False,False,False,False,False,False,HYST_BLOCK_NQ_TRENDUP_NO_MACRO_AGE_1,1.05,TREND_COMPRESSION,IN_LANE,IN_LANE
2026-05-05,2026-05-05 13:12:11,2026-05-05 13:12:11,V3C,SimV3C-NQ-2B,NQ V3C Compression Clean B,NQ V3C Compression Clean B,,NQ,NQ JUN26,LONG,1,28112.5,28122.25,195.0,195.0,39.0,WIN,Profit target,,,2026-05-06 10:03:06,C:\Users\Valued Customer\NT8_Regimes\V3C\TradeLog\SimV3C_NQ_2B_TradeLog.csv,2026-05-05 13:12:11,V3C Compression,TREND_COMPRESSION,2026-05-05 13:11:08,TREND_COMPRESSION,TREND_COMPRESSION,BRACKET_MACRO,ROTATION_ILLIQUID,TrendUp,POST_LUNCH_ROTATION,66,MICRO_TREND_INSIDE_MACRO_STRUCTURE,False,False,False,False,False,False,False,HYST_BLOCK_NQ_TRENDUP_NO_MACRO_AGE_1,1.05,TREND_COMPRESSION,IN_LANE,IN_LANE
2026-05-05,2026-05-05 13:15:01,2026-05-05 13:15:29,V3C,SimV3C-NQ-2A,NQ VC3-A Compression Fast ,NQ VC3-A Compression Fast ,,NQ,NQ JUN26,LONG,1,28113.5,28129.25,315.0,315.0,63.0,WIN,Profit target,,,2026-05-06 10:03:09,C:\Users\Valued Customer\NT8_Regimes\V3C\TradeLog\SimV3C_NQ_2A_TradeLog.csv,2026-05-05 13:15:01,V3C Compression,TREND_COMPRESSION,2026-05-05 13:11:08,TREND_COMPRESSION,TREND_COMPRESSION,BRACKET_MACRO,ROTATION_ILLIQUID,TrendUp,POST_LUNCH_ROTATION,66,MICRO_TREND_INSIDE_MACRO_STRUCTURE,False,False,False,False,False,False,False,HYST_BLOCK_NQ_TRENDUP_NO_MACRO_AGE_1,3.8833333333333333,TREND_COMPRESSION,IN_LANE,IN_LANE
2026-05-05,2026-05-05 13:15:01,2026-05-05 13:18:33,V3C,SimV3C-NQ-2A,NQ VC3-A Compression Fast ,NQ VC3-A Compression Fast ,,NQ,NQ JUN26,LONG,1,28124.0,28139.75,315.0,315.0,63.0,WIN,Profit target,,,2026-05-05 13:18:33,C:\Users\Valued Customer\NT8_Regimes\V3C\TradeLog\SimV3C_NQ_2A_TradeLog.csv,2026-05-05 13:15:01,V3C Compression,TREND_COMPRESSION,2026-05-05 13:11:08,TREND_COMPRESSION,TREND_COMPRESSION,BRACKET_MACRO,ROTATION_ILLIQUID,TrendUp,POST_LUNCH_ROTATION,66,MICRO_TREND_INSIDE_MACRO_STRUCTURE,False,False,False,False,False,False,False,HYST_BLOCK_NQ_TRENDUP_NO_MACRO_AGE_1,3.8833333333333333,TREND_COMPRESSION,IN_LANE,IN_LANE
2026-05-05,2026-05-05 13:18:00,2026-05-05 13:27:00,V3C,SimV3C-NQ-2D,V3_Compression_Sniper_V3C D,V3_Compression_Sniper_V3C D,,NQ,NQ JUN26,LONG,1,28128.5,28143.25,295.0,295.0,59.0,WIN,Profit target,,,2026-05-06 10:03:18,C:\Users\Valued Customer\NT8_Regimes\V3C\TradeLog\SimV3C_NQ_2D_TradeLog.csv,2026-05-05 13:18:00,V3C Compression,TREND_COMPRESSION,2026-05-05 13:16:04,TREND_COMPRESSION,TREND_COMPRESSION,BRACKET_MACRO,ROTATION_ILLIQUID,TrendUp,POST_LUNCH_ROTATION,66,MICRO_TREND_INSIDE_MACRO_STRUCTURE,True,False,False,True,False,False,True,HYST_PASSED_NQ_TRENDUP_NO_MACRO_2BAR,1.9333333333333333,TREND_COMPRESSION,IN_LANE,IN_LANE
2026-05-05,2026-05-05 15:39:00,2026-05-05 15:39:00,V3C,SimV3C-NQ-2D,V3_Compression_Sniper_V3C D,V3_Compression_Sniper_V3C D,,NQ,NQ JUN26,LONG,1,28166.75,28156.5,-205.0,-205.0,-41.0,LOSS,Stop loss,,,2026-05-06 10:03:18,C:\Users\Valued Customer\NT8_Regimes\V3C\TradeLog\SimV3C_NQ_2D_TradeLog.csv,2026-05-05 15:39:00,V3C Compression,TREND_COMPRESSION,2026-05-05 15:36:17,TREND_COMPRESSION,TREND_COMPRESSION,BRACKET_MACRO,ROTATION_ILLIQUID,TrendUp,LATE_DAY_CONVICTION,66,MICRO_TREND_INSIDE_MACRO_STRUCTURE,True,False,True,True,False,False,True,HYST_PASSED_NQ_TRENDUP_NO_MACRO_2BAR,2.716666666666667,TREND_COMPRESSION,IN_LANE,IN_LANE
2026-05-05,2026-05-05 15:58:17,2026-05-05 15:58:50,V3C,SimV3C-NQ-2A,NQ VC3-A Compression Fast ,NQ VC3-A Compression Fast ,,NQ,NQ JUN26,LONG,1,28123.5,28139.5,320.0,320.0,64.0,WIN,Profit target,,,2026-05-06 10:03:09,C:\Users\Valued Customer\NT8_Regimes\V3C\TradeLog\SimV3C_NQ_2A_TradeLog.csv,2026-05-05 15:58:17,V3C Compression,TREND_COMPRESSION,2026-05-05 15:57:06,TRANSITION,TRANSITION,BRACKET_MACRO,ROTATION_ILLIQUID,TrendDown,LATE_DAY_CONVICTION,50,NO_CLEAR_STAGE_C_ALIGNMENT,False,False,False,False,False,False,False,HYST_BLOCK_TRENDDOWN_AGE_1_OF_2,1.1833333333333333,TRANSITION,OUT_OF_LANE,OUT_LEADIN_TRANSITION_ROT_ILLIQUID
2026-05-05,2026-05-05 15:58:17,2026-05-05 15:58:17,V3C,SimV3C-NQ-2B,NQ V3C Compression Clean B,NQ V3C Compression Clean B,,NQ,NQ JUN26,LONG,1,28124.5,28134.25,195.0,195.0,39.0,WIN,Profit target,,,2026-05-06 10:03:06,C:\Users\Valued Customer\NT8_Regimes\V3C\TradeLog\SimV3C_NQ_2B_TradeLog.csv,2026-05-05 15:58:17,V3C Compression,TREND_COMPRESSION,2026-05-05 15:57:06,TRANSITION,TRANSITION,BRACKET_MACRO,ROTATION_ILLIQUID,TrendDown,LATE_DAY_CONVICTION,50,NO_CLEAR_STAGE_C_ALIGNMENT,False,False,False,False,False,False,False,HYST_BLOCK_TRENDDOWN_AGE_1_OF_2,1.1833333333333333,TRANSITION,OUT_OF_LANE,OUT_LEADIN_TRANSITION_ROT_ILLIQUID
2026-05-05,2026-05-05 16:05:09,2026-05-05 16:18:06,V3C,SimV3C-NQ-2C,NQ V3C Compression Sniper C 20-40-60,NQ V3C Compression Sniper C 20-40-60,,NQ,NQ JUN26,LONG,1,28128.5,28161.0,650.0,650.0,130.0,WIN,Profit target,,,2026-05-06 10:03:07,C:\Users\Valued Customer\NT8_Regimes\V3C\TradeLog\SimV3C_NQ_2C_TradeLog.csv,2026-05-05 16:05:09,V3C Compression,TREND_COMPRESSION,2026-05-05 16:02:19,TRANSITION,TRANSITION,BRACKET_MACRO,ROTATION_ILLIQUID,TrendDown,CASH_CLOSE,50,NO_CLEAR_STAGE_C_ALIGNMENT,False,False,False,False,False,False,True,HYST_PASSED_TRENDDOWN_AGE_2,2.8333333333333335,TRANSITION,OUT_OF_LANE,OUT_LEADIN_TRANSITION_ROT_ILLIQUID
2026-05-05,2026-05-05 16:09:00,2026-05-05 16:15:00,V3C,SimV3C-NQ-2D,V3_Compression_Sniper_V3C D,V3_Compression_Sniper_V3C D,,NQ,NQ JUN26,LONG,1,28147.5,28135.25,-245.0,-245.0,-49.0,LOSS,Stop loss,,,2026-05-06 10:03:18,C:\Users\Valued Customer\NT8_Regimes\V3C\TradeLog\SimV3C_NQ_2D_TradeLog.csv,2026-05-05 16:09:00,V3C Compression,TREND_COMPRESSION,2026-05-05 16:02:19,TRANSITION,TRANSITION,BRACKET_MACRO,ROTATION_ILLIQUID,TrendDown,CASH_CLOSE,50,NO_CLEAR_STAGE_C_ALIGNMENT,False,False,False,False,False,False,True,HYST_PASSED_TRENDDOWN_AGE_2,6.683333333333334,TRANSITION,OUT_OF_LANE,OUT_LEADIN_TRANSITION_ROT_ILLIQUID
2026-05-05,2026-05-05 16:15:00,2026-05-05 16:15:00,V3C,SimV3C-NQ-2B,NQ V3C Compression Clean B,NQ V3C Compression Clean B,,NQ,NQ JUN26,LONG,1,28128.5,28119.0,-190.0,-190.0,-38.0,LOSS,Stop loss,,,2026-05-06 10:03:06,C:\Users\Valued Customer\NT8_Regimes\V3C\TradeLog\SimV3C_NQ_2B_TradeLog.csv,2026-05-05 16:15:00,V3C Compression,TREND_COMPRESSION,2026-05-05 16:02:19,TRANSITION,TRANSITION,BRACKET_MACRO,ROTATION_ILLIQUID,TrendDown,CASH_CLOSE,50,NO_CLEAR_STAGE_C_ALIGNMENT,False,False,False,False,False,False,True,HYST_PASSED_TRENDDOWN_AGE_2,12.683333333333334,TRANSITION,OUT_OF_LANE,OUT_LEADIN_TRANSITION_ROT_ILLIQUID
2026-05-05,2026-05-05 16:15:08,2026-05-05 16:15:08,V3C,SimV3C-NQ-2B,NQ V3C Compression Clean B,NQ V3C Compression Clean B,,NQ,NQ JUN26,LONG,1,28120.5,28130.0,190.0,190.0,38.0,WIN,Profit target,,,2026-05-06 10:03:06,C:\Users\Valued Customer\NT8_Regimes\V3C\TradeLog\SimV3C_NQ_2B_TradeLog.csv,2026-05-05 16:15:08,V3C Compression,TREND_COMPRESSION,2026-05-05 16:02:19,TRANSITION,TRANSITION,BRACKET_MACRO,ROTATION_ILLIQUID,TrendDown,CASH_CLOSE,50,NO_CLEAR_STAGE_C_ALIGNMENT,False,False,False,False,False,False,True,HYST_PASSED_TRENDDOWN_AGE_2,12.816666666666666,TRANSITION,OUT_OF_LANE,OUT_LEADIN_TRANSITION_ROT_ILLIQUID
2026-05-05,2026-05-05 16:15:08,2026-05-05 16:15:09,V3C,SimV3C-NQ-2A,NQ VC3-A Compression Fast ,NQ VC3-A Compression Fast ,,NQ,NQ JUN26,LONG,1,28118.5,28134.5,320.0,320.0,64.0,WIN,Profit target,,,2026-05-06 10:03:09,C:\Users\Valued Customer\NT8_Regimes\V3C\TradeLog\SimV3C_NQ_2A_TradeLog.csv,2026-05-05 16:15:08,V3C Compression,TREND_COMPRESSION,2026-05-05 16:02:19,TRANSITION,TRANSITION,BRACKET_MACRO,ROTATION_ILLIQUID,TrendDown,CASH_CLOSE,50,NO_CLEAR_STAGE_C_ALIGNMENT,False,False,False,False,False,False,True,HYST_PASSED_TRENDDOWN_AGE_2,12.816666666666666,TRANSITION,OUT_OF_LANE,OUT_LEADIN_TRANSITION_ROT_ILLIQUID
2026-05-05,2026-05-05 16:15:21,2026-05-05 16:15:21,V3C,SimV3C-NQ-2B,NQ V3C Compression Clean B,NQ V3C Compression Clean B,,NQ,NQ JUN26,LONG,1,28124.5,28134.0,190.0,190.0,38.0,WIN,Profit target,,,2026-05-06 10:03:06,C:\Users\Valued Customer\NT8_Regimes\V3C\TradeLog\SimV3C_NQ_2B_TradeLog.csv,2026-05-05 16:15:21,V3C Compression,TREND_COMPRESSION,2026-05-05 16:02:19,TRANSITION,TRANSITION,BRACKET_MACRO,ROTATION_ILLIQUID,TrendDown,CASH_CLOSE,50,NO_CLEAR_STAGE_C_ALIGNMENT,False,False,False,False,False,False,True,HYST_PASSED_TRENDDOWN_AGE_2,13.033333333333333,TRANSITION,OUT_OF_LANE,OUT_LEADIN_TRANSITION_ROT_ILLIQUID
2026-05-05,2026-05-05 16:17:01,2026-05-05 16:17:05,V3C,SimV3C-NQ-2A,NQ VC3-A Compression Fast ,NQ VC3-A Compression Fast ,,NQ,NQ JUN26,LONG,1,28118.5,28134.25,315.0,315.0,63.0,WIN,Profit target,,,2026-05-06 10:03:09,C:\Users\Valued Customer\NT8_Regimes\V3C\TradeLog\SimV3C_NQ_2A_TradeLog.csv,2026-05-05 16:17:01,V3C Compression,TREND_COMPRESSION,2026-05-05 16:02:19,TRANSITION,TRANSITION,BRACKET_MACRO,ROTATION_ILLIQUID,TrendDown,CASH_CLOSE,50,NO_CLEAR_STAGE_C_ALIGNMENT,False,False,False,False,False,False,True,HYST_PASSED_TRENDDOWN_AGE_2,14.7,TRANSITION,OUT_OF_LANE,OUT_LEADIN_TRANSITION_ROT_ILLIQUID
2026-05-05,2026-05-05 16:17:02,2026-05-05 16:17:02,V3C,SimV3C-NQ-2B,NQ V3C Compression Clean B,NQ V3C Compression Clean B,,NQ,NQ JUN26,LONG,1,28124.5,28134.0,190.0,190.0,38.0,WIN,Profit target,,,2026-05-06 10:03:06,C:\Users\Valued Customer\NT8_Regimes\V3C\TradeLog\SimV3C_NQ_2B_TradeLog.csv,2026-05-05 16:17:02,V3C Compression,TREND_COMPRESSION,2026-05-05 16:02:19,TRANSITION,TRANSITION,BRACKET_MACRO,ROTATION_ILLIQUID,TrendDown,CASH_CLOSE,50,NO_CLEAR_STAGE_C_ALIGNMENT,False,False,False,False,False,False,True,HYST_PASSED_TRENDDOWN_AGE_2,14.716666666666667,TRANSITION,OUT_OF_LANE,OUT_LEADIN_TRANSITION_ROT_ILLIQUID
2026-05-05,2026-05-05 16:55:27,2026-05-05 16:55:27,V3C,SimV3C-NQ-2B,NQ V3C Compression Clean B,NQ V3C Compression Clean B,,NQ,NQ JUN26,LONG,1,28196.5,28206.0,190.0,190.0,38.0,WIN,Profit target,,,2026-05-06 10:03:06,C:\Users\Valued Customer\NT8_Regimes\V3C\TradeLog\SimV3C_NQ_2B_TradeLog.csv,2026-05-05 16:55:27,V3C Compression,TREND_COMPRESSION,2026-05-05 16:23:28,TRANSITION,TRANSITION,BRACKET_MACRO,ROTATION_ILLIQUID,TrendDown,CASH_CLOSE,50,MACRO_STALE_23.5MIN,False,False,False,False,False,True,False,HYST_BLOCK_STALE_MACRO_STALE_23.5MIN,31.983333333333334,TRANSITION,OUT_OF_LANE,OUT_LEADIN_TRANSITION_ROT_ILLIQUID
2026-05-05,2026-05-05 16:57:51,2026-05-05 16:59:59,V3C,SimV3C-NQ-2A,NQ VC3-A Compression Fast ,NQ VC3-A Compression Fast ,,NQ,NQ JUN26,LONG,1,28198.5,28207.25,175.0,175.0,35.0,WIN,Exit on session close,,,2026-05-06 10:03:09,C:\Users\Valued Customer\NT8_Regimes\V3C\TradeLog\SimV3C_NQ_2A_TradeLog.csv,2026-05-05 16:57:51,V3C Compression,TREND_COMPRESSION,2026-05-05 16:23:28,TRANSITION,TRANSITION,BRACKET_MACRO,ROTATION_ILLIQUID,TrendDown,CASH_CLOSE,50,MACRO_STALE_23.5MIN,False,False,False,False,False,True,False,HYST_BLOCK_STALE_MACRO_STALE_23.5MIN,34.38333333333333,TRANSITION,OUT_OF_LANE,OUT_LEADIN_TRANSITION_ROT_ILLIQUID
2026-05-06,2026-05-06 09:38:16,2026-05-06 09:38:16,V3C,SimV3C-NQ-2B,NQ V3C Compression Clean B,NQ V3C Compression Clean B,,NQ,NQ JUN26,LONG,1,28413.5,28422.75,185.0,185.0,37.0,WIN,Profit target,,,2026-05-06 10:03:06,C:\Users\Valued Customer\NT8_Regimes\V3C\TradeLog\SimV3C_NQ_2B_TradeLog.csv,2026-05-06 09:38:16,V3C Compression,TREND_COMPRESSION,2026-05-06 09:37:13,TRANSITION,TRANSITION,OPENING_AUCTION,ROTATION_ILLIQUID,TrendUp,OPENING_AUCTION,55,OPENING_OR_UNRESOLVED_OPENING_AUCTION,False,False,False,False,False,False,False,HYST_BLOCK_NQ_TRENDUP_NO_MACRO_AGE_1,1.05,TRANSITION,OUT_OF_LANE,OUT_LEADIN_TRANSITION_ROT_ILLIQUID
2026-05-06,2026-05-06 09:38:43,2026-05-06 09:38:43,V3C,SimV3C-NQ-2B,NQ V3C Compression Clean B,NQ V3C Compression Clean B,,NQ,NQ JUN26,LONG,1,28405.5,28415.0,190.0,190.0,38.0,WIN,Profit target,,,2026-05-06 10:03:06,C:\Users\Valued Customer\NT8_Regimes\V3C\TradeLog\SimV3C_NQ_2B_TradeLog.csv,2026-05-06 09:38:43,V3C Compression,TREND_COMPRESSION,2026-05-06 09:37:13,TRANSITION,TRANSITION,OPENING_AUCTION,ROTATION_ILLIQUID,TrendUp,OPENING_AUCTION,55,OPENING_OR_UNRESOLVED_OPENING_AUCTION,False,False,False,False,False,False,False,HYST_BLOCK_NQ_TRENDUP_NO_MACRO_AGE_1,1.5,TRANSITION,OUT_OF_LANE,OUT_LEADIN_TRANSITION_ROT_ILLIQUID
2026-05-06,2026-05-06 09:38:44,2026-05-06 09:38:59,V3C,SimV3C-NQ-2A,NQ VC3-A Compression Fast ,NQ VC3-A Compression Fast ,,NQ,NQ JUN26,LONG,1,28404.5,28420.5,320.0,320.0,64.0,WIN,Profit target,,,2026-05-06 10:03:09,C:\Users\Valued Customer\NT8_Regimes\V3C\TradeLog\SimV3C_NQ_2A_TradeLog.csv,2026-05-06 09:38:44,V3C Compression,TREND_COMPRESSION,2026-05-06 09:37:13,TRANSITION,TRANSITION,OPENING_AUCTION,ROTATION_ILLIQUID,TrendUp,OPENING_AUCTION,55,OPENING_OR_UNRESOLVED_OPENING_AUCTION,False,False,False,False,False,False,False,HYST_BLOCK_NQ_TRENDUP_NO_MACRO_AGE_1,1.5166666666666666,TRANSITION,OUT_OF_LANE,OUT_LEADIN_TRANSITION_ROT_ILLIQUID
2026-05-06,2026-05-06 09:39:17,2026-05-06 09:39:17,V3C,SimV3C-NQ-2B,NQ V3C Compression Clean B,NQ V3C Compression Clean B,,NQ,NQ JUN26,LONG,1,28413.5,28423.0,190.0,190.0,38.0,WIN,Profit target,,,2026-05-06 10:03:06,C:\Users\Valued Customer\NT8_Regimes\V3C\TradeLog\SimV3C_NQ_2B_TradeLog.csv,2026-05-06 09:39:17,V3C Compression,TREND_COMPRESSION,2026-05-06 09:37:13,TRANSITION,TRANSITION,OPENING_AUCTION,ROTATION_ILLIQUID,TrendUp,OPENING_AUCTION,55,OPENING_OR_UNRESOLVED_OPENING_AUCTION,False,False,False,False,False,False,False,HYST_BLOCK_NQ_TRENDUP_NO_MACRO_AGE_1,2.066666666666667,TRANSITION,OUT_OF_LANE,OUT_LEADIN_TRANSITION_ROT_ILLIQUID
2026-05-06,2026-05-06 09:42:53,2026-05-06 09:43:18,V3C,SimV3C-NQ-2B,NQ V3C Compression Clean B,NQ V3C Compression Clean B,,NQ,NQ JUN26,LONG,1,28437.5,28447.0,190.0,190.0,38.0,WIN,Profit target,,,2026-05-06 10:03:06,C:\Users\Valued Customer\NT8_Regimes\V3C\TradeLog\SimV3C_NQ_2B_TradeLog.csv,2026-05-06 09:42:53,V3C Compression,TREND_COMPRESSION,2026-05-06 09:42:03,TREND_COMPRESSION,TREND_COMPRESSION,BALANCE_STRUCTURE,ROTATION_ILLIQUID,TrendUp,EARLY_TEST,66,MICRO_TREND_INSIDE_MACRO_STRUCTURE,True,False,True,True,False,False,True,HYST_PASSED_TRENDUP_MACRO_CONFIRM,0.8333333333333334,TREND_COMPRESSION,IN_LANE,IN_LANE
2026-05-06,2026-05-06 09:43:40,2026-05-06 09:43:41,V3C,SimV3C-NQ-2A,NQ VC3-A Compression Fast ,NQ VC3-A Compression Fast ,,NQ,NQ JUN26,LONG,1,28439.5,28455.5,320.0,320.0,64.0,WIN,Profit target,,,2026-05-06 10:03:09,C:\Users\Valued Customer\NT8_Regimes\V3C\TradeLog\SimV3C_NQ_2A_TradeLog.csv,2026-05-06 09:43:40,V3C Compression,TREND_COMPRESSION,2026-05-06 09:42:03,TREND_COMPRESSION,TREND_COMPRESSION,BALANCE_STRUCTURE,ROTATION_ILLIQUID,TrendUp,EARLY_TEST,66,MICRO_TREND_INSIDE_MACRO_STRUCTURE,True,False,True,True,False,False,True,HYST_PASSED_TRENDUP_MACRO_CONFIRM,1.6166666666666667,TREND_COMPRESSION,IN_LANE,IN_LANE
2026-05-06,2026-05-06 09:47:23,2026-05-06 09:47:23,V3C,SimV3C-NQ-2B,NQ V3C Compression Clean B,NQ V3C Compression Clean B,,NQ,NQ JUN26,LONG,1,28465.5,28475.0,190.0,190.0,38.0,WIN,Profit target,,,2026-05-06 10:03:06,C:\Users\Valued Customer\NT8_Regimes\V3C\TradeLog\SimV3C_NQ_2B_TradeLog.csv,2026-05-06 09:47:23,V3C Compression,TREND_COMPRESSION,2026-05-06 09:46:54,TRANSITION,TRANSITION,BALANCE_STRUCTURE,ROTATION_ILLIQUID,TrendDown,FIRST_ACCEPTANCE,50,NO_CLEAR_STAGE_C_ALIGNMENT,False,False,False,False,False,False,False,HYST_BLOCK_TRENDDOWN_AGE_1_OF_2,0.48333333333333334,TRANSITION,OUT_OF_LANE,OUT_LEADIN_TRANSITION_ROT_ILLIQUID
2026-05-06,2026-05-06 09:47:23,2026-05-06 09:48:10,V3C,SimV3C-NQ-2A,NQ VC3-A Compression Fast ,NQ VC3-A Compression Fast ,,NQ,NQ JUN26,LONG,1,28464.5,28480.25,315.0,315.0,63.0,WIN,Profit target,,,2026-05-06 10:03:09,C:\Users\Valued Customer\NT8_Regimes\V3C\TradeLog\SimV3C_NQ_2A_TradeLog.csv,2026-05-06 09:47:23,V3C Compression,TREND_COMPRESSION,2026-05-06 09:46:54,TRANSITION,TRANSITION,BALANCE_STRUCTURE,ROTATION_ILLIQUID,TrendDown,FIRST_ACCEPTANCE,50,NO_CLEAR_STAGE_C_ALIGNMENT,False,False,False,False,False,False,False,HYST_BLOCK_TRENDDOWN_AGE_1_OF_2,0.48333333333333334,TRANSITION,OUT_OF_LANE,OUT_LEADIN_TRANSITION_ROT_ILLIQUID
2026-05-06,2026-05-06 09:47:58,2026-05-06 09:47:58,V3C,SimV3C-NQ-2B,NQ V3C Compression Clean B,NQ V3C Compression Clean B,,NQ,NQ JUN26,LONG,1,28465.5,28475.0,190.0,190.0,38.0,WIN,Profit target,,,2026-05-06 10:03:06,C:\Users\Valued Customer\NT8_Regimes\V3C\TradeLog\SimV3C_NQ_2B_TradeLog.csv,2026-05-06 09:47:58,V3C Compression,TREND_COMPRESSION,2026-05-06 09:46:54,TRANSITION,TRANSITION,BALANCE_STRUCTURE,ROTATION_ILLIQUID,TrendDown,FIRST_ACCEPTANCE,50,NO_CLEAR_STAGE_C_ALIGNMENT,False,False,False,False,False,False,False,HYST_BLOCK_TRENDDOWN_AGE_1_OF_2,1.0666666666666667,TRANSITION,OUT_OF_LANE,OUT_LEADIN_TRANSITION_ROT_ILLIQUID
2026-05-06,2026-05-06 09:49:04,2026-05-06 09:50:14,V3C,SimV3C-NQ-2B,NQ V3C Compression Clean B,NQ V3C Compression Clean B,,NQ,NQ JUN26,LONG,1,28465.5,28456.0,-190.0,-190.0,-38.0,LOSS,Stop loss,,,2026-05-06 10:03:06,C:\Users\Valued Customer\NT8_Regimes\V3C\TradeLog\SimV3C_NQ_2B_TradeLog.csv,2026-05-06 09:49:04,V3C Compression,TREND_COMPRESSION,2026-05-06 09:46:54,TRANSITION,TRANSITION,BALANCE_STRUCTURE,ROTATION_ILLIQUID,TrendDown,FIRST_ACCEPTANCE,50,NO_CLEAR_STAGE_C_ALIGNMENT,False,False,False,False,False,False,False,HYST_BLOCK_TRENDDOWN_AGE_1_OF_2,2.1666666666666665,TRANSITION,OUT_OF_LANE,OUT_LEADIN_TRANSITION_ROT_ILLIQUID
2026-05-06,2026-05-06 09:49:06,2026-05-06 09:50:30,V3C,SimV3C-NQ-2A,NQ VC3-A Compression Fast ,NQ VC3-A Compression Fast ,,NQ,NQ JUN26,LONG,1,28464.5,28448.75,-315.0,-315.0,-63.0,LOSS,Stop loss,,,2026-05-06 10:03:09,C:\Users\Valued Customer\NT8_Regimes\V3C\TradeLog\SimV3C_NQ_2A_TradeLog.csv,2026-05-06 09:49:06,V3C Compression,TREND_COMPRESSION,2026-05-06 09:46:54,TRANSITION,TRANSITION,BALANCE_STRUCTURE,ROTATION_ILLIQUID,TrendDown,FIRST_ACCEPTANCE,50,NO_CLEAR_STAGE_C_ALIGNMENT,False,False,False,False,False,False,False,HYST_BLOCK_TRENDDOWN_AGE_1_OF_2,2.2,TRANSITION,OUT_OF_LANE,OUT_LEADIN_TRANSITION_ROT_ILLIQUID
2026-05-06,2026-05-06 09:51:07,2026-05-06 09:51:10,V3C,SimV3C-NQ-2A,NQ VC3-A Compression Fast ,NQ VC3-A Compression Fast ,,NQ,NQ JUN26,LONG,1,28429.5,28445.5,320.0,320.0,64.0,WIN,Profit target,,,2026-05-06 10:03:09,C:\Users\Valued Customer\NT8_Regimes\V3C\TradeLog\SimV3C_NQ_2A_TradeLog.csv,2026-05-06 09:51:07,V3C Compression,TREND_COMPRESSION,2026-05-06 09:50:11,TRANSITION,TRANSITION,BALANCE_STRUCTURE,ROTATION_ILLIQUID,TrendDown,FIRST_ACCEPTANCE,50,NO_CLEAR_STAGE_C_ALIGNMENT,False,False,False,False,False,False,False,HYST_BLOCK_TRENDDOWN_AGE_1_OF_2,0.9333333333333333,TRANSITION,OUT_OF_LANE,OUT_LEADIN_TRANSITION_ROT_ILLIQUID
2026-05-06,2026-05-06 09:51:08,2026-05-06 09:51:08,V3C,SimV3C-NQ-2B,NQ V3C Compression Clean B,NQ V3C Compression Clean B,,NQ,NQ JUN26,LONG,1,28433.5,28443.0,190.0,190.0,38.0,WIN,Profit target,,,2026-05-06 10:03:06,C:\Users\Valued Customer\NT8_Regimes\V3C\TradeLog\SimV3C_NQ_2B_TradeLog.csv,2026-05-06 09:51:08,V3C Compression,TREND_COMPRESSION,2026-05-06 09:50:11,TRANSITION,TRANSITION,BALANCE_STRUCTURE,ROTATION_ILLIQUID,TrendDown,FIRST_ACCEPTANCE,50,NO_CLEAR_STAGE_C_ALIGNMENT,False,False,False,False,False,False,False,HYST_BLOCK_TRENDDOWN_AGE_1_OF_2,0.95,TRANSITION,OUT_OF_LANE,OUT_LEADIN_TRANSITION_ROT_ILLIQUID
2026-05-06,2026-05-06 09:52:00,2026-05-06 09:52:08,V3C,SimV3C-NQ-2C,NQ V3C Compression Sniper C 20-40-60,NQ V3C Compression Sniper C 20-40-60,,NQ,NQ JUN26,LONG,1,28439.5,28472.5,660.0,660.0,132.0,WIN,Profit target,,,2026-05-06 10:03:07,C:\Users\Valued Customer\NT8_Regimes\V3C\TradeLog\SimV3C_NQ_2C_TradeLog.csv,2026-05-06 09:52:00,V3C Compression,TREND_COMPRESSION,2026-05-06 09:51:46,TREND_COMPRESSION,TREND_COMPRESSION,BALANCE_STRUCTURE,ROTATION_ILLIQUID,TrendUp,EARLY_CONTINUATION,66,MICRO_TREND_INSIDE_MACRO_STRUCTURE,True,False,True,True,False,False,True,HYST_PASSED_TRENDUP_MACRO_CONFIRM,0.23333333333333334,TREND_COMPRESSION,IN_LANE,IN_LANE
2026-05-06,2026-05-06 09:56:48,2026-05-06 09:57:13,V3C,SimV3C-NQ-2A,NQ VC3-A Compression Fast ,NQ VC3-A Compression Fast ,,NQ,NQ JUN26,LONG,1,28469.5,28485.0,310.0,310.0,62.0,WIN,Profit target,,,2026-05-06 10:03:09,C:\Users\Valued Customer\NT8_Regimes\V3C\TradeLog\SimV3C_NQ_2A_TradeLog.csv,2026-05-06 09:56:48,V3C Compression,TREND_COMPRESSION,2026-05-06 09:51:46,TREND_COMPRESSION,TREND_COMPRESSION,BALANCE_STRUCTURE,ROTATION_ILLIQUID,TrendUp,EARLY_CONTINUATION,66,MICRO_TREND_INSIDE_MACRO_STRUCTURE,True,False,True,True,False,False,True,HYST_PASSED_TRENDUP_MACRO_CONFIRM,5.033333333333333,TREND_COMPRESSION,IN_LANE,IN_LANE
2026-05-06,2026-05-06 09:57:12,2026-05-06 09:57:12,V3C,SimV3C-NQ-2B,NQ V3C Compression Clean B,NQ V3C Compression Clean B,,NQ,NQ JUN26,LONG,1,28473.5,28482.75,185.0,185.0,37.0,WIN,Profit target,,,2026-05-06 10:03:06,C:\Users\Valued Customer\NT8_Regimes\V3C\TradeLog\SimV3C_NQ_2B_TradeLog.csv,2026-05-06 09:57:12,V3C Compression,TREND_COMPRESSION,2026-05-06 09:57:03,TREND_COMPRESSION,TREND_COMPRESSION,BALANCE_STRUCTURE,ROTATION_ILLIQUID,TrendUp,EARLY_CONTINUATION,66,MICRO_TREND_INSIDE_MACRO_STRUCTURE,True,False,True,True,False,False,True,HYST_PASSED_TRENDUP_MACRO_CONFIRM,0.15,TREND_COMPRESSION,IN_LANE,IN_LANE
2026-05-06,2026-05-06 09:58:02,2026-05-06 09:58:02,V3C,SimV3C-NQ-2B,NQ V3C Compression Clean B,NQ V3C Compression Clean B,,NQ,NQ JUN26,LONG,1,28473.5,28482.75,185.0,185.0,37.0,WIN,Profit target,,,2026-05-06 10:03:06,C:\Users\Valued Customer\NT8_Regimes\V3C\TradeLog\SimV3C_NQ_2B_TradeLog.csv,2026-05-06 09:58:02,V3C Compression,TREND_COMPRESSION,2026-05-06 09:57:03,TREND_COMPRESSION,TREND_COMPRESSION,BALANCE_STRUCTURE,ROTATION_ILLIQUID,TrendUp,EARLY_CONTINUATION,66,MICRO_TREND_INSIDE_MACRO_STRUCTURE,True,False,True,True,False,False,True,HYST_PASSED_TRENDUP_MACRO_CONFIRM,0.9833333333333333,TREND_COMPRESSION,IN_LANE,IN_LANE
2026-05-06,2026-05-06 09:58:04,2026-05-06 10:01:00,V3C,SimV3C-NQ-2A,NQ VC3-A Compression Fast ,NQ VC3-A Compression Fast ,,NQ,NQ JUN26,LONG,1,28474.5,28459.0,-310.0,-310.0,-62.0,LOSS,Stop loss,,,2026-05-06 10:03:09,C:\Users\Valued Customer\NT8_Regimes\V3C\TradeLog\SimV3C_NQ_2A_TradeLog.csv,2026-05-06 09:58:04,V3C Compression,TREND_COMPRESSION,2026-05-06 09:57:03,TREND_COMPRESSION,TREND_COMPRESSION,BALANCE_STRUCTURE,ROTATION_ILLIQUID,TrendUp,EARLY_CONTINUATION,66,MICRO_TREND_INSIDE_MACRO_STRUCTURE,True,False,True,True,False,False,True,HYST_PASSED_TRENDUP_MACRO_CONFIRM,1.0166666666666666,TREND_COMPRESSION,IN_LANE,IN_LANE
2026-05-06,2026-05-06 09:59:08,2026-05-06 09:59:08,V3C,SimV3C-NQ-2B,NQ V3C Compression Clean B,NQ V3C Compression Clean B,,NQ,NQ JUN26,LONG,1,28477.5,28487.0,190.0,190.0,38.0,WIN,Profit target,,,2026-05-06 10:03:06,C:\Users\Valued Customer\NT8_Regimes\V3C\TradeLog\SimV3C_NQ_2B_TradeLog.csv,2026-05-06 09:59:08,V3C Compression,TREND_COMPRESSION,2026-05-06 09:57:03,TREND_COMPRESSION,TREND_COMPRESSION,BALANCE_STRUCTURE,ROTATION_ILLIQUID,TrendUp,EARLY_CONTINUATION,66,MICRO_TREND_INSIDE_MACRO_STRUCTURE,True,False,True,True,False,False,True,HYST_PASSED_TRENDUP_MACRO_CONFIRM,2.0833333333333335,TREND_COMPRESSION,IN_LANE,IN_LANE
2026-05-06,2026-05-06 10:00:19,2026-05-06 10:00:19,V3C,SimV3C-NQ-2B,NQ V3C Compression Clean B,NQ V3C Compression Clean B,,NQ,NQ JUN26,LONG,1,28469.5,28479.0,190.0,190.0,38.0,WIN,Profit target,,,2026-05-06 10:03:06,C:\Users\Valued Customer\NT8_Regimes\V3C\TradeLog\SimV3C_NQ_2B_TradeLog.csv,2026-05-06 10:00:19,V3C Compression,TREND_COMPRESSION,2026-05-06 09:57:03,TREND_COMPRESSION,TREND_COMPRESSION,BALANCE_STRUCTURE,ROTATION_ILLIQUID,TrendUp,EARLY_CONTINUATION,66,MICRO_TREND_INSIDE_MACRO_STRUCTURE,True,False,True,True,False,False,True,HYST_PASSED_TRENDUP_MACRO_CONFIRM,3.2666666666666666,TREND_COMPRESSION,IN_LANE,IN_LANE
2026-05-06,2026-05-06 10:00:40,2026-05-06 10:00:40,V3C,SimV3C-NQ-2B,NQ V3C Compression Clean B,NQ V3C Compression Clean B,,NQ,NQ JUN26,LONG,1,28469.5,28479.0,190.0,190.0,38.0,WIN,Profit target,,,2026-05-06 10:03:06,C:\Users\Valued Customer\NT8_Regimes\V3C\TradeLog\SimV3C_NQ_2B_TradeLog.csv,2026-05-06 10:00:40,V3C Compression,TREND_COMPRESSION,2026-05-06 09:57:03,TREND_COMPRESSION,TREND_COMPRESSION,BALANCE_STRUCTURE,ROTATION_ILLIQUID,TrendUp,EARLY_CONTINUATION,66,MICRO_TREND_INSIDE_MACRO_STRUCTURE,True,False,True,True,False,False,True,HYST_PASSED_TRENDUP_MACRO_CONFIRM,3.6166666666666667,TREND_COMPRESSION,IN_LANE,IN_LANE
2026-05-06,2026-05-06 10:01:22,2026-05-06 10:01:26,V3C,SimV3C-NQ-2A,NQ VC3-A Compression Fast ,NQ VC3-A Compression Fast ,,NQ,NQ JUN26,LONG,1,28459.5,28475.25,315.0,315.0,63.0,WIN,Profit target,,,2026-05-06 10:03:09,C:\Users\Valued Customer\NT8_Regimes\V3C\TradeLog\SimV3C_NQ_2A_TradeLog.csv,2026-05-06 10:01:22,V3C Compression,TREND_COMPRESSION,2026-05-06 09:57:03,TREND_COMPRESSION,TREND_COMPRESSION,BALANCE_STRUCTURE,ROTATION_ILLIQUID,TrendUp,EARLY_CONTINUATION,66,MICRO_TREND_INSIDE_MACRO_STRUCTURE,True,False,True,True,False,False,True,HYST_PASSED_TRENDUP_MACRO_CONFIRM,4.316666666666666,TREND_COMPRESSION,IN_LANE,IN_LANE
2026-05-06,2026-05-06 10:01:24,2026-05-06 10:01:24,V3C,SimV3C-NQ-2B,NQ V3C Compression Clean B,NQ V3C Compression Clean B,,NQ,NQ JUN26,LONG,1,28465.5,28475.0,190.0,190.0,38.0,WIN,Profit target,,,2026-05-06 10:03:06,C:\Users\Valued Customer\NT8_Regimes\V3C\TradeLog\SimV3C_NQ_2B_TradeLog.csv,2026-05-06 10:01:24,V3C Compression,TREND_COMPRESSION,2026-05-06 09:57:03,TREND_COMPRESSION,TREND_COMPRESSION,BALANCE_STRUCTURE,ROTATION_ILLIQUID,TrendUp,EARLY_CONTINUATION,66,MICRO_TREND_INSIDE_MACRO_STRUCTURE,True,False,True,True,False,False,True,HYST_PASSED_TRENDUP_MACRO_CONFIRM,4.35,TREND_COMPRESSION,IN_LANE,IN_LANE
2026-05-06,2026-05-06 10:05:22,2026-05-06 10:05:22,V3C,SimV3C-NQ-2B,NQ V3C Compression Clean B,NQ V3C Compression Clean B,,NQ,NQ JUN26,LONG,1,28434.5,28424.75,-195.0,-195.0,-39.0,LOSS,Stop loss,28425.0,190.0,2026-05-06 10:05:27,C:\Users\Valued Customer\NT8_Regimes\V3C\TradeLog\SimV3C_NQ_2B_TradeLog.csv,2026-05-06 10:05:22,V3C Compression,TREND_COMPRESSION,2026-05-06 10:03:25,TREND_COMPRESSION,TREND_COMPRESSION,BALANCE_STRUCTURE,ROTATION_ILLIQUID,TrendUp,PRE_DECISION,66,MICRO_TREND_INSIDE_MACRO_STRUCTURE,True,False,True,True,False,False,True,HYST_PASSED_TRENDUP_MACRO_CONFIRM,1.95,TREND_COMPRESSION,IN_LANE,IN_LANE
2026-05-06,2026-05-06 10:05:44,2026-05-06 10:06:08,V3C,SimV3C-NQ-2A,NQ VC3-A Compression Fast ,NQ VC3-A Compression Fast ,,NQ,NQ JUN26,LONG,1,28435.75,28420.0,-315.0,-315.0,-63.0,LOSS,Stop loss,28420.0,315.0,2026-05-06 10:06:13,C:\Users\Valued Customer\NT8_Regimes\V3C\TradeLog\SimV3C_NQ_2A_TradeLog.csv,2026-05-06 10:05:44,V3C Compression,TREND_COMPRESSION,2026-05-06 10:03:25,TREND_COMPRESSION,TREND_COMPRESSION,BALANCE_STRUCTURE,ROTATION_ILLIQUID,TrendUp,PRE_DECISION,66,MICRO_TREND_INSIDE_MACRO_STRUCTURE,True,False,True,True,False,False,True,HYST_PASSED_TRENDUP_MACRO_CONFIRM,2.316666666666667,TREND_COMPRESSION,IN_LANE,IN_LANE
2026-05-06,2026-05-06 10:06:42,2026-05-06 10:06:42,V3C,SimV3C-NQ-2B,NQ V3C Compression Clean B,NQ V3C Compression Clean B,,NQ,NQ JUN26,LONG,1,28421.5,28412.0,-190.0,-190.0,-38.0,LOSS,Stop loss,28412.0,190.0,2026-05-06 10:06:45,C:\Users\Valued Customer\NT8_Regimes\V3C\TradeLog\SimV3C_NQ_2B_TradeLog.csv,2026-05-06 10:06:42,V3C Compression,TREND_COMPRESSION,2026-05-06 10:06:03,ROTATION_ILLIQUID,ROTATION_ILLIQUID,REVERSION_STRUCTURE,ROTATION_ILLIQUID,TrendUp,END_FIRST_WINDOW,62,COMPRESSED_BALANCE_LOW_EDGE,False,False,False,False,False,False,True,HYST_PASSED_NQ_TRENDUP_NO_MACRO_2BAR,0.65,ROTATION_ILLIQUID,OUT_OF_LANE,OUT_LEADIN_TRANSITION_ROT_ILLIQUID
2026-05-06,2026-05-06 10:07:09,2026-05-06 10:07:29,V3C,SimV3C-NQ-2B,NQ V3C Compression Clean B,NQ V3C Compression Clean B,,NQ,NQ JUN26,LONG,1,28406.25,28415.5,185.0,185.0,37.0,WIN,Profit target,,,2026-05-06 10:07:29,C:\Users\Valued Customer\NT8_Regimes\V3C\TradeLog\SimV3C_NQ_2B_TradeLog.csv,2026-05-06 10:07:09,V3C Compression,TREND_COMPRESSION,2026-05-06 10:06:03,ROTATION_ILLIQUID,ROTATION_ILLIQUID,REVERSION_STRUCTURE,ROTATION_ILLIQUID,TrendUp,END_FIRST_WINDOW,62,COMPRESSED_BALANCE_LOW_EDGE,False,False,False,False,False,False,True,HYST_PASSED_NQ_TRENDUP_NO_MACRO_2BAR,1.1,ROTATION_ILLIQUID,OUT_OF_LANE,OUT_LEADIN_TRANSITION_ROT_ILLIQUID
2026-05-06,2026-05-06 10:07:10,2026-05-06 10:07:42,V3C,SimV3C-NQ-2A,NQ VC3-A Compression Fast ,NQ VC3-A Compression Fast ,,NQ,NQ JUN26,LONG,1,28410.5,28426.25,315.0,315.0,63.0,WIN,Profit target,,,2026-05-06 10:07:43,C:\Users\Valued Customer\NT8_Regimes\V3C\TradeLog\SimV3C_NQ_2A_TradeLog.csv,2026-05-06 10:07:10,V3C Compression,TREND_COMPRESSION,2026-05-06 10:06:03,ROTATION_ILLIQUID,ROTATION_ILLIQUID,REVERSION_STRUCTURE,ROTATION_ILLIQUID,TrendUp,END_FIRST_WINDOW,62,COMPRESSED_BALANCE_LOW_EDGE,False,False,False,False,False,False,True,HYST_PASSED_NQ_TRENDUP_NO_MACRO_2BAR,1.1166666666666667,ROTATION_ILLIQUID,OUT_OF_LANE,OUT_LEADIN_TRANSITION_ROT_ILLIQUID
2026-05-06,2026-05-06 10:07:44,2026-05-06 10:09:31,V3C,SimV3C-NQ-2C,NQ V3C Compression Sniper C 20-40-60,NQ V3C Compression Sniper C 20-40-60,,NQ,NQ JUN26,LONG,1,28429.75,28461.25,630.0,630.0,126.0,WIN,Profit target,,,2026-05-06 10:09:32,C:\Users\Valued Customer\NT8_Regimes\V3C\TradeLog\SimV3C_NQ_2C_TradeLog.csv,2026-05-06 10:07:44,V3C Compression,TREND_COMPRESSION,2026-05-06 10:06:03,ROTATION_ILLIQUID,ROTATION_ILLIQUID,REVERSION_STRUCTURE,ROTATION_ILLIQUID,TrendUp,END_FIRST_WINDOW,62,COMPRESSED_BALANCE_LOW_EDGE,False,False,False,False,False,False,True,HYST_PASSED_NQ_TRENDUP_NO_MACRO_2BAR,1.6833333333333333,ROTATION_ILLIQUID,OUT_OF_LANE,OUT_LEADIN_TRANSITION_ROT_ILLIQUID
2026-05-06,2026-05-06 10:14:09,2026-05-06 10:14:09,V3C,SimV3C-NQ-2B,NQ V3C Compression Clean B,NQ V3C Compression Clean B,,NQ,NQ JUN26,LONG,1,28477.25,28468.0,-185.0,-185.0,-37.0,LOSS,Stop loss,28468.0,185.0,2026-05-06 10:14:22,C:\Users\Valued Customer\NT8_Regimes\V3C\TradeLog\SimV3C_NQ_2B_TradeLog.csv,2026-05-06 10:14:09,V3C Compression,TREND_COMPRESSION,2026-05-06 10:10:55,TREND_COMPRESSION,TREND_COMPRESSION,BRACKET_MACRO,ROTATION_ILLIQUID,TrendUp,PRE_IB_MATURATION,66,MICRO_TREND_INSIDE_MACRO_STRUCTURE,True,False,True,True,False,False,True,HYST_PASSED_NQ_TRENDUP_NO_MACRO_2BAR,3.2333333333333334,TREND_COMPRESSION,IN_LANE,IN_LANE
2026-05-06,2026-05-06 10:14:41,2026-05-06 10:15:17,V3C,SimV3C-NQ-2B,NQ V3C Compression Clean B,NQ V3C Compression Clean B,,NQ,NQ JUN26,LONG,1,28477.0,28467.5,-190.0,-190.0,-38.0,LOSS,Stop loss,28467.5,190.0,2026-05-06 10:16:00,C:\Users\Valued Customer\NT8_Regimes\V3C\TradeLog\SimV3C_NQ_2B_TradeLog.csv,2026-05-06 10:14:41,V3C Compression,TREND_COMPRESSION,2026-05-06 10:10:55,TREND_COMPRESSION,TREND_COMPRESSION,BRACKET_MACRO,ROTATION_ILLIQUID,TrendUp,PRE_IB_MATURATION,66,MICRO_TREND_INSIDE_MACRO_STRUCTURE,True,False,True,True,False,False,True,HYST_PASSED_NQ_TRENDUP_NO_MACRO_2BAR,3.7666666666666666,TREND_COMPRESSION,IN_LANE,IN_LANE
2026-05-06,2026-05-06 10:14:48,2026-05-06 10:15:17,V3C,SimV3C-NQ-2A,NQ VC3-A Compression Fast ,NQ VC3-A Compression Fast ,,NQ,NQ JUN26,LONG,1,28482.25,28466.5,-315.0,-315.0,-63.0,LOSS,Stop loss,28466.5,315.0,2026-05-06 10:16:00,C:\Users\Valued Customer\NT8_Regimes\V3C\TradeLog\SimV3C_NQ_2A_TradeLog.csv,2026-05-06 10:14:48,V3C Compression,TREND_COMPRESSION,2026-05-06 10:10:55,TREND_COMPRESSION,TREND_COMPRESSION,BRACKET_MACRO,ROTATION_ILLIQUID,TrendUp,PRE_IB_MATURATION,66,MICRO_TREND_INSIDE_MACRO_STRUCTURE,True,False,True,True,False,False,True,HYST_PASSED_NQ_TRENDUP_NO_MACRO_2BAR,3.8833333333333333,TREND_COMPRESSION,IN_LANE,IN_LANE
2026-05-06,2026-05-06 10:18:16,2026-05-06 10:18:16,V3C,SimV3C-NQ-2B,NQ V3C Compression Clean B,NQ V3C Compression Clean B,,NQ,NQ JUN26,LONG,1,28445.5,28435.75,-195.0,-195.0,-39.0,LOSS,Stop loss,28436.0,190.0,2026-05-06 10:18:18,C:\Users\Valued Customer\NT8_Regimes\V3C\TradeLog\SimV3C_NQ_2B_TradeLog.csv,2026-05-06 10:18:16,V3C Compression,TREND_COMPRESSION,2026-05-06 10:15:46,TREND_COMPRESSION,TREND_COMPRESSION,BRACKET_MACRO,ROTATION_ILLIQUID,TrendUp,PRE_IB_MATURATION,66,MICRO_TREND_INSIDE_MACRO_STRUCTURE,False,False,False,False,False,False,False,HYST_BLOCK_NQ_TRENDUP_NO_MACRO_AGE_1,2.5,TREND_COMPRESSION,IN_LANE,IN_LANE
2026-05-06,2026-05-06 10:18:16,2026-05-06 10:18:30,V3C,SimV3C-NQ-2A,NQ VC3-A Compression Fast ,NQ VC3-A Compression Fast ,,NQ,NQ JUN26,LONG,1,28444.75,28429.25,-310.0,-310.0,-62.0,LOSS,Stop loss,28429.0,315.0,2026-05-06 10:18:30,C:\Users\Valued Customer\NT8_Regimes\V3C\TradeLog\SimV3C_NQ_2A_TradeLog.csv,2026-05-06 10:18:16,V3C Compression,TREND_COMPRESSION,2026-05-06 10:15:46,TREND_COMPRESSION,TREND_COMPRESSION,BRACKET_MACRO,ROTATION_ILLIQUID,TrendUp,PRE_IB_MATURATION,66,MICRO_TREND_INSIDE_MACRO_STRUCTURE,False,False,False,False,False,False,False,HYST_BLOCK_NQ_TRENDUP_NO_MACRO_AGE_1,2.5,TREND_COMPRESSION,IN_LANE,IN_LANE
2026-05-06,2026-05-06 10:19:22,2026-05-06 10:19:22,V3C,SimV3C-NQ-2B,NQ V3C Compression Clean B,NQ V3C Compression Clean B,,NQ,NQ JUN26,LONG,1,28434.0,28424.75,-185.0,-185.0,-37.0,LOSS,Stop loss,28424.75,185.0,2026-05-06 10:19:41,C:\Users\Valued Customer\NT8_Regimes\V3C\TradeLog\SimV3C_NQ_2B_TradeLog.csv,2026-05-06 10:19:22,V3C Compression,TREND_COMPRESSION,2026-05-06 10:15:46,TREND_COMPRESSION,TREND_COMPRESSION,BRACKET_MACRO,ROTATION_ILLIQUID,TrendUp,PRE_IB_MATURATION,66,MICRO_TREND_INSIDE_MACRO_STRUCTURE,False,False,False,False,False,False,False,HYST_BLOCK_NQ_TRENDUP_NO_MACRO_AGE_1,3.6,TREND_COMPRESSION,IN_LANE,IN_LANE
2026-05-06,2026-05-06 10:19:24,2026-05-06 10:19:24,V3C,SimV3C-NQ-2A,NQ VC3-A Compression Fast ,NQ VC3-A Compression Fast ,,NQ,NQ JUN26,LONG,1,28436.25,28420.5,-315.0,-315.0,-63.0,LOSS,Stop loss,28420.5,315.0,2026-05-06 10:19:44,C:\Users\Valued Customer\NT8_Regimes\V3C\TradeLog\SimV3C_NQ_2A_TradeLog.csv,2026-05-06 10:19:24,V3C Compression,TREND_COMPRESSION,2026-05-06 10:15:46,TREND_COMPRESSION,TREND_COMPRESSION,BRACKET_MACRO,ROTATION_ILLIQUID,TrendUp,PRE_IB_MATURATION,66,MICRO_TREND_INSIDE_MACRO_STRUCTURE,False,False,False,False,False,False,False,HYST_BLOCK_NQ_TRENDUP_NO_MACRO_AGE_1,3.6333333333333333,TREND_COMPRESSION,IN_LANE,IN_LANE
2026-05-06,2026-05-06 10:20:13,2026-05-06 10:21:13,V3C,SimV3C-NQ-2B,NQ V3C Compression Clean B,NQ V3C Compression Clean B,,NQ,NQ JUN26,LONG,1,28420.5,28429.75,185.0,185.0,37.0,WIN,Profit target,,,2026-05-06 10:21:13,C:\Users\Valued Customer\NT8_Regimes\V3C\TradeLog\SimV3C_NQ_2B_TradeLog.csv,2026-05-06 10:20:13,V3C Compression,TREND_COMPRESSION,2026-05-06 10:15:46,TREND_COMPRESSION,TREND_COMPRESSION,BRACKET_MACRO,ROTATION_ILLIQUID,TrendUp,PRE_IB_MATURATION,66,MICRO_TREND_INSIDE_MACRO_STRUCTURE,False,False,False,False,False,False,False,HYST_BLOCK_NQ_TRENDUP_NO_MACRO_AGE_1,4.45,TREND_COMPRESSION,IN_LANE,IN_LANE
2026-05-06,2026-05-06 10:20:21,2026-05-06 10:21:17,V3C,SimV3C-NQ-2A,NQ VC3-A Compression Fast ,NQ VC3-A Compression Fast ,,NQ,NQ JUN26,LONG,1,28424.5,28440.5,320.0,320.0,64.0,WIN,Profit target,,,2026-05-06 10:21:18,C:\Users\Valued Customer\NT8_Regimes\V3C\TradeLog\SimV3C_NQ_2A_TradeLog.csv,2026-05-06 10:20:21,V3C Compression,TREND_COMPRESSION,2026-05-06 10:15:46,TREND_COMPRESSION,TREND_COMPRESSION,BRACKET_MACRO,ROTATION_ILLIQUID,TrendUp,PRE_IB_MATURATION,66,MICRO_TREND_INSIDE_MACRO_STRUCTURE,False,False,False,False,False,False,False,HYST_BLOCK_NQ_TRENDUP_NO_MACRO_AGE_1,4.583333333333333,TREND_COMPRESSION,IN_LANE,IN_LANE
2026-05-06,2026-05-06 10:21:17,2026-05-06 10:21:17,V3C,SimV3C-NQ-2C,NQ V3C Compression Sniper C 20-40-60,NQ V3C Compression Sniper C 20-40-60,,NQ,NQ JUN26,LONG,1,28439.75,28411.75,-560.0,-560.0,-112.0,LOSS,Stop loss,28411.5,565.0,2026-05-06 10:23:05,C:\Users\Valued Customer\NT8_Regimes\V3C\TradeLog\SimV3C_NQ_2C_TradeLog.csv,2026-05-06 10:21:17,V3C Compression,TREND_COMPRESSION,2026-05-06 10:15:46,TREND_COMPRESSION,TREND_COMPRESSION,BRACKET_MACRO,ROTATION_ILLIQUID,TrendUp,PRE_IB_MATURATION,66,MICRO_TREND_INSIDE_MACRO_STRUCTURE,False,False,False,False,False,False,False,HYST_BLOCK_NQ_TRENDUP_NO_MACRO_AGE_1,5.516666666666667,TREND_COMPRESSION,IN_LANE,IN_LANE
2026-05-06,2026-05-06 10:22:01,2026-05-06 10:22:01,V3C,SimV3C-NQ-2B,NQ V3C Compression Clean B,NQ V3C Compression Clean B,,NQ,NQ JUN26,LONG,1,28440.0,28430.25,-195.0,-195.0,-39.0,LOSS,Stop loss,28430.5,190.0,2026-05-06 10:22:14,C:\Users\Valued Customer\NT8_Regimes\V3C\TradeLog\SimV3C_NQ_2B_TradeLog.csv,2026-05-06 10:22:01,V3C Compression,TREND_COMPRESSION,2026-05-06 10:15:46,TREND_COMPRESSION,TREND_COMPRESSION,BRACKET_MACRO,ROTATION_ILLIQUID,TrendUp,PRE_IB_MATURATION,66,MICRO_TREND_INSIDE_MACRO_STRUCTURE,False,False,False,False,False,False,False,HYST_BLOCK_NQ_TRENDUP_NO_MACRO_AGE_1,6.25,TREND_COMPRESSION,IN_LANE,IN_LANE
2026-05-06,2026-05-06 10:22:01,2026-05-06 10:22:23,V3C,SimV3C-NQ-2A,NQ VC3-A Compression Fast ,NQ VC3-A Compression Fast ,,NQ,NQ JUN26,LONG,1,28439.25,28423.0,-325.0,-325.0,-65.0,LOSS,Stop loss,28423.25,320.0,2026-05-06 10:22:23,C:\Users\Valued Customer\NT8_Regimes\V3C\TradeLog\SimV3C_NQ_2A_TradeLog.csv,2026-05-06 10:22:01,V3C Compression,TREND_COMPRESSION,2026-05-06 10:15:46,TREND_COMPRESSION,TREND_COMPRESSION,BRACKET_MACRO,ROTATION_ILLIQUID,TrendUp,PRE_IB_MATURATION,66,MICRO_TREND_INSIDE_MACRO_STRUCTURE,False,False,False,False,False,False,False,HYST_BLOCK_NQ_TRENDUP_NO_MACRO_AGE_1,6.25,TREND_COMPRESSION,IN_LANE,IN_LANE
2026-05-06,2026-05-06 10:22:49,2026-05-06 10:22:49,V3C,SimV3C-NQ-2B,NQ V3C Compression Clean B,NQ V3C Compression Clean B,,NQ,NQ JUN26,LONG,1,28429.0,28419.5,-190.0,-190.0,-38.0,LOSS,Stop loss,28419.5,190.0,2026-05-06 10:23:00,C:\Users\Valued Customer\NT8_Regimes\V3C\TradeLog\SimV3C_NQ_2B_TradeLog.csv,2026-05-06 10:22:49,V3C Compression,TREND_COMPRESSION,2026-05-06 10:22:06,TRANSITION,TRANSITION,MEAN_REVERSION_MACRO,ROTATION_ILLIQUID,TrendUp,PRE_IB_MATURATION,55,HIGH_CONFLICT_STAGE_A_B_OR_PRICE_ACTION,False,False,False,False,False,False,True,HYST_PASSED_NQ_TRENDUP_NO_MACRO_2BAR,0.7166666666666667,TRANSITION,OUT_OF_LANE,OUT_LEADIN_TRANSITION_ROT_ILLIQUID
2026-05-06,2026-05-06 10:23:19,2026-05-06 10:25:03,V3C,SimV3C-NQ-2A,NQ VC3-A Compression Fast ,NQ VC3-A Compression Fast ,,NQ,NQ JUN26,LONG,1,28424.75,28440.75,320.0,320.0,64.0,WIN,Profit target,,,2026-05-06 10:25:06,C:\Users\Valued Customer\NT8_Regimes\V3C\TradeLog\SimV3C_NQ_2A_TradeLog.csv,2026-05-06 10:23:19,V3C Compression,TREND_COMPRESSION,2026-05-06 10:22:06,TRANSITION,TRANSITION,MEAN_REVERSION_MACRO,ROTATION_ILLIQUID,TrendUp,PRE_IB_MATURATION,55,HIGH_CONFLICT_STAGE_A_B_OR_PRICE_ACTION,False,False,False,False,False,False,True,HYST_PASSED_NQ_TRENDUP_NO_MACRO_2BAR,1.2166666666666666,TRANSITION,OUT_OF_LANE,OUT_LEADIN_TRANSITION_ROT_ILLIQUID
2026-05-06,2026-05-06 10:23:21,2026-05-06 10:24:37,V3C,SimV3C-NQ-2B,NQ V3C Compression Clean B,NQ V3C Compression Clean B,,NQ,NQ JUN26,LONG,1,28426.0,28416.5,-190.0,-190.0,-38.0,LOSS,Stop loss,28416.5,190.0,2026-05-06 10:24:37,C:\Users\Valued Customer\NT8_Regimes\V3C\TradeLog\SimV3C_NQ_2B_TradeLog.csv,2026-05-06 10:23:21,V3C Compression,TREND_COMPRESSION,2026-05-06 10:22:06,TRANSITION,TRANSITION,MEAN_REVERSION_MACRO,ROTATION_ILLIQUID,TrendUp,PRE_IB_MATURATION,55,HIGH_CONFLICT_STAGE_A_B_OR_PRICE_ACTION,False,False,False,False,False,False,True,HYST_PASSED_NQ_TRENDUP_NO_MACRO_2BAR,1.25,TRANSITION,OUT_OF_LANE,OUT_LEADIN_TRANSITION_ROT_ILLIQUID
2026-05-06,2026-05-06 10:24:49,2026-05-06 10:24:55,V3C,SimV3C-NQ-2B,NQ V3C Compression Clean B,NQ V3C Compression Clean B,,NQ,NQ JUN26,LONG,1,28426.0,28436.25,205.0,205.0,41.0,WIN,Profit target,,,2026-05-06 10:24:55,C:\Users\Valued Customer\NT8_Regimes\V3C\TradeLog\SimV3C_NQ_2B_TradeLog.csv,2026-05-06 10:24:49,V3C Compression,TREND_COMPRESSION,2026-05-06 10:22:06,TRANSITION,TRANSITION,MEAN_REVERSION_MACRO,ROTATION_ILLIQUID,TrendUp,PRE_IB_MATURATION,55,HIGH_CONFLICT_STAGE_A_B_OR_PRICE_ACTION,False,False,False,False,False,False,True,HYST_PASSED_NQ_TRENDUP_NO_MACRO_2BAR,2.716666666666667,TRANSITION,OUT_OF_LANE,OUT_LEADIN_TRANSITION_ROT_ILLIQUID
2026-05-06,2026-05-06 10:25:03,2026-05-06 10:33:18,V3C,SimV3C-NQ-2C,NQ V3C Compression Sniper C 20-40-60,NQ V3C Compression Sniper C 20-40-60,,NQ,NQ JUN26,LONG,1,28439.75,28471.5,635.0,635.0,127.0,WIN,Profit target,,,2026-05-06 10:33:18,C:\Users\Valued Customer\NT8_Regimes\V3C\TradeLog\SimV3C_NQ_2C_TradeLog.csv,2026-05-06 10:25:03,V3C Compression,TREND_COMPRESSION,2026-05-06 10:22:06,TRANSITION,TRANSITION,MEAN_REVERSION_MACRO,ROTATION_ILLIQUID,TrendUp,PRE_IB_MATURATION,55,HIGH_CONFLICT_STAGE_A_B_OR_PRICE_ACTION,False,False,False,False,False,False,True,HYST_PASSED_NQ_TRENDUP_NO_MACRO_2BAR,2.95,TRANSITION,OUT_OF_LANE,OUT_LEADIN_TRANSITION_ROT_ILLIQUID
2026-05-06,2026-05-06 10:35:33,2026-05-06 10:35:34,V1B,SimV1A Kalman Fader 3,KalmanPulse_Fader_V1B,KalmanPulse_Fader_B,B,NQ,NQ JUN26,SHORT,2,28487.5,28487.25,10.0,10.0,2.0,WIN,ENVELOPE_BREAK_EXIT,28490.75,130.0,2026-05-06 10:35:34,C:\Users\Valued Customer\NT8_Regimes\V1B\TradeLog\KalmanPulse_Fader_B_TradeLog.csv,2026-05-06 10:35:33,Kalman Faders,ROTATION_LIQUID,2026-05-06 10:31:51,TRANSITION,ROTATION_ILLIQUID,MEAN_REVERSION_MACRO,ROTATION_ILLIQUID,TrendDown,NEAR_IB_CONDITION,62,COMPRESSED_BALANCE_LOW_EDGE,False,False,False,False,False,False,False,HYST_BLOCK_TRENDDOWN_AGE_1_OF_2,3.7,TRANSITION,OUT_OF_LANE,OUT_OF_LANE
2026-05-06,2026-05-06 10:35:33,2026-05-06 10:35:34,V1B,SimV1A - Kalman Fader 2,KalmanPulse Fader Mode A+,KalmanPulse_Fader_B,B,NQ,NQ JUN26,SHORT,2,28487.25,28488.5,-45.0,-45.0,-9.0,LOSS,ENVELOPE_BREAK_EXIT,28490.75,140.0,2026-05-06 10:35:34,C:\Users\Valued Customer\NT8_Regimes\V1B\TradeLog\KalmanPulse_Fader_B_TradeLog.csv,2026-05-06 10:35:33,Kalman Faders,ROTATION_LIQUID,2026-05-06 10:31:51,TRANSITION,ROTATION_ILLIQUID,MEAN_REVERSION_MACRO,ROTATION_ILLIQUID,TrendDown,NEAR_IB_CONDITION,62,COMPRESSED_BALANCE_LOW_EDGE,False,False,False,False,False,False,False,HYST_BLOCK_TRENDDOWN_AGE_1_OF_2,3.7,TRANSITION,OUT_OF_LANE,OUT_OF_LANE
2026-05-06,2026-05-06 10:35:36,2026-05-06 10:35:39,V1B,SimV1A Kalman Fader 3,KalmanPulse_Fader_V1B,KalmanPulse_Fader_B,B,NQ,NQ JUN26,LONG,2,28483.13,28483.25,5.0,5.0,1.0,WIN,ENVELOPE_BREAK_EXIT,28479.25,155.0,2026-05-06 10:35:39,C:\Users\Valued Customer\NT8_Regimes\V1B\TradeLog\KalmanPulse_Fader_B_TradeLog.csv,2026-05-06 10:35:36,Kalman Faders,ROTATION_LIQUID,2026-05-06 10:31:51,TRANSITION,ROTATION_ILLIQUID,MEAN_REVERSION_MACRO,ROTATION_ILLIQUID,TrendDown,NEAR_IB_CONDITION,62,COMPRESSED_BALANCE_LOW_EDGE,False,False,False,False,False,False,False,HYST_BLOCK_TRENDDOWN_AGE_1_OF_2,3.75,TRANSITION,OUT_OF_LANE,OUT_OF_LANE
2026-05-06,2026-05-06 10:35:47,2026-05-06 10:35:52,V1B,SimV1A Kalman Fader 3,KalmanPulse_Fader_V1B,KalmanPulse_Fader_B,B,NQ,NQ JUN26,LONG,2,28486.25,28489.5,85.0,85.0,17.0,WIN,TARGET_HIT,28482.0,170.0,2026-05-06 10:35:52,C:\Users\Valued Customer\NT8_Regimes\V1B\TradeLog\KalmanPulse_Fader_B_TradeLog.csv,2026-05-06 10:35:47,Kalman Faders,ROTATION_LIQUID,2026-05-06 10:31:51,TRANSITION,ROTATION_ILLIQUID,MEAN_REVERSION_MACRO,ROTATION_ILLIQUID,TrendDown,NEAR_IB_CONDITION,62,COMPRESSED_BALANCE_LOW_EDGE,False,False,False,False,False,False,False,HYST_BLOCK_TRENDDOWN_AGE_1_OF_2,3.933333333333333,TRANSITION,OUT_OF_LANE,OUT_OF_LANE
2026-05-06,2026-05-06 10:36:08,2026-05-06 10:36:08,V1B,SimV1A Kalman Fader 3,KalmanPulse_Fader_V1B,KalmanPulse_Fader_B,B,NQ,NQ JUN26,SHORT,2,28493.0,28494.0,-40.0,-40.0,-8.0,LOSS,ENVELOPE_BREAK_EXIT,28495.75,110.0,2026-05-06 10:36:08,C:\Users\Valued Customer\NT8_Regimes\V1B\TradeLog\KalmanPulse_Fader_B_TradeLog.csv,2026-05-06 10:36:08,Kalman Faders,ROTATION_LIQUID,2026-05-06 10:31:51,TRANSITION,ROTATION_ILLIQUID,MEAN_REVERSION_MACRO,ROTATION_ILLIQUID,TrendDown,NEAR_IB_CONDITION,62,COMPRESSED_BALANCE_LOW_EDGE,False,False,False,False,False,False,False,HYST_BLOCK_TRENDDOWN_AGE_1_OF_2,4.283333333333333,TRANSITION,OUT_OF_LANE,OUT_OF_LANE
2026-05-06,2026-05-06 10:36:09,2026-05-06 10:36:09,V1B,SimV1A Kalman Fader 3,KalmanPulse_Fader_V1B,KalmanPulse_Fader_B,B,NQ,NQ JUN26,SHORT,2,28492.5,28494.0,-60.0,-60.0,-12.0,LOSS,STOP_HIT,28493.75,50.0,2026-05-06 10:36:09,C:\Users\Valued Customer\NT8_Regimes\V1B\TradeLog\KalmanPulse_Fader_B_TradeLog.csv,2026-05-06 10:36:09,Kalman Faders,ROTATION_LIQUID,2026-05-06 10:31:51,TRANSITION,ROTATION_ILLIQUID,MEAN_REVERSION_MACRO,ROTATION_ILLIQUID,TrendDown,NEAR_IB_CONDITION,62,COMPRESSED_BALANCE_LOW_EDGE,False,False,False,False,False,False,False,HYST_BLOCK_TRENDDOWN_AGE_1_OF_2,4.3,TRANSITION,OUT_OF_LANE,OUT_OF_LANE
2026-05-06,2026-05-06 10:38:00,2026-05-06 10:40:00,V1B,SimV1A - Kalman Fader 2,KalmanPulse Fader Mode A+,KalmanPulse_Fader_B,B,NQ,NQ JUN26,SHORT,2,28488.5,28492.5,-160.0,-160.0,-32.0,LOSS,ENVELOPE_BREAK_EXIT,28535.75,1890.0,2026-05-06 10:55:15,C:\Users\Valued Customer\NT8_Regimes\V1B\TradeLog\KalmanPulse_Fader_B_TradeLog.csv,2026-05-06 10:38:00,Kalman Faders,ROTATION_LIQUID,2026-05-06 10:36:43,TREND_COMPRESSION,TREND_COMPRESSION,BRACKET_MACRO,ROTATION_ILLIQUID,TrendUp,POST_IB_MACRO,66,MICRO_TREND_INSIDE_MACRO_STRUCTURE,False,False,False,False,False,False,False,HYST_BLOCK_NQ_TRENDUP_NO_MACRO_AGE_1,1.2833333333333334,TREND_COMPRESSION,OUT_OF_LANE,OUT_OF_LANE
2026-05-06,2026-05-06 10:38:00,2026-05-06 10:40:00,V1B,SimV1A - Kalman Fader 2,KalmanPulse Fader Mode A+,KalmanPulse_Fader_B,A,NQ,NQ JUN26,SHORT,2,28488.5,28492.5,-160.0,-160.0,-32.0,LOSS,ENVELOPE_BREAK_EXIT,28510.0,860.0,2026-05-06 13:43:35,C:\Users\Valued Customer\NT8_Regimes\V1B\TradeLog\KalmanPulse_Fader_B_TradeLog.csv,2026-05-06 10:38:00,Kalman Faders,ROTATION_LIQUID,2026-05-06 10:36:43,TREND_COMPRESSION,TREND_COMPRESSION,BRACKET_MACRO,ROTATION_ILLIQUID,TrendUp,POST_IB_MACRO,66,MICRO_TREND_INSIDE_MACRO_STRUCTURE,False,False,False,False,False,False,False,HYST_BLOCK_NQ_TRENDUP_NO_MACRO_AGE_1,1.2833333333333334,TREND_COMPRESSION,OUT_OF_LANE,OUT_OF_LANE
2026-05-06,2026-05-06 10:38:00,2026-05-06 10:40:00,V1B,SimV1A - Kalman Fader 2,KalmanPulse Fader Mode A+,KalmanPulse_Fader_B,B,NQ,NQ JUN26,SHORT,2,28488.5,28492.5,-160.0,-160.0,-32.0,LOSS,ENVELOPE_BREAK_EXIT,28510.0,860.0,2026-05-06 13:36:25,C:\Users\Valued Customer\NT8_Regimes\V1B\TradeLog\KalmanPulse_Fader_B_TradeLog.csv,2026-05-06 10:38:00,Kalman Faders,ROTATION_LIQUID,2026-05-06 10:36:43,TREND_COMPRESSION,TREND_COMPRESSION,BRACKET_MACRO,ROTATION_ILLIQUID,TrendUp,POST_IB_MACRO,66,MICRO_TREND_INSIDE_MACRO_STRUCTURE,False,False,False,False,False,False,False,HYST_BLOCK_NQ_TRENDUP_NO_MACRO_AGE_1,1.2833333333333334,TREND_COMPRESSION,OUT_OF_LANE,OUT_OF_LANE
2026-05-06,2026-05-06 10:38:00,2026-05-06 10:40:00,V1B,SimV1A - Kalman Fader 2,KalmanPulse Fader Mode A+,KalmanPulse_Fader_B,B,NQ,NQ JUN26,SHORT,2,28488.5,28492.5,-160.0,-160.0,-32.0,LOSS,ENVELOPE_BREAK_EXIT,28510.0,860.0,2026-05-06 12:22:55,C:\Users\Valued Customer\NT8_Regimes\V1B\TradeLog\KalmanPulse_Fader_B_TradeLog.csv,2026-05-06 10:38:00,Kalman Faders,ROTATION_LIQUID,2026-05-06 10:36:43,TREND_COMPRESSION,TREND_COMPRESSION,BRACKET_MACRO,ROTATION_ILLIQUID,TrendUp,POST_IB_MACRO,66,MICRO_TREND_INSIDE_MACRO_STRUCTURE,False,False,False,False,False,False,False,HYST_BLOCK_NQ_TRENDUP_NO_MACRO_AGE_1,1.2833333333333334,TREND_COMPRESSION,OUT_OF_LANE,OUT_OF_LANE
2026-05-06,2026-05-06 10:38:00,2026-05-06 10:40:00,V1B,SimV1A - Kalman Fader 2,KalmanPulse Fader Mode A+,KalmanPulse_Fader_B,B,NQ,NQ JUN26,SHORT,2,28488.5,28492.5,-160.0,-160.0,-32.0,LOSS,ENVELOPE_BREAK_EXIT,28510.0,860.0,2026-05-06 13:41:20,C:\Users\Valued Customer\NT8_Regimes\V1B\TradeLog\KalmanPulse_Fader_B_TradeLog.csv,2026-05-06 10:38:00,Kalman Faders,ROTATION_LIQUID,2026-05-06 10:36:43,TREND_COMPRESSION,TREND_COMPRESSION,BRACKET_MACRO,ROTATION_ILLIQUID,TrendUp,POST_IB_MACRO,66,MICRO_TREND_INSIDE_MACRO_STRUCTURE,False,False,False,False,False,False,False,HYST_BLOCK_NQ_TRENDUP_NO_MACRO_AGE_1,1.2833333333333334,TREND_COMPRESSION,OUT_OF_LANE,OUT_OF_LANE
2026-05-06,2026-05-06 10:56:26,2026-05-06 10:57:00,V1B,SimV1A - Kalman Fader 2,KalmanPulse Fader Mode A+,KalmanPulse_Fader_B,B,NQ,NQ JUN26,SHORT,2,28535.25,28537.75,-95.0,-95.0,-19.0,LOSS,ENVELOPE_BREAK_EXIT,28564.5,1170.0,2026-05-06 10:57:00,C:\Users\Valued Customer\NT8_Regimes\V1B\TradeLog\KalmanPulse_Fader_B_TradeLog.csv,2026-05-06 10:56:26,Kalman Faders,ROTATION_LIQUID,2026-05-06 10:56:23,TREND_COMPRESSION,TREND_COMPRESSION,BRACKET_MACRO,ROTATION_ILLIQUID,TrendUp,POST_IB_MACRO,74,DEVELOPING_INITIATIVE_PHASE_AWARE,True,False,True,True,False,False,True,HYST_PASSED_NQ_TRENDUP_NO_MACRO_2BAR,0.05,TREND_COMPRESSION,OUT_OF_LANE,OUT_OF_LANE
2026-05-06,2026-05-06 11:14:51,2026-05-06 11:16:50,V3C,SimV3C-NQ-2A,NQ VC3-A Compression Fast ,NQ VC3-A Compression Fast ,,NQ,NQ JUN26,LONG,1,28534.0,28550.0,320.0,320.0,64.0,WIN,Profit target,,,2026-05-06 11:16:50,C:\Users\Valued Customer\NT8_Regimes\V3C\TradeLog\SimV3C_NQ_2A_TradeLog.csv,2026-05-06 11:14:51,V3C Compression,TREND_COMPRESSION,2026-05-06 11:06:05,TREND_COMPRESSION,TREND_COMPRESSION,BRACKET_MACRO,ROTATION_ILLIQUID,TrendUp,MID_MORNING_DISCOVERY,75,DEVELOPING_INITIATIVE_PHASE_AWARE,True,False,True,True,False,False,True,HYST_PASSED_NQ_TRENDUP_NO_MACRO_2BAR,8.766666666666667,TREND_COMPRESSION,IN_LANE,IN_LANE
2026-05-06,2026-05-06 12:24:02,2026-05-06 12:24:06,V1B,SimV1A - Kalman Fader 2,KalmanPulse Fader Mode A+,KalmanPulse_Fader_B,B,NQ,NQ JUN26,LONG,2,28576.5,28574.5,-80.0,-80.0,-16.0,LOSS,STOP_HIT,28574.5,80.0,2026-05-06 12:24:06,C:\Users\Valued Customer\NT8_Regimes\V1B\TradeLog\KalmanPulse_Fader_B_TradeLog.csv,2026-05-06 12:24:02,Kalman Faders,ROTATION_LIQUID,2026-05-06 12:18:49,TREND_COMPRESSION,TREND_COMPRESSION,BRACKET_MACRO,ROTATION_LIQUID,TrendUp,LUNCH_AUCTION,66,MICRO_TREND_INSIDE_MACRO_STRUCTURE,False,False,False,False,False,False,False,HYST_BLOCK_NQ_TRENDUP_NO_MACRO_AGE_1,5.216666666666667,TREND_COMPRESSION,OUT_OF_LANE,OUT_OF_LANE
2026-05-06,2026-05-06 12:30:05,2026-05-06 12:30:06,V1B,SimV1A Kalman Fader 3,KalmanPulse_Fader_V1B,KalmanPulse_Fader_B,B,NQ,NQ JUN26,SHORT,2,28576.75,28577.75,-40.0,-40.0,-8.0,LOSS,ENVELOPE_BREAK_EXIT,28581.0,170.0,2026-05-06 12:30:06,C:\Users\Valued Customer\NT8_Regimes\V1B\TradeLog\KalmanPulse_Fader_B_TradeLog.csv,2026-05-06 12:30:05,Kalman Faders,ROTATION_LIQUID,2026-05-06 12:27:09,TREND_COMPRESSION,TREND_COMPRESSION,BRACKET_MACRO,ROTATION_ILLIQUID,TrendUp,LUNCH_AUCTION,66,MICRO_TREND_INSIDE_MACRO_STRUCTURE,True,False,False,True,False,False,True,HYST_PASSED_NQ_TRENDUP_NO_MACRO_2BAR,2.933333333333333,TREND_COMPRESSION,OUT_OF_LANE,OUT_OF_LANE
2026-05-06,2026-05-06 12:39:00,2026-05-06 12:41:00,V1B,SimV1A - Kalman Fader 2,KalmanPulse Fader Mode A+,KalmanPulse_Fader_B,B,NQ,NQ JUN26,LONG,2,28563.25,28576.25,430.0,430.0,86.0,WIN,TARGET_HIT,28554.75,340.0,2026-05-06 13:41:20,C:\Users\Valued Customer\NT8_Regimes\V1B\TradeLog\KalmanPulse_Fader_B_TradeLog.csv,2026-05-06 12:39:00,Kalman Faders,ROTATION_LIQUID,2026-05-06 12:36:53,TREND_COMPRESSION,TREND_COMPRESSION,BRACKET_MACRO,ROTATION_ILLIQUID,TrendUp,LUNCH_AUCTION,66,MICRO_TREND_INSIDE_MACRO_STRUCTURE,True,False,False,True,False,False,True,HYST_PASSED_NQ_TRENDUP_NO_MACRO_2BAR,2.1166666666666667,TREND_COMPRESSION,OUT_OF_LANE,OUT_OF_LANE
2026-05-06,2026-05-06 12:39:00,2026-05-06 12:41:00,V1B,SimV1A - Kalman Fader 2,KalmanPulse Fader Mode A+,KalmanPulse_Fader_B,A,NQ,NQ JUN26,LONG,2,28563.25,28576.25,430.0,430.0,86.0,WIN,TARGET_HIT,28554.75,340.0,2026-05-06 13:43:35,C:\Users\Valued Customer\NT8_Regimes\V1B\TradeLog\KalmanPulse_Fader_B_TradeLog.csv,2026-05-06 12:39:00,Kalman Faders,ROTATION_LIQUID,2026-05-06 12:36:53,TREND_COMPRESSION,TREND_COMPRESSION,BRACKET_MACRO,ROTATION_ILLIQUID,TrendUp,LUNCH_AUCTION,66,MICRO_TREND_INSIDE_MACRO_STRUCTURE,True,False,False,True,False,False,True,HYST_PASSED_NQ_TRENDUP_NO_MACRO_2BAR,2.1166666666666667,TREND_COMPRESSION,OUT_OF_LANE,OUT_OF_LANE
2026-05-06,2026-05-06 12:39:00,2026-05-06 12:41:00,V1B,SimV1A - Kalman Fader 2,KalmanPulse Fader Mode A+,KalmanPulse_Fader_B,B,NQ,NQ JUN26,LONG,2,28563.25,28576.25,430.0,430.0,86.0,WIN,TARGET_HIT,28554.75,340.0,2026-05-06 13:36:25,C:\Users\Valued Customer\NT8_Regimes\V1B\TradeLog\KalmanPulse_Fader_B_TradeLog.csv,2026-05-06 12:39:00,Kalman Faders,ROTATION_LIQUID,2026-05-06 12:36:53,TREND_COMPRESSION,TREND_COMPRESSION,BRACKET_MACRO,ROTATION_ILLIQUID,TrendUp,LUNCH_AUCTION,66,MICRO_TREND_INSIDE_MACRO_STRUCTURE,True,False,False,True,False,False,True,HYST_PASSED_NQ_TRENDUP_NO_MACRO_2BAR,2.1166666666666667,TREND_COMPRESSION,OUT_OF_LANE,OUT_OF_LANE
2026-05-06,2026-05-06 12:45:09,2026-05-06 12:45:09,V1B,SimV1A Kalman Fader 3,KalmanPulse_Fader_V1B,KalmanPulse_Fader_B,B,NQ,NQ JUN26,LONG,2,28567.75,28567.25,-20.0,-20.0,-4.0,LOSS,ENVELOPE_BREAK_EXIT,28565.5,90.0,2026-05-06 12:45:09,C:\Users\Valued Customer\NT8_Regimes\V1B\TradeLog\KalmanPulse_Fader_B_TradeLog.csv,2026-05-06 12:45:09,Kalman Faders,ROTATION_LIQUID,2026-05-06 12:40:09,TREND_COMPRESSION,TREND_COMPRESSION,BRACKET_MACRO,ROTATION_ILLIQUID,TrendUp,LUNCH_AUCTION,66,MICRO_TREND_INSIDE_MACRO_STRUCTURE,False,False,False,False,False,False,False,HYST_BLOCK_NQ_TRENDUP_NO_MACRO_AGE_1,5.0,TREND_COMPRESSION,OUT_OF_LANE,OUT_OF_LANE
2026-05-06,2026-05-06 12:52:00,2026-05-06 12:52:00,V1B,SimV1A - Kalman Fader 2,KalmanPulse Fader Mode A+,KalmanPulse_Fader_B,B,NQ,NQ JUN26,LONG,2,28553.5,28544.5,-360.0,-360.0,-72.0,LOSS,STOP_HIT,28544.5,360.0,2026-05-06 13:36:25,C:\Users\Valued Customer\NT8_Regimes\V1B\TradeLog\KalmanPulse_Fader_B_TradeLog.csv,2026-05-06 12:52:00,Kalman Faders,ROTATION_LIQUID,2026-05-06 12:48:18,TREND_COMPRESSION,TREND_COMPRESSION,BRACKET_MACRO,ROTATION_ILLIQUID,TrendUp,LUNCH_AUCTION,66,MICRO_TREND_INSIDE_MACRO_STRUCTURE,False,False,False,False,False,False,False,HYST_BLOCK_NQ_TRENDUP_NO_MACRO_AGE_1,3.7,TREND_COMPRESSION,OUT_OF_LANE,OUT_OF_LANE
2026-05-06,2026-05-06 12:52:00,2026-05-06 12:52:00,V1B,SimV1A - Kalman Fader 2,KalmanPulse Fader Mode A+,KalmanPulse_Fader_B,B,NQ,NQ JUN26,LONG,2,28553.5,28544.5,-360.0,-360.0,-72.0,LOSS,STOP_HIT,28544.5,360.0,2026-05-06 13:41:20,C:\Users\Valued Customer\NT8_Regimes\V1B\TradeLog\KalmanPulse_Fader_B_TradeLog.csv,2026-05-06 12:52:00,Kalman Faders,ROTATION_LIQUID,2026-05-06 12:48:18,TREND_COMPRESSION,TREND_COMPRESSION,BRACKET_MACRO,ROTATION_ILLIQUID,TrendUp,LUNCH_AUCTION,66,MICRO_TREND_INSIDE_MACRO_STRUCTURE,False,False,False,False,False,False,False,HYST_BLOCK_NQ_TRENDUP_NO_MACRO_AGE_1,3.7,TREND_COMPRESSION,OUT_OF_LANE,OUT_OF_LANE
2026-05-06,2026-05-06 12:52:00,2026-05-06 12:52:00,V1B,SimV1A - Kalman Fader 2,KalmanPulse Fader Mode A+,KalmanPulse_Fader_B,A,NQ,NQ JUN26,LONG,2,28553.5,28544.5,-360.0,-360.0,-72.0,LOSS,STOP_HIT,28544.5,360.0,2026-05-06 13:43:35,C:\Users\Valued Customer\NT8_Regimes\V1B\TradeLog\KalmanPulse_Fader_B_TradeLog.csv,2026-05-06 12:52:00,Kalman Faders,ROTATION_LIQUID,2026-05-06 12:48:18,TREND_COMPRESSION,TREND_COMPRESSION,BRACKET_MACRO,ROTATION_ILLIQUID,TrendUp,LUNCH_AUCTION,66,MICRO_TREND_INSIDE_MACRO_STRUCTURE,False,False,False,False,False,False,False,HYST_BLOCK_NQ_TRENDUP_NO_MACRO_AGE_1,3.7,TREND_COMPRESSION,OUT_OF_LANE,OUT_OF_LANE
2026-05-06,2026-05-06 12:56:46,2026-05-06 12:57:51,V3C,SimV3C-NQ-2A,NQ VC3-A Compression Fast ,NQ VC3-A Compression Fast ,,NQ,NQ JUN26,LONG,1,28544.75,28529.25,-310.0,-310.0,-62.0,LOSS,Stop loss,28529.0,315.0,2026-05-06 12:57:51,C:\Users\Valued Customer\NT8_Regimes\V3C\TradeLog\SimV3C_NQ_2A_TradeLog.csv,2026-05-06 12:56:46,V3C Compression,TREND_COMPRESSION,2026-05-06 12:56:35,TREND_COMPRESSION,TREND_COMPRESSION,BRACKET_MACRO,ROTATION_ILLIQUID,TrendUp,LUNCH_AUCTION,66,MICRO_TREND_INSIDE_MACRO_STRUCTURE,True,False,False,True,False,False,True,HYST_PASSED_NQ_TRENDUP_NO_MACRO_2BAR,0.18333333333333332,TREND_COMPRESSION,IN_LANE,IN_LANE
2026-05-06,2026-05-06 12:58:31,2026-05-06 13:02:30,V3C,SimV3C-NQ-2A,NQ VC3-A Compression Fast ,NQ VC3-A Compression Fast ,,NQ,NQ JUN26,LONG,1,28529.25,28545.25,320.0,320.0,64.0,WIN,Profit target,,,2026-05-06 13:02:30,C:\Users\Valued Customer\NT8_Regimes\V3C\TradeLog\SimV3C_NQ_2A_TradeLog.csv,2026-05-06 12:58:31,V3C Compression,TREND_COMPRESSION,2026-05-06 12:56:35,TREND_COMPRESSION,TREND_COMPRESSION,BRACKET_MACRO,ROTATION_ILLIQUID,TrendUp,LUNCH_AUCTION,66,MICRO_TREND_INSIDE_MACRO_STRUCTURE,True,False,False,True,False,False,True,HYST_PASSED_NQ_TRENDUP_NO_MACRO_2BAR,1.9333333333333333,TREND_COMPRESSION,IN_LANE,IN_LANE
